8281
1 0.00000000000 0.00000000000
2 0.01111111111 0.00000000000
3 0.02222222222 0.00000000000
4 0.03333333333 0.00000000000
5 0.04444444444 0.00000000000
6 0.05555555556 0.00000000000
7 0.06666666667 0.00000000000
8 0.07777777778 0.00000000000
9 0.08888888889 0.00000000000
10 0.10000000000 0.00000000000
11 0.11111111111 0.00000000000
12 0.12222222222 0.00000000000
13 0.13333333333 0.00000000000
14 0.14444444444 0.00000000000
15 0.15555555556 0.00000000000
16 0.16666666667 0.00000000000
17 0.17777777778 0.00000000000
18 0.18888888889 0.00000000000
19 0.20000000000 0.00000000000
20 0.21111111111 0.00000000000
21 0.22222222222 0.00000000000
22 0.23333333333 0.00000000000
23 0.24444444444 0.00000000000
24 0.25555555556 0.00000000000
25 0.26666666667 0.00000000000
26 0.27777777778 0.00000000000
27 0.28888888889 0.00000000000
28 0.30000000000 0.00000000000
29 0.31111111111 0.00000000000
30 0.32222222222 0.00000000000
31 0.33333333333 0.00000000000
32 0.34444444444 0.00000000000
33 0.35555555556 0.00000000000
34 0.36666666667 0.00000000000
35 0.37777777778 0.00000000000
36 0.38888888889 0.00000000000
37 0.40000000000 0.00000000000
38 0.41111111111 0.00000000000
39 0.42222222222 0.00000000000
40 0.43333333333 0.00000000000
41 0.44444444444 0.00000000000
42 0.45555555556 0.00000000000
43 0.46666666667 0.00000000000
44 0.47777777778 0.00000000000
45 0.48888888889 0.00000000000
46 0.50000000000 0.00000000000
47 0.51111111111 0.00000000000
48 0.52222222222 0.00000000000
49 0.53333333333 0.00000000000
50 0.54444444444 0.00000000000
51 0.55555555556 0.00000000000
52 0.56666666667 0.00000000000
53 0.57777777778 0.00000000000
54 0.58888888889 0.00000000000
55 0.60000000000 0.00000000000
56 0.61111111111 0.00000000000
57 0.62222222222 0.00000000000
58 0.63333333333 0.00000000000
59 0.64444444444 0.00000000000
60 0.65555555556 0.00000000000
61 0.66666666667 0.00000000000
62 0.67777777778 0.00000000000
63 0.68888888889 0.00000000000
64 0.70000000000 0.00000000000
65 0.71111111111 0.00000000000
66 0.72222222222 0.00000000000
67 0.73333333333 0.00000000000
68 0.74444444444 0.00000000000
69 0.75555555556 0.00000000000
70 0.76666666667 0.00000000000
71 0.77777777778 0.00000000000
72 0.78888888889 0.00000000000
73 0.80000000000 0.00000000000
74 0.81111111111 0.00000000000
75 0.82222222222 0.00000000000
76 0.83333333333 0.00000000000
77 0.84444444444 0.00000000000
78 0.85555555556 0.00000000000
79 0.86666666667 0.00000000000
80 0.87777777778 0.00000000000
81 0.88888888889 0.00000000000
82 0.90000000000 0.00000000000
83 0.91111111111 0.00000000000
84 0.92222222222 0.00000000000
85 0.93333333333 0.00000000000
86 0.94444444444 0.00000000000
87 0.95555555556 0.00000000000
88 0.96666666667 0.00000000000
89 0.97777777778 0.00000000000
90 0.98888888889 0.00000000000
91 1.00000000000 0.00000000000
92 0.00000000000 0.01111111111
93 0.01111111111 0.01111111111
94 0.02222222222 0.01111111111
95 0.03333333333 0.01111111111
96 0.04444444444 0.01111111111
97 0.05555555556 0.01111111111
98 0.06666666667 0.01111111111
99 0.07777777778 0.01111111111
100 0.08888888889 0.01111111111
101 0.10000000000 0.01111111111
102 0.11111111111 0.01111111111
103 0.12222222222 0.01111111111
104 0.13333333333 0.01111111111
105 0.14444444444 0.01111111111
106 0.15555555556 0.01111111111
107 0.16666666667 0.01111111111
108 0.17777777778 0.01111111111
109 0.18888888889 0.01111111111
110 0.20000000000 0.01111111111
111 0.21111111111 0.01111111111
112 0.22222222222 0.01111111111
113 0.23333333333 0.01111111111
114 0.24444444444 0.01111111111
115 0.25555555556 0.01111111111
116 0.26666666667 0.01111111111
117 0.27777777778 0.01111111111
118 0.28888888889 0.01111111111
119 0.30000000000 0.01111111111
120 0.31111111111 0.01111111111
121 0.32222222222 0.01111111111
122 0.33333333333 0.01111111111
123 0.34444444444 0.01111111111
124 0.35555555556 0.01111111111
125 0.36666666667 0.01111111111
126 0.37777777778 0.01111111111
127 0.38888888889 0.01111111111
128 0.40000000000 0.01111111111
129 0.41111111111 0.01111111111
130 0.42222222222 0.01111111111
131 0.43333333333 0.01111111111
132 0.44444444444 0.01111111111
133 0.45555555556 0.01111111111
134 0.46666666667 0.01111111111
135 0.47777777778 0.01111111111
136 0.48888888889 0.01111111111
137 0.50000000000 0.01111111111
138 0.51111111111 0.01111111111
139 0.52222222222 0.01111111111
140 0.53333333333 0.01111111111
141 0.54444444444 0.01111111111
142 0.55555555556 0.01111111111
143 0.56666666667 0.01111111111
144 0.57777777778 0.01111111111
145 0.58888888889 0.01111111111
146 0.60000000000 0.01111111111
147 0.61111111111 0.01111111111
148 0.62222222222 0.01111111111
149 0.63333333333 0.01111111111
150 0.64444444444 0.01111111111
151 0.65555555556 0.01111111111
152 0.66666666667 0.01111111111
153 0.67777777778 0.01111111111
154 0.68888888889 0.01111111111
155 0.70000000000 0.01111111111
156 0.71111111111 0.01111111111
157 0.72222222222 0.01111111111
158 0.73333333333 0.01111111111
159 0.74444444444 0.01111111111
160 0.75555555556 0.01111111111
161 0.76666666667 0.01111111111
162 0.77777777778 0.01111111111
163 0.78888888889 0.01111111111
164 0.80000000000 0.01111111111
165 0.81111111111 0.01111111111
166 0.82222222222 0.01111111111
167 0.83333333333 0.01111111111
168 0.84444444444 0.01111111111
169 0.85555555556 0.01111111111
170 0.86666666667 0.01111111111
171 0.87777777778 0.01111111111
172 0.88888888889 0.01111111111
173 0.90000000000 0.01111111111
174 0.91111111111 0.01111111111
175 0.92222222222 0.01111111111
176 0.93333333333 0.01111111111
177 0.94444444444 0.01111111111
178 0.95555555556 0.01111111111
179 0.96666666667 0.01111111111
180 0.97777777778 0.01111111111
181 0.98888888889 0.01111111111
182 1.00000000000 0.01111111111
183 0.00000000000 0.02222222222
184 0.01111111111 0.02222222222
185 0.02222222222 0.02222222222
186 0.03333333333 0.02222222222
187 0.04444444444 0.02222222222
188 0.05555555556 0.02222222222
189 0.06666666667 0.02222222222
190 0.07777777778 0.02222222222
191 0.08888888889 0.02222222222
192 0.10000000000 0.02222222222
193 0.11111111111 0.02222222222
194 0.12222222222 0.02222222222
195 0.13333333333 0.02222222222
196 0.14444444444 0.02222222222
197 0.15555555556 0.02222222222
198 0.16666666667 0.02222222222
199 0.17777777778 0.02222222222
200 0.18888888889 0.02222222222
201 0.20000000000 0.02222222222
202 0.21111111111 0.02222222222
203 0.22222222222 0.02222222222
204 0.23333333333 0.02222222222
205 0.24444444444 0.02222222222
206 0.25555555556 0.02222222222
207 0.26666666667 0.02222222222
208 0.27777777778 0.02222222222
209 0.28888888889 0.02222222222
210 0.30000000000 0.02222222222
211 0.31111111111 0.02222222222
212 0.32222222222 0.02222222222
213 0.33333333333 0.02222222222
214 0.34444444444 0.02222222222
215 0.35555555556 0.02222222222
216 0.36666666667 0.02222222222
217 0.37777777778 0.02222222222
218 0.38888888889 0.02222222222
219 0.40000000000 0.02222222222
220 0.41111111111 0.02222222222
221 0.42222222222 0.02222222222
222 0.43333333333 0.02222222222
223 0.44444444444 0.02222222222
224 0.45555555556 0.02222222222
225 0.46666666667 0.02222222222
226 0.47777777778 0.02222222222
227 0.48888888889 0.02222222222
228 0.50000000000 0.02222222222
229 0.51111111111 0.02222222222
230 0.52222222222 0.02222222222
231 0.53333333333 0.02222222222
232 0.54444444444 0.02222222222
233 0.55555555556 0.02222222222
234 0.56666666667 0.02222222222
235 0.57777777778 0.02222222222
236 0.58888888889 0.02222222222
237 0.60000000000 0.02222222222
238 0.61111111111 0.02222222222
239 0.62222222222 0.02222222222
240 0.63333333333 0.02222222222
241 0.64444444444 0.02222222222
242 0.65555555556 0.02222222222
243 0.66666666667 0.02222222222
244 0.67777777778 0.02222222222
245 0.68888888889 0.02222222222
246 0.70000000000 0.02222222222
247 0.71111111111 0.02222222222
248 0.72222222222 0.02222222222
249 0.73333333333 0.02222222222
250 0.74444444444 0.02222222222
251 0.75555555556 0.02222222222
252 0.76666666667 0.02222222222
253 0.77777777778 0.02222222222
254 0.78888888889 0.02222222222
255 0.80000000000 0.02222222222
256 0.81111111111 0.02222222222
257 0.82222222222 0.02222222222
258 0.83333333333 0.02222222222
259 0.84444444444 0.02222222222
260 0.85555555556 0.02222222222
261 0.86666666667 0.02222222222
262 0.87777777778 0.02222222222
263 0.88888888889 0.02222222222
264 0.90000000000 0.02222222222
265 0.91111111111 0.02222222222
266 0.92222222222 0.02222222222
267 0.93333333333 0.02222222222
268 0.94444444444 0.02222222222
269 0.95555555556 0.02222222222
270 0.96666666667 0.02222222222
271 0.97777777778 0.02222222222
272 0.98888888889 0.02222222222
273 1.00000000000 0.02222222222
274 0.00000000000 0.03333333333
275 0.01111111111 0.03333333333
276 0.02222222222 0.03333333333
277 0.03333333333 0.03333333333
278 0.04444444444 0.03333333333
279 0.05555555556 0.03333333333
280 0.06666666667 0.03333333333
281 0.07777777778 0.03333333333
282 0.08888888889 0.03333333333
283 0.10000000000 0.03333333333
284 0.11111111111 0.03333333333
285 0.12222222222 0.03333333333
286 0.13333333333 0.03333333333
287 0.14444444444 0.03333333333
288 0.15555555556 0.03333333333
289 0.16666666667 0.03333333333
290 0.17777777778 0.03333333333
291 0.18888888889 0.03333333333
292 0.20000000000 0.03333333333
293 0.21111111111 0.03333333333
294 0.22222222222 0.03333333333
295 0.23333333333 0.03333333333
296 0.24444444444 0.03333333333
297 0.25555555556 0.03333333333
298 0.26666666667 0.03333333333
299 0.27777777778 0.03333333333
300 0.28888888889 0.03333333333
301 0.30000000000 0.03333333333
302 0.31111111111 0.03333333333
303 0.32222222222 0.03333333333
304 0.33333333333 0.03333333333
305 0.34444444444 0.03333333333
306 0.35555555556 0.03333333333
307 0.36666666667 0.03333333333
308 0.37777777778 0.03333333333
309 0.38888888889 0.03333333333
310 0.40000000000 0.03333333333
311 0.41111111111 0.03333333333
312 0.42222222222 0.03333333333
313 0.43333333333 0.03333333333
314 0.44444444444 0.03333333333
315 0.45555555556 0.03333333333
316 0.46666666667 0.03333333333
317 0.47777777778 0.03333333333
318 0.48888888889 0.03333333333
319 0.50000000000 0.03333333333
320 0.51111111111 0.03333333333
321 0.52222222222 0.03333333333
322 0.53333333333 0.03333333333
323 0.54444444444 0.03333333333
324 0.55555555556 0.03333333333
325 0.56666666667 0.03333333333
326 0.57777777778 0.03333333333
327 0.58888888889 0.03333333333
328 0.60000000000 0.03333333333
329 0.61111111111 0.03333333333
330 0.62222222222 0.03333333333
331 0.63333333333 0.03333333333
332 0.64444444444 0.03333333333
333 0.65555555556 0.03333333333
334 0.66666666667 0.03333333333
335 0.67777777778 0.03333333333
336 0.68888888889 0.03333333333
337 0.70000000000 0.03333333333
338 0.71111111111 0.03333333333
339 0.72222222222 0.03333333333
340 0.73333333333 0.03333333333
341 0.74444444444 0.03333333333
342 0.75555555556 0.03333333333
343 0.76666666667 0.03333333333
344 0.77777777778 0.03333333333
345 0.78888888889 0.03333333333
346 0.80000000000 0.03333333333
347 0.81111111111 0.03333333333
348 0.82222222222 0.03333333333
349 0.83333333333 0.03333333333
350 0.84444444444 0.03333333333
351 0.85555555556 0.03333333333
352 0.86666666667 0.03333333333
353 0.87777777778 0.03333333333
354 0.88888888889 0.03333333333
355 0.90000000000 0.03333333333
356 0.91111111111 0.03333333333
357 0.92222222222 0.03333333333
358 0.93333333333 0.03333333333
359 0.94444444444 0.03333333333
360 0.95555555556 0.03333333333
361 0.96666666667 0.03333333333
362 0.97777777778 0.03333333333
363 0.98888888889 0.03333333333
364 1.00000000000 0.03333333333
365 0.00000000000 0.04444444444
366 0.01111111111 0.04444444444
367 0.02222222222 0.04444444444
368 0.03333333333 0.04444444444
369 0.04444444444 0.04444444444
370 0.05555555556 0.04444444444
371 0.06666666667 0.04444444444
372 0.07777777778 0.04444444444
373 0.08888888889 0.04444444444
374 0.10000000000 0.04444444444
375 0.11111111111 0.04444444444
376 0.12222222222 0.04444444444
377 0.13333333333 0.04444444444
378 0.14444444444 0.04444444444
379 0.15555555556 0.04444444444
380 0.16666666667 0.04444444444
381 0.17777777778 0.04444444444
382 0.18888888889 0.04444444444
383 0.20000000000 0.04444444444
384 0.21111111111 0.04444444444
385 0.22222222222 0.04444444444
386 0.23333333333 0.04444444444
387 0.24444444444 0.04444444444
388 0.25555555556 0.04444444444
389 0.26666666667 0.04444444444
390 0.27777777778 0.04444444444
391 0.28888888889 0.04444444444
392 0.30000000000 0.04444444444
393 0.31111111111 0.04444444444
394 0.32222222222 0.04444444444
395 0.33333333333 0.04444444444
396 0.34444444444 0.04444444444
397 0.35555555556 0.04444444444
398 0.36666666667 0.04444444444
399 0.37777777778 0.04444444444
400 0.38888888889 0.04444444444
401 0.40000000000 0.04444444444
402 0.41111111111 0.04444444444
403 0.42222222222 0.04444444444
404 0.43333333333 0.04444444444
405 0.44444444444 0.04444444444
406 0.45555555556 0.04444444444
407 0.46666666667 0.04444444444
408 0.47777777778 0.04444444444
409 0.48888888889 0.04444444444
410 0.50000000000 0.04444444444
411 0.51111111111 0.04444444444
412 0.52222222222 0.04444444444
413 0.53333333333 0.04444444444
414 0.54444444444 0.04444444444
415 0.55555555556 0.04444444444
416 0.56666666667 0.04444444444
417 0.57777777778 0.04444444444
418 0.58888888889 0.04444444444
419 0.60000000000 0.04444444444
420 0.61111111111 0.04444444444
421 0.62222222222 0.04444444444
422 0.63333333333 0.04444444444
423 0.64444444444 0.04444444444
424 0.65555555556 0.04444444444
425 0.66666666667 0.04444444444
426 0.67777777778 0.04444444444
427 0.68888888889 0.04444444444
428 0.70000000000 0.04444444444
429 0.71111111111 0.04444444444
430 0.72222222222 0.04444444444
431 0.73333333333 0.04444444444
432 0.74444444444 0.04444444444
433 0.75555555556 0.04444444444
434 0.76666666667 0.04444444444
435 0.77777777778 0.04444444444
436 0.78888888889 0.04444444444
437 0.80000000000 0.04444444444
438 0.81111111111 0.04444444444
439 0.82222222222 0.04444444444
440 0.83333333333 0.04444444444
441 0.84444444444 0.04444444444
442 0.85555555556 0.04444444444
443 0.86666666667 0.04444444444
444 0.87777777778 0.04444444444
445 0.88888888889 0.04444444444
446 0.90000000000 0.04444444444
447 0.91111111111 0.04444444444
448 0.92222222222 0.04444444444
449 0.93333333333 0.04444444444
450 0.94444444444 0.04444444444
451 0.95555555556 0.04444444444
452 0.96666666667 0.04444444444
453 0.97777777778 0.04444444444
454 0.98888888889 0.04444444444
455 1.00000000000 0.04444444444
456 0.00000000000 0.05555555556
457 0.01111111111 0.05555555556
458 0.02222222222 0.05555555556
459 0.03333333333 0.05555555556
460 0.04444444444 0.05555555556
461 0.05555555556 0.05555555556
462 0.06666666667 0.05555555556
463 0.07777777778 0.05555555556
464 0.08888888889 0.05555555556
465 0.10000000000 0.05555555556
466 0.11111111111 0.05555555556
467 0.12222222222 0.05555555556
468 0.13333333333 0.05555555556
469 0.14444444444 0.05555555556
470 0.15555555556 0.05555555556
471 0.16666666667 0.05555555556
472 0.17777777778 0.05555555556
473 0.18888888889 0.05555555556
474 0.20000000000 0.05555555556
475 0.21111111111 0.05555555556
476 0.22222222222 0.05555555556
477 0.23333333333 0.05555555556
478 0.24444444444 0.05555555556
479 0.25555555556 0.05555555556
480 0.26666666667 0.05555555556
481 0.27777777778 0.05555555556
482 0.28888888889 0.05555555556
483 0.30000000000 0.05555555556
484 0.31111111111 0.05555555556
485 0.32222222222 0.05555555556
486 0.33333333333 0.05555555556
487 0.34444444444 0.05555555556
488 0.35555555556 0.05555555556
489 0.36666666667 0.05555555556
490 0.37777777778 0.05555555556
491 0.38888888889 0.05555555556
492 0.40000000000 0.05555555556
493 0.41111111111 0.05555555556
494 0.42222222222 0.05555555556
495 0.43333333333 0.05555555556
496 0.44444444444 0.05555555556
497 0.45555555556 0.05555555556
498 0.46666666667 0.05555555556
499 0.47777777778 0.05555555556
500 0.48888888889 0.05555555556
501 0.50000000000 0.05555555556
502 0.51111111111 0.05555555556
503 0.52222222222 0.05555555556
504 0.53333333333 0.05555555556
505 0.54444444444 0.05555555556
506 0.55555555556 0.05555555556
507 0.56666666667 0.05555555556
508 0.57777777778 0.05555555556
509 0.58888888889 0.05555555556
510 0.60000000000 0.05555555556
511 0.61111111111 0.05555555556
512 0.62222222222 0.05555555556
513 0.63333333333 0.05555555556
514 0.64444444444 0.05555555556
515 0.65555555556 0.05555555556
516 0.66666666667 0.05555555556
517 0.67777777778 0.05555555556
518 0.68888888889 0.05555555556
519 0.70000000000 0.05555555556
520 0.71111111111 0.05555555556
521 0.72222222222 0.05555555556
522 0.73333333333 0.05555555556
523 0.74444444444 0.05555555556
524 0.75555555556 0.05555555556
525 0.76666666667 0.05555555556
526 0.77777777778 0.05555555556
527 0.78888888889 0.05555555556
528 0.80000000000 0.05555555556
529 0.81111111111 0.05555555556
530 0.82222222222 0.05555555556
531 0.83333333333 0.05555555556
532 0.84444444444 0.05555555556
533 0.85555555556 0.05555555556
534 0.86666666667 0.05555555556
535 0.87777777778 0.05555555556
536 0.88888888889 0.05555555556
537 0.90000000000 0.05555555556
538 0.91111111111 0.05555555556
539 0.92222222222 0.05555555556
540 0.93333333333 0.05555555556
541 0.94444444444 0.05555555556
542 0.95555555556 0.05555555556
543 0.96666666667 0.05555555556
544 0.97777777778 0.05555555556
545 0.98888888889 0.05555555556
546 1.00000000000 0.05555555556
547 0.00000000000 0.06666666667
548 0.01111111111 0.06666666667
549 0.02222222222 0.06666666667
550 0.03333333333 0.06666666667
551 0.04444444444 0.06666666667
552 0.05555555556 0.06666666667
553 0.06666666667 0.06666666667
554 0.07777777778 0.06666666667
555 0.08888888889 0.06666666667
556 0.10000000000 0.06666666667
557 0.11111111111 0.06666666667
558 0.12222222222 0.06666666667
559 0.13333333333 0.06666666667
560 0.14444444444 0.06666666667
561 0.15555555556 0.06666666667
562 0.16666666667 0.06666666667
563 0.17777777778 0.06666666667
564 0.18888888889 0.06666666667
565 0.20000000000 0.06666666667
566 0.21111111111 0.06666666667
567 0.22222222222 0.06666666667
568 0.23333333333 0.06666666667
569 0.24444444444 0.06666666667
570 0.25555555556 0.06666666667
571 0.26666666667 0.06666666667
572 0.27777777778 0.06666666667
573 0.28888888889 0.06666666667
574 0.30000000000 0.06666666667
575 0.31111111111 0.06666666667
576 0.32222222222 0.06666666667
577 0.33333333333 0.06666666667
578 0.34444444444 0.06666666667
579 0.35555555556 0.06666666667
580 0.36666666667 0.06666666667
581 0.37777777778 0.06666666667
582 0.38888888889 0.06666666667
583 0.40000000000 0.06666666667
584 0.41111111111 0.06666666667
585 0.42222222222 0.06666666667
586 0.43333333333 0.06666666667
587 0.44444444444 0.06666666667
588 0.45555555556 0.06666666667
589 0.46666666667 0.06666666667
590 0.47777777778 0.06666666667
591 0.48888888889 0.06666666667
592 0.50000000000 0.06666666667
593 0.51111111111 0.06666666667
594 0.52222222222 0.06666666667
595 0.53333333333 0.06666666667
596 0.54444444444 0.06666666667
597 0.55555555556 0.06666666667
598 0.56666666667 0.06666666667
599 0.57777777778 0.06666666667
600 0.58888888889 0.06666666667
601 0.60000000000 0.06666666667
602 0.61111111111 0.06666666667
603 0.62222222222 0.06666666667
604 0.63333333333 0.06666666667
605 0.64444444444 0.06666666667
606 0.65555555556 0.06666666667
607 0.66666666667 0.06666666667
608 0.67777777778 0.06666666667
609 0.68888888889 0.06666666667
610 0.70000000000 0.06666666667
611 0.71111111111 0.06666666667
612 0.72222222222 0.06666666667
613 0.73333333333 0.06666666667
614 0.74444444444 0.06666666667
615 0.75555555556 0.06666666667
616 0.76666666667 0.06666666667
617 0.77777777778 0.06666666667
618 0.78888888889 0.06666666667
619 0.80000000000 0.06666666667
620 0.81111111111 0.06666666667
621 0.82222222222 0.06666666667
622 0.83333333333 0.06666666667
623 0.84444444444 0.06666666667
624 0.85555555556 0.06666666667
625 0.86666666667 0.06666666667
626 0.87777777778 0.06666666667
627 0.88888888889 0.06666666667
628 0.90000000000 0.06666666667
629 0.91111111111 0.06666666667
630 0.92222222222 0.06666666667
631 0.93333333333 0.06666666667
632 0.94444444444 0.06666666667
633 0.95555555556 0.06666666667
634 0.96666666667 0.06666666667
635 0.97777777778 0.06666666667
636 0.98888888889 0.06666666667
637 1.00000000000 0.06666666667
638 0.00000000000 0.07777777778
639 0.01111111111 0.07777777778
640 0.02222222222 0.07777777778
641 0.03333333333 0.07777777778
642 0.04444444444 0.07777777778
643 0.05555555556 0.07777777778
644 0.06666666667 0.07777777778
645 0.07777777778 0.07777777778
646 0.08888888889 0.07777777778
647 0.10000000000 0.07777777778
648 0.11111111111 0.07777777778
649 0.12222222222 0.07777777778
650 0.13333333333 0.07777777778
651 0.14444444444 0.07777777778
652 0.15555555556 0.07777777778
653 0.16666666667 0.07777777778
654 0.17777777778 0.07777777778
655 0.18888888889 0.07777777778
656 0.20000000000 0.07777777778
657 0.21111111111 0.07777777778
658 0.22222222222 0.07777777778
659 0.23333333333 0.07777777778
660 0.24444444444 0.07777777778
661 0.25555555556 0.07777777778
662 0.26666666667 0.07777777778
663 0.27777777778 0.07777777778
664 0.28888888889 0.07777777778
665 0.30000000000 0.07777777778
666 0.31111111111 0.07777777778
667 0.32222222222 0.07777777778
668 0.33333333333 0.07777777778
669 0.34444444444 0.07777777778
670 0.35555555556 0.07777777778
671 0.36666666667 0.07777777778
672 0.37777777778 0.07777777778
673 0.38888888889 0.07777777778
674 0.40000000000 0.07777777778
675 0.41111111111 0.07777777778
676 0.42222222222 0.07777777778
677 0.43333333333 0.07777777778
678 0.44444444444 0.07777777778
679 0.45555555556 0.07777777778
680 0.46666666667 0.07777777778
681 0.47777777778 0.07777777778
682 0.48888888889 0.07777777778
683 0.50000000000 0.07777777778
684 0.51111111111 0.07777777778
685 0.52222222222 0.07777777778
686 0.53333333333 0.07777777778
687 0.54444444444 0.07777777778
688 0.55555555556 0.07777777778
689 0.56666666667 0.07777777778
690 0.57777777778 0.07777777778
691 0.58888888889 0.07777777778
692 0.60000000000 0.07777777778
693 0.61111111111 0.07777777778
694 0.62222222222 0.07777777778
695 0.63333333333 0.07777777778
696 0.64444444444 0.07777777778
697 0.65555555556 0.07777777778
698 0.66666666667 0.07777777778
699 0.67777777778 0.07777777778
700 0.68888888889 0.07777777778
701 0.70000000000 0.07777777778
702 0.71111111111 0.07777777778
703 0.72222222222 0.07777777778
704 0.73333333333 0.07777777778
705 0.74444444444 0.07777777778
706 0.75555555556 0.07777777778
707 0.76666666667 0.07777777778
708 0.77777777778 0.07777777778
709 0.78888888889 0.07777777778
710 0.80000000000 0.07777777778
711 0.81111111111 0.07777777778
712 0.82222222222 0.07777777778
713 0.83333333333 0.07777777778
714 0.84444444444 0.07777777778
715 0.85555555556 0.07777777778
716 0.86666666667 0.07777777778
717 0.87777777778 0.07777777778
718 0.88888888889 0.07777777778
719 0.90000000000 0.07777777778
720 0.91111111111 0.07777777778
721 0.92222222222 0.07777777778
722 0.93333333333 0.07777777778
723 0.94444444444 0.07777777778
724 0.95555555556 0.07777777778
725 0.96666666667 0.07777777778
726 0.97777777778 0.07777777778
727 0.98888888889 0.07777777778
728 1.00000000000 0.07777777778
729 0.00000000000 0.08888888889
730 0.01111111111 0.08888888889
731 0.02222222222 0.08888888889
732 0.03333333333 0.08888888889
733 0.04444444444 0.08888888889
734 0.05555555556 0.08888888889
735 0.06666666667 0.08888888889
736 0.07777777778 0.08888888889
737 0.08888888889 0.08888888889
738 0.10000000000 0.08888888889
739 0.11111111111 0.08888888889
740 0.12222222222 0.08888888889
741 0.13333333333 0.08888888889
742 0.14444444444 0.08888888889
743 0.15555555556 0.08888888889
744 0.16666666667 0.08888888889
745 0.17777777778 0.08888888889
746 0.18888888889 0.08888888889
747 0.20000000000 0.08888888889
748 0.21111111111 0.08888888889
749 0.22222222222 0.08888888889
750 0.23333333333 0.08888888889
751 0.24444444444 0.08888888889
752 0.25555555556 0.08888888889
753 0.26666666667 0.08888888889
754 0.27777777778 0.08888888889
755 0.28888888889 0.08888888889
756 0.30000000000 0.08888888889
757 0.31111111111 0.08888888889
758 0.32222222222 0.08888888889
759 0.33333333333 0.08888888889
760 0.34444444444 0.08888888889
761 0.35555555556 0.08888888889
762 0.36666666667 0.08888888889
763 0.37777777778 0.08888888889
764 0.38888888889 0.08888888889
765 0.40000000000 0.08888888889
766 0.41111111111 0.08888888889
767 0.42222222222 0.08888888889
768 0.43333333333 0.08888888889
769 0.44444444444 0.08888888889
770 0.45555555556 0.08888888889
771 0.46666666667 0.08888888889
772 0.47777777778 0.08888888889
773 0.48888888889 0.08888888889
774 0.50000000000 0.08888888889
775 0.51111111111 0.08888888889
776 0.52222222222 0.08888888889
777 0.53333333333 0.08888888889
778 0.54444444444 0.08888888889
779 0.55555555556 0.08888888889
780 0.56666666667 0.08888888889
781 0.57777777778 0.08888888889
782 0.58888888889 0.08888888889
783 0.60000000000 0.08888888889
784 0.61111111111 0.08888888889
785 0.62222222222 0.08888888889
786 0.63333333333 0.08888888889
787 0.64444444444 0.08888888889
788 0.65555555556 0.08888888889
789 0.66666666667 0.08888888889
790 0.67777777778 0.08888888889
791 0.68888888889 0.08888888889
792 0.70000000000 0.08888888889
793 0.71111111111 0.08888888889
794 0.72222222222 0.08888888889
795 0.73333333333 0.08888888889
796 0.74444444444 0.08888888889
797 0.75555555556 0.08888888889
798 0.76666666667 0.08888888889
799 0.77777777778 0.08888888889
800 0.78888888889 0.08888888889
801 0.80000000000 0.08888888889
802 0.81111111111 0.08888888889
803 0.82222222222 0.08888888889
804 0.83333333333 0.08888888889
805 0.84444444444 0.08888888889
806 0.85555555556 0.08888888889
807 0.86666666667 0.08888888889
808 0.87777777778 0.08888888889
809 0.88888888889 0.08888888889
810 0.90000000000 0.08888888889
811 0.91111111111 0.08888888889
812 0.92222222222 0.08888888889
813 0.93333333333 0.08888888889
814 0.94444444444 0.08888888889
815 0.95555555556 0.08888888889
816 0.96666666667 0.08888888889
817 0.97777777778 0.08888888889
818 0.98888888889 0.08888888889
819 1.00000000000 0.08888888889
820 0.00000000000 0.10000000000
821 0.01111111111 0.10000000000
822 0.02222222222 0.10000000000
823 0.03333333333 0.10000000000
824 0.04444444444 0.10000000000
825 0.05555555556 0.10000000000
826 0.06666666667 0.10000000000
827 0.07777777778 0.10000000000
828 0.08888888889 0.10000000000
829 0.10000000000 0.10000000000
830 0.11111111111 0.10000000000
831 0.12222222222 0.10000000000
832 0.13333333333 0.10000000000
833 0.14444444444 0.10000000000
834 0.15555555556 0.10000000000
835 0.16666666667 0.10000000000
836 0.17777777778 0.10000000000
837 0.18888888889 0.10000000000
838 0.20000000000 0.10000000000
839 0.21111111111 0.10000000000
840 0.22222222222 0.10000000000
841 0.23333333333 0.10000000000
842 0.24444444444 0.10000000000
843 0.25555555556 0.10000000000
844 0.26666666667 0.10000000000
845 0.27777777778 0.10000000000
846 0.28888888889 0.10000000000
847 0.30000000000 0.10000000000
848 0.31111111111 0.10000000000
849 0.32222222222 0.10000000000
850 0.33333333333 0.10000000000
851 0.34444444444 0.10000000000
852 0.35555555556 0.10000000000
853 0.36666666667 0.10000000000
854 0.37777777778 0.10000000000
855 0.38888888889 0.10000000000
856 0.40000000000 0.10000000000
857 0.41111111111 0.10000000000
858 0.42222222222 0.10000000000
859 0.43333333333 0.10000000000
860 0.44444444444 0.10000000000
861 0.45555555556 0.10000000000
862 0.46666666667 0.10000000000
863 0.47777777778 0.10000000000
864 0.48888888889 0.10000000000
865 0.50000000000 0.10000000000
866 0.51111111111 0.10000000000
867 0.52222222222 0.10000000000
868 0.53333333333 0.10000000000
869 0.54444444444 0.10000000000
870 0.55555555556 0.10000000000
871 0.56666666667 0.10000000000
872 0.57777777778 0.10000000000
873 0.58888888889 0.10000000000
874 0.60000000000 0.10000000000
875 0.61111111111 0.10000000000
876 0.62222222222 0.10000000000
877 0.63333333333 0.10000000000
878 0.64444444444 0.10000000000
879 0.65555555556 0.10000000000
880 0.66666666667 0.10000000000
881 0.67777777778 0.10000000000
882 0.68888888889 0.10000000000
883 0.70000000000 0.10000000000
884 0.71111111111 0.10000000000
885 0.72222222222 0.10000000000
886 0.73333333333 0.10000000000
887 0.74444444444 0.10000000000
888 0.75555555556 0.10000000000
889 0.76666666667 0.10000000000
890 0.77777777778 0.10000000000
891 0.78888888889 0.10000000000
892 0.80000000000 0.10000000000
893 0.81111111111 0.10000000000
894 0.82222222222 0.10000000000
895 0.83333333333 0.10000000000
896 0.84444444444 0.10000000000
897 0.85555555556 0.10000000000
898 0.86666666667 0.10000000000
899 0.87777777778 0.10000000000
900 0.88888888889 0.10000000000
901 0.90000000000 0.10000000000
902 0.91111111111 0.10000000000
903 0.92222222222 0.10000000000
904 0.93333333333 0.10000000000
905 0.94444444444 0.10000000000
906 0.95555555556 0.10000000000
907 0.96666666667 0.10000000000
908 0.97777777778 0.10000000000
909 0.98888888889 0.10000000000
910 1.00000000000 0.10000000000
911 0.00000000000 0.11111111111
912 0.01111111111 0.11111111111
913 0.02222222222 0.11111111111
914 0.03333333333 0.11111111111
915 0.04444444444 0.11111111111
916 0.05555555556 0.11111111111
917 0.06666666667 0.11111111111
918 0.07777777778 0.11111111111
919 0.08888888889 0.11111111111
920 0.10000000000 0.11111111111
921 0.11111111111 0.11111111111
922 0.12222222222 0.11111111111
923 0.13333333333 0.11111111111
924 0.14444444444 0.11111111111
925 0.15555555556 0.11111111111
926 0.16666666667 0.11111111111
927 0.17777777778 0.11111111111
928 0.18888888889 0.11111111111
929 0.20000000000 0.11111111111
930 0.21111111111 0.11111111111
931 0.22222222222 0.11111111111
932 0.23333333333 0.11111111111
933 0.24444444444 0.11111111111
934 0.25555555556 0.11111111111
935 0.26666666667 0.11111111111
936 0.27777777778 0.11111111111
937 0.28888888889 0.11111111111
938 0.30000000000 0.11111111111
939 0.31111111111 0.11111111111
940 0.32222222222 0.11111111111
941 0.33333333333 0.11111111111
942 0.34444444444 0.11111111111
943 0.35555555556 0.11111111111
944 0.36666666667 0.11111111111
945 0.37777777778 0.11111111111
946 0.38888888889 0.11111111111
947 0.40000000000 0.11111111111
948 0.41111111111 0.11111111111
949 0.42222222222 0.11111111111
950 0.43333333333 0.11111111111
951 0.44444444444 0.11111111111
952 0.45555555556 0.11111111111
953 0.46666666667 0.11111111111
954 0.47777777778 0.11111111111
955 0.48888888889 0.11111111111
956 0.50000000000 0.11111111111
957 0.51111111111 0.11111111111
958 0.52222222222 0.11111111111
959 0.53333333333 0.11111111111
960 0.54444444444 0.11111111111
961 0.55555555556 0.11111111111
962 0.56666666667 0.11111111111
963 0.57777777778 0.11111111111
964 0.58888888889 0.11111111111
965 0.60000000000 0.11111111111
966 0.61111111111 0.11111111111
967 0.62222222222 0.11111111111
968 0.63333333333 0.11111111111
969 0.64444444444 0.11111111111
970 0.65555555556 0.11111111111
971 0.66666666667 0.11111111111
972 0.67777777778 0.11111111111
973 0.68888888889 0.11111111111
974 0.70000000000 0.11111111111
975 0.71111111111 0.11111111111
976 0.72222222222 0.11111111111
977 0.73333333333 0.11111111111
978 0.74444444444 0.11111111111
979 0.75555555556 0.11111111111
980 0.76666666667 0.11111111111
981 0.77777777778 0.11111111111
982 0.78888888889 0.11111111111
983 0.80000000000 0.11111111111
984 0.81111111111 0.11111111111
985 0.82222222222 0.11111111111
986 0.83333333333 0.11111111111
987 0.84444444444 0.11111111111
988 0.85555555556 0.11111111111
989 0.86666666667 0.11111111111
990 0.87777777778 0.11111111111
991 0.88888888889 0.11111111111
992 0.90000000000 0.11111111111
993 0.91111111111 0.11111111111
994 0.92222222222 0.11111111111
995 0.93333333333 0.11111111111
996 0.94444444444 0.11111111111
997 0.95555555556 0.11111111111
998 0.96666666667 0.11111111111
999 0.97777777778 0.11111111111
1000 0.98888888889 0.11111111111
1001 1.00000000000 0.11111111111
1002 0.00000000000 0.12222222222
1003 0.01111111111 0.12222222222
1004 0.02222222222 0.12222222222
1005 0.03333333333 0.12222222222
1006 0.04444444444 0.12222222222
1007 0.05555555556 0.12222222222
1008 0.06666666667 0.12222222222
1009 0.07777777778 0.12222222222
1010 0.08888888889 0.12222222222
1011 0.10000000000 0.12222222222
1012 0.11111111111 0.12222222222
1013 0.12222222222 0.12222222222
1014 0.13333333333 0.12222222222
1015 0.14444444444 0.12222222222
1016 0.15555555556 0.12222222222
1017 0.16666666667 0.12222222222
1018 0.17777777778 0.12222222222
1019 0.18888888889 0.12222222222
1020 0.20000000000 0.12222222222
1021 0.21111111111 0.12222222222
1022 0.22222222222 0.12222222222
1023 0.23333333333 0.12222222222
1024 0.24444444444 0.12222222222
1025 0.25555555556 0.12222222222
1026 0.26666666667 0.12222222222
1027 0.27777777778 0.12222222222
1028 0.28888888889 0.12222222222
1029 0.30000000000 0.12222222222
1030 0.31111111111 0.12222222222
1031 0.32222222222 0.12222222222
1032 0.33333333333 0.12222222222
1033 0.34444444444 0.12222222222
1034 0.35555555556 0.12222222222
1035 0.36666666667 0.12222222222
1036 0.37777777778 0.12222222222
1037 0.38888888889 0.12222222222
1038 0.40000000000 0.12222222222
1039 0.41111111111 0.12222222222
1040 0.42222222222 0.12222222222
1041 0.43333333333 0.12222222222
1042 0.44444444444 0.12222222222
1043 0.45555555556 0.12222222222
1044 0.46666666667 0.12222222222
1045 0.47777777778 0.12222222222
1046 0.48888888889 0.12222222222
1047 0.50000000000 0.12222222222
1048 0.51111111111 0.12222222222
1049 0.52222222222 0.12222222222
1050 0.53333333333 0.12222222222
1051 0.54444444444 0.12222222222
1052 0.55555555556 0.12222222222
1053 0.56666666667 0.12222222222
1054 0.57777777778 0.12222222222
1055 0.58888888889 0.12222222222
1056 0.60000000000 0.12222222222
1057 0.61111111111 0.12222222222
1058 0.62222222222 0.12222222222
1059 0.63333333333 0.12222222222
1060 0.64444444444 0.12222222222
1061 0.65555555556 0.12222222222
1062 0.66666666667 0.12222222222
1063 0.67777777778 0.12222222222
1064 0.68888888889 0.12222222222
1065 0.70000000000 0.12222222222
1066 0.71111111111 0.12222222222
1067 0.72222222222 0.12222222222
1068 0.73333333333 0.12222222222
1069 0.74444444444 0.12222222222
1070 0.75555555556 0.12222222222
1071 0.76666666667 0.12222222222
1072 0.77777777778 0.12222222222
1073 0.78888888889 0.12222222222
1074 0.80000000000 0.12222222222
1075 0.81111111111 0.12222222222
1076 0.82222222222 0.12222222222
1077 0.83333333333 0.12222222222
1078 0.84444444444 0.12222222222
1079 0.85555555556 0.12222222222
1080 0.86666666667 0.12222222222
1081 0.87777777778 0.12222222222
1082 0.88888888889 0.12222222222
1083 0.90000000000 0.12222222222
1084 0.91111111111 0.12222222222
1085 0.92222222222 0.12222222222
1086 0.93333333333 0.12222222222
1087 0.94444444444 0.12222222222
1088 0.95555555556 0.12222222222
1089 0.96666666667 0.12222222222
1090 0.97777777778 0.12222222222
1091 0.98888888889 0.12222222222
1092 1.00000000000 0.12222222222
1093 0.00000000000 0.13333333333
1094 0.01111111111 0.13333333333
1095 0.02222222222 0.13333333333
1096 0.03333333333 0.13333333333
1097 0.04444444444 0.13333333333
1098 0.05555555556 0.13333333333
1099 0.06666666667 0.13333333333
1100 0.07777777778 0.13333333333
1101 0.08888888889 0.13333333333
1102 0.10000000000 0.13333333333
1103 0.11111111111 0.13333333333
1104 0.12222222222 0.13333333333
1105 0.13333333333 0.13333333333
1106 0.14444444444 0.13333333333
1107 0.15555555556 0.13333333333
1108 0.16666666667 0.13333333333
1109 0.17777777778 0.13333333333
1110 0.18888888889 0.13333333333
1111 0.20000000000 0.13333333333
1112 0.21111111111 0.13333333333
1113 0.22222222222 0.13333333333
1114 0.23333333333 0.13333333333
1115 0.24444444444 0.13333333333
1116 0.25555555556 0.13333333333
1117 0.26666666667 0.13333333333
1118 0.27777777778 0.13333333333
1119 0.28888888889 0.13333333333
1120 0.30000000000 0.13333333333
1121 0.31111111111 0.13333333333
1122 0.32222222222 0.13333333333
1123 0.33333333333 0.13333333333
1124 0.34444444444 0.13333333333
1125 0.35555555556 0.13333333333
1126 0.36666666667 0.13333333333
1127 0.37777777778 0.13333333333
1128 0.38888888889 0.13333333333
1129 0.40000000000 0.13333333333
1130 0.41111111111 0.13333333333
1131 0.42222222222 0.13333333333
1132 0.43333333333 0.13333333333
1133 0.44444444444 0.13333333333
1134 0.45555555556 0.13333333333
1135 0.46666666667 0.13333333333
1136 0.47777777778 0.13333333333
1137 0.48888888889 0.13333333333
1138 0.50000000000 0.13333333333
1139 0.51111111111 0.13333333333
1140 0.52222222222 0.13333333333
1141 0.53333333333 0.13333333333
1142 0.54444444444 0.13333333333
1143 0.55555555556 0.13333333333
1144 0.56666666667 0.13333333333
1145 0.57777777778 0.13333333333
1146 0.58888888889 0.13333333333
1147 0.60000000000 0.13333333333
1148 0.61111111111 0.13333333333
1149 0.62222222222 0.13333333333
1150 0.63333333333 0.13333333333
1151 0.64444444444 0.13333333333
1152 0.65555555556 0.13333333333
1153 0.66666666667 0.13333333333
1154 0.67777777778 0.13333333333
1155 0.68888888889 0.13333333333
1156 0.70000000000 0.13333333333
1157 0.71111111111 0.13333333333
1158 0.72222222222 0.13333333333
1159 0.73333333333 0.13333333333
1160 0.74444444444 0.13333333333
1161 0.75555555556 0.13333333333
1162 0.76666666667 0.13333333333
1163 0.77777777778 0.13333333333
1164 0.78888888889 0.13333333333
1165 0.80000000000 0.13333333333
1166 0.81111111111 0.13333333333
1167 0.82222222222 0.13333333333
1168 0.83333333333 0.13333333333
1169 0.84444444444 0.13333333333
1170 0.85555555556 0.13333333333
1171 0.86666666667 0.13333333333
1172 0.87777777778 0.13333333333
1173 0.88888888889 0.13333333333
1174 0.90000000000 0.13333333333
1175 0.91111111111 0.13333333333
1176 0.92222222222 0.13333333333
1177 0.93333333333 0.13333333333
1178 0.94444444444 0.13333333333
1179 0.95555555556 0.13333333333
1180 0.96666666667 0.13333333333
1181 0.97777777778 0.13333333333
1182 0.98888888889 0.13333333333
1183 1.00000000000 0.13333333333
1184 0.00000000000 0.14444444444
1185 0.01111111111 0.14444444444
1186 0.02222222222 0.14444444444
1187 0.03333333333 0.14444444444
1188 0.04444444444 0.14444444444
1189 0.05555555556 0.14444444444
1190 0.06666666667 0.14444444444
1191 0.07777777778 0.14444444444
1192 0.08888888889 0.14444444444
1193 0.10000000000 0.14444444444
1194 0.11111111111 0.14444444444
1195 0.12222222222 0.14444444444
1196 0.13333333333 0.14444444444
1197 0.14444444444 0.14444444444
1198 0.15555555556 0.14444444444
1199 0.16666666667 0.14444444444
1200 0.17777777778 0.14444444444
1201 0.18888888889 0.14444444444
1202 0.20000000000 0.14444444444
1203 0.21111111111 0.14444444444
1204 0.22222222222 0.14444444444
1205 0.23333333333 0.14444444444
1206 0.24444444444 0.14444444444
1207 0.25555555556 0.14444444444
1208 0.26666666667 0.14444444444
1209 0.27777777778 0.14444444444
1210 0.28888888889 0.14444444444
1211 0.30000000000 0.14444444444
1212 0.31111111111 0.14444444444
1213 0.32222222222 0.14444444444
1214 0.33333333333 0.14444444444
1215 0.34444444444 0.14444444444
1216 0.35555555556 0.14444444444
1217 0.36666666667 0.14444444444
1218 0.37777777778 0.14444444444
1219 0.38888888889 0.14444444444
1220 0.40000000000 0.14444444444
1221 0.41111111111 0.14444444444
1222 0.42222222222 0.14444444444
1223 0.43333333333 0.14444444444
1224 0.44444444444 0.14444444444
1225 0.45555555556 0.14444444444
1226 0.46666666667 0.14444444444
1227 0.47777777778 0.14444444444
1228 0.48888888889 0.14444444444
1229 0.50000000000 0.14444444444
1230 0.51111111111 0.14444444444
1231 0.52222222222 0.14444444444
1232 0.53333333333 0.14444444444
1233 0.54444444444 0.14444444444
1234 0.55555555556 0.14444444444
1235 0.56666666667 0.14444444444
1236 0.57777777778 0.14444444444
1237 0.58888888889 0.14444444444
1238 0.60000000000 0.14444444444
1239 0.61111111111 0.14444444444
1240 0.62222222222 0.14444444444
1241 0.63333333333 0.14444444444
1242 0.64444444444 0.14444444444
1243 0.65555555556 0.14444444444
1244 0.66666666667 0.14444444444
1245 0.67777777778 0.14444444444
1246 0.68888888889 0.14444444444
1247 0.70000000000 0.14444444444
1248 0.71111111111 0.14444444444
1249 0.72222222222 0.14444444444
1250 0.73333333333 0.14444444444
1251 0.74444444444 0.14444444444
1252 0.75555555556 0.14444444444
1253 0.76666666667 0.14444444444
1254 0.77777777778 0.14444444444
1255 0.78888888889 0.14444444444
1256 0.80000000000 0.14444444444
1257 0.81111111111 0.14444444444
1258 0.82222222222 0.14444444444
1259 0.83333333333 0.14444444444
1260 0.84444444444 0.14444444444
1261 0.85555555556 0.14444444444
1262 0.86666666667 0.14444444444
1263 0.87777777778 0.14444444444
1264 0.88888888889 0.14444444444
1265 0.90000000000 0.14444444444
1266 0.91111111111 0.14444444444
1267 0.92222222222 0.14444444444
1268 0.93333333333 0.14444444444
1269 0.94444444444 0.14444444444
1270 0.95555555556 0.14444444444
1271 0.96666666667 0.14444444444
1272 0.97777777778 0.14444444444
1273 0.98888888889 0.14444444444
1274 1.00000000000 0.14444444444
1275 0.00000000000 0.15555555556
1276 0.01111111111 0.15555555556
1277 0.02222222222 0.15555555556
1278 0.03333333333 0.15555555556
1279 0.04444444444 0.15555555556
1280 0.05555555556 0.15555555556
1281 0.06666666667 0.15555555556
1282 0.07777777778 0.15555555556
1283 0.08888888889 0.15555555556
1284 0.10000000000 0.15555555556
1285 0.11111111111 0.15555555556
1286 0.12222222222 0.15555555556
1287 0.13333333333 0.15555555556
1288 0.14444444444 0.15555555556
1289 0.15555555556 0.15555555556
1290 0.16666666667 0.15555555556
1291 0.17777777778 0.15555555556
1292 0.18888888889 0.15555555556
1293 0.20000000000 0.15555555556
1294 0.21111111111 0.15555555556
1295 0.22222222222 0.15555555556
1296 0.23333333333 0.15555555556
1297 0.24444444444 0.15555555556
1298 0.25555555556 0.15555555556
1299 0.26666666667 0.15555555556
1300 0.27777777778 0.15555555556
1301 0.28888888889 0.15555555556
1302 0.30000000000 0.15555555556
1303 0.31111111111 0.15555555556
1304 0.32222222222 0.15555555556
1305 0.33333333333 0.15555555556
1306 0.34444444444 0.15555555556
1307 0.35555555556 0.15555555556
1308 0.36666666667 0.15555555556
1309 0.37777777778 0.15555555556
1310 0.38888888889 0.15555555556
1311 0.40000000000 0.15555555556
1312 0.41111111111 0.15555555556
1313 0.42222222222 0.15555555556
1314 0.43333333333 0.15555555556
1315 0.44444444444 0.15555555556
1316 0.45555555556 0.15555555556
1317 0.46666666667 0.15555555556
1318 0.47777777778 0.15555555556
1319 0.48888888889 0.15555555556
1320 0.50000000000 0.15555555556
1321 0.51111111111 0.15555555556
1322 0.52222222222 0.15555555556
1323 0.53333333333 0.15555555556
1324 0.54444444444 0.15555555556
1325 0.55555555556 0.15555555556
1326 0.56666666667 0.15555555556
1327 0.57777777778 0.15555555556
1328 0.58888888889 0.15555555556
1329 0.60000000000 0.15555555556
1330 0.61111111111 0.15555555556
1331 0.62222222222 0.15555555556
1332 0.63333333333 0.15555555556
1333 0.64444444444 0.15555555556
1334 0.65555555556 0.15555555556
1335 0.66666666667 0.15555555556
1336 0.67777777778 0.15555555556
1337 0.68888888889 0.15555555556
1338 0.70000000000 0.15555555556
1339 0.71111111111 0.15555555556
1340 0.72222222222 0.15555555556
1341 0.73333333333 0.15555555556
1342 0.74444444444 0.15555555556
1343 0.75555555556 0.15555555556
1344 0.76666666667 0.15555555556
1345 0.77777777778 0.15555555556
1346 0.78888888889 0.15555555556
1347 0.80000000000 0.15555555556
1348 0.81111111111 0.15555555556
1349 0.82222222222 0.15555555556
1350 0.83333333333 0.15555555556
1351 0.84444444444 0.15555555556
1352 0.85555555556 0.15555555556
1353 0.86666666667 0.15555555556
1354 0.87777777778 0.15555555556
1355 0.88888888889 0.15555555556
1356 0.90000000000 0.15555555556
1357 0.91111111111 0.15555555556
1358 0.92222222222 0.15555555556
1359 0.93333333333 0.15555555556
1360 0.94444444444 0.15555555556
1361 0.95555555556 0.15555555556
1362 0.96666666667 0.15555555556
1363 0.97777777778 0.15555555556
1364 0.98888888889 0.15555555556
1365 1.00000000000 0.15555555556
1366 0.00000000000 0.16666666667
1367 0.01111111111 0.16666666667
1368 0.02222222222 0.16666666667
1369 0.03333333333 0.16666666667
1370 0.04444444444 0.16666666667
1371 0.05555555556 0.16666666667
1372 0.06666666667 0.16666666667
1373 0.07777777778 0.16666666667
1374 0.08888888889 0.16666666667
1375 0.10000000000 0.16666666667
1376 0.11111111111 0.16666666667
1377 0.12222222222 0.16666666667
1378 0.13333333333 0.16666666667
1379 0.14444444444 0.16666666667
1380 0.15555555556 0.16666666667
1381 0.16666666667 0.16666666667
1382 0.17777777778 0.16666666667
1383 0.18888888889 0.16666666667
1384 0.20000000000 0.16666666667
1385 0.21111111111 0.16666666667
1386 0.22222222222 0.16666666667
1387 0.23333333333 0.16666666667
1388 0.24444444444 0.16666666667
1389 0.25555555556 0.16666666667
1390 0.26666666667 0.16666666667
1391 0.27777777778 0.16666666667
1392 0.28888888889 0.16666666667
1393 0.30000000000 0.16666666667
1394 0.31111111111 0.16666666667
1395 0.32222222222 0.16666666667
1396 0.33333333333 0.16666666667
1397 0.34444444444 0.16666666667
1398 0.35555555556 0.16666666667
1399 0.36666666667 0.16666666667
1400 0.37777777778 0.16666666667
1401 0.38888888889 0.16666666667
1402 0.40000000000 0.16666666667
1403 0.41111111111 0.16666666667
1404 0.42222222222 0.16666666667
1405 0.43333333333 0.16666666667
1406 0.44444444444 0.16666666667
1407 0.45555555556 0.16666666667
1408 0.46666666667 0.16666666667
1409 0.47777777778 0.16666666667
1410 0.48888888889 0.16666666667
1411 0.50000000000 0.16666666667
1412 0.51111111111 0.16666666667
1413 0.52222222222 0.16666666667
1414 0.53333333333 0.16666666667
1415 0.54444444444 0.16666666667
1416 0.55555555556 0.16666666667
1417 0.56666666667 0.16666666667
1418 0.57777777778 0.16666666667
1419 0.58888888889 0.16666666667
1420 0.60000000000 0.16666666667
1421 0.61111111111 0.16666666667
1422 0.62222222222 0.16666666667
1423 0.63333333333 0.16666666667
1424 0.64444444444 0.16666666667
1425 0.65555555556 0.16666666667
1426 0.66666666667 0.16666666667
1427 0.67777777778 0.16666666667
1428 0.68888888889 0.16666666667
1429 0.70000000000 0.16666666667
1430 0.71111111111 0.16666666667
1431 0.72222222222 0.16666666667
1432 0.73333333333 0.16666666667
1433 0.74444444444 0.16666666667
1434 0.75555555556 0.16666666667
1435 0.76666666667 0.16666666667
1436 0.77777777778 0.16666666667
1437 0.78888888889 0.16666666667
1438 0.80000000000 0.16666666667
1439 0.81111111111 0.16666666667
1440 0.82222222222 0.16666666667
1441 0.83333333333 0.16666666667
1442 0.84444444444 0.16666666667
1443 0.85555555556 0.16666666667
1444 0.86666666667 0.16666666667
1445 0.87777777778 0.16666666667
1446 0.88888888889 0.16666666667
1447 0.90000000000 0.16666666667
1448 0.91111111111 0.16666666667
1449 0.92222222222 0.16666666667
1450 0.93333333333 0.16666666667
1451 0.94444444444 0.16666666667
1452 0.95555555556 0.16666666667
1453 0.96666666667 0.16666666667
1454 0.97777777778 0.16666666667
1455 0.98888888889 0.16666666667
1456 1.00000000000 0.16666666667
1457 0.00000000000 0.17777777778
1458 0.01111111111 0.17777777778
1459 0.02222222222 0.17777777778
1460 0.03333333333 0.17777777778
1461 0.04444444444 0.17777777778
1462 0.05555555556 0.17777777778
1463 0.06666666667 0.17777777778
1464 0.07777777778 0.17777777778
1465 0.08888888889 0.17777777778
1466 0.10000000000 0.17777777778
1467 0.11111111111 0.17777777778
1468 0.12222222222 0.17777777778
1469 0.13333333333 0.17777777778
1470 0.14444444444 0.17777777778
1471 0.15555555556 0.17777777778
1472 0.16666666667 0.17777777778
1473 0.17777777778 0.17777777778
1474 0.18888888889 0.17777777778
1475 0.20000000000 0.17777777778
1476 0.21111111111 0.17777777778
1477 0.22222222222 0.17777777778
1478 0.23333333333 0.17777777778
1479 0.24444444444 0.17777777778
1480 0.25555555556 0.17777777778
1481 0.26666666667 0.17777777778
1482 0.27777777778 0.17777777778
1483 0.28888888889 0.17777777778
1484 0.30000000000 0.17777777778
1485 0.31111111111 0.17777777778
1486 0.32222222222 0.17777777778
1487 0.33333333333 0.17777777778
1488 0.34444444444 0.17777777778
1489 0.35555555556 0.17777777778
1490 0.36666666667 0.17777777778
1491 0.37777777778 0.17777777778
1492 0.38888888889 0.17777777778
1493 0.40000000000 0.17777777778
1494 0.41111111111 0.17777777778
1495 0.42222222222 0.17777777778
1496 0.43333333333 0.17777777778
1497 0.44444444444 0.17777777778
1498 0.45555555556 0.17777777778
1499 0.46666666667 0.17777777778
1500 0.47777777778 0.17777777778
1501 0.48888888889 0.17777777778
1502 0.50000000000 0.17777777778
1503 0.51111111111 0.17777777778
1504 0.52222222222 0.17777777778
1505 0.53333333333 0.17777777778
1506 0.54444444444 0.17777777778
1507 0.55555555556 0.17777777778
1508 0.56666666667 0.17777777778
1509 0.57777777778 0.17777777778
1510 0.58888888889 0.17777777778
1511 0.60000000000 0.17777777778
1512 0.61111111111 0.17777777778
1513 0.62222222222 0.17777777778
1514 0.63333333333 0.17777777778
1515 0.64444444444 0.17777777778
1516 0.65555555556 0.17777777778
1517 0.66666666667 0.17777777778
1518 0.67777777778 0.17777777778
1519 0.68888888889 0.17777777778
1520 0.70000000000 0.17777777778
1521 0.71111111111 0.17777777778
1522 0.72222222222 0.17777777778
1523 0.73333333333 0.17777777778
1524 0.74444444444 0.17777777778
1525 0.75555555556 0.17777777778
1526 0.76666666667 0.17777777778
1527 0.77777777778 0.17777777778
1528 0.78888888889 0.17777777778
1529 0.80000000000 0.17777777778
1530 0.81111111111 0.17777777778
1531 0.82222222222 0.17777777778
1532 0.83333333333 0.17777777778
1533 0.84444444444 0.17777777778
1534 0.85555555556 0.17777777778
1535 0.86666666667 0.17777777778
1536 0.87777777778 0.17777777778
1537 0.88888888889 0.17777777778
1538 0.90000000000 0.17777777778
1539 0.91111111111 0.17777777778
1540 0.92222222222 0.17777777778
1541 0.93333333333 0.17777777778
1542 0.94444444444 0.17777777778
1543 0.95555555556 0.17777777778
1544 0.96666666667 0.17777777778
1545 0.97777777778 0.17777777778
1546 0.98888888889 0.17777777778
1547 1.00000000000 0.17777777778
1548 0.00000000000 0.18888888889
1549 0.01111111111 0.18888888889
1550 0.02222222222 0.18888888889
1551 0.03333333333 0.18888888889
1552 0.04444444444 0.18888888889
1553 0.05555555556 0.18888888889
1554 0.06666666667 0.18888888889
1555 0.07777777778 0.18888888889
1556 0.08888888889 0.18888888889
1557 0.10000000000 0.18888888889
1558 0.11111111111 0.18888888889
1559 0.12222222222 0.18888888889
1560 0.13333333333 0.18888888889
1561 0.14444444444 0.18888888889
1562 0.15555555556 0.18888888889
1563 0.16666666667 0.18888888889
1564 0.17777777778 0.18888888889
1565 0.18888888889 0.18888888889
1566 0.20000000000 0.18888888889
1567 0.21111111111 0.18888888889
1568 0.22222222222 0.18888888889
1569 0.23333333333 0.18888888889
1570 0.24444444444 0.18888888889
1571 0.25555555556 0.18888888889
1572 0.26666666667 0.18888888889
1573 0.27777777778 0.18888888889
1574 0.28888888889 0.18888888889
1575 0.30000000000 0.18888888889
1576 0.31111111111 0.18888888889
1577 0.32222222222 0.18888888889
1578 0.33333333333 0.18888888889
1579 0.34444444444 0.18888888889
1580 0.35555555556 0.18888888889
1581 0.36666666667 0.18888888889
1582 0.37777777778 0.18888888889
1583 0.38888888889 0.18888888889
1584 0.40000000000 0.18888888889
1585 0.41111111111 0.18888888889
1586 0.42222222222 0.18888888889
1587 0.43333333333 0.18888888889
1588 0.44444444444 0.18888888889
1589 0.45555555556 0.18888888889
1590 0.46666666667 0.18888888889
1591 0.47777777778 0.18888888889
1592 0.48888888889 0.18888888889
1593 0.50000000000 0.18888888889
1594 0.51111111111 0.18888888889
1595 0.52222222222 0.18888888889
1596 0.53333333333 0.18888888889
1597 0.54444444444 0.18888888889
1598 0.55555555556 0.18888888889
1599 0.56666666667 0.18888888889
1600 0.57777777778 0.18888888889
1601 0.58888888889 0.18888888889
1602 0.60000000000 0.18888888889
1603 0.61111111111 0.18888888889
1604 0.62222222222 0.18888888889
1605 0.63333333333 0.18888888889
1606 0.64444444444 0.18888888889
1607 0.65555555556 0.18888888889
1608 0.66666666667 0.18888888889
1609 0.67777777778 0.18888888889
1610 0.68888888889 0.18888888889
1611 0.70000000000 0.18888888889
1612 0.71111111111 0.18888888889
1613 0.72222222222 0.18888888889
1614 0.73333333333 0.18888888889
1615 0.74444444444 0.18888888889
1616 0.75555555556 0.18888888889
1617 0.76666666667 0.18888888889
1618 0.77777777778 0.18888888889
1619 0.78888888889 0.18888888889
1620 0.80000000000 0.18888888889
1621 0.81111111111 0.18888888889
1622 0.82222222222 0.18888888889
1623 0.83333333333 0.18888888889
1624 0.84444444444 0.18888888889
1625 0.85555555556 0.18888888889
1626 0.86666666667 0.18888888889
1627 0.87777777778 0.18888888889
1628 0.88888888889 0.18888888889
1629 0.90000000000 0.18888888889
1630 0.91111111111 0.18888888889
1631 0.92222222222 0.18888888889
1632 0.93333333333 0.18888888889
1633 0.94444444444 0.18888888889
1634 0.95555555556 0.18888888889
1635 0.96666666667 0.18888888889
1636 0.97777777778 0.18888888889
1637 0.98888888889 0.18888888889
1638 1.00000000000 0.18888888889
1639 0.00000000000 0.20000000000
1640 0.01111111111 0.20000000000
1641 0.02222222222 0.20000000000
1642 0.03333333333 0.20000000000
1643 0.04444444444 0.20000000000
1644 0.05555555556 0.20000000000
1645 0.06666666667 0.20000000000
1646 0.07777777778 0.20000000000
1647 0.08888888889 0.20000000000
1648 0.10000000000 0.20000000000
1649 0.11111111111 0.20000000000
1650 0.12222222222 0.20000000000
1651 0.13333333333 0.20000000000
1652 0.14444444444 0.20000000000
1653 0.15555555556 0.20000000000
1654 0.16666666667 0.20000000000
1655 0.17777777778 0.20000000000
1656 0.18888888889 0.20000000000
1657 0.20000000000 0.20000000000
1658 0.21111111111 0.20000000000
1659 0.22222222222 0.20000000000
1660 0.23333333333 0.20000000000
1661 0.24444444444 0.20000000000
1662 0.25555555556 0.20000000000
1663 0.26666666667 0.20000000000
1664 0.27777777778 0.20000000000
1665 0.28888888889 0.20000000000
1666 0.30000000000 0.20000000000
1667 0.31111111111 0.20000000000
1668 0.32222222222 0.20000000000
1669 0.33333333333 0.20000000000
1670 0.34444444444 0.20000000000
1671 0.35555555556 0.20000000000
1672 0.36666666667 0.20000000000
1673 0.37777777778 0.20000000000
1674 0.38888888889 0.20000000000
1675 0.40000000000 0.20000000000
1676 0.41111111111 0.20000000000
1677 0.42222222222 0.20000000000
1678 0.43333333333 0.20000000000
1679 0.44444444444 0.20000000000
1680 0.45555555556 0.20000000000
1681 0.46666666667 0.20000000000
1682 0.47777777778 0.20000000000
1683 0.48888888889 0.20000000000
1684 0.50000000000 0.20000000000
1685 0.51111111111 0.20000000000
1686 0.52222222222 0.20000000000
1687 0.53333333333 0.20000000000
1688 0.54444444444 0.20000000000
1689 0.55555555556 0.20000000000
1690 0.56666666667 0.20000000000
1691 0.57777777778 0.20000000000
1692 0.58888888889 0.20000000000
1693 0.60000000000 0.20000000000
1694 0.61111111111 0.20000000000
1695 0.62222222222 0.20000000000
1696 0.63333333333 0.20000000000
1697 0.64444444444 0.20000000000
1698 0.65555555556 0.20000000000
1699 0.66666666667 0.20000000000
1700 0.67777777778 0.20000000000
1701 0.68888888889 0.20000000000
1702 0.70000000000 0.20000000000
1703 0.71111111111 0.20000000000
1704 0.72222222222 0.20000000000
1705 0.73333333333 0.20000000000
1706 0.74444444444 0.20000000000
1707 0.75555555556 0.20000000000
1708 0.76666666667 0.20000000000
1709 0.77777777778 0.20000000000
1710 0.78888888889 0.20000000000
1711 0.80000000000 0.20000000000
1712 0.81111111111 0.20000000000
1713 0.82222222222 0.20000000000
1714 0.83333333333 0.20000000000
1715 0.84444444444 0.20000000000
1716 0.85555555556 0.20000000000
1717 0.86666666667 0.20000000000
1718 0.87777777778 0.20000000000
1719 0.88888888889 0.20000000000
1720 0.90000000000 0.20000000000
1721 0.91111111111 0.20000000000
1722 0.92222222222 0.20000000000
1723 0.93333333333 0.20000000000
1724 0.94444444444 0.20000000000
1725 0.95555555556 0.20000000000
1726 0.96666666667 0.20000000000
1727 0.97777777778 0.20000000000
1728 0.98888888889 0.20000000000
1729 1.00000000000 0.20000000000
1730 0.00000000000 0.21111111111
1731 0.01111111111 0.21111111111
1732 0.02222222222 0.21111111111
1733 0.03333333333 0.21111111111
1734 0.04444444444 0.21111111111
1735 0.05555555556 0.21111111111
1736 0.06666666667 0.21111111111
1737 0.07777777778 0.21111111111
1738 0.08888888889 0.21111111111
1739 0.10000000000 0.21111111111
1740 0.11111111111 0.21111111111
1741 0.12222222222 0.21111111111
1742 0.13333333333 0.21111111111
1743 0.14444444444 0.21111111111
1744 0.15555555556 0.21111111111
1745 0.16666666667 0.21111111111
1746 0.17777777778 0.21111111111
1747 0.18888888889 0.21111111111
1748 0.20000000000 0.21111111111
1749 0.21111111111 0.21111111111
1750 0.22222222222 0.21111111111
1751 0.23333333333 0.21111111111
1752 0.24444444444 0.21111111111
1753 0.25555555556 0.21111111111
1754 0.26666666667 0.21111111111
1755 0.27777777778 0.21111111111
1756 0.28888888889 0.21111111111
1757 0.30000000000 0.21111111111
1758 0.31111111111 0.21111111111
1759 0.32222222222 0.21111111111
1760 0.33333333333 0.21111111111
1761 0.34444444444 0.21111111111
1762 0.35555555556 0.21111111111
1763 0.36666666667 0.21111111111
1764 0.37777777778 0.21111111111
1765 0.38888888889 0.21111111111
1766 0.40000000000 0.21111111111
1767 0.41111111111 0.21111111111
1768 0.42222222222 0.21111111111
1769 0.43333333333 0.21111111111
1770 0.44444444444 0.21111111111
1771 0.45555555556 0.21111111111
1772 0.46666666667 0.21111111111
1773 0.47777777778 0.21111111111
1774 0.48888888889 0.21111111111
1775 0.50000000000 0.21111111111
1776 0.51111111111 0.21111111111
1777 0.52222222222 0.21111111111
1778 0.53333333333 0.21111111111
1779 0.54444444444 0.21111111111
1780 0.55555555556 0.21111111111
1781 0.56666666667 0.21111111111
1782 0.57777777778 0.21111111111
1783 0.58888888889 0.21111111111
1784 0.60000000000 0.21111111111
1785 0.61111111111 0.21111111111
1786 0.62222222222 0.21111111111
1787 0.63333333333 0.21111111111
1788 0.64444444444 0.21111111111
1789 0.65555555556 0.21111111111
1790 0.66666666667 0.21111111111
1791 0.67777777778 0.21111111111
1792 0.68888888889 0.21111111111
1793 0.70000000000 0.21111111111
1794 0.71111111111 0.21111111111
1795 0.72222222222 0.21111111111
1796 0.73333333333 0.21111111111
1797 0.74444444444 0.21111111111
1798 0.75555555556 0.21111111111
1799 0.76666666667 0.21111111111
1800 0.77777777778 0.21111111111
1801 0.78888888889 0.21111111111
1802 0.80000000000 0.21111111111
1803 0.81111111111 0.21111111111
1804 0.82222222222 0.21111111111
1805 0.83333333333 0.21111111111
1806 0.84444444444 0.21111111111
1807 0.85555555556 0.21111111111
1808 0.86666666667 0.21111111111
1809 0.87777777778 0.21111111111
1810 0.88888888889 0.21111111111
1811 0.90000000000 0.21111111111
1812 0.91111111111 0.21111111111
1813 0.92222222222 0.21111111111
1814 0.93333333333 0.21111111111
1815 0.94444444444 0.21111111111
1816 0.95555555556 0.21111111111
1817 0.96666666667 0.21111111111
1818 0.97777777778 0.21111111111
1819 0.98888888889 0.21111111111
1820 1.00000000000 0.21111111111
1821 0.00000000000 0.22222222222
1822 0.01111111111 0.22222222222
1823 0.02222222222 0.22222222222
1824 0.03333333333 0.22222222222
1825 0.04444444444 0.22222222222
1826 0.05555555556 0.22222222222
1827 0.06666666667 0.22222222222
1828 0.07777777778 0.22222222222
1829 0.08888888889 0.22222222222
1830 0.10000000000 0.22222222222
1831 0.11111111111 0.22222222222
1832 0.12222222222 0.22222222222
1833 0.13333333333 0.22222222222
1834 0.14444444444 0.22222222222
1835 0.15555555556 0.22222222222
1836 0.16666666667 0.22222222222
1837 0.17777777778 0.22222222222
1838 0.18888888889 0.22222222222
1839 0.20000000000 0.22222222222
1840 0.21111111111 0.22222222222
1841 0.22222222222 0.22222222222
1842 0.23333333333 0.22222222222
1843 0.24444444444 0.22222222222
1844 0.25555555556 0.22222222222
1845 0.26666666667 0.22222222222
1846 0.27777777778 0.22222222222
1847 0.28888888889 0.22222222222
1848 0.30000000000 0.22222222222
1849 0.31111111111 0.22222222222
1850 0.32222222222 0.22222222222
1851 0.33333333333 0.22222222222
1852 0.34444444444 0.22222222222
1853 0.35555555556 0.22222222222
1854 0.36666666667 0.22222222222
1855 0.37777777778 0.22222222222
1856 0.38888888889 0.22222222222
1857 0.40000000000 0.22222222222
1858 0.41111111111 0.22222222222
1859 0.42222222222 0.22222222222
1860 0.43333333333 0.22222222222
1861 0.44444444444 0.22222222222
1862 0.45555555556 0.22222222222
1863 0.46666666667 0.22222222222
1864 0.47777777778 0.22222222222
1865 0.48888888889 0.22222222222
1866 0.50000000000 0.22222222222
1867 0.51111111111 0.22222222222
1868 0.52222222222 0.22222222222
1869 0.53333333333 0.22222222222
1870 0.54444444444 0.22222222222
1871 0.55555555556 0.22222222222
1872 0.56666666667 0.22222222222
1873 0.57777777778 0.22222222222
1874 0.58888888889 0.22222222222
1875 0.60000000000 0.22222222222
1876 0.61111111111 0.22222222222
1877 0.62222222222 0.22222222222
1878 0.63333333333 0.22222222222
1879 0.64444444444 0.22222222222
1880 0.65555555556 0.22222222222
1881 0.66666666667 0.22222222222
1882 0.67777777778 0.22222222222
1883 0.68888888889 0.22222222222
1884 0.70000000000 0.22222222222
1885 0.71111111111 0.22222222222
1886 0.72222222222 0.22222222222
1887 0.73333333333 0.22222222222
1888 0.74444444444 0.22222222222
1889 0.75555555556 0.22222222222
1890 0.76666666667 0.22222222222
1891 0.77777777778 0.22222222222
1892 0.78888888889 0.22222222222
1893 0.80000000000 0.22222222222
1894 0.81111111111 0.22222222222
1895 0.82222222222 0.22222222222
1896 0.83333333333 0.22222222222
1897 0.84444444444 0.22222222222
1898 0.85555555556 0.22222222222
1899 0.86666666667 0.22222222222
1900 0.87777777778 0.22222222222
1901 0.88888888889 0.22222222222
1902 0.90000000000 0.22222222222
1903 0.91111111111 0.22222222222
1904 0.92222222222 0.22222222222
1905 0.93333333333 0.22222222222
1906 0.94444444444 0.22222222222
1907 0.95555555556 0.22222222222
1908 0.96666666667 0.22222222222
1909 0.97777777778 0.22222222222
1910 0.98888888889 0.22222222222
1911 1.00000000000 0.22222222222
1912 0.00000000000 0.23333333333
1913 0.01111111111 0.23333333333
1914 0.02222222222 0.23333333333
1915 0.03333333333 0.23333333333
1916 0.04444444444 0.23333333333
1917 0.05555555556 0.23333333333
1918 0.06666666667 0.23333333333
1919 0.07777777778 0.23333333333
1920 0.08888888889 0.23333333333
1921 0.10000000000 0.23333333333
1922 0.11111111111 0.23333333333
1923 0.12222222222 0.23333333333
1924 0.13333333333 0.23333333333
1925 0.14444444444 0.23333333333
1926 0.15555555556 0.23333333333
1927 0.16666666667 0.23333333333
1928 0.17777777778 0.23333333333
1929 0.18888888889 0.23333333333
1930 0.20000000000 0.23333333333
1931 0.21111111111 0.23333333333
1932 0.22222222222 0.23333333333
1933 0.23333333333 0.23333333333
1934 0.24444444444 0.23333333333
1935 0.25555555556 0.23333333333
1936 0.26666666667 0.23333333333
1937 0.27777777778 0.23333333333
1938 0.28888888889 0.23333333333
1939 0.30000000000 0.23333333333
1940 0.31111111111 0.23333333333
1941 0.32222222222 0.23333333333
1942 0.33333333333 0.23333333333
1943 0.34444444444 0.23333333333
1944 0.35555555556 0.23333333333
1945 0.36666666667 0.23333333333
1946 0.37777777778 0.23333333333
1947 0.38888888889 0.23333333333
1948 0.40000000000 0.23333333333
1949 0.41111111111 0.23333333333
1950 0.42222222222 0.23333333333
1951 0.43333333333 0.23333333333
1952 0.44444444444 0.23333333333
1953 0.45555555556 0.23333333333
1954 0.46666666667 0.23333333333
1955 0.47777777778 0.23333333333
1956 0.48888888889 0.23333333333
1957 0.50000000000 0.23333333333
1958 0.51111111111 0.23333333333
1959 0.52222222222 0.23333333333
1960 0.53333333333 0.23333333333
1961 0.54444444444 0.23333333333
1962 0.55555555556 0.23333333333
1963 0.56666666667 0.23333333333
1964 0.57777777778 0.23333333333
1965 0.58888888889 0.23333333333
1966 0.60000000000 0.23333333333
1967 0.61111111111 0.23333333333
1968 0.62222222222 0.23333333333
1969 0.63333333333 0.23333333333
1970 0.64444444444 0.23333333333
1971 0.65555555556 0.23333333333
1972 0.66666666667 0.23333333333
1973 0.67777777778 0.23333333333
1974 0.68888888889 0.23333333333
1975 0.70000000000 0.23333333333
1976 0.71111111111 0.23333333333
1977 0.72222222222 0.23333333333
1978 0.73333333333 0.23333333333
1979 0.74444444444 0.23333333333
1980 0.75555555556 0.23333333333
1981 0.76666666667 0.23333333333
1982 0.77777777778 0.23333333333
1983 0.78888888889 0.23333333333
1984 0.80000000000 0.23333333333
1985 0.81111111111 0.23333333333
1986 0.82222222222 0.23333333333
1987 0.83333333333 0.23333333333
1988 0.84444444444 0.23333333333
1989 0.85555555556 0.23333333333
1990 0.86666666667 0.23333333333
1991 0.87777777778 0.23333333333
1992 0.88888888889 0.23333333333
1993 0.90000000000 0.23333333333
1994 0.91111111111 0.23333333333
1995 0.92222222222 0.23333333333
1996 0.93333333333 0.23333333333
1997 0.94444444444 0.23333333333
1998 0.95555555556 0.23333333333
1999 0.96666666667 0.23333333333
2000 0.97777777778 0.23333333333
2001 0.98888888889 0.23333333333
2002 1.00000000000 0.23333333333
2003 0.00000000000 0.24444444444
2004 0.01111111111 0.24444444444
2005 0.02222222222 0.24444444444
2006 0.03333333333 0.24444444444
2007 0.04444444444 0.24444444444
2008 0.05555555556 0.24444444444
2009 0.06666666667 0.24444444444
2010 0.07777777778 0.24444444444
2011 0.08888888889 0.24444444444
2012 0.10000000000 0.24444444444
2013 0.11111111111 0.24444444444
2014 0.12222222222 0.24444444444
2015 0.13333333333 0.24444444444
2016 0.14444444444 0.24444444444
2017 0.15555555556 0.24444444444
2018 0.16666666667 0.24444444444
2019 0.17777777778 0.24444444444
2020 0.18888888889 0.24444444444
2021 0.20000000000 0.24444444444
2022 0.21111111111 0.24444444444
2023 0.22222222222 0.24444444444
2024 0.23333333333 0.24444444444
2025 0.24444444444 0.24444444444
2026 0.25555555556 0.24444444444
2027 0.26666666667 0.24444444444
2028 0.27777777778 0.24444444444
2029 0.28888888889 0.24444444444
2030 0.30000000000 0.24444444444
2031 0.31111111111 0.24444444444
2032 0.32222222222 0.24444444444
2033 0.33333333333 0.24444444444
2034 0.34444444444 0.24444444444
2035 0.35555555556 0.24444444444
2036 0.36666666667 0.24444444444
2037 0.37777777778 0.24444444444
2038 0.38888888889 0.24444444444
2039 0.40000000000 0.24444444444
2040 0.41111111111 0.24444444444
2041 0.42222222222 0.24444444444
2042 0.43333333333 0.24444444444
2043 0.44444444444 0.24444444444
2044 0.45555555556 0.24444444444
2045 0.46666666667 0.24444444444
2046 0.47777777778 0.24444444444
2047 0.48888888889 0.24444444444
2048 0.50000000000 0.24444444444
2049 0.51111111111 0.24444444444
2050 0.52222222222 0.24444444444
2051 0.53333333333 0.24444444444
2052 0.54444444444 0.24444444444
2053 0.55555555556 0.24444444444
2054 0.56666666667 0.24444444444
2055 0.57777777778 0.24444444444
2056 0.58888888889 0.24444444444
2057 0.60000000000 0.24444444444
2058 0.61111111111 0.24444444444
2059 0.62222222222 0.24444444444
2060 0.63333333333 0.24444444444
2061 0.64444444444 0.24444444444
2062 0.65555555556 0.24444444444
2063 0.66666666667 0.24444444444
2064 0.67777777778 0.24444444444
2065 0.68888888889 0.24444444444
2066 0.70000000000 0.24444444444
2067 0.71111111111 0.24444444444
2068 0.72222222222 0.24444444444
2069 0.73333333333 0.24444444444
2070 0.74444444444 0.24444444444
2071 0.75555555556 0.24444444444
2072 0.76666666667 0.24444444444
2073 0.77777777778 0.24444444444
2074 0.78888888889 0.24444444444
2075 0.80000000000 0.24444444444
2076 0.81111111111 0.24444444444
2077 0.82222222222 0.24444444444
2078 0.83333333333 0.24444444444
2079 0.84444444444 0.24444444444
2080 0.85555555556 0.24444444444
2081 0.86666666667 0.24444444444
2082 0.87777777778 0.24444444444
2083 0.88888888889 0.24444444444
2084 0.90000000000 0.24444444444
2085 0.91111111111 0.24444444444
2086 0.92222222222 0.24444444444
2087 0.93333333333 0.24444444444
2088 0.94444444444 0.24444444444
2089 0.95555555556 0.24444444444
2090 0.96666666667 0.24444444444
2091 0.97777777778 0.24444444444
2092 0.98888888889 0.24444444444
2093 1.00000000000 0.24444444444
2094 0.00000000000 0.25555555556
2095 0.01111111111 0.25555555556
2096 0.02222222222 0.25555555556
2097 0.03333333333 0.25555555556
2098 0.04444444444 0.25555555556
2099 0.05555555556 0.25555555556
2100 0.06666666667 0.25555555556
2101 0.07777777778 0.25555555556
2102 0.08888888889 0.25555555556
2103 0.10000000000 0.25555555556
2104 0.11111111111 0.25555555556
2105 0.12222222222 0.25555555556
2106 0.13333333333 0.25555555556
2107 0.14444444444 0.25555555556
2108 0.15555555556 0.25555555556
2109 0.16666666667 0.25555555556
2110 0.17777777778 0.25555555556
2111 0.18888888889 0.25555555556
2112 0.20000000000 0.25555555556
2113 0.21111111111 0.25555555556
2114 0.22222222222 0.25555555556
2115 0.23333333333 0.25555555556
2116 0.24444444444 0.25555555556
2117 0.25555555556 0.25555555556
2118 0.26666666667 0.25555555556
2119 0.27777777778 0.25555555556
2120 0.28888888889 0.25555555556
2121 0.30000000000 0.25555555556
2122 0.31111111111 0.25555555556
2123 0.32222222222 0.25555555556
2124 0.33333333333 0.25555555556
2125 0.34444444444 0.25555555556
2126 0.35555555556 0.25555555556
2127 0.36666666667 0.25555555556
2128 0.37777777778 0.25555555556
2129 0.38888888889 0.25555555556
2130 0.40000000000 0.25555555556
2131 0.41111111111 0.25555555556
2132 0.42222222222 0.25555555556
2133 0.43333333333 0.25555555556
2134 0.44444444444 0.25555555556
2135 0.45555555556 0.25555555556
2136 0.46666666667 0.25555555556
2137 0.47777777778 0.25555555556
2138 0.48888888889 0.25555555556
2139 0.50000000000 0.25555555556
2140 0.51111111111 0.25555555556
2141 0.52222222222 0.25555555556
2142 0.53333333333 0.25555555556
2143 0.54444444444 0.25555555556
2144 0.55555555556 0.25555555556
2145 0.56666666667 0.25555555556
2146 0.57777777778 0.25555555556
2147 0.58888888889 0.25555555556
2148 0.60000000000 0.25555555556
2149 0.61111111111 0.25555555556
2150 0.62222222222 0.25555555556
2151 0.63333333333 0.25555555556
2152 0.64444444444 0.25555555556
2153 0.65555555556 0.25555555556
2154 0.66666666667 0.25555555556
2155 0.67777777778 0.25555555556
2156 0.68888888889 0.25555555556
2157 0.70000000000 0.25555555556
2158 0.71111111111 0.25555555556
2159 0.72222222222 0.25555555556
2160 0.73333333333 0.25555555556
2161 0.74444444444 0.25555555556
2162 0.75555555556 0.25555555556
2163 0.76666666667 0.25555555556
2164 0.77777777778 0.25555555556
2165 0.78888888889 0.25555555556
2166 0.80000000000 0.25555555556
2167 0.81111111111 0.25555555556
2168 0.82222222222 0.25555555556
2169 0.83333333333 0.25555555556
2170 0.84444444444 0.25555555556
2171 0.85555555556 0.25555555556
2172 0.86666666667 0.25555555556
2173 0.87777777778 0.25555555556
2174 0.88888888889 0.25555555556
2175 0.90000000000 0.25555555556
2176 0.91111111111 0.25555555556
2177 0.92222222222 0.25555555556
2178 0.93333333333 0.25555555556
2179 0.94444444444 0.25555555556
2180 0.95555555556 0.25555555556
2181 0.96666666667 0.25555555556
2182 0.97777777778 0.25555555556
2183 0.98888888889 0.25555555556
2184 1.00000000000 0.25555555556
2185 0.00000000000 0.26666666667
2186 0.01111111111 0.26666666667
2187 0.02222222222 0.26666666667
2188 0.03333333333 0.26666666667
2189 0.04444444444 0.26666666667
2190 0.05555555556 0.26666666667
2191 0.06666666667 0.26666666667
2192 0.07777777778 0.26666666667
2193 0.08888888889 0.26666666667
2194 0.10000000000 0.26666666667
2195 0.11111111111 0.26666666667
2196 0.12222222222 0.26666666667
2197 0.13333333333 0.26666666667
2198 0.14444444444 0.26666666667
2199 0.15555555556 0.26666666667
2200 0.16666666667 0.26666666667
2201 0.17777777778 0.26666666667
2202 0.18888888889 0.26666666667
2203 0.20000000000 0.26666666667
2204 0.21111111111 0.26666666667
2205 0.22222222222 0.26666666667
2206 0.23333333333 0.26666666667
2207 0.24444444444 0.26666666667
2208 0.25555555556 0.26666666667
2209 0.26666666667 0.26666666667
2210 0.27777777778 0.26666666667
2211 0.28888888889 0.26666666667
2212 0.30000000000 0.26666666667
2213 0.31111111111 0.26666666667
2214 0.32222222222 0.26666666667
2215 0.33333333333 0.26666666667
2216 0.34444444444 0.26666666667
2217 0.35555555556 0.26666666667
2218 0.36666666667 0.26666666667
2219 0.37777777778 0.26666666667
2220 0.38888888889 0.26666666667
2221 0.40000000000 0.26666666667
2222 0.41111111111 0.26666666667
2223 0.42222222222 0.26666666667
2224 0.43333333333 0.26666666667
2225 0.44444444444 0.26666666667
2226 0.45555555556 0.26666666667
2227 0.46666666667 0.26666666667
2228 0.47777777778 0.26666666667
2229 0.48888888889 0.26666666667
2230 0.50000000000 0.26666666667
2231 0.51111111111 0.26666666667
2232 0.52222222222 0.26666666667
2233 0.53333333333 0.26666666667
2234 0.54444444444 0.26666666667
2235 0.55555555556 0.26666666667
2236 0.56666666667 0.26666666667
2237 0.57777777778 0.26666666667
2238 0.58888888889 0.26666666667
2239 0.60000000000 0.26666666667
2240 0.61111111111 0.26666666667
2241 0.62222222222 0.26666666667
2242 0.63333333333 0.26666666667
2243 0.64444444444 0.26666666667
2244 0.65555555556 0.26666666667
2245 0.66666666667 0.26666666667
2246 0.67777777778 0.26666666667
2247 0.68888888889 0.26666666667
2248 0.70000000000 0.26666666667
2249 0.71111111111 0.26666666667
2250 0.72222222222 0.26666666667
2251 0.73333333333 0.26666666667
2252 0.74444444444 0.26666666667
2253 0.75555555556 0.26666666667
2254 0.76666666667 0.26666666667
2255 0.77777777778 0.26666666667
2256 0.78888888889 0.26666666667
2257 0.80000000000 0.26666666667
2258 0.81111111111 0.26666666667
2259 0.82222222222 0.26666666667
2260 0.83333333333 0.26666666667
2261 0.84444444444 0.26666666667
2262 0.85555555556 0.26666666667
2263 0.86666666667 0.26666666667
2264 0.87777777778 0.26666666667
2265 0.88888888889 0.26666666667
2266 0.90000000000 0.26666666667
2267 0.91111111111 0.26666666667
2268 0.92222222222 0.26666666667
2269 0.93333333333 0.26666666667
2270 0.94444444444 0.26666666667
2271 0.95555555556 0.26666666667
2272 0.96666666667 0.26666666667
2273 0.97777777778 0.26666666667
2274 0.98888888889 0.26666666667
2275 1.00000000000 0.26666666667
2276 0.00000000000 0.27777777778
2277 0.01111111111 0.27777777778
2278 0.02222222222 0.27777777778
2279 0.03333333333 0.27777777778
2280 0.04444444444 0.27777777778
2281 0.05555555556 0.27777777778
2282 0.06666666667 0.27777777778
2283 0.07777777778 0.27777777778
2284 0.08888888889 0.27777777778
2285 0.10000000000 0.27777777778
2286 0.11111111111 0.27777777778
2287 0.12222222222 0.27777777778
2288 0.13333333333 0.27777777778
2289 0.14444444444 0.27777777778
2290 0.15555555556 0.27777777778
2291 0.16666666667 0.27777777778
2292 0.17777777778 0.27777777778
2293 0.18888888889 0.27777777778
2294 0.20000000000 0.27777777778
2295 0.21111111111 0.27777777778
2296 0.22222222222 0.27777777778
2297 0.23333333333 0.27777777778
2298 0.24444444444 0.27777777778
2299 0.25555555556 0.27777777778
2300 0.26666666667 0.27777777778
2301 0.27777777778 0.27777777778
2302 0.28888888889 0.27777777778
2303 0.30000000000 0.27777777778
2304 0.31111111111 0.27777777778
2305 0.32222222222 0.27777777778
2306 0.33333333333 0.27777777778
2307 0.34444444444 0.27777777778
2308 0.35555555556 0.27777777778
2309 0.36666666667 0.27777777778
2310 0.37777777778 0.27777777778
2311 0.38888888889 0.27777777778
2312 0.40000000000 0.27777777778
2313 0.41111111111 0.27777777778
2314 0.42222222222 0.27777777778
2315 0.43333333333 0.27777777778
2316 0.44444444444 0.27777777778
2317 0.45555555556 0.27777777778
2318 0.46666666667 0.27777777778
2319 0.47777777778 0.27777777778
2320 0.48888888889 0.27777777778
2321 0.50000000000 0.27777777778
2322 0.51111111111 0.27777777778
2323 0.52222222222 0.27777777778
2324 0.53333333333 0.27777777778
2325 0.54444444444 0.27777777778
2326 0.55555555556 0.27777777778
2327 0.56666666667 0.27777777778
2328 0.57777777778 0.27777777778
2329 0.58888888889 0.27777777778
2330 0.60000000000 0.27777777778
2331 0.61111111111 0.27777777778
2332 0.62222222222 0.27777777778
2333 0.63333333333 0.27777777778
2334 0.64444444444 0.27777777778
2335 0.65555555556 0.27777777778
2336 0.66666666667 0.27777777778
2337 0.67777777778 0.27777777778
2338 0.68888888889 0.27777777778
2339 0.70000000000 0.27777777778
2340 0.71111111111 0.27777777778
2341 0.72222222222 0.27777777778
2342 0.73333333333 0.27777777778
2343 0.74444444444 0.27777777778
2344 0.75555555556 0.27777777778
2345 0.76666666667 0.27777777778
2346 0.77777777778 0.27777777778
2347 0.78888888889 0.27777777778
2348 0.80000000000 0.27777777778
2349 0.81111111111 0.27777777778
2350 0.82222222222 0.27777777778
2351 0.83333333333 0.27777777778
2352 0.84444444444 0.27777777778
2353 0.85555555556 0.27777777778
2354 0.86666666667 0.27777777778
2355 0.87777777778 0.27777777778
2356 0.88888888889 0.27777777778
2357 0.90000000000 0.27777777778
2358 0.91111111111 0.27777777778
2359 0.92222222222 0.27777777778
2360 0.93333333333 0.27777777778
2361 0.94444444444 0.27777777778
2362 0.95555555556 0.27777777778
2363 0.96666666667 0.27777777778
2364 0.97777777778 0.27777777778
2365 0.98888888889 0.27777777778
2366 1.00000000000 0.27777777778
2367 0.00000000000 0.28888888889
2368 0.01111111111 0.28888888889
2369 0.02222222222 0.28888888889
2370 0.03333333333 0.28888888889
2371 0.04444444444 0.28888888889
2372 0.05555555556 0.28888888889
2373 0.06666666667 0.28888888889
2374 0.07777777778 0.28888888889
2375 0.08888888889 0.28888888889
2376 0.10000000000 0.28888888889
2377 0.11111111111 0.28888888889
2378 0.12222222222 0.28888888889
2379 0.13333333333 0.28888888889
2380 0.14444444444 0.28888888889
2381 0.15555555556 0.28888888889
2382 0.16666666667 0.28888888889
2383 0.17777777778 0.28888888889
2384 0.18888888889 0.28888888889
2385 0.20000000000 0.28888888889
2386 0.21111111111 0.28888888889
2387 0.22222222222 0.28888888889
2388 0.23333333333 0.28888888889
2389 0.24444444444 0.28888888889
2390 0.25555555556 0.28888888889
2391 0.26666666667 0.28888888889
2392 0.27777777778 0.28888888889
2393 0.28888888889 0.28888888889
2394 0.30000000000 0.28888888889
2395 0.31111111111 0.28888888889
2396 0.32222222222 0.28888888889
2397 0.33333333333 0.28888888889
2398 0.34444444444 0.28888888889
2399 0.35555555556 0.28888888889
2400 0.36666666667 0.28888888889
2401 0.37777777778 0.28888888889
2402 0.38888888889 0.28888888889
2403 0.40000000000 0.28888888889
2404 0.41111111111 0.28888888889
2405 0.42222222222 0.28888888889
2406 0.43333333333 0.28888888889
2407 0.44444444444 0.28888888889
2408 0.45555555556 0.28888888889
2409 0.46666666667 0.28888888889
2410 0.47777777778 0.28888888889
2411 0.48888888889 0.28888888889
2412 0.50000000000 0.28888888889
2413 0.51111111111 0.28888888889
2414 0.52222222222 0.28888888889
2415 0.53333333333 0.28888888889
2416 0.54444444444 0.28888888889
2417 0.55555555556 0.28888888889
2418 0.56666666667 0.28888888889
2419 0.57777777778 0.28888888889
2420 0.58888888889 0.28888888889
2421 0.60000000000 0.28888888889
2422 0.61111111111 0.28888888889
2423 0.62222222222 0.28888888889
2424 0.63333333333 0.28888888889
2425 0.64444444444 0.28888888889
2426 0.65555555556 0.28888888889
2427 0.66666666667 0.28888888889
2428 0.67777777778 0.28888888889
2429 0.68888888889 0.28888888889
2430 0.70000000000 0.28888888889
2431 0.71111111111 0.28888888889
2432 0.72222222222 0.28888888889
2433 0.73333333333 0.28888888889
2434 0.74444444444 0.28888888889
2435 0.75555555556 0.28888888889
2436 0.76666666667 0.28888888889
2437 0.77777777778 0.28888888889
2438 0.78888888889 0.28888888889
2439 0.80000000000 0.28888888889
2440 0.81111111111 0.28888888889
2441 0.82222222222 0.28888888889
2442 0.83333333333 0.28888888889
2443 0.84444444444 0.28888888889
2444 0.85555555556 0.28888888889
2445 0.86666666667 0.28888888889
2446 0.87777777778 0.28888888889
2447 0.88888888889 0.28888888889
2448 0.90000000000 0.28888888889
2449 0.91111111111 0.28888888889
2450 0.92222222222 0.28888888889
2451 0.93333333333 0.28888888889
2452 0.94444444444 0.28888888889
2453 0.95555555556 0.28888888889
2454 0.96666666667 0.28888888889
2455 0.97777777778 0.28888888889
2456 0.98888888889 0.28888888889
2457 1.00000000000 0.28888888889
2458 0.00000000000 0.30000000000
2459 0.01111111111 0.30000000000
2460 0.02222222222 0.30000000000
2461 0.03333333333 0.30000000000
2462 0.04444444444 0.30000000000
2463 0.05555555556 0.30000000000
2464 0.06666666667 0.30000000000
2465 0.07777777778 0.30000000000
2466 0.08888888889 0.30000000000
2467 0.10000000000 0.30000000000
2468 0.11111111111 0.30000000000
2469 0.12222222222 0.30000000000
2470 0.13333333333 0.30000000000
2471 0.14444444444 0.30000000000
2472 0.15555555556 0.30000000000
2473 0.16666666667 0.30000000000
2474 0.17777777778 0.30000000000
2475 0.18888888889 0.30000000000
2476 0.20000000000 0.30000000000
2477 0.21111111111 0.30000000000
2478 0.22222222222 0.30000000000
2479 0.23333333333 0.30000000000
2480 0.24444444444 0.30000000000
2481 0.25555555556 0.30000000000
2482 0.26666666667 0.30000000000
2483 0.27777777778 0.30000000000
2484 0.28888888889 0.30000000000
2485 0.30000000000 0.30000000000
2486 0.31111111111 0.30000000000
2487 0.32222222222 0.30000000000
2488 0.33333333333 0.30000000000
2489 0.34444444444 0.30000000000
2490 0.35555555556 0.30000000000
2491 0.36666666667 0.30000000000
2492 0.37777777778 0.30000000000
2493 0.38888888889 0.30000000000
2494 0.40000000000 0.30000000000
2495 0.41111111111 0.30000000000
2496 0.42222222222 0.30000000000
2497 0.43333333333 0.30000000000
2498 0.44444444444 0.30000000000
2499 0.45555555556 0.30000000000
2500 0.46666666667 0.30000000000
2501 0.47777777778 0.30000000000
2502 0.48888888889 0.30000000000
2503 0.50000000000 0.30000000000
2504 0.51111111111 0.30000000000
2505 0.52222222222 0.30000000000
2506 0.53333333333 0.30000000000
2507 0.54444444444 0.30000000000
2508 0.55555555556 0.30000000000
2509 0.56666666667 0.30000000000
2510 0.57777777778 0.30000000000
2511 0.58888888889 0.30000000000
2512 0.60000000000 0.30000000000
2513 0.61111111111 0.30000000000
2514 0.62222222222 0.30000000000
2515 0.63333333333 0.30000000000
2516 0.64444444444 0.30000000000
2517 0.65555555556 0.30000000000
2518 0.66666666667 0.30000000000
2519 0.67777777778 0.30000000000
2520 0.68888888889 0.30000000000
2521 0.70000000000 0.30000000000
2522 0.71111111111 0.30000000000
2523 0.72222222222 0.30000000000
2524 0.73333333333 0.30000000000
2525 0.74444444444 0.30000000000
2526 0.75555555556 0.30000000000
2527 0.76666666667 0.30000000000
2528 0.77777777778 0.30000000000
2529 0.78888888889 0.30000000000
2530 0.80000000000 0.30000000000
2531 0.81111111111 0.30000000000
2532 0.82222222222 0.30000000000
2533 0.83333333333 0.30000000000
2534 0.84444444444 0.30000000000
2535 0.85555555556 0.30000000000
2536 0.86666666667 0.30000000000
2537 0.87777777778 0.30000000000
2538 0.88888888889 0.30000000000
2539 0.90000000000 0.30000000000
2540 0.91111111111 0.30000000000
2541 0.92222222222 0.30000000000
2542 0.93333333333 0.30000000000
2543 0.94444444444 0.30000000000
2544 0.95555555556 0.30000000000
2545 0.96666666667 0.30000000000
2546 0.97777777778 0.30000000000
2547 0.98888888889 0.30000000000
2548 1.00000000000 0.30000000000
2549 0.00000000000 0.31111111111
2550 0.01111111111 0.31111111111
2551 0.02222222222 0.31111111111
2552 0.03333333333 0.31111111111
2553 0.04444444444 0.31111111111
2554 0.05555555556 0.31111111111
2555 0.06666666667 0.31111111111
2556 0.07777777778 0.31111111111
2557 0.08888888889 0.31111111111
2558 0.10000000000 0.31111111111
2559 0.11111111111 0.31111111111
2560 0.12222222222 0.31111111111
2561 0.13333333333 0.31111111111
2562 0.14444444444 0.31111111111
2563 0.15555555556 0.31111111111
2564 0.16666666667 0.31111111111
2565 0.17777777778 0.31111111111
2566 0.18888888889 0.31111111111
2567 0.20000000000 0.31111111111
2568 0.21111111111 0.31111111111
2569 0.22222222222 0.31111111111
2570 0.23333333333 0.31111111111
2571 0.24444444444 0.31111111111
2572 0.25555555556 0.31111111111
2573 0.26666666667 0.31111111111
2574 0.27777777778 0.31111111111
2575 0.28888888889 0.31111111111
2576 0.30000000000 0.31111111111
2577 0.31111111111 0.31111111111
2578 0.32222222222 0.31111111111
2579 0.33333333333 0.31111111111
2580 0.34444444444 0.31111111111
2581 0.35555555556 0.31111111111
2582 0.36666666667 0.31111111111
2583 0.37777777778 0.31111111111
2584 0.38888888889 0.31111111111
2585 0.40000000000 0.31111111111
2586 0.41111111111 0.31111111111
2587 0.42222222222 0.31111111111
2588 0.43333333333 0.31111111111
2589 0.44444444444 0.31111111111
2590 0.45555555556 0.31111111111
2591 0.46666666667 0.31111111111
2592 0.47777777778 0.31111111111
2593 0.48888888889 0.31111111111
2594 0.50000000000 0.31111111111
2595 0.51111111111 0.31111111111
2596 0.52222222222 0.31111111111
2597 0.53333333333 0.31111111111
2598 0.54444444444 0.31111111111
2599 0.55555555556 0.31111111111
2600 0.56666666667 0.31111111111
2601 0.57777777778 0.31111111111
2602 0.58888888889 0.31111111111
2603 0.60000000000 0.31111111111
2604 0.61111111111 0.31111111111
2605 0.62222222222 0.31111111111
2606 0.63333333333 0.31111111111
2607 0.64444444444 0.31111111111
2608 0.65555555556 0.31111111111
2609 0.66666666667 0.31111111111
2610 0.67777777778 0.31111111111
2611 0.68888888889 0.31111111111
2612 0.70000000000 0.31111111111
2613 0.71111111111 0.31111111111
2614 0.72222222222 0.31111111111
2615 0.73333333333 0.31111111111
2616 0.74444444444 0.31111111111
2617 0.75555555556 0.31111111111
2618 0.76666666667 0.31111111111
2619 0.77777777778 0.31111111111
2620 0.78888888889 0.31111111111
2621 0.80000000000 0.31111111111
2622 0.81111111111 0.31111111111
2623 0.82222222222 0.31111111111
2624 0.83333333333 0.31111111111
2625 0.84444444444 0.31111111111
2626 0.85555555556 0.31111111111
2627 0.86666666667 0.31111111111
2628 0.87777777778 0.31111111111
2629 0.88888888889 0.31111111111
2630 0.90000000000 0.31111111111
2631 0.91111111111 0.31111111111
2632 0.92222222222 0.31111111111
2633 0.93333333333 0.31111111111
2634 0.94444444444 0.31111111111
2635 0.95555555556 0.31111111111
2636 0.96666666667 0.31111111111
2637 0.97777777778 0.31111111111
2638 0.98888888889 0.31111111111
2639 1.00000000000 0.31111111111
2640 0.00000000000 0.32222222222
2641 0.01111111111 0.32222222222
2642 0.02222222222 0.32222222222
2643 0.03333333333 0.32222222222
2644 0.04444444444 0.32222222222
2645 0.05555555556 0.32222222222
2646 0.06666666667 0.32222222222
2647 0.07777777778 0.32222222222
2648 0.08888888889 0.32222222222
2649 0.10000000000 0.32222222222
2650 0.11111111111 0.32222222222
2651 0.12222222222 0.32222222222
2652 0.13333333333 0.32222222222
2653 0.14444444444 0.32222222222
2654 0.15555555556 0.32222222222
2655 0.16666666667 0.32222222222
2656 0.17777777778 0.32222222222
2657 0.18888888889 0.32222222222
2658 0.20000000000 0.32222222222
2659 0.21111111111 0.32222222222
2660 0.22222222222 0.32222222222
2661 0.23333333333 0.32222222222
2662 0.24444444444 0.32222222222
2663 0.25555555556 0.32222222222
2664 0.26666666667 0.32222222222
2665 0.27777777778 0.32222222222
2666 0.28888888889 0.32222222222
2667 0.30000000000 0.32222222222
2668 0.31111111111 0.32222222222
2669 0.32222222222 0.32222222222
2670 0.33333333333 0.32222222222
2671 0.34444444444 0.32222222222
2672 0.35555555556 0.32222222222
2673 0.36666666667 0.32222222222
2674 0.37777777778 0.32222222222
2675 0.38888888889 0.32222222222
2676 0.40000000000 0.32222222222
2677 0.41111111111 0.32222222222
2678 0.42222222222 0.32222222222
2679 0.43333333333 0.32222222222
2680 0.44444444444 0.32222222222
2681 0.45555555556 0.32222222222
2682 0.46666666667 0.32222222222
2683 0.47777777778 0.32222222222
2684 0.48888888889 0.32222222222
2685 0.50000000000 0.32222222222
2686 0.51111111111 0.32222222222
2687 0.52222222222 0.32222222222
2688 0.53333333333 0.32222222222
2689 0.54444444444 0.32222222222
2690 0.55555555556 0.32222222222
2691 0.56666666667 0.32222222222
2692 0.57777777778 0.32222222222
2693 0.58888888889 0.32222222222
2694 0.60000000000 0.32222222222
2695 0.61111111111 0.32222222222
2696 0.62222222222 0.32222222222
2697 0.63333333333 0.32222222222
2698 0.64444444444 0.32222222222
2699 0.65555555556 0.32222222222
2700 0.66666666667 0.32222222222
2701 0.67777777778 0.32222222222
2702 0.68888888889 0.32222222222
2703 0.70000000000 0.32222222222
2704 0.71111111111 0.32222222222
2705 0.72222222222 0.32222222222
2706 0.73333333333 0.32222222222
2707 0.74444444444 0.32222222222
2708 0.75555555556 0.32222222222
2709 0.76666666667 0.32222222222
2710 0.77777777778 0.32222222222
2711 0.78888888889 0.32222222222
2712 0.80000000000 0.32222222222
2713 0.81111111111 0.32222222222
2714 0.82222222222 0.32222222222
2715 0.83333333333 0.32222222222
2716 0.84444444444 0.32222222222
2717 0.85555555556 0.32222222222
2718 0.86666666667 0.32222222222
2719 0.87777777778 0.32222222222
2720 0.88888888889 0.32222222222
2721 0.90000000000 0.32222222222
2722 0.91111111111 0.32222222222
2723 0.92222222222 0.32222222222
2724 0.93333333333 0.32222222222
2725 0.94444444444 0.32222222222
2726 0.95555555556 0.32222222222
2727 0.96666666667 0.32222222222
2728 0.97777777778 0.32222222222
2729 0.98888888889 0.32222222222
2730 1.00000000000 0.32222222222
2731 0.00000000000 0.33333333333
2732 0.01111111111 0.33333333333
2733 0.02222222222 0.33333333333
2734 0.03333333333 0.33333333333
2735 0.04444444444 0.33333333333
2736 0.05555555556 0.33333333333
2737 0.06666666667 0.33333333333
2738 0.07777777778 0.33333333333
2739 0.08888888889 0.33333333333
2740 0.10000000000 0.33333333333
2741 0.11111111111 0.33333333333
2742 0.12222222222 0.33333333333
2743 0.13333333333 0.33333333333
2744 0.14444444444 0.33333333333
2745 0.15555555556 0.33333333333
2746 0.16666666667 0.33333333333
2747 0.17777777778 0.33333333333
2748 0.18888888889 0.33333333333
2749 0.20000000000 0.33333333333
2750 0.21111111111 0.33333333333
2751 0.22222222222 0.33333333333
2752 0.23333333333 0.33333333333
2753 0.24444444444 0.33333333333
2754 0.25555555556 0.33333333333
2755 0.26666666667 0.33333333333
2756 0.27777777778 0.33333333333
2757 0.28888888889 0.33333333333
2758 0.30000000000 0.33333333333
2759 0.31111111111 0.33333333333
2760 0.32222222222 0.33333333333
2761 0.33333333333 0.33333333333
2762 0.34444444444 0.33333333333
2763 0.35555555556 0.33333333333
2764 0.36666666667 0.33333333333
2765 0.37777777778 0.33333333333
2766 0.38888888889 0.33333333333
2767 0.40000000000 0.33333333333
2768 0.41111111111 0.33333333333
2769 0.42222222222 0.33333333333
2770 0.43333333333 0.33333333333
2771 0.44444444444 0.33333333333
2772 0.45555555556 0.33333333333
2773 0.46666666667 0.33333333333
2774 0.47777777778 0.33333333333
2775 0.48888888889 0.33333333333
2776 0.50000000000 0.33333333333
2777 0.51111111111 0.33333333333
2778 0.52222222222 0.33333333333
2779 0.53333333333 0.33333333333
2780 0.54444444444 0.33333333333
2781 0.55555555556 0.33333333333
2782 0.56666666667 0.33333333333
2783 0.57777777778 0.33333333333
2784 0.58888888889 0.33333333333
2785 0.60000000000 0.33333333333
2786 0.61111111111 0.33333333333
2787 0.62222222222 0.33333333333
2788 0.63333333333 0.33333333333
2789 0.64444444444 0.33333333333
2790 0.65555555556 0.33333333333
2791 0.66666666667 0.33333333333
2792 0.67777777778 0.33333333333
2793 0.68888888889 0.33333333333
2794 0.70000000000 0.33333333333
2795 0.71111111111 0.33333333333
2796 0.72222222222 0.33333333333
2797 0.73333333333 0.33333333333
2798 0.74444444444 0.33333333333
2799 0.75555555556 0.33333333333
2800 0.76666666667 0.33333333333
2801 0.77777777778 0.33333333333
2802 0.78888888889 0.33333333333
2803 0.80000000000 0.33333333333
2804 0.81111111111 0.33333333333
2805 0.82222222222 0.33333333333
2806 0.83333333333 0.33333333333
2807 0.84444444444 0.33333333333
2808 0.85555555556 0.33333333333
2809 0.86666666667 0.33333333333
2810 0.87777777778 0.33333333333
2811 0.88888888889 0.33333333333
2812 0.90000000000 0.33333333333
2813 0.91111111111 0.33333333333
2814 0.92222222222 0.33333333333
2815 0.93333333333 0.33333333333
2816 0.94444444444 0.33333333333
2817 0.95555555556 0.33333333333
2818 0.96666666667 0.33333333333
2819 0.97777777778 0.33333333333
2820 0.98888888889 0.33333333333
2821 1.00000000000 0.33333333333
2822 0.00000000000 0.34444444444
2823 0.01111111111 0.34444444444
2824 0.02222222222 0.34444444444
2825 0.03333333333 0.34444444444
2826 0.04444444444 0.34444444444
2827 0.05555555556 0.34444444444
2828 0.06666666667 0.34444444444
2829 0.07777777778 0.34444444444
2830 0.08888888889 0.34444444444
2831 0.10000000000 0.34444444444
2832 0.11111111111 0.34444444444
2833 0.12222222222 0.34444444444
2834 0.13333333333 0.34444444444
2835 0.14444444444 0.34444444444
2836 0.15555555556 0.34444444444
2837 0.16666666667 0.34444444444
2838 0.17777777778 0.34444444444
2839 0.18888888889 0.34444444444
2840 0.20000000000 0.34444444444
2841 0.21111111111 0.34444444444
2842 0.22222222222 0.34444444444
2843 0.23333333333 0.34444444444
2844 0.24444444444 0.34444444444
2845 0.25555555556 0.34444444444
2846 0.26666666667 0.34444444444
2847 0.27777777778 0.34444444444
2848 0.28888888889 0.34444444444
2849 0.30000000000 0.34444444444
2850 0.31111111111 0.34444444444
2851 0.32222222222 0.34444444444
2852 0.33333333333 0.34444444444
2853 0.34444444444 0.34444444444
2854 0.35555555556 0.34444444444
2855 0.36666666667 0.34444444444
2856 0.37777777778 0.34444444444
2857 0.38888888889 0.34444444444
2858 0.40000000000 0.34444444444
2859 0.41111111111 0.34444444444
2860 0.42222222222 0.34444444444
2861 0.43333333333 0.34444444444
2862 0.44444444444 0.34444444444
2863 0.45555555556 0.34444444444
2864 0.46666666667 0.34444444444
2865 0.47777777778 0.34444444444
2866 0.48888888889 0.34444444444
2867 0.50000000000 0.34444444444
2868 0.51111111111 0.34444444444
2869 0.52222222222 0.34444444444
2870 0.53333333333 0.34444444444
2871 0.54444444444 0.34444444444
2872 0.55555555556 0.34444444444
2873 0.56666666667 0.34444444444
2874 0.57777777778 0.34444444444
2875 0.58888888889 0.34444444444
2876 0.60000000000 0.34444444444
2877 0.61111111111 0.34444444444
2878 0.62222222222 0.34444444444
2879 0.63333333333 0.34444444444
2880 0.64444444444 0.34444444444
2881 0.65555555556 0.34444444444
2882 0.66666666667 0.34444444444
2883 0.67777777778 0.34444444444
2884 0.68888888889 0.34444444444
2885 0.70000000000 0.34444444444
2886 0.71111111111 0.34444444444
2887 0.72222222222 0.34444444444
2888 0.73333333333 0.34444444444
2889 0.74444444444 0.34444444444
2890 0.75555555556 0.34444444444
2891 0.76666666667 0.34444444444
2892 0.77777777778 0.34444444444
2893 0.78888888889 0.34444444444
2894 0.80000000000 0.34444444444
2895 0.81111111111 0.34444444444
2896 0.82222222222 0.34444444444
2897 0.83333333333 0.34444444444
2898 0.84444444444 0.34444444444
2899 0.85555555556 0.34444444444
2900 0.86666666667 0.34444444444
2901 0.87777777778 0.34444444444
2902 0.88888888889 0.34444444444
2903 0.90000000000 0.34444444444
2904 0.91111111111 0.34444444444
2905 0.92222222222 0.34444444444
2906 0.93333333333 0.34444444444
2907 0.94444444444 0.34444444444
2908 0.95555555556 0.34444444444
2909 0.96666666667 0.34444444444
2910 0.97777777778 0.34444444444
2911 0.98888888889 0.34444444444
2912 1.00000000000 0.34444444444
2913 0.00000000000 0.35555555556
2914 0.01111111111 0.35555555556
2915 0.02222222222 0.35555555556
2916 0.03333333333 0.35555555556
2917 0.04444444444 0.35555555556
2918 0.05555555556 0.35555555556
2919 0.06666666667 0.35555555556
2920 0.07777777778 0.35555555556
2921 0.08888888889 0.35555555556
2922 0.10000000000 0.35555555556
2923 0.11111111111 0.35555555556
2924 0.12222222222 0.35555555556
2925 0.13333333333 0.35555555556
2926 0.14444444444 0.35555555556
2927 0.15555555556 0.35555555556
2928 0.16666666667 0.35555555556
2929 0.17777777778 0.35555555556
2930 0.18888888889 0.35555555556
2931 0.20000000000 0.35555555556
2932 0.21111111111 0.35555555556
2933 0.22222222222 0.35555555556
2934 0.23333333333 0.35555555556
2935 0.24444444444 0.35555555556
2936 0.25555555556 0.35555555556
2937 0.26666666667 0.35555555556
2938 0.27777777778 0.35555555556
2939 0.28888888889 0.35555555556
2940 0.30000000000 0.35555555556
2941 0.31111111111 0.35555555556
2942 0.32222222222 0.35555555556
2943 0.33333333333 0.35555555556
2944 0.34444444444 0.35555555556
2945 0.35555555556 0.35555555556
2946 0.36666666667 0.35555555556
2947 0.37777777778 0.35555555556
2948 0.38888888889 0.35555555556
2949 0.40000000000 0.35555555556
2950 0.41111111111 0.35555555556
2951 0.42222222222 0.35555555556
2952 0.43333333333 0.35555555556
2953 0.44444444444 0.35555555556
2954 0.45555555556 0.35555555556
2955 0.46666666667 0.35555555556
2956 0.47777777778 0.35555555556
2957 0.48888888889 0.35555555556
2958 0.50000000000 0.35555555556
2959 0.51111111111 0.35555555556
2960 0.52222222222 0.35555555556
2961 0.53333333333 0.35555555556
2962 0.54444444444 0.35555555556
2963 0.55555555556 0.35555555556
2964 0.56666666667 0.35555555556
2965 0.57777777778 0.35555555556
2966 0.58888888889 0.35555555556
2967 0.60000000000 0.35555555556
2968 0.61111111111 0.35555555556
2969 0.62222222222 0.35555555556
2970 0.63333333333 0.35555555556
2971 0.64444444444 0.35555555556
2972 0.65555555556 0.35555555556
2973 0.66666666667 0.35555555556
2974 0.67777777778 0.35555555556
2975 0.68888888889 0.35555555556
2976 0.70000000000 0.35555555556
2977 0.71111111111 0.35555555556
2978 0.72222222222 0.35555555556
2979 0.73333333333 0.35555555556
2980 0.74444444444 0.35555555556
2981 0.75555555556 0.35555555556
2982 0.76666666667 0.35555555556
2983 0.77777777778 0.35555555556
2984 0.78888888889 0.35555555556
2985 0.80000000000 0.35555555556
2986 0.81111111111 0.35555555556
2987 0.82222222222 0.35555555556
2988 0.83333333333 0.35555555556
2989 0.84444444444 0.35555555556
2990 0.85555555556 0.35555555556
2991 0.86666666667 0.35555555556
2992 0.87777777778 0.35555555556
2993 0.88888888889 0.35555555556
2994 0.90000000000 0.35555555556
2995 0.91111111111 0.35555555556
2996 0.92222222222 0.35555555556
2997 0.93333333333 0.35555555556
2998 0.94444444444 0.35555555556
2999 0.95555555556 0.35555555556
3000 0.96666666667 0.35555555556
3001 0.97777777778 0.35555555556
3002 0.98888888889 0.35555555556
3003 1.00000000000 0.35555555556
3004 0.00000000000 0.36666666667
3005 0.01111111111 0.36666666667
3006 0.02222222222 0.36666666667
3007 0.03333333333 0.36666666667
3008 0.04444444444 0.36666666667
3009 0.05555555556 0.36666666667
3010 0.06666666667 0.36666666667
3011 0.07777777778 0.36666666667
3012 0.08888888889 0.36666666667
3013 0.10000000000 0.36666666667
3014 0.11111111111 0.36666666667
3015 0.12222222222 0.36666666667
3016 0.13333333333 0.36666666667
3017 0.14444444444 0.36666666667
3018 0.15555555556 0.36666666667
3019 0.16666666667 0.36666666667
3020 0.17777777778 0.36666666667
3021 0.18888888889 0.36666666667
3022 0.20000000000 0.36666666667
3023 0.21111111111 0.36666666667
3024 0.22222222222 0.36666666667
3025 0.23333333333 0.36666666667
3026 0.24444444444 0.36666666667
3027 0.25555555556 0.36666666667
3028 0.26666666667 0.36666666667
3029 0.27777777778 0.36666666667
3030 0.28888888889 0.36666666667
3031 0.30000000000 0.36666666667
3032 0.31111111111 0.36666666667
3033 0.32222222222 0.36666666667
3034 0.33333333333 0.36666666667
3035 0.34444444444 0.36666666667
3036 0.35555555556 0.36666666667
3037 0.36666666667 0.36666666667
3038 0.37777777778 0.36666666667
3039 0.38888888889 0.36666666667
3040 0.40000000000 0.36666666667
3041 0.41111111111 0.36666666667
3042 0.42222222222 0.36666666667
3043 0.43333333333 0.36666666667
3044 0.44444444444 0.36666666667
3045 0.45555555556 0.36666666667
3046 0.46666666667 0.36666666667
3047 0.47777777778 0.36666666667
3048 0.48888888889 0.36666666667
3049 0.50000000000 0.36666666667
3050 0.51111111111 0.36666666667
3051 0.52222222222 0.36666666667
3052 0.53333333333 0.36666666667
3053 0.54444444444 0.36666666667
3054 0.55555555556 0.36666666667
3055 0.56666666667 0.36666666667
3056 0.57777777778 0.36666666667
3057 0.58888888889 0.36666666667
3058 0.60000000000 0.36666666667
3059 0.61111111111 0.36666666667
3060 0.62222222222 0.36666666667
3061 0.63333333333 0.36666666667
3062 0.64444444444 0.36666666667
3063 0.65555555556 0.36666666667
3064 0.66666666667 0.36666666667
3065 0.67777777778 0.36666666667
3066 0.68888888889 0.36666666667
3067 0.70000000000 0.36666666667
3068 0.71111111111 0.36666666667
3069 0.72222222222 0.36666666667
3070 0.73333333333 0.36666666667
3071 0.74444444444 0.36666666667
3072 0.75555555556 0.36666666667
3073 0.76666666667 0.36666666667
3074 0.77777777778 0.36666666667
3075 0.78888888889 0.36666666667
3076 0.80000000000 0.36666666667
3077 0.81111111111 0.36666666667
3078 0.82222222222 0.36666666667
3079 0.83333333333 0.36666666667
3080 0.84444444444 0.36666666667
3081 0.85555555556 0.36666666667
3082 0.86666666667 0.36666666667
3083 0.87777777778 0.36666666667
3084 0.88888888889 0.36666666667
3085 0.90000000000 0.36666666667
3086 0.91111111111 0.36666666667
3087 0.92222222222 0.36666666667
3088 0.93333333333 0.36666666667
3089 0.94444444444 0.36666666667
3090 0.95555555556 0.36666666667
3091 0.96666666667 0.36666666667
3092 0.97777777778 0.36666666667
3093 0.98888888889 0.36666666667
3094 1.00000000000 0.36666666667
3095 0.00000000000 0.37777777778
3096 0.01111111111 0.37777777778
3097 0.02222222222 0.37777777778
3098 0.03333333333 0.37777777778
3099 0.04444444444 0.37777777778
3100 0.05555555556 0.37777777778
3101 0.06666666667 0.37777777778
3102 0.07777777778 0.37777777778
3103 0.08888888889 0.37777777778
3104 0.10000000000 0.37777777778
3105 0.11111111111 0.37777777778
3106 0.12222222222 0.37777777778
3107 0.13333333333 0.37777777778
3108 0.14444444444 0.37777777778
3109 0.15555555556 0.37777777778
3110 0.16666666667 0.37777777778
3111 0.17777777778 0.37777777778
3112 0.18888888889 0.37777777778
3113 0.20000000000 0.37777777778
3114 0.21111111111 0.37777777778
3115 0.22222222222 0.37777777778
3116 0.23333333333 0.37777777778
3117 0.24444444444 0.37777777778
3118 0.25555555556 0.37777777778
3119 0.26666666667 0.37777777778
3120 0.27777777778 0.37777777778
3121 0.28888888889 0.37777777778
3122 0.30000000000 0.37777777778
3123 0.31111111111 0.37777777778
3124 0.32222222222 0.37777777778
3125 0.33333333333 0.37777777778
3126 0.34444444444 0.37777777778
3127 0.35555555556 0.37777777778
3128 0.36666666667 0.37777777778
3129 0.37777777778 0.37777777778
3130 0.38888888889 0.37777777778
3131 0.40000000000 0.37777777778
3132 0.41111111111 0.37777777778
3133 0.42222222222 0.37777777778
3134 0.43333333333 0.37777777778
3135 0.44444444444 0.37777777778
3136 0.45555555556 0.37777777778
3137 0.46666666667 0.37777777778
3138 0.47777777778 0.37777777778
3139 0.48888888889 0.37777777778
3140 0.50000000000 0.37777777778
3141 0.51111111111 0.37777777778
3142 0.52222222222 0.37777777778
3143 0.53333333333 0.37777777778
3144 0.54444444444 0.37777777778
3145 0.55555555556 0.37777777778
3146 0.56666666667 0.37777777778
3147 0.57777777778 0.37777777778
3148 0.58888888889 0.37777777778
3149 0.60000000000 0.37777777778
3150 0.61111111111 0.37777777778
3151 0.62222222222 0.37777777778
3152 0.63333333333 0.37777777778
3153 0.64444444444 0.37777777778
3154 0.65555555556 0.37777777778
3155 0.66666666667 0.37777777778
3156 0.67777777778 0.37777777778
3157 0.68888888889 0.37777777778
3158 0.70000000000 0.37777777778
3159 0.71111111111 0.37777777778
3160 0.72222222222 0.37777777778
3161 0.73333333333 0.37777777778
3162 0.74444444444 0.37777777778
3163 0.75555555556 0.37777777778
3164 0.76666666667 0.37777777778
3165 0.77777777778 0.37777777778
3166 0.78888888889 0.37777777778
3167 0.80000000000 0.37777777778
3168 0.81111111111 0.37777777778
3169 0.82222222222 0.37777777778
3170 0.83333333333 0.37777777778
3171 0.84444444444 0.37777777778
3172 0.85555555556 0.37777777778
3173 0.86666666667 0.37777777778
3174 0.87777777778 0.37777777778
3175 0.88888888889 0.37777777778
3176 0.90000000000 0.37777777778
3177 0.91111111111 0.37777777778
3178 0.92222222222 0.37777777778
3179 0.93333333333 0.37777777778
3180 0.94444444444 0.37777777778
3181 0.95555555556 0.37777777778
3182 0.96666666667 0.37777777778
3183 0.97777777778 0.37777777778
3184 0.98888888889 0.37777777778
3185 1.00000000000 0.37777777778
3186 0.00000000000 0.38888888889
3187 0.01111111111 0.38888888889
3188 0.02222222222 0.38888888889
3189 0.03333333333 0.38888888889
3190 0.04444444444 0.38888888889
3191 0.05555555556 0.38888888889
3192 0.06666666667 0.38888888889
3193 0.07777777778 0.38888888889
3194 0.08888888889 0.38888888889
3195 0.10000000000 0.38888888889
3196 0.11111111111 0.38888888889
3197 0.12222222222 0.38888888889
3198 0.13333333333 0.38888888889
3199 0.14444444444 0.38888888889
3200 0.15555555556 0.38888888889
3201 0.16666666667 0.38888888889
3202 0.17777777778 0.38888888889
3203 0.18888888889 0.38888888889
3204 0.20000000000 0.38888888889
3205 0.21111111111 0.38888888889
3206 0.22222222222 0.38888888889
3207 0.23333333333 0.38888888889
3208 0.24444444444 0.38888888889
3209 0.25555555556 0.38888888889
3210 0.26666666667 0.38888888889
3211 0.27777777778 0.38888888889
3212 0.28888888889 0.38888888889
3213 0.30000000000 0.38888888889
3214 0.31111111111 0.38888888889
3215 0.32222222222 0.38888888889
3216 0.33333333333 0.38888888889
3217 0.34444444444 0.38888888889
3218 0.35555555556 0.38888888889
3219 0.36666666667 0.38888888889
3220 0.37777777778 0.38888888889
3221 0.38888888889 0.38888888889
3222 0.40000000000 0.38888888889
3223 0.41111111111 0.38888888889
3224 0.42222222222 0.38888888889
3225 0.43333333333 0.38888888889
3226 0.44444444444 0.38888888889
3227 0.45555555556 0.38888888889
3228 0.46666666667 0.38888888889
3229 0.47777777778 0.38888888889
3230 0.48888888889 0.38888888889
3231 0.50000000000 0.38888888889
3232 0.51111111111 0.38888888889
3233 0.52222222222 0.38888888889
3234 0.53333333333 0.38888888889
3235 0.54444444444 0.38888888889
3236 0.55555555556 0.38888888889
3237 0.56666666667 0.38888888889
3238 0.57777777778 0.38888888889
3239 0.58888888889 0.38888888889
3240 0.60000000000 0.38888888889
3241 0.61111111111 0.38888888889
3242 0.62222222222 0.38888888889
3243 0.63333333333 0.38888888889
3244 0.64444444444 0.38888888889
3245 0.65555555556 0.38888888889
3246 0.66666666667 0.38888888889
3247 0.67777777778 0.38888888889
3248 0.68888888889 0.38888888889
3249 0.70000000000 0.38888888889
3250 0.71111111111 0.38888888889
3251 0.72222222222 0.38888888889
3252 0.73333333333 0.38888888889
3253 0.74444444444 0.38888888889
3254 0.75555555556 0.38888888889
3255 0.76666666667 0.38888888889
3256 0.77777777778 0.38888888889
3257 0.78888888889 0.38888888889
3258 0.80000000000 0.38888888889
3259 0.81111111111 0.38888888889
3260 0.82222222222 0.38888888889
3261 0.83333333333 0.38888888889
3262 0.84444444444 0.38888888889
3263 0.85555555556 0.38888888889
3264 0.86666666667 0.38888888889
3265 0.87777777778 0.38888888889
3266 0.88888888889 0.38888888889
3267 0.90000000000 0.38888888889
3268 0.91111111111 0.38888888889
3269 0.92222222222 0.38888888889
3270 0.93333333333 0.38888888889
3271 0.94444444444 0.38888888889
3272 0.95555555556 0.38888888889
3273 0.96666666667 0.38888888889
3274 0.97777777778 0.38888888889
3275 0.98888888889 0.38888888889
3276 1.00000000000 0.38888888889
3277 0.00000000000 0.40000000000
3278 0.01111111111 0.40000000000
3279 0.02222222222 0.40000000000
3280 0.03333333333 0.40000000000
3281 0.04444444444 0.40000000000
3282 0.05555555556 0.40000000000
3283 0.06666666667 0.40000000000
3284 0.07777777778 0.40000000000
3285 0.08888888889 0.40000000000
3286 0.10000000000 0.40000000000
3287 0.11111111111 0.40000000000
3288 0.12222222222 0.40000000000
3289 0.13333333333 0.40000000000
3290 0.14444444444 0.40000000000
3291 0.15555555556 0.40000000000
3292 0.16666666667 0.40000000000
3293 0.17777777778 0.40000000000
3294 0.18888888889 0.40000000000
3295 0.20000000000 0.40000000000
3296 0.21111111111 0.40000000000
3297 0.22222222222 0.40000000000
3298 0.23333333333 0.40000000000
3299 0.24444444444 0.40000000000
3300 0.25555555556 0.40000000000
3301 0.26666666667 0.40000000000
3302 0.27777777778 0.40000000000
3303 0.28888888889 0.40000000000
3304 0.30000000000 0.40000000000
3305 0.31111111111 0.40000000000
3306 0.32222222222 0.40000000000
3307 0.33333333333 0.40000000000
3308 0.34444444444 0.40000000000
3309 0.35555555556 0.40000000000
3310 0.36666666667 0.40000000000
3311 0.37777777778 0.40000000000
3312 0.38888888889 0.40000000000
3313 0.40000000000 0.40000000000
3314 0.41111111111 0.40000000000
3315 0.42222222222 0.40000000000
3316 0.43333333333 0.40000000000
3317 0.44444444444 0.40000000000
3318 0.45555555556 0.40000000000
3319 0.46666666667 0.40000000000
3320 0.47777777778 0.40000000000
3321 0.48888888889 0.40000000000
3322 0.50000000000 0.40000000000
3323 0.51111111111 0.40000000000
3324 0.52222222222 0.40000000000
3325 0.53333333333 0.40000000000
3326 0.54444444444 0.40000000000
3327 0.55555555556 0.40000000000
3328 0.56666666667 0.40000000000
3329 0.57777777778 0.40000000000
3330 0.58888888889 0.40000000000
3331 0.60000000000 0.40000000000
3332 0.61111111111 0.40000000000
3333 0.62222222222 0.40000000000
3334 0.63333333333 0.40000000000
3335 0.64444444444 0.40000000000
3336 0.65555555556 0.40000000000
3337 0.66666666667 0.40000000000
3338 0.67777777778 0.40000000000
3339 0.68888888889 0.40000000000
3340 0.70000000000 0.40000000000
3341 0.71111111111 0.40000000000
3342 0.72222222222 0.40000000000
3343 0.73333333333 0.40000000000
3344 0.74444444444 0.40000000000
3345 0.75555555556 0.40000000000
3346 0.76666666667 0.40000000000
3347 0.77777777778 0.40000000000
3348 0.78888888889 0.40000000000
3349 0.80000000000 0.40000000000
3350 0.81111111111 0.40000000000
3351 0.82222222222 0.40000000000
3352 0.83333333333 0.40000000000
3353 0.84444444444 0.40000000000
3354 0.85555555556 0.40000000000
3355 0.86666666667 0.40000000000
3356 0.87777777778 0.40000000000
3357 0.88888888889 0.40000000000
3358 0.90000000000 0.40000000000
3359 0.91111111111 0.40000000000
3360 0.92222222222 0.40000000000
3361 0.93333333333 0.40000000000
3362 0.94444444444 0.40000000000
3363 0.95555555556 0.40000000000
3364 0.96666666667 0.40000000000
3365 0.97777777778 0.40000000000
3366 0.98888888889 0.40000000000
3367 1.00000000000 0.40000000000
3368 0.00000000000 0.41111111111
3369 0.01111111111 0.41111111111
3370 0.02222222222 0.41111111111
3371 0.03333333333 0.41111111111
3372 0.04444444444 0.41111111111
3373 0.05555555556 0.41111111111
3374 0.06666666667 0.41111111111
3375 0.07777777778 0.41111111111
3376 0.08888888889 0.41111111111
3377 0.10000000000 0.41111111111
3378 0.11111111111 0.41111111111
3379 0.12222222222 0.41111111111
3380 0.13333333333 0.41111111111
3381 0.14444444444 0.41111111111
3382 0.15555555556 0.41111111111
3383 0.16666666667 0.41111111111
3384 0.17777777778 0.41111111111
3385 0.18888888889 0.41111111111
3386 0.20000000000 0.41111111111
3387 0.21111111111 0.41111111111
3388 0.22222222222 0.41111111111
3389 0.23333333333 0.41111111111
3390 0.24444444444 0.41111111111
3391 0.25555555556 0.41111111111
3392 0.26666666667 0.41111111111
3393 0.27777777778 0.41111111111
3394 0.28888888889 0.41111111111
3395 0.30000000000 0.41111111111
3396 0.31111111111 0.41111111111
3397 0.32222222222 0.41111111111
3398 0.33333333333 0.41111111111
3399 0.34444444444 0.41111111111
3400 0.35555555556 0.41111111111
3401 0.36666666667 0.41111111111
3402 0.37777777778 0.41111111111
3403 0.38888888889 0.41111111111
3404 0.40000000000 0.41111111111
3405 0.41111111111 0.41111111111
3406 0.42222222222 0.41111111111
3407 0.43333333333 0.41111111111
3408 0.44444444444 0.41111111111
3409 0.45555555556 0.41111111111
3410 0.46666666667 0.41111111111
3411 0.47777777778 0.41111111111
3412 0.48888888889 0.41111111111
3413 0.50000000000 0.41111111111
3414 0.51111111111 0.41111111111
3415 0.52222222222 0.41111111111
3416 0.53333333333 0.41111111111
3417 0.54444444444 0.41111111111
3418 0.55555555556 0.41111111111
3419 0.56666666667 0.41111111111
3420 0.57777777778 0.41111111111
3421 0.58888888889 0.41111111111
3422 0.60000000000 0.41111111111
3423 0.61111111111 0.41111111111
3424 0.62222222222 0.41111111111
3425 0.63333333333 0.41111111111
3426 0.64444444444 0.41111111111
3427 0.65555555556 0.41111111111
3428 0.66666666667 0.41111111111
3429 0.67777777778 0.41111111111
3430 0.68888888889 0.41111111111
3431 0.70000000000 0.41111111111
3432 0.71111111111 0.41111111111
3433 0.72222222222 0.41111111111
3434 0.73333333333 0.41111111111
3435 0.74444444444 0.41111111111
3436 0.75555555556 0.41111111111
3437 0.76666666667 0.41111111111
3438 0.77777777778 0.41111111111
3439 0.78888888889 0.41111111111
3440 0.80000000000 0.41111111111
3441 0.81111111111 0.41111111111
3442 0.82222222222 0.41111111111
3443 0.83333333333 0.41111111111
3444 0.84444444444 0.41111111111
3445 0.85555555556 0.41111111111
3446 0.86666666667 0.41111111111
3447 0.87777777778 0.41111111111
3448 0.88888888889 0.41111111111
3449 0.90000000000 0.41111111111
3450 0.91111111111 0.41111111111
3451 0.92222222222 0.41111111111
3452 0.93333333333 0.41111111111
3453 0.94444444444 0.41111111111
3454 0.95555555556 0.41111111111
3455 0.96666666667 0.41111111111
3456 0.97777777778 0.41111111111
3457 0.98888888889 0.41111111111
3458 1.00000000000 0.41111111111
3459 0.00000000000 0.42222222222
3460 0.01111111111 0.42222222222
3461 0.02222222222 0.42222222222
3462 0.03333333333 0.42222222222
3463 0.04444444444 0.42222222222
3464 0.05555555556 0.42222222222
3465 0.06666666667 0.42222222222
3466 0.07777777778 0.42222222222
3467 0.08888888889 0.42222222222
3468 0.10000000000 0.42222222222
3469 0.11111111111 0.42222222222
3470 0.12222222222 0.42222222222
3471 0.13333333333 0.42222222222
3472 0.14444444444 0.42222222222
3473 0.15555555556 0.42222222222
3474 0.16666666667 0.42222222222
3475 0.17777777778 0.42222222222
3476 0.18888888889 0.42222222222
3477 0.20000000000 0.42222222222
3478 0.21111111111 0.42222222222
3479 0.22222222222 0.42222222222
3480 0.23333333333 0.42222222222
3481 0.24444444444 0.42222222222
3482 0.25555555556 0.42222222222
3483 0.26666666667 0.42222222222
3484 0.27777777778 0.42222222222
3485 0.28888888889 0.42222222222
3486 0.30000000000 0.42222222222
3487 0.31111111111 0.42222222222
3488 0.32222222222 0.42222222222
3489 0.33333333333 0.42222222222
3490 0.34444444444 0.42222222222
3491 0.35555555556 0.42222222222
3492 0.36666666667 0.42222222222
3493 0.37777777778 0.42222222222
3494 0.38888888889 0.42222222222
3495 0.40000000000 0.42222222222
3496 0.41111111111 0.42222222222
3497 0.42222222222 0.42222222222
3498 0.43333333333 0.42222222222
3499 0.44444444444 0.42222222222
3500 0.45555555556 0.42222222222
3501 0.46666666667 0.42222222222
3502 0.47777777778 0.42222222222
3503 0.48888888889 0.42222222222
3504 0.50000000000 0.42222222222
3505 0.51111111111 0.42222222222
3506 0.52222222222 0.42222222222
3507 0.53333333333 0.42222222222
3508 0.54444444444 0.42222222222
3509 0.55555555556 0.42222222222
3510 0.56666666667 0.42222222222
3511 0.57777777778 0.42222222222
3512 0.58888888889 0.42222222222
3513 0.60000000000 0.42222222222
3514 0.61111111111 0.42222222222
3515 0.62222222222 0.42222222222
3516 0.63333333333 0.42222222222
3517 0.64444444444 0.42222222222
3518 0.65555555556 0.42222222222
3519 0.66666666667 0.42222222222
3520 0.67777777778 0.42222222222
3521 0.68888888889 0.42222222222
3522 0.70000000000 0.42222222222
3523 0.71111111111 0.42222222222
3524 0.72222222222 0.42222222222
3525 0.73333333333 0.42222222222
3526 0.74444444444 0.42222222222
3527 0.75555555556 0.42222222222
3528 0.76666666667 0.42222222222
3529 0.77777777778 0.42222222222
3530 0.78888888889 0.42222222222
3531 0.80000000000 0.42222222222
3532 0.81111111111 0.42222222222
3533 0.82222222222 0.42222222222
3534 0.83333333333 0.42222222222
3535 0.84444444444 0.42222222222
3536 0.85555555556 0.42222222222
3537 0.86666666667 0.42222222222
3538 0.87777777778 0.42222222222
3539 0.88888888889 0.42222222222
3540 0.90000000000 0.42222222222
3541 0.91111111111 0.42222222222
3542 0.92222222222 0.42222222222
3543 0.93333333333 0.42222222222
3544 0.94444444444 0.42222222222
3545 0.95555555556 0.42222222222
3546 0.96666666667 0.42222222222
3547 0.97777777778 0.42222222222
3548 0.98888888889 0.42222222222
3549 1.00000000000 0.42222222222
3550 0.00000000000 0.43333333333
3551 0.01111111111 0.43333333333
3552 0.02222222222 0.43333333333
3553 0.03333333333 0.43333333333
3554 0.04444444444 0.43333333333
3555 0.05555555556 0.43333333333
3556 0.06666666667 0.43333333333
3557 0.07777777778 0.43333333333
3558 0.08888888889 0.43333333333
3559 0.10000000000 0.43333333333
3560 0.11111111111 0.43333333333
3561 0.12222222222 0.43333333333
3562 0.13333333333 0.43333333333
3563 0.14444444444 0.43333333333
3564 0.15555555556 0.43333333333
3565 0.16666666667 0.43333333333
3566 0.17777777778 0.43333333333
3567 0.18888888889 0.43333333333
3568 0.20000000000 0.43333333333
3569 0.21111111111 0.43333333333
3570 0.22222222222 0.43333333333
3571 0.23333333333 0.43333333333
3572 0.24444444444 0.43333333333
3573 0.25555555556 0.43333333333
3574 0.26666666667 0.43333333333
3575 0.27777777778 0.43333333333
3576 0.28888888889 0.43333333333
3577 0.30000000000 0.43333333333
3578 0.31111111111 0.43333333333
3579 0.32222222222 0.43333333333
3580 0.33333333333 0.43333333333
3581 0.34444444444 0.43333333333
3582 0.35555555556 0.43333333333
3583 0.36666666667 0.43333333333
3584 0.37777777778 0.43333333333
3585 0.38888888889 0.43333333333
3586 0.40000000000 0.43333333333
3587 0.41111111111 0.43333333333
3588 0.42222222222 0.43333333333
3589 0.43333333333 0.43333333333
3590 0.44444444444 0.43333333333
3591 0.45555555556 0.43333333333
3592 0.46666666667 0.43333333333
3593 0.47777777778 0.43333333333
3594 0.48888888889 0.43333333333
3595 0.50000000000 0.43333333333
3596 0.51111111111 0.43333333333
3597 0.52222222222 0.43333333333
3598 0.53333333333 0.43333333333
3599 0.54444444444 0.43333333333
3600 0.55555555556 0.43333333333
3601 0.56666666667 0.43333333333
3602 0.57777777778 0.43333333333
3603 0.58888888889 0.43333333333
3604 0.60000000000 0.43333333333
3605 0.61111111111 0.43333333333
3606 0.62222222222 0.43333333333
3607 0.63333333333 0.43333333333
3608 0.64444444444 0.43333333333
3609 0.65555555556 0.43333333333
3610 0.66666666667 0.43333333333
3611 0.67777777778 0.43333333333
3612 0.68888888889 0.43333333333
3613 0.70000000000 0.43333333333
3614 0.71111111111 0.43333333333
3615 0.72222222222 0.43333333333
3616 0.73333333333 0.43333333333
3617 0.74444444444 0.43333333333
3618 0.75555555556 0.43333333333
3619 0.76666666667 0.43333333333
3620 0.77777777778 0.43333333333
3621 0.78888888889 0.43333333333
3622 0.80000000000 0.43333333333
3623 0.81111111111 0.43333333333
3624 0.82222222222 0.43333333333
3625 0.83333333333 0.43333333333
3626 0.84444444444 0.43333333333
3627 0.85555555556 0.43333333333
3628 0.86666666667 0.43333333333
3629 0.87777777778 0.43333333333
3630 0.88888888889 0.43333333333
3631 0.90000000000 0.43333333333
3632 0.91111111111 0.43333333333
3633 0.92222222222 0.43333333333
3634 0.93333333333 0.43333333333
3635 0.94444444444 0.43333333333
3636 0.95555555556 0.43333333333
3637 0.96666666667 0.43333333333
3638 0.97777777778 0.43333333333
3639 0.98888888889 0.43333333333
3640 1.00000000000 0.43333333333
3641 0.00000000000 0.44444444444
3642 0.01111111111 0.44444444444
3643 0.02222222222 0.44444444444
3644 0.03333333333 0.44444444444
3645 0.04444444444 0.44444444444
3646 0.05555555556 0.44444444444
3647 0.06666666667 0.44444444444
3648 0.07777777778 0.44444444444
3649 0.08888888889 0.44444444444
3650 0.10000000000 0.44444444444
3651 0.11111111111 0.44444444444
3652 0.12222222222 0.44444444444
3653 0.13333333333 0.44444444444
3654 0.14444444444 0.44444444444
3655 0.15555555556 0.44444444444
3656 0.16666666667 0.44444444444
3657 0.17777777778 0.44444444444
3658 0.18888888889 0.44444444444
3659 0.20000000000 0.44444444444
3660 0.21111111111 0.44444444444
3661 0.22222222222 0.44444444444
3662 0.23333333333 0.44444444444
3663 0.24444444444 0.44444444444
3664 0.25555555556 0.44444444444
3665 0.26666666667 0.44444444444
3666 0.27777777778 0.44444444444
3667 0.28888888889 0.44444444444
3668 0.30000000000 0.44444444444
3669 0.31111111111 0.44444444444
3670 0.32222222222 0.44444444444
3671 0.33333333333 0.44444444444
3672 0.34444444444 0.44444444444
3673 0.35555555556 0.44444444444
3674 0.36666666667 0.44444444444
3675 0.37777777778 0.44444444444
3676 0.38888888889 0.44444444444
3677 0.40000000000 0.44444444444
3678 0.41111111111 0.44444444444
3679 0.42222222222 0.44444444444
3680 0.43333333333 0.44444444444
3681 0.44444444444 0.44444444444
3682 0.45555555556 0.44444444444
3683 0.46666666667 0.44444444444
3684 0.47777777778 0.44444444444
3685 0.48888888889 0.44444444444
3686 0.50000000000 0.44444444444
3687 0.51111111111 0.44444444444
3688 0.52222222222 0.44444444444
3689 0.53333333333 0.44444444444
3690 0.54444444444 0.44444444444
3691 0.55555555556 0.44444444444
3692 0.56666666667 0.44444444444
3693 0.57777777778 0.44444444444
3694 0.58888888889 0.44444444444
3695 0.60000000000 0.44444444444
3696 0.61111111111 0.44444444444
3697 0.62222222222 0.44444444444
3698 0.63333333333 0.44444444444
3699 0.64444444444 0.44444444444
3700 0.65555555556 0.44444444444
3701 0.66666666667 0.44444444444
3702 0.67777777778 0.44444444444
3703 0.68888888889 0.44444444444
3704 0.70000000000 0.44444444444
3705 0.71111111111 0.44444444444
3706 0.72222222222 0.44444444444
3707 0.73333333333 0.44444444444
3708 0.74444444444 0.44444444444
3709 0.75555555556 0.44444444444
3710 0.76666666667 0.44444444444
3711 0.77777777778 0.44444444444
3712 0.78888888889 0.44444444444
3713 0.80000000000 0.44444444444
3714 0.81111111111 0.44444444444
3715 0.82222222222 0.44444444444
3716 0.83333333333 0.44444444444
3717 0.84444444444 0.44444444444
3718 0.85555555556 0.44444444444
3719 0.86666666667 0.44444444444
3720 0.87777777778 0.44444444444
3721 0.88888888889 0.44444444444
3722 0.90000000000 0.44444444444
3723 0.91111111111 0.44444444444
3724 0.92222222222 0.44444444444
3725 0.93333333333 0.44444444444
3726 0.94444444444 0.44444444444
3727 0.95555555556 0.44444444444
3728 0.96666666667 0.44444444444
3729 0.97777777778 0.44444444444
3730 0.98888888889 0.44444444444
3731 1.00000000000 0.44444444444
3732 0.00000000000 0.45555555556
3733 0.01111111111 0.45555555556
3734 0.02222222222 0.45555555556
3735 0.03333333333 0.45555555556
3736 0.04444444444 0.45555555556
3737 0.05555555556 0.45555555556
3738 0.06666666667 0.45555555556
3739 0.07777777778 0.45555555556
3740 0.08888888889 0.45555555556
3741 0.10000000000 0.45555555556
3742 0.11111111111 0.45555555556
3743 0.12222222222 0.45555555556
3744 0.13333333333 0.45555555556
3745 0.14444444444 0.45555555556
3746 0.15555555556 0.45555555556
3747 0.16666666667 0.45555555556
3748 0.17777777778 0.45555555556
3749 0.18888888889 0.45555555556
3750 0.20000000000 0.45555555556
3751 0.21111111111 0.45555555556
3752 0.22222222222 0.45555555556
3753 0.23333333333 0.45555555556
3754 0.24444444444 0.45555555556
3755 0.25555555556 0.45555555556
3756 0.26666666667 0.45555555556
3757 0.27777777778 0.45555555556
3758 0.28888888889 0.45555555556
3759 0.30000000000 0.45555555556
3760 0.31111111111 0.45555555556
3761 0.32222222222 0.45555555556
3762 0.33333333333 0.45555555556
3763 0.34444444444 0.45555555556
3764 0.35555555556 0.45555555556
3765 0.36666666667 0.45555555556
3766 0.37777777778 0.45555555556
3767 0.38888888889 0.45555555556
3768 0.40000000000 0.45555555556
3769 0.41111111111 0.45555555556
3770 0.42222222222 0.45555555556
3771 0.43333333333 0.45555555556
3772 0.44444444444 0.45555555556
3773 0.45555555556 0.45555555556
3774 0.46666666667 0.45555555556
3775 0.47777777778 0.45555555556
3776 0.48888888889 0.45555555556
3777 0.50000000000 0.45555555556
3778 0.51111111111 0.45555555556
3779 0.52222222222 0.45555555556
3780 0.53333333333 0.45555555556
3781 0.54444444444 0.45555555556
3782 0.55555555556 0.45555555556
3783 0.56666666667 0.45555555556
3784 0.57777777778 0.45555555556
3785 0.58888888889 0.45555555556
3786 0.60000000000 0.45555555556
3787 0.61111111111 0.45555555556
3788 0.62222222222 0.45555555556
3789 0.63333333333 0.45555555556
3790 0.64444444444 0.45555555556
3791 0.65555555556 0.45555555556
3792 0.66666666667 0.45555555556
3793 0.67777777778 0.45555555556
3794 0.68888888889 0.45555555556
3795 0.70000000000 0.45555555556
3796 0.71111111111 0.45555555556
3797 0.72222222222 0.45555555556
3798 0.73333333333 0.45555555556
3799 0.74444444444 0.45555555556
3800 0.75555555556 0.45555555556
3801 0.76666666667 0.45555555556
3802 0.77777777778 0.45555555556
3803 0.78888888889 0.45555555556
3804 0.80000000000 0.45555555556
3805 0.81111111111 0.45555555556
3806 0.82222222222 0.45555555556
3807 0.83333333333 0.45555555556
3808 0.84444444444 0.45555555556
3809 0.85555555556 0.45555555556
3810 0.86666666667 0.45555555556
3811 0.87777777778 0.45555555556
3812 0.88888888889 0.45555555556
3813 0.90000000000 0.45555555556
3814 0.91111111111 0.45555555556
3815 0.92222222222 0.45555555556
3816 0.93333333333 0.45555555556
3817 0.94444444444 0.45555555556
3818 0.95555555556 0.45555555556
3819 0.96666666667 0.45555555556
3820 0.97777777778 0.45555555556
3821 0.98888888889 0.45555555556
3822 1.00000000000 0.45555555556
3823 0.00000000000 0.46666666667
3824 0.01111111111 0.46666666667
3825 0.02222222222 0.46666666667
3826 0.03333333333 0.46666666667
3827 0.04444444444 0.46666666667
3828 0.05555555556 0.46666666667
3829 0.06666666667 0.46666666667
3830 0.07777777778 0.46666666667
3831 0.08888888889 0.46666666667
3832 0.10000000000 0.46666666667
3833 0.11111111111 0.46666666667
3834 0.12222222222 0.46666666667
3835 0.13333333333 0.46666666667
3836 0.14444444444 0.46666666667
3837 0.15555555556 0.46666666667
3838 0.16666666667 0.46666666667
3839 0.17777777778 0.46666666667
3840 0.18888888889 0.46666666667
3841 0.20000000000 0.46666666667
3842 0.21111111111 0.46666666667
3843 0.22222222222 0.46666666667
3844 0.23333333333 0.46666666667
3845 0.24444444444 0.46666666667
3846 0.25555555556 0.46666666667
3847 0.26666666667 0.46666666667
3848 0.27777777778 0.46666666667
3849 0.28888888889 0.46666666667
3850 0.30000000000 0.46666666667
3851 0.31111111111 0.46666666667
3852 0.32222222222 0.46666666667
3853 0.33333333333 0.46666666667
3854 0.34444444444 0.46666666667
3855 0.35555555556 0.46666666667
3856 0.36666666667 0.46666666667
3857 0.37777777778 0.46666666667
3858 0.38888888889 0.46666666667
3859 0.40000000000 0.46666666667
3860 0.41111111111 0.46666666667
3861 0.42222222222 0.46666666667
3862 0.43333333333 0.46666666667
3863 0.44444444444 0.46666666667
3864 0.45555555556 0.46666666667
3865 0.46666666667 0.46666666667
3866 0.47777777778 0.46666666667
3867 0.48888888889 0.46666666667
3868 0.50000000000 0.46666666667
3869 0.51111111111 0.46666666667
3870 0.52222222222 0.46666666667
3871 0.53333333333 0.46666666667
3872 0.54444444444 0.46666666667
3873 0.55555555556 0.46666666667
3874 0.56666666667 0.46666666667
3875 0.57777777778 0.46666666667
3876 0.58888888889 0.46666666667
3877 0.60000000000 0.46666666667
3878 0.61111111111 0.46666666667
3879 0.62222222222 0.46666666667
3880 0.63333333333 0.46666666667
3881 0.64444444444 0.46666666667
3882 0.65555555556 0.46666666667
3883 0.66666666667 0.46666666667
3884 0.67777777778 0.46666666667
3885 0.68888888889 0.46666666667
3886 0.70000000000 0.46666666667
3887 0.71111111111 0.46666666667
3888 0.72222222222 0.46666666667
3889 0.73333333333 0.46666666667
3890 0.74444444444 0.46666666667
3891 0.75555555556 0.46666666667
3892 0.76666666667 0.46666666667
3893 0.77777777778 0.46666666667
3894 0.78888888889 0.46666666667
3895 0.80000000000 0.46666666667
3896 0.81111111111 0.46666666667
3897 0.82222222222 0.46666666667
3898 0.83333333333 0.46666666667
3899 0.84444444444 0.46666666667
3900 0.85555555556 0.46666666667
3901 0.86666666667 0.46666666667
3902 0.87777777778 0.46666666667
3903 0.88888888889 0.46666666667
3904 0.90000000000 0.46666666667
3905 0.91111111111 0.46666666667
3906 0.92222222222 0.46666666667
3907 0.93333333333 0.46666666667
3908 0.94444444444 0.46666666667
3909 0.95555555556 0.46666666667
3910 0.96666666667 0.46666666667
3911 0.97777777778 0.46666666667
3912 0.98888888889 0.46666666667
3913 1.00000000000 0.46666666667
3914 0.00000000000 0.47777777778
3915 0.01111111111 0.47777777778
3916 0.02222222222 0.47777777778
3917 0.03333333333 0.47777777778
3918 0.04444444444 0.47777777778
3919 0.05555555556 0.47777777778
3920 0.06666666667 0.47777777778
3921 0.07777777778 0.47777777778
3922 0.08888888889 0.47777777778
3923 0.10000000000 0.47777777778
3924 0.11111111111 0.47777777778
3925 0.12222222222 0.47777777778
3926 0.13333333333 0.47777777778
3927 0.14444444444 0.47777777778
3928 0.15555555556 0.47777777778
3929 0.16666666667 0.47777777778
3930 0.17777777778 0.47777777778
3931 0.18888888889 0.47777777778
3932 0.20000000000 0.47777777778
3933 0.21111111111 0.47777777778
3934 0.22222222222 0.47777777778
3935 0.23333333333 0.47777777778
3936 0.24444444444 0.47777777778
3937 0.25555555556 0.47777777778
3938 0.26666666667 0.47777777778
3939 0.27777777778 0.47777777778
3940 0.28888888889 0.47777777778
3941 0.30000000000 0.47777777778
3942 0.31111111111 0.47777777778
3943 0.32222222222 0.47777777778
3944 0.33333333333 0.47777777778
3945 0.34444444444 0.47777777778
3946 0.35555555556 0.47777777778
3947 0.36666666667 0.47777777778
3948 0.37777777778 0.47777777778
3949 0.38888888889 0.47777777778
3950 0.40000000000 0.47777777778
3951 0.41111111111 0.47777777778
3952 0.42222222222 0.47777777778
3953 0.43333333333 0.47777777778
3954 0.44444444444 0.47777777778
3955 0.45555555556 0.47777777778
3956 0.46666666667 0.47777777778
3957 0.47777777778 0.47777777778
3958 0.48888888889 0.47777777778
3959 0.50000000000 0.47777777778
3960 0.51111111111 0.47777777778
3961 0.52222222222 0.47777777778
3962 0.53333333333 0.47777777778
3963 0.54444444444 0.47777777778
3964 0.55555555556 0.47777777778
3965 0.56666666667 0.47777777778
3966 0.57777777778 0.47777777778
3967 0.58888888889 0.47777777778
3968 0.60000000000 0.47777777778
3969 0.61111111111 0.47777777778
3970 0.62222222222 0.47777777778
3971 0.63333333333 0.47777777778
3972 0.64444444444 0.47777777778
3973 0.65555555556 0.47777777778
3974 0.66666666667 0.47777777778
3975 0.67777777778 0.47777777778
3976 0.68888888889 0.47777777778
3977 0.70000000000 0.47777777778
3978 0.71111111111 0.47777777778
3979 0.72222222222 0.47777777778
3980 0.73333333333 0.47777777778
3981 0.74444444444 0.47777777778
3982 0.75555555556 0.47777777778
3983 0.76666666667 0.47777777778
3984 0.77777777778 0.47777777778
3985 0.78888888889 0.47777777778
3986 0.80000000000 0.47777777778
3987 0.81111111111 0.47777777778
3988 0.82222222222 0.47777777778
3989 0.83333333333 0.47777777778
3990 0.84444444444 0.47777777778
3991 0.85555555556 0.47777777778
3992 0.86666666667 0.47777777778
3993 0.87777777778 0.47777777778
3994 0.88888888889 0.47777777778
3995 0.90000000000 0.47777777778
3996 0.91111111111 0.47777777778
3997 0.92222222222 0.47777777778
3998 0.93333333333 0.47777777778
3999 0.94444444444 0.47777777778
4000 0.95555555556 0.47777777778
4001 0.96666666667 0.47777777778
4002 0.97777777778 0.47777777778
4003 0.98888888889 0.47777777778
4004 1.00000000000 0.47777777778
4005 0.00000000000 0.48888888889
4006 0.01111111111 0.48888888889
4007 0.02222222222 0.48888888889
4008 0.03333333333 0.48888888889
4009 0.04444444444 0.48888888889
4010 0.05555555556 0.48888888889
4011 0.06666666667 0.48888888889
4012 0.07777777778 0.48888888889
4013 0.08888888889 0.48888888889
4014 0.10000000000 0.48888888889
4015 0.11111111111 0.48888888889
4016 0.12222222222 0.48888888889
4017 0.13333333333 0.48888888889
4018 0.14444444444 0.48888888889
4019 0.15555555556 0.48888888889
4020 0.16666666667 0.48888888889
4021 0.17777777778 0.48888888889
4022 0.18888888889 0.48888888889
4023 0.20000000000 0.48888888889
4024 0.21111111111 0.48888888889
4025 0.22222222222 0.48888888889
4026 0.23333333333 0.48888888889
4027 0.24444444444 0.48888888889
4028 0.25555555556 0.48888888889
4029 0.26666666667 0.48888888889
4030 0.27777777778 0.48888888889
4031 0.28888888889 0.48888888889
4032 0.30000000000 0.48888888889
4033 0.31111111111 0.48888888889
4034 0.32222222222 0.48888888889
4035 0.33333333333 0.48888888889
4036 0.34444444444 0.48888888889
4037 0.35555555556 0.48888888889
4038 0.36666666667 0.48888888889
4039 0.37777777778 0.48888888889
4040 0.38888888889 0.48888888889
4041 0.40000000000 0.48888888889
4042 0.41111111111 0.48888888889
4043 0.42222222222 0.48888888889
4044 0.43333333333 0.48888888889
4045 0.44444444444 0.48888888889
4046 0.45555555556 0.48888888889
4047 0.46666666667 0.48888888889
4048 0.47777777778 0.48888888889
4049 0.48888888889 0.48888888889
4050 0.50000000000 0.48888888889
4051 0.51111111111 0.48888888889
4052 0.52222222222 0.48888888889
4053 0.53333333333 0.48888888889
4054 0.54444444444 0.48888888889
4055 0.55555555556 0.48888888889
4056 0.56666666667 0.48888888889
4057 0.57777777778 0.48888888889
4058 0.58888888889 0.48888888889
4059 0.60000000000 0.48888888889
4060 0.61111111111 0.48888888889
4061 0.62222222222 0.48888888889
4062 0.63333333333 0.48888888889
4063 0.64444444444 0.48888888889
4064 0.65555555556 0.48888888889
4065 0.66666666667 0.48888888889
4066 0.67777777778 0.48888888889
4067 0.68888888889 0.48888888889
4068 0.70000000000 0.48888888889
4069 0.71111111111 0.48888888889
4070 0.72222222222 0.48888888889
4071 0.73333333333 0.48888888889
4072 0.74444444444 0.48888888889
4073 0.75555555556 0.48888888889
4074 0.76666666667 0.48888888889
4075 0.77777777778 0.48888888889
4076 0.78888888889 0.48888888889
4077 0.80000000000 0.48888888889
4078 0.81111111111 0.48888888889
4079 0.82222222222 0.48888888889
4080 0.83333333333 0.48888888889
4081 0.84444444444 0.48888888889
4082 0.85555555556 0.48888888889
4083 0.86666666667 0.48888888889
4084 0.87777777778 0.48888888889
4085 0.88888888889 0.48888888889
4086 0.90000000000 0.48888888889
4087 0.91111111111 0.48888888889
4088 0.92222222222 0.48888888889
4089 0.93333333333 0.48888888889
4090 0.94444444444 0.48888888889
4091 0.95555555556 0.48888888889
4092 0.96666666667 0.48888888889
4093 0.97777777778 0.48888888889
4094 0.98888888889 0.48888888889
4095 1.00000000000 0.48888888889
4096 0.00000000000 0.50000000000
4097 0.01111111111 0.50000000000
4098 0.02222222222 0.50000000000
4099 0.03333333333 0.50000000000
4100 0.04444444444 0.50000000000
4101 0.05555555556 0.50000000000
4102 0.06666666667 0.50000000000
4103 0.07777777778 0.50000000000
4104 0.08888888889 0.50000000000
4105 0.10000000000 0.50000000000
4106 0.11111111111 0.50000000000
4107 0.12222222222 0.50000000000
4108 0.13333333333 0.50000000000
4109 0.14444444444 0.50000000000
4110 0.15555555556 0.50000000000
4111 0.16666666667 0.50000000000
4112 0.17777777778 0.50000000000
4113 0.18888888889 0.50000000000
4114 0.20000000000 0.50000000000
4115 0.21111111111 0.50000000000
4116 0.22222222222 0.50000000000
4117 0.23333333333 0.50000000000
4118 0.24444444444 0.50000000000
4119 0.25555555556 0.50000000000
4120 0.26666666667 0.50000000000
4121 0.27777777778 0.50000000000
4122 0.28888888889 0.50000000000
4123 0.30000000000 0.50000000000
4124 0.31111111111 0.50000000000
4125 0.32222222222 0.50000000000
4126 0.33333333333 0.50000000000
4127 0.34444444444 0.50000000000
4128 0.35555555556 0.50000000000
4129 0.36666666667 0.50000000000
4130 0.37777777778 0.50000000000
4131 0.38888888889 0.50000000000
4132 0.40000000000 0.50000000000
4133 0.41111111111 0.50000000000
4134 0.42222222222 0.50000000000
4135 0.43333333333 0.50000000000
4136 0.44444444444 0.50000000000
4137 0.45555555556 0.50000000000
4138 0.46666666667 0.50000000000
4139 0.47777777778 0.50000000000
4140 0.48888888889 0.50000000000
4141 0.50000000000 0.50000000000
4142 0.51111111111 0.50000000000
4143 0.52222222222 0.50000000000
4144 0.53333333333 0.50000000000
4145 0.54444444444 0.50000000000
4146 0.55555555556 0.50000000000
4147 0.56666666667 0.50000000000
4148 0.57777777778 0.50000000000
4149 0.58888888889 0.50000000000
4150 0.60000000000 0.50000000000
4151 0.61111111111 0.50000000000
4152 0.62222222222 0.50000000000
4153 0.63333333333 0.50000000000
4154 0.64444444444 0.50000000000
4155 0.65555555556 0.50000000000
4156 0.66666666667 0.50000000000
4157 0.67777777778 0.50000000000
4158 0.68888888889 0.50000000000
4159 0.70000000000 0.50000000000
4160 0.71111111111 0.50000000000
4161 0.72222222222 0.50000000000
4162 0.73333333333 0.50000000000
4163 0.74444444444 0.50000000000
4164 0.75555555556 0.50000000000
4165 0.76666666667 0.50000000000
4166 0.77777777778 0.50000000000
4167 0.78888888889 0.50000000000
4168 0.80000000000 0.50000000000
4169 0.81111111111 0.50000000000
4170 0.82222222222 0.50000000000
4171 0.83333333333 0.50000000000
4172 0.84444444444 0.50000000000
4173 0.85555555556 0.50000000000
4174 0.86666666667 0.50000000000
4175 0.87777777778 0.50000000000
4176 0.88888888889 0.50000000000
4177 0.90000000000 0.50000000000
4178 0.91111111111 0.50000000000
4179 0.92222222222 0.50000000000
4180 0.93333333333 0.50000000000
4181 0.94444444444 0.50000000000
4182 0.95555555556 0.50000000000
4183 0.96666666667 0.50000000000
4184 0.97777777778 0.50000000000
4185 0.98888888889 0.50000000000
4186 1.00000000000 0.50000000000
4187 0.00000000000 0.51111111111
4188 0.01111111111 0.51111111111
4189 0.02222222222 0.51111111111
4190 0.03333333333 0.51111111111
4191 0.04444444444 0.51111111111
4192 0.05555555556 0.51111111111
4193 0.06666666667 0.51111111111
4194 0.07777777778 0.51111111111
4195 0.08888888889 0.51111111111
4196 0.10000000000 0.51111111111
4197 0.11111111111 0.51111111111
4198 0.12222222222 0.51111111111
4199 0.13333333333 0.51111111111
4200 0.14444444444 0.51111111111
4201 0.15555555556 0.51111111111
4202 0.16666666667 0.51111111111
4203 0.17777777778 0.51111111111
4204 0.18888888889 0.51111111111
4205 0.20000000000 0.51111111111
4206 0.21111111111 0.51111111111
4207 0.22222222222 0.51111111111
4208 0.23333333333 0.51111111111
4209 0.24444444444 0.51111111111
4210 0.25555555556 0.51111111111
4211 0.26666666667 0.51111111111
4212 0.27777777778 0.51111111111
4213 0.28888888889 0.51111111111
4214 0.30000000000 0.51111111111
4215 0.31111111111 0.51111111111
4216 0.32222222222 0.51111111111
4217 0.33333333333 0.51111111111
4218 0.34444444444 0.51111111111
4219 0.35555555556 0.51111111111
4220 0.36666666667 0.51111111111
4221 0.37777777778 0.51111111111
4222 0.38888888889 0.51111111111
4223 0.40000000000 0.51111111111
4224 0.41111111111 0.51111111111
4225 0.42222222222 0.51111111111
4226 0.43333333333 0.51111111111
4227 0.44444444444 0.51111111111
4228 0.45555555556 0.51111111111
4229 0.46666666667 0.51111111111
4230 0.47777777778 0.51111111111
4231 0.48888888889 0.51111111111
4232 0.50000000000 0.51111111111
4233 0.51111111111 0.51111111111
4234 0.52222222222 0.51111111111
4235 0.53333333333 0.51111111111
4236 0.54444444444 0.51111111111
4237 0.55555555556 0.51111111111
4238 0.56666666667 0.51111111111
4239 0.57777777778 0.51111111111
4240 0.58888888889 0.51111111111
4241 0.60000000000 0.51111111111
4242 0.61111111111 0.51111111111
4243 0.62222222222 0.51111111111
4244 0.63333333333 0.51111111111
4245 0.64444444444 0.51111111111
4246 0.65555555556 0.51111111111
4247 0.66666666667 0.51111111111
4248 0.67777777778 0.51111111111
4249 0.68888888889 0.51111111111
4250 0.70000000000 0.51111111111
4251 0.71111111111 0.51111111111
4252 0.72222222222 0.51111111111
4253 0.73333333333 0.51111111111
4254 0.74444444444 0.51111111111
4255 0.75555555556 0.51111111111
4256 0.76666666667 0.51111111111
4257 0.77777777778 0.51111111111
4258 0.78888888889 0.51111111111
4259 0.80000000000 0.51111111111
4260 0.81111111111 0.51111111111
4261 0.82222222222 0.51111111111
4262 0.83333333333 0.51111111111
4263 0.84444444444 0.51111111111
4264 0.85555555556 0.51111111111
4265 0.86666666667 0.51111111111
4266 0.87777777778 0.51111111111
4267 0.88888888889 0.51111111111
4268 0.90000000000 0.51111111111
4269 0.91111111111 0.51111111111
4270 0.92222222222 0.51111111111
4271 0.93333333333 0.51111111111
4272 0.94444444444 0.51111111111
4273 0.95555555556 0.51111111111
4274 0.96666666667 0.51111111111
4275 0.97777777778 0.51111111111
4276 0.98888888889 0.51111111111
4277 1.00000000000 0.51111111111
4278 0.00000000000 0.52222222222
4279 0.01111111111 0.52222222222
4280 0.02222222222 0.52222222222
4281 0.03333333333 0.52222222222
4282 0.04444444444 0.52222222222
4283 0.05555555556 0.52222222222
4284 0.06666666667 0.52222222222
4285 0.07777777778 0.52222222222
4286 0.08888888889 0.52222222222
4287 0.10000000000 0.52222222222
4288 0.11111111111 0.52222222222
4289 0.12222222222 0.52222222222
4290 0.13333333333 0.52222222222
4291 0.14444444444 0.52222222222
4292 0.15555555556 0.52222222222
4293 0.16666666667 0.52222222222
4294 0.17777777778 0.52222222222
4295 0.18888888889 0.52222222222
4296 0.20000000000 0.52222222222
4297 0.21111111111 0.52222222222
4298 0.22222222222 0.52222222222
4299 0.23333333333 0.52222222222
4300 0.24444444444 0.52222222222
4301 0.25555555556 0.52222222222
4302 0.26666666667 0.52222222222
4303 0.27777777778 0.52222222222
4304 0.28888888889 0.52222222222
4305 0.30000000000 0.52222222222
4306 0.31111111111 0.52222222222
4307 0.32222222222 0.52222222222
4308 0.33333333333 0.52222222222
4309 0.34444444444 0.52222222222
4310 0.35555555556 0.52222222222
4311 0.36666666667 0.52222222222
4312 0.37777777778 0.52222222222
4313 0.38888888889 0.52222222222
4314 0.40000000000 0.52222222222
4315 0.41111111111 0.52222222222
4316 0.42222222222 0.52222222222
4317 0.43333333333 0.52222222222
4318 0.44444444444 0.52222222222
4319 0.45555555556 0.52222222222
4320 0.46666666667 0.52222222222
4321 0.47777777778 0.52222222222
4322 0.48888888889 0.52222222222
4323 0.50000000000 0.52222222222
4324 0.51111111111 0.52222222222
4325 0.52222222222 0.52222222222
4326 0.53333333333 0.52222222222
4327 0.54444444444 0.52222222222
4328 0.55555555556 0.52222222222
4329 0.56666666667 0.52222222222
4330 0.57777777778 0.52222222222
4331 0.58888888889 0.52222222222
4332 0.60000000000 0.52222222222
4333 0.61111111111 0.52222222222
4334 0.62222222222 0.52222222222
4335 0.63333333333 0.52222222222
4336 0.64444444444 0.52222222222
4337 0.65555555556 0.52222222222
4338 0.66666666667 0.52222222222
4339 0.67777777778 0.52222222222
4340 0.68888888889 0.52222222222
4341 0.70000000000 0.52222222222
4342 0.71111111111 0.52222222222
4343 0.72222222222 0.52222222222
4344 0.73333333333 0.52222222222
4345 0.74444444444 0.52222222222
4346 0.75555555556 0.52222222222
4347 0.76666666667 0.52222222222
4348 0.77777777778 0.52222222222
4349 0.78888888889 0.52222222222
4350 0.80000000000 0.52222222222
4351 0.81111111111 0.52222222222
4352 0.82222222222 0.52222222222
4353 0.83333333333 0.52222222222
4354 0.84444444444 0.52222222222
4355 0.85555555556 0.52222222222
4356 0.86666666667 0.52222222222
4357 0.87777777778 0.52222222222
4358 0.88888888889 0.52222222222
4359 0.90000000000 0.52222222222
4360 0.91111111111 0.52222222222
4361 0.92222222222 0.52222222222
4362 0.93333333333 0.52222222222
4363 0.94444444444 0.52222222222
4364 0.95555555556 0.52222222222
4365 0.96666666667 0.52222222222
4366 0.97777777778 0.52222222222
4367 0.98888888889 0.52222222222
4368 1.00000000000 0.52222222222
4369 0.00000000000 0.53333333333
4370 0.01111111111 0.53333333333
4371 0.02222222222 0.53333333333
4372 0.03333333333 0.53333333333
4373 0.04444444444 0.53333333333
4374 0.05555555556 0.53333333333
4375 0.06666666667 0.53333333333
4376 0.07777777778 0.53333333333
4377 0.08888888889 0.53333333333
4378 0.10000000000 0.53333333333
4379 0.11111111111 0.53333333333
4380 0.12222222222 0.53333333333
4381 0.13333333333 0.53333333333
4382 0.14444444444 0.53333333333
4383 0.15555555556 0.53333333333
4384 0.16666666667 0.53333333333
4385 0.17777777778 0.53333333333
4386 0.18888888889 0.53333333333
4387 0.20000000000 0.53333333333
4388 0.21111111111 0.53333333333
4389 0.22222222222 0.53333333333
4390 0.23333333333 0.53333333333
4391 0.24444444444 0.53333333333
4392 0.25555555556 0.53333333333
4393 0.26666666667 0.53333333333
4394 0.27777777778 0.53333333333
4395 0.28888888889 0.53333333333
4396 0.30000000000 0.53333333333
4397 0.31111111111 0.53333333333
4398 0.32222222222 0.53333333333
4399 0.33333333333 0.53333333333
4400 0.34444444444 0.53333333333
4401 0.35555555556 0.53333333333
4402 0.36666666667 0.53333333333
4403 0.37777777778 0.53333333333
4404 0.38888888889 0.53333333333
4405 0.40000000000 0.53333333333
4406 0.41111111111 0.53333333333
4407 0.42222222222 0.53333333333
4408 0.43333333333 0.53333333333
4409 0.44444444444 0.53333333333
4410 0.45555555556 0.53333333333
4411 0.46666666667 0.53333333333
4412 0.47777777778 0.53333333333
4413 0.48888888889 0.53333333333
4414 0.50000000000 0.53333333333
4415 0.51111111111 0.53333333333
4416 0.52222222222 0.53333333333
4417 0.53333333333 0.53333333333
4418 0.54444444444 0.53333333333
4419 0.55555555556 0.53333333333
4420 0.56666666667 0.53333333333
4421 0.57777777778 0.53333333333
4422 0.58888888889 0.53333333333
4423 0.60000000000 0.53333333333
4424 0.61111111111 0.53333333333
4425 0.62222222222 0.53333333333
4426 0.63333333333 0.53333333333
4427 0.64444444444 0.53333333333
4428 0.65555555556 0.53333333333
4429 0.66666666667 0.53333333333
4430 0.67777777778 0.53333333333
4431 0.68888888889 0.53333333333
4432 0.70000000000 0.53333333333
4433 0.71111111111 0.53333333333
4434 0.72222222222 0.53333333333
4435 0.73333333333 0.53333333333
4436 0.74444444444 0.53333333333
4437 0.75555555556 0.53333333333
4438 0.76666666667 0.53333333333
4439 0.77777777778 0.53333333333
4440 0.78888888889 0.53333333333
4441 0.80000000000 0.53333333333
4442 0.81111111111 0.53333333333
4443 0.82222222222 0.53333333333
4444 0.83333333333 0.53333333333
4445 0.84444444444 0.53333333333
4446 0.85555555556 0.53333333333
4447 0.86666666667 0.53333333333
4448 0.87777777778 0.53333333333
4449 0.88888888889 0.53333333333
4450 0.90000000000 0.53333333333
4451 0.91111111111 0.53333333333
4452 0.92222222222 0.53333333333
4453 0.93333333333 0.53333333333
4454 0.94444444444 0.53333333333
4455 0.95555555556 0.53333333333
4456 0.96666666667 0.53333333333
4457 0.97777777778 0.53333333333
4458 0.98888888889 0.53333333333
4459 1.00000000000 0.53333333333
4460 0.00000000000 0.54444444444
4461 0.01111111111 0.54444444444
4462 0.02222222222 0.54444444444
4463 0.03333333333 0.54444444444
4464 0.04444444444 0.54444444444
4465 0.05555555556 0.54444444444
4466 0.06666666667 0.54444444444
4467 0.07777777778 0.54444444444
4468 0.08888888889 0.54444444444
4469 0.10000000000 0.54444444444
4470 0.11111111111 0.54444444444
4471 0.12222222222 0.54444444444
4472 0.13333333333 0.54444444444
4473 0.14444444444 0.54444444444
4474 0.15555555556 0.54444444444
4475 0.16666666667 0.54444444444
4476 0.17777777778 0.54444444444
4477 0.18888888889 0.54444444444
4478 0.20000000000 0.54444444444
4479 0.21111111111 0.54444444444
4480 0.22222222222 0.54444444444
4481 0.23333333333 0.54444444444
4482 0.24444444444 0.54444444444
4483 0.25555555556 0.54444444444
4484 0.26666666667 0.54444444444
4485 0.27777777778 0.54444444444
4486 0.28888888889 0.54444444444
4487 0.30000000000 0.54444444444
4488 0.31111111111 0.54444444444
4489 0.32222222222 0.54444444444
4490 0.33333333333 0.54444444444
4491 0.34444444444 0.54444444444
4492 0.35555555556 0.54444444444
4493 0.36666666667 0.54444444444
4494 0.37777777778 0.54444444444
4495 0.38888888889 0.54444444444
4496 0.40000000000 0.54444444444
4497 0.41111111111 0.54444444444
4498 0.42222222222 0.54444444444
4499 0.43333333333 0.54444444444
4500 0.44444444444 0.54444444444
4501 0.45555555556 0.54444444444
4502 0.46666666667 0.54444444444
4503 0.47777777778 0.54444444444
4504 0.48888888889 0.54444444444
4505 0.50000000000 0.54444444444
4506 0.51111111111 0.54444444444
4507 0.52222222222 0.54444444444
4508 0.53333333333 0.54444444444
4509 0.54444444444 0.54444444444
4510 0.55555555556 0.54444444444
4511 0.56666666667 0.54444444444
4512 0.57777777778 0.54444444444
4513 0.58888888889 0.54444444444
4514 0.60000000000 0.54444444444
4515 0.61111111111 0.54444444444
4516 0.62222222222 0.54444444444
4517 0.63333333333 0.54444444444
4518 0.64444444444 0.54444444444
4519 0.65555555556 0.54444444444
4520 0.66666666667 0.54444444444
4521 0.67777777778 0.54444444444
4522 0.68888888889 0.54444444444
4523 0.70000000000 0.54444444444
4524 0.71111111111 0.54444444444
4525 0.72222222222 0.54444444444
4526 0.73333333333 0.54444444444
4527 0.74444444444 0.54444444444
4528 0.75555555556 0.54444444444
4529 0.76666666667 0.54444444444
4530 0.77777777778 0.54444444444
4531 0.78888888889 0.54444444444
4532 0.80000000000 0.54444444444
4533 0.81111111111 0.54444444444
4534 0.82222222222 0.54444444444
4535 0.83333333333 0.54444444444
4536 0.84444444444 0.54444444444
4537 0.85555555556 0.54444444444
4538 0.86666666667 0.54444444444
4539 0.87777777778 0.54444444444
4540 0.88888888889 0.54444444444
4541 0.90000000000 0.54444444444
4542 0.91111111111 0.54444444444
4543 0.92222222222 0.54444444444
4544 0.93333333333 0.54444444444
4545 0.94444444444 0.54444444444
4546 0.95555555556 0.54444444444
4547 0.96666666667 0.54444444444
4548 0.97777777778 0.54444444444
4549 0.98888888889 0.54444444444
4550 1.00000000000 0.54444444444
4551 0.00000000000 0.55555555556
4552 0.01111111111 0.55555555556
4553 0.02222222222 0.55555555556
4554 0.03333333333 0.55555555556
4555 0.04444444444 0.55555555556
4556 0.05555555556 0.55555555556
4557 0.06666666667 0.55555555556
4558 0.07777777778 0.55555555556
4559 0.08888888889 0.55555555556
4560 0.10000000000 0.55555555556
4561 0.11111111111 0.55555555556
4562 0.12222222222 0.55555555556
4563 0.13333333333 0.55555555556
4564 0.14444444444 0.55555555556
4565 0.15555555556 0.55555555556
4566 0.16666666667 0.55555555556
4567 0.17777777778 0.55555555556
4568 0.18888888889 0.55555555556
4569 0.20000000000 0.55555555556
4570 0.21111111111 0.55555555556
4571 0.22222222222 0.55555555556
4572 0.23333333333 0.55555555556
4573 0.24444444444 0.55555555556
4574 0.25555555556 0.55555555556
4575 0.26666666667 0.55555555556
4576 0.27777777778 0.55555555556
4577 0.28888888889 0.55555555556
4578 0.30000000000 0.55555555556
4579 0.31111111111 0.55555555556
4580 0.32222222222 0.55555555556
4581 0.33333333333 0.55555555556
4582 0.34444444444 0.55555555556
4583 0.35555555556 0.55555555556
4584 0.36666666667 0.55555555556
4585 0.37777777778 0.55555555556
4586 0.38888888889 0.55555555556
4587 0.40000000000 0.55555555556
4588 0.41111111111 0.55555555556
4589 0.42222222222 0.55555555556
4590 0.43333333333 0.55555555556
4591 0.44444444444 0.55555555556
4592 0.45555555556 0.55555555556
4593 0.46666666667 0.55555555556
4594 0.47777777778 0.55555555556
4595 0.48888888889 0.55555555556
4596 0.50000000000 0.55555555556
4597 0.51111111111 0.55555555556
4598 0.52222222222 0.55555555556
4599 0.53333333333 0.55555555556
4600 0.54444444444 0.55555555556
4601 0.55555555556 0.55555555556
4602 0.56666666667 0.55555555556
4603 0.57777777778 0.55555555556
4604 0.58888888889 0.55555555556
4605 0.60000000000 0.55555555556
4606 0.61111111111 0.55555555556
4607 0.62222222222 0.55555555556
4608 0.63333333333 0.55555555556
4609 0.64444444444 0.55555555556
4610 0.65555555556 0.55555555556
4611 0.66666666667 0.55555555556
4612 0.67777777778 0.55555555556
4613 0.68888888889 0.55555555556
4614 0.70000000000 0.55555555556
4615 0.71111111111 0.55555555556
4616 0.72222222222 0.55555555556
4617 0.73333333333 0.55555555556
4618 0.74444444444 0.55555555556
4619 0.75555555556 0.55555555556
4620 0.76666666667 0.55555555556
4621 0.77777777778 0.55555555556
4622 0.78888888889 0.55555555556
4623 0.80000000000 0.55555555556
4624 0.81111111111 0.55555555556
4625 0.82222222222 0.55555555556
4626 0.83333333333 0.55555555556
4627 0.84444444444 0.55555555556
4628 0.85555555556 0.55555555556
4629 0.86666666667 0.55555555556
4630 0.87777777778 0.55555555556
4631 0.88888888889 0.55555555556
4632 0.90000000000 0.55555555556
4633 0.91111111111 0.55555555556
4634 0.92222222222 0.55555555556
4635 0.93333333333 0.55555555556
4636 0.94444444444 0.55555555556
4637 0.95555555556 0.55555555556
4638 0.96666666667 0.55555555556
4639 0.97777777778 0.55555555556
4640 0.98888888889 0.55555555556
4641 1.00000000000 0.55555555556
4642 0.00000000000 0.56666666667
4643 0.01111111111 0.56666666667
4644 0.02222222222 0.56666666667
4645 0.03333333333 0.56666666667
4646 0.04444444444 0.56666666667
4647 0.05555555556 0.56666666667
4648 0.06666666667 0.56666666667
4649 0.07777777778 0.56666666667
4650 0.08888888889 0.56666666667
4651 0.10000000000 0.56666666667
4652 0.11111111111 0.56666666667
4653 0.12222222222 0.56666666667
4654 0.13333333333 0.56666666667
4655 0.14444444444 0.56666666667
4656 0.15555555556 0.56666666667
4657 0.16666666667 0.56666666667
4658 0.17777777778 0.56666666667
4659 0.18888888889 0.56666666667
4660 0.20000000000 0.56666666667
4661 0.21111111111 0.56666666667
4662 0.22222222222 0.56666666667
4663 0.23333333333 0.56666666667
4664 0.24444444444 0.56666666667
4665 0.25555555556 0.56666666667
4666 0.26666666667 0.56666666667
4667 0.27777777778 0.56666666667
4668 0.28888888889 0.56666666667
4669 0.30000000000 0.56666666667
4670 0.31111111111 0.56666666667
4671 0.32222222222 0.56666666667
4672 0.33333333333 0.56666666667
4673 0.34444444444 0.56666666667
4674 0.35555555556 0.56666666667
4675 0.36666666667 0.56666666667
4676 0.37777777778 0.56666666667
4677 0.38888888889 0.56666666667
4678 0.40000000000 0.56666666667
4679 0.41111111111 0.56666666667
4680 0.42222222222 0.56666666667
4681 0.43333333333 0.56666666667
4682 0.44444444444 0.56666666667
4683 0.45555555556 0.56666666667
4684 0.46666666667 0.56666666667
4685 0.47777777778 0.56666666667
4686 0.48888888889 0.56666666667
4687 0.50000000000 0.56666666667
4688 0.51111111111 0.56666666667
4689 0.52222222222 0.56666666667
4690 0.53333333333 0.56666666667
4691 0.54444444444 0.56666666667
4692 0.55555555556 0.56666666667
4693 0.56666666667 0.56666666667
4694 0.57777777778 0.56666666667
4695 0.58888888889 0.56666666667
4696 0.60000000000 0.56666666667
4697 0.61111111111 0.56666666667
4698 0.62222222222 0.56666666667
4699 0.63333333333 0.56666666667
4700 0.64444444444 0.56666666667
4701 0.65555555556 0.56666666667
4702 0.66666666667 0.56666666667
4703 0.67777777778 0.56666666667
4704 0.68888888889 0.56666666667
4705 0.70000000000 0.56666666667
4706 0.71111111111 0.56666666667
4707 0.72222222222 0.56666666667
4708 0.73333333333 0.56666666667
4709 0.74444444444 0.56666666667
4710 0.75555555556 0.56666666667
4711 0.76666666667 0.56666666667
4712 0.77777777778 0.56666666667
4713 0.78888888889 0.56666666667
4714 0.80000000000 0.56666666667
4715 0.81111111111 0.56666666667
4716 0.82222222222 0.56666666667
4717 0.83333333333 0.56666666667
4718 0.84444444444 0.56666666667
4719 0.85555555556 0.56666666667
4720 0.86666666667 0.56666666667
4721 0.87777777778 0.56666666667
4722 0.88888888889 0.56666666667
4723 0.90000000000 0.56666666667
4724 0.91111111111 0.56666666667
4725 0.92222222222 0.56666666667
4726 0.93333333333 0.56666666667
4727 0.94444444444 0.56666666667
4728 0.95555555556 0.56666666667
4729 0.96666666667 0.56666666667
4730 0.97777777778 0.56666666667
4731 0.98888888889 0.56666666667
4732 1.00000000000 0.56666666667
4733 0.00000000000 0.57777777778
4734 0.01111111111 0.57777777778
4735 0.02222222222 0.57777777778
4736 0.03333333333 0.57777777778
4737 0.04444444444 0.57777777778
4738 0.05555555556 0.57777777778
4739 0.06666666667 0.57777777778
4740 0.07777777778 0.57777777778
4741 0.08888888889 0.57777777778
4742 0.10000000000 0.57777777778
4743 0.11111111111 0.57777777778
4744 0.12222222222 0.57777777778
4745 0.13333333333 0.57777777778
4746 0.14444444444 0.57777777778
4747 0.15555555556 0.57777777778
4748 0.16666666667 0.57777777778
4749 0.17777777778 0.57777777778
4750 0.18888888889 0.57777777778
4751 0.20000000000 0.57777777778
4752 0.21111111111 0.57777777778
4753 0.22222222222 0.57777777778
4754 0.23333333333 0.57777777778
4755 0.24444444444 0.57777777778
4756 0.25555555556 0.57777777778
4757 0.26666666667 0.57777777778
4758 0.27777777778 0.57777777778
4759 0.28888888889 0.57777777778
4760 0.30000000000 0.57777777778
4761 0.31111111111 0.57777777778
4762 0.32222222222 0.57777777778
4763 0.33333333333 0.57777777778
4764 0.34444444444 0.57777777778
4765 0.35555555556 0.57777777778
4766 0.36666666667 0.57777777778
4767 0.37777777778 0.57777777778
4768 0.38888888889 0.57777777778
4769 0.40000000000 0.57777777778
4770 0.41111111111 0.57777777778
4771 0.42222222222 0.57777777778
4772 0.43333333333 0.57777777778
4773 0.44444444444 0.57777777778
4774 0.45555555556 0.57777777778
4775 0.46666666667 0.57777777778
4776 0.47777777778 0.57777777778
4777 0.48888888889 0.57777777778
4778 0.50000000000 0.57777777778
4779 0.51111111111 0.57777777778
4780 0.52222222222 0.57777777778
4781 0.53333333333 0.57777777778
4782 0.54444444444 0.57777777778
4783 0.55555555556 0.57777777778
4784 0.56666666667 0.57777777778
4785 0.57777777778 0.57777777778
4786 0.58888888889 0.57777777778
4787 0.60000000000 0.57777777778
4788 0.61111111111 0.57777777778
4789 0.62222222222 0.57777777778
4790 0.63333333333 0.57777777778
4791 0.64444444444 0.57777777778
4792 0.65555555556 0.57777777778
4793 0.66666666667 0.57777777778
4794 0.67777777778 0.57777777778
4795 0.68888888889 0.57777777778
4796 0.70000000000 0.57777777778
4797 0.71111111111 0.57777777778
4798 0.72222222222 0.57777777778
4799 0.73333333333 0.57777777778
4800 0.74444444444 0.57777777778
4801 0.75555555556 0.57777777778
4802 0.76666666667 0.57777777778
4803 0.77777777778 0.57777777778
4804 0.78888888889 0.57777777778
4805 0.80000000000 0.57777777778
4806 0.81111111111 0.57777777778
4807 0.82222222222 0.57777777778
4808 0.83333333333 0.57777777778
4809 0.84444444444 0.57777777778
4810 0.85555555556 0.57777777778
4811 0.86666666667 0.57777777778
4812 0.87777777778 0.57777777778
4813 0.88888888889 0.57777777778
4814 0.90000000000 0.57777777778
4815 0.91111111111 0.57777777778
4816 0.92222222222 0.57777777778
4817 0.93333333333 0.57777777778
4818 0.94444444444 0.57777777778
4819 0.95555555556 0.57777777778
4820 0.96666666667 0.57777777778
4821 0.97777777778 0.57777777778
4822 0.98888888889 0.57777777778
4823 1.00000000000 0.57777777778
4824 0.00000000000 0.58888888889
4825 0.01111111111 0.58888888889
4826 0.02222222222 0.58888888889
4827 0.03333333333 0.58888888889
4828 0.04444444444 0.58888888889
4829 0.05555555556 0.58888888889
4830 0.06666666667 0.58888888889
4831 0.07777777778 0.58888888889
4832 0.08888888889 0.58888888889
4833 0.10000000000 0.58888888889
4834 0.11111111111 0.58888888889
4835 0.12222222222 0.58888888889
4836 0.13333333333 0.58888888889
4837 0.14444444444 0.58888888889
4838 0.15555555556 0.58888888889
4839 0.16666666667 0.58888888889
4840 0.17777777778 0.58888888889
4841 0.18888888889 0.58888888889
4842 0.20000000000 0.58888888889
4843 0.21111111111 0.58888888889
4844 0.22222222222 0.58888888889
4845 0.23333333333 0.58888888889
4846 0.24444444444 0.58888888889
4847 0.25555555556 0.58888888889
4848 0.26666666667 0.58888888889
4849 0.27777777778 0.58888888889
4850 0.28888888889 0.58888888889
4851 0.30000000000 0.58888888889
4852 0.31111111111 0.58888888889
4853 0.32222222222 0.58888888889
4854 0.33333333333 0.58888888889
4855 0.34444444444 0.58888888889
4856 0.35555555556 0.58888888889
4857 0.36666666667 0.58888888889
4858 0.37777777778 0.58888888889
4859 0.38888888889 0.58888888889
4860 0.40000000000 0.58888888889
4861 0.41111111111 0.58888888889
4862 0.42222222222 0.58888888889
4863 0.43333333333 0.58888888889
4864 0.44444444444 0.58888888889
4865 0.45555555556 0.58888888889
4866 0.46666666667 0.58888888889
4867 0.47777777778 0.58888888889
4868 0.48888888889 0.58888888889
4869 0.50000000000 0.58888888889
4870 0.51111111111 0.58888888889
4871 0.52222222222 0.58888888889
4872 0.53333333333 0.58888888889
4873 0.54444444444 0.58888888889
4874 0.55555555556 0.58888888889
4875 0.56666666667 0.58888888889
4876 0.57777777778 0.58888888889
4877 0.58888888889 0.58888888889
4878 0.60000000000 0.58888888889
4879 0.61111111111 0.58888888889
4880 0.62222222222 0.58888888889
4881 0.63333333333 0.58888888889
4882 0.64444444444 0.58888888889
4883 0.65555555556 0.58888888889
4884 0.66666666667 0.58888888889
4885 0.67777777778 0.58888888889
4886 0.68888888889 0.58888888889
4887 0.70000000000 0.58888888889
4888 0.71111111111 0.58888888889
4889 0.72222222222 0.58888888889
4890 0.73333333333 0.58888888889
4891 0.74444444444 0.58888888889
4892 0.75555555556 0.58888888889
4893 0.76666666667 0.58888888889
4894 0.77777777778 0.58888888889
4895 0.78888888889 0.58888888889
4896 0.80000000000 0.58888888889
4897 0.81111111111 0.58888888889
4898 0.82222222222 0.58888888889
4899 0.83333333333 0.58888888889
4900 0.84444444444 0.58888888889
4901 0.85555555556 0.58888888889
4902 0.86666666667 0.58888888889
4903 0.87777777778 0.58888888889
4904 0.88888888889 0.58888888889
4905 0.90000000000 0.58888888889
4906 0.91111111111 0.58888888889
4907 0.92222222222 0.58888888889
4908 0.93333333333 0.58888888889
4909 0.94444444444 0.58888888889
4910 0.95555555556 0.58888888889
4911 0.96666666667 0.58888888889
4912 0.97777777778 0.58888888889
4913 0.98888888889 0.58888888889
4914 1.00000000000 0.58888888889
4915 0.00000000000 0.60000000000
4916 0.01111111111 0.60000000000
4917 0.02222222222 0.60000000000
4918 0.03333333333 0.60000000000
4919 0.04444444444 0.60000000000
4920 0.05555555556 0.60000000000
4921 0.06666666667 0.60000000000
4922 0.07777777778 0.60000000000
4923 0.08888888889 0.60000000000
4924 0.10000000000 0.60000000000
4925 0.11111111111 0.60000000000
4926 0.12222222222 0.60000000000
4927 0.13333333333 0.60000000000
4928 0.14444444444 0.60000000000
4929 0.15555555556 0.60000000000
4930 0.16666666667 0.60000000000
4931 0.17777777778 0.60000000000
4932 0.18888888889 0.60000000000
4933 0.20000000000 0.60000000000
4934 0.21111111111 0.60000000000
4935 0.22222222222 0.60000000000
4936 0.23333333333 0.60000000000
4937 0.24444444444 0.60000000000
4938 0.25555555556 0.60000000000
4939 0.26666666667 0.60000000000
4940 0.27777777778 0.60000000000
4941 0.28888888889 0.60000000000
4942 0.30000000000 0.60000000000
4943 0.31111111111 0.60000000000
4944 0.32222222222 0.60000000000
4945 0.33333333333 0.60000000000
4946 0.34444444444 0.60000000000
4947 0.35555555556 0.60000000000
4948 0.36666666667 0.60000000000
4949 0.37777777778 0.60000000000
4950 0.38888888889 0.60000000000
4951 0.40000000000 0.60000000000
4952 0.41111111111 0.60000000000
4953 0.42222222222 0.60000000000
4954 0.43333333333 0.60000000000
4955 0.44444444444 0.60000000000
4956 0.45555555556 0.60000000000
4957 0.46666666667 0.60000000000
4958 0.47777777778 0.60000000000
4959 0.48888888889 0.60000000000
4960 0.50000000000 0.60000000000
4961 0.51111111111 0.60000000000
4962 0.52222222222 0.60000000000
4963 0.53333333333 0.60000000000
4964 0.54444444444 0.60000000000
4965 0.55555555556 0.60000000000
4966 0.56666666667 0.60000000000
4967 0.57777777778 0.60000000000
4968 0.58888888889 0.60000000000
4969 0.60000000000 0.60000000000
4970 0.61111111111 0.60000000000
4971 0.62222222222 0.60000000000
4972 0.63333333333 0.60000000000
4973 0.64444444444 0.60000000000
4974 0.65555555556 0.60000000000
4975 0.66666666667 0.60000000000
4976 0.67777777778 0.60000000000
4977 0.68888888889 0.60000000000
4978 0.70000000000 0.60000000000
4979 0.71111111111 0.60000000000
4980 0.72222222222 0.60000000000
4981 0.73333333333 0.60000000000
4982 0.74444444444 0.60000000000
4983 0.75555555556 0.60000000000
4984 0.76666666667 0.60000000000
4985 0.77777777778 0.60000000000
4986 0.78888888889 0.60000000000
4987 0.80000000000 0.60000000000
4988 0.81111111111 0.60000000000
4989 0.82222222222 0.60000000000
4990 0.83333333333 0.60000000000
4991 0.84444444444 0.60000000000
4992 0.85555555556 0.60000000000
4993 0.86666666667 0.60000000000
4994 0.87777777778 0.60000000000
4995 0.88888888889 0.60000000000
4996 0.90000000000 0.60000000000
4997 0.91111111111 0.60000000000
4998 0.92222222222 0.60000000000
4999 0.93333333333 0.60000000000
5000 0.94444444444 0.60000000000
5001 0.95555555556 0.60000000000
5002 0.96666666667 0.60000000000
5003 0.97777777778 0.60000000000
5004 0.98888888889 0.60000000000
5005 1.00000000000 0.60000000000
5006 0.00000000000 0.61111111111
5007 0.01111111111 0.61111111111
5008 0.02222222222 0.61111111111
5009 0.03333333333 0.61111111111
5010 0.04444444444 0.61111111111
5011 0.05555555556 0.61111111111
5012 0.06666666667 0.61111111111
5013 0.07777777778 0.61111111111
5014 0.08888888889 0.61111111111
5015 0.10000000000 0.61111111111
5016 0.11111111111 0.61111111111
5017 0.12222222222 0.61111111111
5018 0.13333333333 0.61111111111
5019 0.14444444444 0.61111111111
5020 0.15555555556 0.61111111111
5021 0.16666666667 0.61111111111
5022 0.17777777778 0.61111111111
5023 0.18888888889 0.61111111111
5024 0.20000000000 0.61111111111
5025 0.21111111111 0.61111111111
5026 0.22222222222 0.61111111111
5027 0.23333333333 0.61111111111
5028 0.24444444444 0.61111111111
5029 0.25555555556 0.61111111111
5030 0.26666666667 0.61111111111
5031 0.27777777778 0.61111111111
5032 0.28888888889 0.61111111111
5033 0.30000000000 0.61111111111
5034 0.31111111111 0.61111111111
5035 0.32222222222 0.61111111111
5036 0.33333333333 0.61111111111
5037 0.34444444444 0.61111111111
5038 0.35555555556 0.61111111111
5039 0.36666666667 0.61111111111
5040 0.37777777778 0.61111111111
5041 0.38888888889 0.61111111111
5042 0.40000000000 0.61111111111
5043 0.41111111111 0.61111111111
5044 0.42222222222 0.61111111111
5045 0.43333333333 0.61111111111
5046 0.44444444444 0.61111111111
5047 0.45555555556 0.61111111111
5048 0.46666666667 0.61111111111
5049 0.47777777778 0.61111111111
5050 0.48888888889 0.61111111111
5051 0.50000000000 0.61111111111
5052 0.51111111111 0.61111111111
5053 0.52222222222 0.61111111111
5054 0.53333333333 0.61111111111
5055 0.54444444444 0.61111111111
5056 0.55555555556 0.61111111111
5057 0.56666666667 0.61111111111
5058 0.57777777778 0.61111111111
5059 0.58888888889 0.61111111111
5060 0.60000000000 0.61111111111
5061 0.61111111111 0.61111111111
5062 0.62222222222 0.61111111111
5063 0.63333333333 0.61111111111
5064 0.64444444444 0.61111111111
5065 0.65555555556 0.61111111111
5066 0.66666666667 0.61111111111
5067 0.67777777778 0.61111111111
5068 0.68888888889 0.61111111111
5069 0.70000000000 0.61111111111
5070 0.71111111111 0.61111111111
5071 0.72222222222 0.61111111111
5072 0.73333333333 0.61111111111
5073 0.74444444444 0.61111111111
5074 0.75555555556 0.61111111111
5075 0.76666666667 0.61111111111
5076 0.77777777778 0.61111111111
5077 0.78888888889 0.61111111111
5078 0.80000000000 0.61111111111
5079 0.81111111111 0.61111111111
5080 0.82222222222 0.61111111111
5081 0.83333333333 0.61111111111
5082 0.84444444444 0.61111111111
5083 0.85555555556 0.61111111111
5084 0.86666666667 0.61111111111
5085 0.87777777778 0.61111111111
5086 0.88888888889 0.61111111111
5087 0.90000000000 0.61111111111
5088 0.91111111111 0.61111111111
5089 0.92222222222 0.61111111111
5090 0.93333333333 0.61111111111
5091 0.94444444444 0.61111111111
5092 0.95555555556 0.61111111111
5093 0.96666666667 0.61111111111
5094 0.97777777778 0.61111111111
5095 0.98888888889 0.61111111111
5096 1.00000000000 0.61111111111
5097 0.00000000000 0.62222222222
5098 0.01111111111 0.62222222222
5099 0.02222222222 0.62222222222
5100 0.03333333333 0.62222222222
5101 0.04444444444 0.62222222222
5102 0.05555555556 0.62222222222
5103 0.06666666667 0.62222222222
5104 0.07777777778 0.62222222222
5105 0.08888888889 0.62222222222
5106 0.10000000000 0.62222222222
5107 0.11111111111 0.62222222222
5108 0.12222222222 0.62222222222
5109 0.13333333333 0.62222222222
5110 0.14444444444 0.62222222222
5111 0.15555555556 0.62222222222
5112 0.16666666667 0.62222222222
5113 0.17777777778 0.62222222222
5114 0.18888888889 0.62222222222
5115 0.20000000000 0.62222222222
5116 0.21111111111 0.62222222222
5117 0.22222222222 0.62222222222
5118 0.23333333333 0.62222222222
5119 0.24444444444 0.62222222222
5120 0.25555555556 0.62222222222
5121 0.26666666667 0.62222222222
5122 0.27777777778 0.62222222222
5123 0.28888888889 0.62222222222
5124 0.30000000000 0.62222222222
5125 0.31111111111 0.62222222222
5126 0.32222222222 0.62222222222
5127 0.33333333333 0.62222222222
5128 0.34444444444 0.62222222222
5129 0.35555555556 0.62222222222
5130 0.36666666667 0.62222222222
5131 0.37777777778 0.62222222222
5132 0.38888888889 0.62222222222
5133 0.40000000000 0.62222222222
5134 0.41111111111 0.62222222222
5135 0.42222222222 0.62222222222
5136 0.43333333333 0.62222222222
5137 0.44444444444 0.62222222222
5138 0.45555555556 0.62222222222
5139 0.46666666667 0.62222222222
5140 0.47777777778 0.62222222222
5141 0.48888888889 0.62222222222
5142 0.50000000000 0.62222222222
5143 0.51111111111 0.62222222222
5144 0.52222222222 0.62222222222
5145 0.53333333333 0.62222222222
5146 0.54444444444 0.62222222222
5147 0.55555555556 0.62222222222
5148 0.56666666667 0.62222222222
5149 0.57777777778 0.62222222222
5150 0.58888888889 0.62222222222
5151 0.60000000000 0.62222222222
5152 0.61111111111 0.62222222222
5153 0.62222222222 0.62222222222
5154 0.63333333333 0.62222222222
5155 0.64444444444 0.62222222222
5156 0.65555555556 0.62222222222
5157 0.66666666667 0.62222222222
5158 0.67777777778 0.62222222222
5159 0.68888888889 0.62222222222
5160 0.70000000000 0.62222222222
5161 0.71111111111 0.62222222222
5162 0.72222222222 0.62222222222
5163 0.73333333333 0.62222222222
5164 0.74444444444 0.62222222222
5165 0.75555555556 0.62222222222
5166 0.76666666667 0.62222222222
5167 0.77777777778 0.62222222222
5168 0.78888888889 0.62222222222
5169 0.80000000000 0.62222222222
5170 0.81111111111 0.62222222222
5171 0.82222222222 0.62222222222
5172 0.83333333333 0.62222222222
5173 0.84444444444 0.62222222222
5174 0.85555555556 0.62222222222
5175 0.86666666667 0.62222222222
5176 0.87777777778 0.62222222222
5177 0.88888888889 0.62222222222
5178 0.90000000000 0.62222222222
5179 0.91111111111 0.62222222222
5180 0.92222222222 0.62222222222
5181 0.93333333333 0.62222222222
5182 0.94444444444 0.62222222222
5183 0.95555555556 0.62222222222
5184 0.96666666667 0.62222222222
5185 0.97777777778 0.62222222222
5186 0.98888888889 0.62222222222
5187 1.00000000000 0.62222222222
5188 0.00000000000 0.63333333333
5189 0.01111111111 0.63333333333
5190 0.02222222222 0.63333333333
5191 0.03333333333 0.63333333333
5192 0.04444444444 0.63333333333
5193 0.05555555556 0.63333333333
5194 0.06666666667 0.63333333333
5195 0.07777777778 0.63333333333
5196 0.08888888889 0.63333333333
5197 0.10000000000 0.63333333333
5198 0.11111111111 0.63333333333
5199 0.12222222222 0.63333333333
5200 0.13333333333 0.63333333333
5201 0.14444444444 0.63333333333
5202 0.15555555556 0.63333333333
5203 0.16666666667 0.63333333333
5204 0.17777777778 0.63333333333
5205 0.18888888889 0.63333333333
5206 0.20000000000 0.63333333333
5207 0.21111111111 0.63333333333
5208 0.22222222222 0.63333333333
5209 0.23333333333 0.63333333333
5210 0.24444444444 0.63333333333
5211 0.25555555556 0.63333333333
5212 0.26666666667 0.63333333333
5213 0.27777777778 0.63333333333
5214 0.28888888889 0.63333333333
5215 0.30000000000 0.63333333333
5216 0.31111111111 0.63333333333
5217 0.32222222222 0.63333333333
5218 0.33333333333 0.63333333333
5219 0.34444444444 0.63333333333
5220 0.35555555556 0.63333333333
5221 0.36666666667 0.63333333333
5222 0.37777777778 0.63333333333
5223 0.38888888889 0.63333333333
5224 0.40000000000 0.63333333333
5225 0.41111111111 0.63333333333
5226 0.42222222222 0.63333333333
5227 0.43333333333 0.63333333333
5228 0.44444444444 0.63333333333
5229 0.45555555556 0.63333333333
5230 0.46666666667 0.63333333333
5231 0.47777777778 0.63333333333
5232 0.48888888889 0.63333333333
5233 0.50000000000 0.63333333333
5234 0.51111111111 0.63333333333
5235 0.52222222222 0.63333333333
5236 0.53333333333 0.63333333333
5237 0.54444444444 0.63333333333
5238 0.55555555556 0.63333333333
5239 0.56666666667 0.63333333333
5240 0.57777777778 0.63333333333
5241 0.58888888889 0.63333333333
5242 0.60000000000 0.63333333333
5243 0.61111111111 0.63333333333
5244 0.62222222222 0.63333333333
5245 0.63333333333 0.63333333333
5246 0.64444444444 0.63333333333
5247 0.65555555556 0.63333333333
5248 0.66666666667 0.63333333333
5249 0.67777777778 0.63333333333
5250 0.68888888889 0.63333333333
5251 0.70000000000 0.63333333333
5252 0.71111111111 0.63333333333
5253 0.72222222222 0.63333333333
5254 0.73333333333 0.63333333333
5255 0.74444444444 0.63333333333
5256 0.75555555556 0.63333333333
5257 0.76666666667 0.63333333333
5258 0.77777777778 0.63333333333
5259 0.78888888889 0.63333333333
5260 0.80000000000 0.63333333333
5261 0.81111111111 0.63333333333
5262 0.82222222222 0.63333333333
5263 0.83333333333 0.63333333333
5264 0.84444444444 0.63333333333
5265 0.85555555556 0.63333333333
5266 0.86666666667 0.63333333333
5267 0.87777777778 0.63333333333
5268 0.88888888889 0.63333333333
5269 0.90000000000 0.63333333333
5270 0.91111111111 0.63333333333
5271 0.92222222222 0.63333333333
5272 0.93333333333 0.63333333333
5273 0.94444444444 0.63333333333
5274 0.95555555556 0.63333333333
5275 0.96666666667 0.63333333333
5276 0.97777777778 0.63333333333
5277 0.98888888889 0.63333333333
5278 1.00000000000 0.63333333333
5279 0.00000000000 0.64444444444
5280 0.01111111111 0.64444444444
5281 0.02222222222 0.64444444444
5282 0.03333333333 0.64444444444
5283 0.04444444444 0.64444444444
5284 0.05555555556 0.64444444444
5285 0.06666666667 0.64444444444
5286 0.07777777778 0.64444444444
5287 0.08888888889 0.64444444444
5288 0.10000000000 0.64444444444
5289 0.11111111111 0.64444444444
5290 0.12222222222 0.64444444444
5291 0.13333333333 0.64444444444
5292 0.14444444444 0.64444444444
5293 0.15555555556 0.64444444444
5294 0.16666666667 0.64444444444
5295 0.17777777778 0.64444444444
5296 0.18888888889 0.64444444444
5297 0.20000000000 0.64444444444
5298 0.21111111111 0.64444444444
5299 0.22222222222 0.64444444444
5300 0.23333333333 0.64444444444
5301 0.24444444444 0.64444444444
5302 0.25555555556 0.64444444444
5303 0.26666666667 0.64444444444
5304 0.27777777778 0.64444444444
5305 0.28888888889 0.64444444444
5306 0.30000000000 0.64444444444
5307 0.31111111111 0.64444444444
5308 0.32222222222 0.64444444444
5309 0.33333333333 0.64444444444
5310 0.34444444444 0.64444444444
5311 0.35555555556 0.64444444444
5312 0.36666666667 0.64444444444
5313 0.37777777778 0.64444444444
5314 0.38888888889 0.64444444444
5315 0.40000000000 0.64444444444
5316 0.41111111111 0.64444444444
5317 0.42222222222 0.64444444444
5318 0.43333333333 0.64444444444
5319 0.44444444444 0.64444444444
5320 0.45555555556 0.64444444444
5321 0.46666666667 0.64444444444
5322 0.47777777778 0.64444444444
5323 0.48888888889 0.64444444444
5324 0.50000000000 0.64444444444
5325 0.51111111111 0.64444444444
5326 0.52222222222 0.64444444444
5327 0.53333333333 0.64444444444
5328 0.54444444444 0.64444444444
5329 0.55555555556 0.64444444444
5330 0.56666666667 0.64444444444
5331 0.57777777778 0.64444444444
5332 0.58888888889 0.64444444444
5333 0.60000000000 0.64444444444
5334 0.61111111111 0.64444444444
5335 0.62222222222 0.64444444444
5336 0.63333333333 0.64444444444
5337 0.64444444444 0.64444444444
5338 0.65555555556 0.64444444444
5339 0.66666666667 0.64444444444
5340 0.67777777778 0.64444444444
5341 0.68888888889 0.64444444444
5342 0.70000000000 0.64444444444
5343 0.71111111111 0.64444444444
5344 0.72222222222 0.64444444444
5345 0.73333333333 0.64444444444
5346 0.74444444444 0.64444444444
5347 0.75555555556 0.64444444444
5348 0.76666666667 0.64444444444
5349 0.77777777778 0.64444444444
5350 0.78888888889 0.64444444444
5351 0.80000000000 0.64444444444
5352 0.81111111111 0.64444444444
5353 0.82222222222 0.64444444444
5354 0.83333333333 0.64444444444
5355 0.84444444444 0.64444444444
5356 0.85555555556 0.64444444444
5357 0.86666666667 0.64444444444
5358 0.87777777778 0.64444444444
5359 0.88888888889 0.64444444444
5360 0.90000000000 0.64444444444
5361 0.91111111111 0.64444444444
5362 0.92222222222 0.64444444444
5363 0.93333333333 0.64444444444
5364 0.94444444444 0.64444444444
5365 0.95555555556 0.64444444444
5366 0.96666666667 0.64444444444
5367 0.97777777778 0.64444444444
5368 0.98888888889 0.64444444444
5369 1.00000000000 0.64444444444
5370 0.00000000000 0.65555555556
5371 0.01111111111 0.65555555556
5372 0.02222222222 0.65555555556
5373 0.03333333333 0.65555555556
5374 0.04444444444 0.65555555556
5375 0.05555555556 0.65555555556
5376 0.06666666667 0.65555555556
5377 0.07777777778 0.65555555556
5378 0.08888888889 0.65555555556
5379 0.10000000000 0.65555555556
5380 0.11111111111 0.65555555556
5381 0.12222222222 0.65555555556
5382 0.13333333333 0.65555555556
5383 0.14444444444 0.65555555556
5384 0.15555555556 0.65555555556
5385 0.16666666667 0.65555555556
5386 0.17777777778 0.65555555556
5387 0.18888888889 0.65555555556
5388 0.20000000000 0.65555555556
5389 0.21111111111 0.65555555556
5390 0.22222222222 0.65555555556
5391 0.23333333333 0.65555555556
5392 0.24444444444 0.65555555556
5393 0.25555555556 0.65555555556
5394 0.26666666667 0.65555555556
5395 0.27777777778 0.65555555556
5396 0.28888888889 0.65555555556
5397 0.30000000000 0.65555555556
5398 0.31111111111 0.65555555556
5399 0.32222222222 0.65555555556
5400 0.33333333333 0.65555555556
5401 0.34444444444 0.65555555556
5402 0.35555555556 0.65555555556
5403 0.36666666667 0.65555555556
5404 0.37777777778 0.65555555556
5405 0.38888888889 0.65555555556
5406 0.40000000000 0.65555555556
5407 0.41111111111 0.65555555556
5408 0.42222222222 0.65555555556
5409 0.43333333333 0.65555555556
5410 0.44444444444 0.65555555556
5411 0.45555555556 0.65555555556
5412 0.46666666667 0.65555555556
5413 0.47777777778 0.65555555556
5414 0.48888888889 0.65555555556
5415 0.50000000000 0.65555555556
5416 0.51111111111 0.65555555556
5417 0.52222222222 0.65555555556
5418 0.53333333333 0.65555555556
5419 0.54444444444 0.65555555556
5420 0.55555555556 0.65555555556
5421 0.56666666667 0.65555555556
5422 0.57777777778 0.65555555556
5423 0.58888888889 0.65555555556
5424 0.60000000000 0.65555555556
5425 0.61111111111 0.65555555556
5426 0.62222222222 0.65555555556
5427 0.63333333333 0.65555555556
5428 0.64444444444 0.65555555556
5429 0.65555555556 0.65555555556
5430 0.66666666667 0.65555555556
5431 0.67777777778 0.65555555556
5432 0.68888888889 0.65555555556
5433 0.70000000000 0.65555555556
5434 0.71111111111 0.65555555556
5435 0.72222222222 0.65555555556
5436 0.73333333333 0.65555555556
5437 0.74444444444 0.65555555556
5438 0.75555555556 0.65555555556
5439 0.76666666667 0.65555555556
5440 0.77777777778 0.65555555556
5441 0.78888888889 0.65555555556
5442 0.80000000000 0.65555555556
5443 0.81111111111 0.65555555556
5444 0.82222222222 0.65555555556
5445 0.83333333333 0.65555555556
5446 0.84444444444 0.65555555556
5447 0.85555555556 0.65555555556
5448 0.86666666667 0.65555555556
5449 0.87777777778 0.65555555556
5450 0.88888888889 0.65555555556
5451 0.90000000000 0.65555555556
5452 0.91111111111 0.65555555556
5453 0.92222222222 0.65555555556
5454 0.93333333333 0.65555555556
5455 0.94444444444 0.65555555556
5456 0.95555555556 0.65555555556
5457 0.96666666667 0.65555555556
5458 0.97777777778 0.65555555556
5459 0.98888888889 0.65555555556
5460 1.00000000000 0.65555555556
5461 0.00000000000 0.66666666667
5462 0.01111111111 0.66666666667
5463 0.02222222222 0.66666666667
5464 0.03333333333 0.66666666667
5465 0.04444444444 0.66666666667
5466 0.05555555556 0.66666666667
5467 0.06666666667 0.66666666667
5468 0.07777777778 0.66666666667
5469 0.08888888889 0.66666666667
5470 0.10000000000 0.66666666667
5471 0.11111111111 0.66666666667
5472 0.12222222222 0.66666666667
5473 0.13333333333 0.66666666667
5474 0.14444444444 0.66666666667
5475 0.15555555556 0.66666666667
5476 0.16666666667 0.66666666667
5477 0.17777777778 0.66666666667
5478 0.18888888889 0.66666666667
5479 0.20000000000 0.66666666667
5480 0.21111111111 0.66666666667
5481 0.22222222222 0.66666666667
5482 0.23333333333 0.66666666667
5483 0.24444444444 0.66666666667
5484 0.25555555556 0.66666666667
5485 0.26666666667 0.66666666667
5486 0.27777777778 0.66666666667
5487 0.28888888889 0.66666666667
5488 0.30000000000 0.66666666667
5489 0.31111111111 0.66666666667
5490 0.32222222222 0.66666666667
5491 0.33333333333 0.66666666667
5492 0.34444444444 0.66666666667
5493 0.35555555556 0.66666666667
5494 0.36666666667 0.66666666667
5495 0.37777777778 0.66666666667
5496 0.38888888889 0.66666666667
5497 0.40000000000 0.66666666667
5498 0.41111111111 0.66666666667
5499 0.42222222222 0.66666666667
5500 0.43333333333 0.66666666667
5501 0.44444444444 0.66666666667
5502 0.45555555556 0.66666666667
5503 0.46666666667 0.66666666667
5504 0.47777777778 0.66666666667
5505 0.48888888889 0.66666666667
5506 0.50000000000 0.66666666667
5507 0.51111111111 0.66666666667
5508 0.52222222222 0.66666666667
5509 0.53333333333 0.66666666667
5510 0.54444444444 0.66666666667
5511 0.55555555556 0.66666666667
5512 0.56666666667 0.66666666667
5513 0.57777777778 0.66666666667
5514 0.58888888889 0.66666666667
5515 0.60000000000 0.66666666667
5516 0.61111111111 0.66666666667
5517 0.62222222222 0.66666666667
5518 0.63333333333 0.66666666667
5519 0.64444444444 0.66666666667
5520 0.65555555556 0.66666666667
5521 0.66666666667 0.66666666667
5522 0.67777777778 0.66666666667
5523 0.68888888889 0.66666666667
5524 0.70000000000 0.66666666667
5525 0.71111111111 0.66666666667
5526 0.72222222222 0.66666666667
5527 0.73333333333 0.66666666667
5528 0.74444444444 0.66666666667
5529 0.75555555556 0.66666666667
5530 0.76666666667 0.66666666667
5531 0.77777777778 0.66666666667
5532 0.78888888889 0.66666666667
5533 0.80000000000 0.66666666667
5534 0.81111111111 0.66666666667
5535 0.82222222222 0.66666666667
5536 0.83333333333 0.66666666667
5537 0.84444444444 0.66666666667
5538 0.85555555556 0.66666666667
5539 0.86666666667 0.66666666667
5540 0.87777777778 0.66666666667
5541 0.88888888889 0.66666666667
5542 0.90000000000 0.66666666667
5543 0.91111111111 0.66666666667
5544 0.92222222222 0.66666666667
5545 0.93333333333 0.66666666667
5546 0.94444444444 0.66666666667
5547 0.95555555556 0.66666666667
5548 0.96666666667 0.66666666667
5549 0.97777777778 0.66666666667
5550 0.98888888889 0.66666666667
5551 1.00000000000 0.66666666667
5552 0.00000000000 0.67777777778
5553 0.01111111111 0.67777777778
5554 0.02222222222 0.67777777778
5555 0.03333333333 0.67777777778
5556 0.04444444444 0.67777777778
5557 0.05555555556 0.67777777778
5558 0.06666666667 0.67777777778
5559 0.07777777778 0.67777777778
5560 0.08888888889 0.67777777778
5561 0.10000000000 0.67777777778
5562 0.11111111111 0.67777777778
5563 0.12222222222 0.67777777778
5564 0.13333333333 0.67777777778
5565 0.14444444444 0.67777777778
5566 0.15555555556 0.67777777778
5567 0.16666666667 0.67777777778
5568 0.17777777778 0.67777777778
5569 0.18888888889 0.67777777778
5570 0.20000000000 0.67777777778
5571 0.21111111111 0.67777777778
5572 0.22222222222 0.67777777778
5573 0.23333333333 0.67777777778
5574 0.24444444444 0.67777777778
5575 0.25555555556 0.67777777778
5576 0.26666666667 0.67777777778
5577 0.27777777778 0.67777777778
5578 0.28888888889 0.67777777778
5579 0.30000000000 0.67777777778
5580 0.31111111111 0.67777777778
5581 0.32222222222 0.67777777778
5582 0.33333333333 0.67777777778
5583 0.34444444444 0.67777777778
5584 0.35555555556 0.67777777778
5585 0.36666666667 0.67777777778
5586 0.37777777778 0.67777777778
5587 0.38888888889 0.67777777778
5588 0.40000000000 0.67777777778
5589 0.41111111111 0.67777777778
5590 0.42222222222 0.67777777778
5591 0.43333333333 0.67777777778
5592 0.44444444444 0.67777777778
5593 0.45555555556 0.67777777778
5594 0.46666666667 0.67777777778
5595 0.47777777778 0.67777777778
5596 0.48888888889 0.67777777778
5597 0.50000000000 0.67777777778
5598 0.51111111111 0.67777777778
5599 0.52222222222 0.67777777778
5600 0.53333333333 0.67777777778
5601 0.54444444444 0.67777777778
5602 0.55555555556 0.67777777778
5603 0.56666666667 0.67777777778
5604 0.57777777778 0.67777777778
5605 0.58888888889 0.67777777778
5606 0.60000000000 0.67777777778
5607 0.61111111111 0.67777777778
5608 0.62222222222 0.67777777778
5609 0.63333333333 0.67777777778
5610 0.64444444444 0.67777777778
5611 0.65555555556 0.67777777778
5612 0.66666666667 0.67777777778
5613 0.67777777778 0.67777777778
5614 0.68888888889 0.67777777778
5615 0.70000000000 0.67777777778
5616 0.71111111111 0.67777777778
5617 0.72222222222 0.67777777778
5618 0.73333333333 0.67777777778
5619 0.74444444444 0.67777777778
5620 0.75555555556 0.67777777778
5621 0.76666666667 0.67777777778
5622 0.77777777778 0.67777777778
5623 0.78888888889 0.67777777778
5624 0.80000000000 0.67777777778
5625 0.81111111111 0.67777777778
5626 0.82222222222 0.67777777778
5627 0.83333333333 0.67777777778
5628 0.84444444444 0.67777777778
5629 0.85555555556 0.67777777778
5630 0.86666666667 0.67777777778
5631 0.87777777778 0.67777777778
5632 0.88888888889 0.67777777778
5633 0.90000000000 0.67777777778
5634 0.91111111111 0.67777777778
5635 0.92222222222 0.67777777778
5636 0.93333333333 0.67777777778
5637 0.94444444444 0.67777777778
5638 0.95555555556 0.67777777778
5639 0.96666666667 0.67777777778
5640 0.97777777778 0.67777777778
5641 0.98888888889 0.67777777778
5642 1.00000000000 0.67777777778
5643 0.00000000000 0.68888888889
5644 0.01111111111 0.68888888889
5645 0.02222222222 0.68888888889
5646 0.03333333333 0.68888888889
5647 0.04444444444 0.68888888889
5648 0.05555555556 0.68888888889
5649 0.06666666667 0.68888888889
5650 0.07777777778 0.68888888889
5651 0.08888888889 0.68888888889
5652 0.10000000000 0.68888888889
5653 0.11111111111 0.68888888889
5654 0.12222222222 0.68888888889
5655 0.13333333333 0.68888888889
5656 0.14444444444 0.68888888889
5657 0.15555555556 0.68888888889
5658 0.16666666667 0.68888888889
5659 0.17777777778 0.68888888889
5660 0.18888888889 0.68888888889
5661 0.20000000000 0.68888888889
5662 0.21111111111 0.68888888889
5663 0.22222222222 0.68888888889
5664 0.23333333333 0.68888888889
5665 0.24444444444 0.68888888889
5666 0.25555555556 0.68888888889
5667 0.26666666667 0.68888888889
5668 0.27777777778 0.68888888889
5669 0.28888888889 0.68888888889
5670 0.30000000000 0.68888888889
5671 0.31111111111 0.68888888889
5672 0.32222222222 0.68888888889
5673 0.33333333333 0.68888888889
5674 0.34444444444 0.68888888889
5675 0.35555555556 0.68888888889
5676 0.36666666667 0.68888888889
5677 0.37777777778 0.68888888889
5678 0.38888888889 0.68888888889
5679 0.40000000000 0.68888888889
5680 0.41111111111 0.68888888889
5681 0.42222222222 0.68888888889
5682 0.43333333333 0.68888888889
5683 0.44444444444 0.68888888889
5684 0.45555555556 0.68888888889
5685 0.46666666667 0.68888888889
5686 0.47777777778 0.68888888889
5687 0.48888888889 0.68888888889
5688 0.50000000000 0.68888888889
5689 0.51111111111 0.68888888889
5690 0.52222222222 0.68888888889
5691 0.53333333333 0.68888888889
5692 0.54444444444 0.68888888889
5693 0.55555555556 0.68888888889
5694 0.56666666667 0.68888888889
5695 0.57777777778 0.68888888889
5696 0.58888888889 0.68888888889
5697 0.60000000000 0.68888888889
5698 0.61111111111 0.68888888889
5699 0.62222222222 0.68888888889
5700 0.63333333333 0.68888888889
5701 0.64444444444 0.68888888889
5702 0.65555555556 0.68888888889
5703 0.66666666667 0.68888888889
5704 0.67777777778 0.68888888889
5705 0.68888888889 0.68888888889
5706 0.70000000000 0.68888888889
5707 0.71111111111 0.68888888889
5708 0.72222222222 0.68888888889
5709 0.73333333333 0.68888888889
5710 0.74444444444 0.68888888889
5711 0.75555555556 0.68888888889
5712 0.76666666667 0.68888888889
5713 0.77777777778 0.68888888889
5714 0.78888888889 0.68888888889
5715 0.80000000000 0.68888888889
5716 0.81111111111 0.68888888889
5717 0.82222222222 0.68888888889
5718 0.83333333333 0.68888888889
5719 0.84444444444 0.68888888889
5720 0.85555555556 0.68888888889
5721 0.86666666667 0.68888888889
5722 0.87777777778 0.68888888889
5723 0.88888888889 0.68888888889
5724 0.90000000000 0.68888888889
5725 0.91111111111 0.68888888889
5726 0.92222222222 0.68888888889
5727 0.93333333333 0.68888888889
5728 0.94444444444 0.68888888889
5729 0.95555555556 0.68888888889
5730 0.96666666667 0.68888888889
5731 0.97777777778 0.68888888889
5732 0.98888888889 0.68888888889
5733 1.00000000000 0.68888888889
5734 0.00000000000 0.70000000000
5735 0.01111111111 0.70000000000
5736 0.02222222222 0.70000000000
5737 0.03333333333 0.70000000000
5738 0.04444444444 0.70000000000
5739 0.05555555556 0.70000000000
5740 0.06666666667 0.70000000000
5741 0.07777777778 0.70000000000
5742 0.08888888889 0.70000000000
5743 0.10000000000 0.70000000000
5744 0.11111111111 0.70000000000
5745 0.12222222222 0.70000000000
5746 0.13333333333 0.70000000000
5747 0.14444444444 0.70000000000
5748 0.15555555556 0.70000000000
5749 0.16666666667 0.70000000000
5750 0.17777777778 0.70000000000
5751 0.18888888889 0.70000000000
5752 0.20000000000 0.70000000000
5753 0.21111111111 0.70000000000
5754 0.22222222222 0.70000000000
5755 0.23333333333 0.70000000000
5756 0.24444444444 0.70000000000
5757 0.25555555556 0.70000000000
5758 0.26666666667 0.70000000000
5759 0.27777777778 0.70000000000
5760 0.28888888889 0.70000000000
5761 0.30000000000 0.70000000000
5762 0.31111111111 0.70000000000
5763 0.32222222222 0.70000000000
5764 0.33333333333 0.70000000000
5765 0.34444444444 0.70000000000
5766 0.35555555556 0.70000000000
5767 0.36666666667 0.70000000000
5768 0.37777777778 0.70000000000
5769 0.38888888889 0.70000000000
5770 0.40000000000 0.70000000000
5771 0.41111111111 0.70000000000
5772 0.42222222222 0.70000000000
5773 0.43333333333 0.70000000000
5774 0.44444444444 0.70000000000
5775 0.45555555556 0.70000000000
5776 0.46666666667 0.70000000000
5777 0.47777777778 0.70000000000
5778 0.48888888889 0.70000000000
5779 0.50000000000 0.70000000000
5780 0.51111111111 0.70000000000
5781 0.52222222222 0.70000000000
5782 0.53333333333 0.70000000000
5783 0.54444444444 0.70000000000
5784 0.55555555556 0.70000000000
5785 0.56666666667 0.70000000000
5786 0.57777777778 0.70000000000
5787 0.58888888889 0.70000000000
5788 0.60000000000 0.70000000000
5789 0.61111111111 0.70000000000
5790 0.62222222222 0.70000000000
5791 0.63333333333 0.70000000000
5792 0.64444444444 0.70000000000
5793 0.65555555556 0.70000000000
5794 0.66666666667 0.70000000000
5795 0.67777777778 0.70000000000
5796 0.68888888889 0.70000000000
5797 0.70000000000 0.70000000000
5798 0.71111111111 0.70000000000
5799 0.72222222222 0.70000000000
5800 0.73333333333 0.70000000000
5801 0.74444444444 0.70000000000
5802 0.75555555556 0.70000000000
5803 0.76666666667 0.70000000000
5804 0.77777777778 0.70000000000
5805 0.78888888889 0.70000000000
5806 0.80000000000 0.70000000000
5807 0.81111111111 0.70000000000
5808 0.82222222222 0.70000000000
5809 0.83333333333 0.70000000000
5810 0.84444444444 0.70000000000
5811 0.85555555556 0.70000000000
5812 0.86666666667 0.70000000000
5813 0.87777777778 0.70000000000
5814 0.88888888889 0.70000000000
5815 0.90000000000 0.70000000000
5816 0.91111111111 0.70000000000
5817 0.92222222222 0.70000000000
5818 0.93333333333 0.70000000000
5819 0.94444444444 0.70000000000
5820 0.95555555556 0.70000000000
5821 0.96666666667 0.70000000000
5822 0.97777777778 0.70000000000
5823 0.98888888889 0.70000000000
5824 1.00000000000 0.70000000000
5825 0.00000000000 0.71111111111
5826 0.01111111111 0.71111111111
5827 0.02222222222 0.71111111111
5828 0.03333333333 0.71111111111
5829 0.04444444444 0.71111111111
5830 0.05555555556 0.71111111111
5831 0.06666666667 0.71111111111
5832 0.07777777778 0.71111111111
5833 0.08888888889 0.71111111111
5834 0.10000000000 0.71111111111
5835 0.11111111111 0.71111111111
5836 0.12222222222 0.71111111111
5837 0.13333333333 0.71111111111
5838 0.14444444444 0.71111111111
5839 0.15555555556 0.71111111111
5840 0.16666666667 0.71111111111
5841 0.17777777778 0.71111111111
5842 0.18888888889 0.71111111111
5843 0.20000000000 0.71111111111
5844 0.21111111111 0.71111111111
5845 0.22222222222 0.71111111111
5846 0.23333333333 0.71111111111
5847 0.24444444444 0.71111111111
5848 0.25555555556 0.71111111111
5849 0.26666666667 0.71111111111
5850 0.27777777778 0.71111111111
5851 0.28888888889 0.71111111111
5852 0.30000000000 0.71111111111
5853 0.31111111111 0.71111111111
5854 0.32222222222 0.71111111111
5855 0.33333333333 0.71111111111
5856 0.34444444444 0.71111111111
5857 0.35555555556 0.71111111111
5858 0.36666666667 0.71111111111
5859 0.37777777778 0.71111111111
5860 0.38888888889 0.71111111111
5861 0.40000000000 0.71111111111
5862 0.41111111111 0.71111111111
5863 0.42222222222 0.71111111111
5864 0.43333333333 0.71111111111
5865 0.44444444444 0.71111111111
5866 0.45555555556 0.71111111111
5867 0.46666666667 0.71111111111
5868 0.47777777778 0.71111111111
5869 0.48888888889 0.71111111111
5870 0.50000000000 0.71111111111
5871 0.51111111111 0.71111111111
5872 0.52222222222 0.71111111111
5873 0.53333333333 0.71111111111
5874 0.54444444444 0.71111111111
5875 0.55555555556 0.71111111111
5876 0.56666666667 0.71111111111
5877 0.57777777778 0.71111111111
5878 0.58888888889 0.71111111111
5879 0.60000000000 0.71111111111
5880 0.61111111111 0.71111111111
5881 0.62222222222 0.71111111111
5882 0.63333333333 0.71111111111
5883 0.64444444444 0.71111111111
5884 0.65555555556 0.71111111111
5885 0.66666666667 0.71111111111
5886 0.67777777778 0.71111111111
5887 0.68888888889 0.71111111111
5888 0.70000000000 0.71111111111
5889 0.71111111111 0.71111111111
5890 0.72222222222 0.71111111111
5891 0.73333333333 0.71111111111
5892 0.74444444444 0.71111111111
5893 0.75555555556 0.71111111111
5894 0.76666666667 0.71111111111
5895 0.77777777778 0.71111111111
5896 0.78888888889 0.71111111111
5897 0.80000000000 0.71111111111
5898 0.81111111111 0.71111111111
5899 0.82222222222 0.71111111111
5900 0.83333333333 0.71111111111
5901 0.84444444444 0.71111111111
5902 0.85555555556 0.71111111111
5903 0.86666666667 0.71111111111
5904 0.87777777778 0.71111111111
5905 0.88888888889 0.71111111111
5906 0.90000000000 0.71111111111
5907 0.91111111111 0.71111111111
5908 0.92222222222 0.71111111111
5909 0.93333333333 0.71111111111
5910 0.94444444444 0.71111111111
5911 0.95555555556 0.71111111111
5912 0.96666666667 0.71111111111
5913 0.97777777778 0.71111111111
5914 0.98888888889 0.71111111111
5915 1.00000000000 0.71111111111
5916 0.00000000000 0.72222222222
5917 0.01111111111 0.72222222222
5918 0.02222222222 0.72222222222
5919 0.03333333333 0.72222222222
5920 0.04444444444 0.72222222222
5921 0.05555555556 0.72222222222
5922 0.06666666667 0.72222222222
5923 0.07777777778 0.72222222222
5924 0.08888888889 0.72222222222
5925 0.10000000000 0.72222222222
5926 0.11111111111 0.72222222222
5927 0.12222222222 0.72222222222
5928 0.13333333333 0.72222222222
5929 0.14444444444 0.72222222222
5930 0.15555555556 0.72222222222
5931 0.16666666667 0.72222222222
5932 0.17777777778 0.72222222222
5933 0.18888888889 0.72222222222
5934 0.20000000000 0.72222222222
5935 0.21111111111 0.72222222222
5936 0.22222222222 0.72222222222
5937 0.23333333333 0.72222222222
5938 0.24444444444 0.72222222222
5939 0.25555555556 0.72222222222
5940 0.26666666667 0.72222222222
5941 0.27777777778 0.72222222222
5942 0.28888888889 0.72222222222
5943 0.30000000000 0.72222222222
5944 0.31111111111 0.72222222222
5945 0.32222222222 0.72222222222
5946 0.33333333333 0.72222222222
5947 0.34444444444 0.72222222222
5948 0.35555555556 0.72222222222
5949 0.36666666667 0.72222222222
5950 0.37777777778 0.72222222222
5951 0.38888888889 0.72222222222
5952 0.40000000000 0.72222222222
5953 0.41111111111 0.72222222222
5954 0.42222222222 0.72222222222
5955 0.43333333333 0.72222222222
5956 0.44444444444 0.72222222222
5957 0.45555555556 0.72222222222
5958 0.46666666667 0.72222222222
5959 0.47777777778 0.72222222222
5960 0.48888888889 0.72222222222
5961 0.50000000000 0.72222222222
5962 0.51111111111 0.72222222222
5963 0.52222222222 0.72222222222
5964 0.53333333333 0.72222222222
5965 0.54444444444 0.72222222222
5966 0.55555555556 0.72222222222
5967 0.56666666667 0.72222222222
5968 0.57777777778 0.72222222222
5969 0.58888888889 0.72222222222
5970 0.60000000000 0.72222222222
5971 0.61111111111 0.72222222222
5972 0.62222222222 0.72222222222
5973 0.63333333333 0.72222222222
5974 0.64444444444 0.72222222222
5975 0.65555555556 0.72222222222
5976 0.66666666667 0.72222222222
5977 0.67777777778 0.72222222222
5978 0.68888888889 0.72222222222
5979 0.70000000000 0.72222222222
5980 0.71111111111 0.72222222222
5981 0.72222222222 0.72222222222
5982 0.73333333333 0.72222222222
5983 0.74444444444 0.72222222222
5984 0.75555555556 0.72222222222
5985 0.76666666667 0.72222222222
5986 0.77777777778 0.72222222222
5987 0.78888888889 0.72222222222
5988 0.80000000000 0.72222222222
5989 0.81111111111 0.72222222222
5990 0.82222222222 0.72222222222
5991 0.83333333333 0.72222222222
5992 0.84444444444 0.72222222222
5993 0.85555555556 0.72222222222
5994 0.86666666667 0.72222222222
5995 0.87777777778 0.72222222222
5996 0.88888888889 0.72222222222
5997 0.90000000000 0.72222222222
5998 0.91111111111 0.72222222222
5999 0.92222222222 0.72222222222
6000 0.93333333333 0.72222222222
6001 0.94444444444 0.72222222222
6002 0.95555555556 0.72222222222
6003 0.96666666667 0.72222222222
6004 0.97777777778 0.72222222222
6005 0.98888888889 0.72222222222
6006 1.00000000000 0.72222222222
6007 0.00000000000 0.73333333333
6008 0.01111111111 0.73333333333
6009 0.02222222222 0.73333333333
6010 0.03333333333 0.73333333333
6011 0.04444444444 0.73333333333
6012 0.05555555556 0.73333333333
6013 0.06666666667 0.73333333333
6014 0.07777777778 0.73333333333
6015 0.08888888889 0.73333333333
6016 0.10000000000 0.73333333333
6017 0.11111111111 0.73333333333
6018 0.12222222222 0.73333333333
6019 0.13333333333 0.73333333333
6020 0.14444444444 0.73333333333
6021 0.15555555556 0.73333333333
6022 0.16666666667 0.73333333333
6023 0.17777777778 0.73333333333
6024 0.18888888889 0.73333333333
6025 0.20000000000 0.73333333333
6026 0.21111111111 0.73333333333
6027 0.22222222222 0.73333333333
6028 0.23333333333 0.73333333333
6029 0.24444444444 0.73333333333
6030 0.25555555556 0.73333333333
6031 0.26666666667 0.73333333333
6032 0.27777777778 0.73333333333
6033 0.28888888889 0.73333333333
6034 0.30000000000 0.73333333333
6035 0.31111111111 0.73333333333
6036 0.32222222222 0.73333333333
6037 0.33333333333 0.73333333333
6038 0.34444444444 0.73333333333
6039 0.35555555556 0.73333333333
6040 0.36666666667 0.73333333333
6041 0.37777777778 0.73333333333
6042 0.38888888889 0.73333333333
6043 0.40000000000 0.73333333333
6044 0.41111111111 0.73333333333
6045 0.42222222222 0.73333333333
6046 0.43333333333 0.73333333333
6047 0.44444444444 0.73333333333
6048 0.45555555556 0.73333333333
6049 0.46666666667 0.73333333333
6050 0.47777777778 0.73333333333
6051 0.48888888889 0.73333333333
6052 0.50000000000 0.73333333333
6053 0.51111111111 0.73333333333
6054 0.52222222222 0.73333333333
6055 0.53333333333 0.73333333333
6056 0.54444444444 0.73333333333
6057 0.55555555556 0.73333333333
6058 0.56666666667 0.73333333333
6059 0.57777777778 0.73333333333
6060 0.58888888889 0.73333333333
6061 0.60000000000 0.73333333333
6062 0.61111111111 0.73333333333
6063 0.62222222222 0.73333333333
6064 0.63333333333 0.73333333333
6065 0.64444444444 0.73333333333
6066 0.65555555556 0.73333333333
6067 0.66666666667 0.73333333333
6068 0.67777777778 0.73333333333
6069 0.68888888889 0.73333333333
6070 0.70000000000 0.73333333333
6071 0.71111111111 0.73333333333
6072 0.72222222222 0.73333333333
6073 0.73333333333 0.73333333333
6074 0.74444444444 0.73333333333
6075 0.75555555556 0.73333333333
6076 0.76666666667 0.73333333333
6077 0.77777777778 0.73333333333
6078 0.78888888889 0.73333333333
6079 0.80000000000 0.73333333333
6080 0.81111111111 0.73333333333
6081 0.82222222222 0.73333333333
6082 0.83333333333 0.73333333333
6083 0.84444444444 0.73333333333
6084 0.85555555556 0.73333333333
6085 0.86666666667 0.73333333333
6086 0.87777777778 0.73333333333
6087 0.88888888889 0.73333333333
6088 0.90000000000 0.73333333333
6089 0.91111111111 0.73333333333
6090 0.92222222222 0.73333333333
6091 0.93333333333 0.73333333333
6092 0.94444444444 0.73333333333
6093 0.95555555556 0.73333333333
6094 0.96666666667 0.73333333333
6095 0.97777777778 0.73333333333
6096 0.98888888889 0.73333333333
6097 1.00000000000 0.73333333333
6098 0.00000000000 0.74444444444
6099 0.01111111111 0.74444444444
6100 0.02222222222 0.74444444444
6101 0.03333333333 0.74444444444
6102 0.04444444444 0.74444444444
6103 0.05555555556 0.74444444444
6104 0.06666666667 0.74444444444
6105 0.07777777778 0.74444444444
6106 0.08888888889 0.74444444444
6107 0.10000000000 0.74444444444
6108 0.11111111111 0.74444444444
6109 0.12222222222 0.74444444444
6110 0.13333333333 0.74444444444
6111 0.14444444444 0.74444444444
6112 0.15555555556 0.74444444444
6113 0.16666666667 0.74444444444
6114 0.17777777778 0.74444444444
6115 0.18888888889 0.74444444444
6116 0.20000000000 0.74444444444
6117 0.21111111111 0.74444444444
6118 0.22222222222 0.74444444444
6119 0.23333333333 0.74444444444
6120 0.24444444444 0.74444444444
6121 0.25555555556 0.74444444444
6122 0.26666666667 0.74444444444
6123 0.27777777778 0.74444444444
6124 0.28888888889 0.74444444444
6125 0.30000000000 0.74444444444
6126 0.31111111111 0.74444444444
6127 0.32222222222 0.74444444444
6128 0.33333333333 0.74444444444
6129 0.34444444444 0.74444444444
6130 0.35555555556 0.74444444444
6131 0.36666666667 0.74444444444
6132 0.37777777778 0.74444444444
6133 0.38888888889 0.74444444444
6134 0.40000000000 0.74444444444
6135 0.41111111111 0.74444444444
6136 0.42222222222 0.74444444444
6137 0.43333333333 0.74444444444
6138 0.44444444444 0.74444444444
6139 0.45555555556 0.74444444444
6140 0.46666666667 0.74444444444
6141 0.47777777778 0.74444444444
6142 0.48888888889 0.74444444444
6143 0.50000000000 0.74444444444
6144 0.51111111111 0.74444444444
6145 0.52222222222 0.74444444444
6146 0.53333333333 0.74444444444
6147 0.54444444444 0.74444444444
6148 0.55555555556 0.74444444444
6149 0.56666666667 0.74444444444
6150 0.57777777778 0.74444444444
6151 0.58888888889 0.74444444444
6152 0.60000000000 0.74444444444
6153 0.61111111111 0.74444444444
6154 0.62222222222 0.74444444444
6155 0.63333333333 0.74444444444
6156 0.64444444444 0.74444444444
6157 0.65555555556 0.74444444444
6158 0.66666666667 0.74444444444
6159 0.67777777778 0.74444444444
6160 0.68888888889 0.74444444444
6161 0.70000000000 0.74444444444
6162 0.71111111111 0.74444444444
6163 0.72222222222 0.74444444444
6164 0.73333333333 0.74444444444
6165 0.74444444444 0.74444444444
6166 0.75555555556 0.74444444444
6167 0.76666666667 0.74444444444
6168 0.77777777778 0.74444444444
6169 0.78888888889 0.74444444444
6170 0.80000000000 0.74444444444
6171 0.81111111111 0.74444444444
6172 0.82222222222 0.74444444444
6173 0.83333333333 0.74444444444
6174 0.84444444444 0.74444444444
6175 0.85555555556 0.74444444444
6176 0.86666666667 0.74444444444
6177 0.87777777778 0.74444444444
6178 0.88888888889 0.74444444444
6179 0.90000000000 0.74444444444
6180 0.91111111111 0.74444444444
6181 0.92222222222 0.74444444444
6182 0.93333333333 0.74444444444
6183 0.94444444444 0.74444444444
6184 0.95555555556 0.74444444444
6185 0.96666666667 0.74444444444
6186 0.97777777778 0.74444444444
6187 0.98888888889 0.74444444444
6188 1.00000000000 0.74444444444
6189 0.00000000000 0.75555555556
6190 0.01111111111 0.75555555556
6191 0.02222222222 0.75555555556
6192 0.03333333333 0.75555555556
6193 0.04444444444 0.75555555556
6194 0.05555555556 0.75555555556
6195 0.06666666667 0.75555555556
6196 0.07777777778 0.75555555556
6197 0.08888888889 0.75555555556
6198 0.10000000000 0.75555555556
6199 0.11111111111 0.75555555556
6200 0.12222222222 0.75555555556
6201 0.13333333333 0.75555555556
6202 0.14444444444 0.75555555556
6203 0.15555555556 0.75555555556
6204 0.16666666667 0.75555555556
6205 0.17777777778 0.75555555556
6206 0.18888888889 0.75555555556
6207 0.20000000000 0.75555555556
6208 0.21111111111 0.75555555556
6209 0.22222222222 0.75555555556
6210 0.23333333333 0.75555555556
6211 0.24444444444 0.75555555556
6212 0.25555555556 0.75555555556
6213 0.26666666667 0.75555555556
6214 0.27777777778 0.75555555556
6215 0.28888888889 0.75555555556
6216 0.30000000000 0.75555555556
6217 0.31111111111 0.75555555556
6218 0.32222222222 0.75555555556
6219 0.33333333333 0.75555555556
6220 0.34444444444 0.75555555556
6221 0.35555555556 0.75555555556
6222 0.36666666667 0.75555555556
6223 0.37777777778 0.75555555556
6224 0.38888888889 0.75555555556
6225 0.40000000000 0.75555555556
6226 0.41111111111 0.75555555556
6227 0.42222222222 0.75555555556
6228 0.43333333333 0.75555555556
6229 0.44444444444 0.75555555556
6230 0.45555555556 0.75555555556
6231 0.46666666667 0.75555555556
6232 0.47777777778 0.75555555556
6233 0.48888888889 0.75555555556
6234 0.50000000000 0.75555555556
6235 0.51111111111 0.75555555556
6236 0.52222222222 0.75555555556
6237 0.53333333333 0.75555555556
6238 0.54444444444 0.75555555556
6239 0.55555555556 0.75555555556
6240 0.56666666667 0.75555555556
6241 0.57777777778 0.75555555556
6242 0.58888888889 0.75555555556
6243 0.60000000000 0.75555555556
6244 0.61111111111 0.75555555556
6245 0.62222222222 0.75555555556
6246 0.63333333333 0.75555555556
6247 0.64444444444 0.75555555556
6248 0.65555555556 0.75555555556
6249 0.66666666667 0.75555555556
6250 0.67777777778 0.75555555556
6251 0.68888888889 0.75555555556
6252 0.70000000000 0.75555555556
6253 0.71111111111 0.75555555556
6254 0.72222222222 0.75555555556
6255 0.73333333333 0.75555555556
6256 0.74444444444 0.75555555556
6257 0.75555555556 0.75555555556
6258 0.76666666667 0.75555555556
6259 0.77777777778 0.75555555556
6260 0.78888888889 0.75555555556
6261 0.80000000000 0.75555555556
6262 0.81111111111 0.75555555556
6263 0.82222222222 0.75555555556
6264 0.83333333333 0.75555555556
6265 0.84444444444 0.75555555556
6266 0.85555555556 0.75555555556
6267 0.86666666667 0.75555555556
6268 0.87777777778 0.75555555556
6269 0.88888888889 0.75555555556
6270 0.90000000000 0.75555555556
6271 0.91111111111 0.75555555556
6272 0.92222222222 0.75555555556
6273 0.93333333333 0.75555555556
6274 0.94444444444 0.75555555556
6275 0.95555555556 0.75555555556
6276 0.96666666667 0.75555555556
6277 0.97777777778 0.75555555556
6278 0.98888888889 0.75555555556
6279 1.00000000000 0.75555555556
6280 0.00000000000 0.76666666667
6281 0.01111111111 0.76666666667
6282 0.02222222222 0.76666666667
6283 0.03333333333 0.76666666667
6284 0.04444444444 0.76666666667
6285 0.05555555556 0.76666666667
6286 0.06666666667 0.76666666667
6287 0.07777777778 0.76666666667
6288 0.08888888889 0.76666666667
6289 0.10000000000 0.76666666667
6290 0.11111111111 0.76666666667
6291 0.12222222222 0.76666666667
6292 0.13333333333 0.76666666667
6293 0.14444444444 0.76666666667
6294 0.15555555556 0.76666666667
6295 0.16666666667 0.76666666667
6296 0.17777777778 0.76666666667
6297 0.18888888889 0.76666666667
6298 0.20000000000 0.76666666667
6299 0.21111111111 0.76666666667
6300 0.22222222222 0.76666666667
6301 0.23333333333 0.76666666667
6302 0.24444444444 0.76666666667
6303 0.25555555556 0.76666666667
6304 0.26666666667 0.76666666667
6305 0.27777777778 0.76666666667
6306 0.28888888889 0.76666666667
6307 0.30000000000 0.76666666667
6308 0.31111111111 0.76666666667
6309 0.32222222222 0.76666666667
6310 0.33333333333 0.76666666667
6311 0.34444444444 0.76666666667
6312 0.35555555556 0.76666666667
6313 0.36666666667 0.76666666667
6314 0.37777777778 0.76666666667
6315 0.38888888889 0.76666666667
6316 0.40000000000 0.76666666667
6317 0.41111111111 0.76666666667
6318 0.42222222222 0.76666666667
6319 0.43333333333 0.76666666667
6320 0.44444444444 0.76666666667
6321 0.45555555556 0.76666666667
6322 0.46666666667 0.76666666667
6323 0.47777777778 0.76666666667
6324 0.48888888889 0.76666666667
6325 0.50000000000 0.76666666667
6326 0.51111111111 0.76666666667
6327 0.52222222222 0.76666666667
6328 0.53333333333 0.76666666667
6329 0.54444444444 0.76666666667
6330 0.55555555556 0.76666666667
6331 0.56666666667 0.76666666667
6332 0.57777777778 0.76666666667
6333 0.58888888889 0.76666666667
6334 0.60000000000 0.76666666667
6335 0.61111111111 0.76666666667
6336 0.62222222222 0.76666666667
6337 0.63333333333 0.76666666667
6338 0.64444444444 0.76666666667
6339 0.65555555556 0.76666666667
6340 0.66666666667 0.76666666667
6341 0.67777777778 0.76666666667
6342 0.68888888889 0.76666666667
6343 0.70000000000 0.76666666667
6344 0.71111111111 0.76666666667
6345 0.72222222222 0.76666666667
6346 0.73333333333 0.76666666667
6347 0.74444444444 0.76666666667
6348 0.75555555556 0.76666666667
6349 0.76666666667 0.76666666667
6350 0.77777777778 0.76666666667
6351 0.78888888889 0.76666666667
6352 0.80000000000 0.76666666667
6353 0.81111111111 0.76666666667
6354 0.82222222222 0.76666666667
6355 0.83333333333 0.76666666667
6356 0.84444444444 0.76666666667
6357 0.85555555556 0.76666666667
6358 0.86666666667 0.76666666667
6359 0.87777777778 0.76666666667
6360 0.88888888889 0.76666666667
6361 0.90000000000 0.76666666667
6362 0.91111111111 0.76666666667
6363 0.92222222222 0.76666666667
6364 0.93333333333 0.76666666667
6365 0.94444444444 0.76666666667
6366 0.95555555556 0.76666666667
6367 0.96666666667 0.76666666667
6368 0.97777777778 0.76666666667
6369 0.98888888889 0.76666666667
6370 1.00000000000 0.76666666667
6371 0.00000000000 0.77777777778
6372 0.01111111111 0.77777777778
6373 0.02222222222 0.77777777778
6374 0.03333333333 0.77777777778
6375 0.04444444444 0.77777777778
6376 0.05555555556 0.77777777778
6377 0.06666666667 0.77777777778
6378 0.07777777778 0.77777777778
6379 0.08888888889 0.77777777778
6380 0.10000000000 0.77777777778
6381 0.11111111111 0.77777777778
6382 0.12222222222 0.77777777778
6383 0.13333333333 0.77777777778
6384 0.14444444444 0.77777777778
6385 0.15555555556 0.77777777778
6386 0.16666666667 0.77777777778
6387 0.17777777778 0.77777777778
6388 0.18888888889 0.77777777778
6389 0.20000000000 0.77777777778
6390 0.21111111111 0.77777777778
6391 0.22222222222 0.77777777778
6392 0.23333333333 0.77777777778
6393 0.24444444444 0.77777777778
6394 0.25555555556 0.77777777778
6395 0.26666666667 0.77777777778
6396 0.27777777778 0.77777777778
6397 0.28888888889 0.77777777778
6398 0.30000000000 0.77777777778
6399 0.31111111111 0.77777777778
6400 0.32222222222 0.77777777778
6401 0.33333333333 0.77777777778
6402 0.34444444444 0.77777777778
6403 0.35555555556 0.77777777778
6404 0.36666666667 0.77777777778
6405 0.37777777778 0.77777777778
6406 0.38888888889 0.77777777778
6407 0.40000000000 0.77777777778
6408 0.41111111111 0.77777777778
6409 0.42222222222 0.77777777778
6410 0.43333333333 0.77777777778
6411 0.44444444444 0.77777777778
6412 0.45555555556 0.77777777778
6413 0.46666666667 0.77777777778
6414 0.47777777778 0.77777777778
6415 0.48888888889 0.77777777778
6416 0.50000000000 0.77777777778
6417 0.51111111111 0.77777777778
6418 0.52222222222 0.77777777778
6419 0.53333333333 0.77777777778
6420 0.54444444444 0.77777777778
6421 0.55555555556 0.77777777778
6422 0.56666666667 0.77777777778
6423 0.57777777778 0.77777777778
6424 0.58888888889 0.77777777778
6425 0.60000000000 0.77777777778
6426 0.61111111111 0.77777777778
6427 0.62222222222 0.77777777778
6428 0.63333333333 0.77777777778
6429 0.64444444444 0.77777777778
6430 0.65555555556 0.77777777778
6431 0.66666666667 0.77777777778
6432 0.67777777778 0.77777777778
6433 0.68888888889 0.77777777778
6434 0.70000000000 0.77777777778
6435 0.71111111111 0.77777777778
6436 0.72222222222 0.77777777778
6437 0.73333333333 0.77777777778
6438 0.74444444444 0.77777777778
6439 0.75555555556 0.77777777778
6440 0.76666666667 0.77777777778
6441 0.77777777778 0.77777777778
6442 0.78888888889 0.77777777778
6443 0.80000000000 0.77777777778
6444 0.81111111111 0.77777777778
6445 0.82222222222 0.77777777778
6446 0.83333333333 0.77777777778
6447 0.84444444444 0.77777777778
6448 0.85555555556 0.77777777778
6449 0.86666666667 0.77777777778
6450 0.87777777778 0.77777777778
6451 0.88888888889 0.77777777778
6452 0.90000000000 0.77777777778
6453 0.91111111111 0.77777777778
6454 0.92222222222 0.77777777778
6455 0.93333333333 0.77777777778
6456 0.94444444444 0.77777777778
6457 0.95555555556 0.77777777778
6458 0.96666666667 0.77777777778
6459 0.97777777778 0.77777777778
6460 0.98888888889 0.77777777778
6461 1.00000000000 0.77777777778
6462 0.00000000000 0.78888888889
6463 0.01111111111 0.78888888889
6464 0.02222222222 0.78888888889
6465 0.03333333333 0.78888888889
6466 0.04444444444 0.78888888889
6467 0.05555555556 0.78888888889
6468 0.06666666667 0.78888888889
6469 0.07777777778 0.78888888889
6470 0.08888888889 0.78888888889
6471 0.10000000000 0.78888888889
6472 0.11111111111 0.78888888889
6473 0.12222222222 0.78888888889
6474 0.13333333333 0.78888888889
6475 0.14444444444 0.78888888889
6476 0.15555555556 0.78888888889
6477 0.16666666667 0.78888888889
6478 0.17777777778 0.78888888889
6479 0.18888888889 0.78888888889
6480 0.20000000000 0.78888888889
6481 0.21111111111 0.78888888889
6482 0.22222222222 0.78888888889
6483 0.23333333333 0.78888888889
6484 0.24444444444 0.78888888889
6485 0.25555555556 0.78888888889
6486 0.26666666667 0.78888888889
6487 0.27777777778 0.78888888889
6488 0.28888888889 0.78888888889
6489 0.30000000000 0.78888888889
6490 0.31111111111 0.78888888889
6491 0.32222222222 0.78888888889
6492 0.33333333333 0.78888888889
6493 0.34444444444 0.78888888889
6494 0.35555555556 0.78888888889
6495 0.36666666667 0.78888888889
6496 0.37777777778 0.78888888889
6497 0.38888888889 0.78888888889
6498 0.40000000000 0.78888888889
6499 0.41111111111 0.78888888889
6500 0.42222222222 0.78888888889
6501 0.43333333333 0.78888888889
6502 0.44444444444 0.78888888889
6503 0.45555555556 0.78888888889
6504 0.46666666667 0.78888888889
6505 0.47777777778 0.78888888889
6506 0.48888888889 0.78888888889
6507 0.50000000000 0.78888888889
6508 0.51111111111 0.78888888889
6509 0.52222222222 0.78888888889
6510 0.53333333333 0.78888888889
6511 0.54444444444 0.78888888889
6512 0.55555555556 0.78888888889
6513 0.56666666667 0.78888888889
6514 0.57777777778 0.78888888889
6515 0.58888888889 0.78888888889
6516 0.60000000000 0.78888888889
6517 0.61111111111 0.78888888889
6518 0.62222222222 0.78888888889
6519 0.63333333333 0.78888888889
6520 0.64444444444 0.78888888889
6521 0.65555555556 0.78888888889
6522 0.66666666667 0.78888888889
6523 0.67777777778 0.78888888889
6524 0.68888888889 0.78888888889
6525 0.70000000000 0.78888888889
6526 0.71111111111 0.78888888889
6527 0.72222222222 0.78888888889
6528 0.73333333333 0.78888888889
6529 0.74444444444 0.78888888889
6530 0.75555555556 0.78888888889
6531 0.76666666667 0.78888888889
6532 0.77777777778 0.78888888889
6533 0.78888888889 0.78888888889
6534 0.80000000000 0.78888888889
6535 0.81111111111 0.78888888889
6536 0.82222222222 0.78888888889
6537 0.83333333333 0.78888888889
6538 0.84444444444 0.78888888889
6539 0.85555555556 0.78888888889
6540 0.86666666667 0.78888888889
6541 0.87777777778 0.78888888889
6542 0.88888888889 0.78888888889
6543 0.90000000000 0.78888888889
6544 0.91111111111 0.78888888889
6545 0.92222222222 0.78888888889
6546 0.93333333333 0.78888888889
6547 0.94444444444 0.78888888889
6548 0.95555555556 0.78888888889
6549 0.96666666667 0.78888888889
6550 0.97777777778 0.78888888889
6551 0.98888888889 0.78888888889
6552 1.00000000000 0.78888888889
6553 0.00000000000 0.80000000000
6554 0.01111111111 0.80000000000
6555 0.02222222222 0.80000000000
6556 0.03333333333 0.80000000000
6557 0.04444444444 0.80000000000
6558 0.05555555556 0.80000000000
6559 0.06666666667 0.80000000000
6560 0.07777777778 0.80000000000
6561 0.08888888889 0.80000000000
6562 0.10000000000 0.80000000000
6563 0.11111111111 0.80000000000
6564 0.12222222222 0.80000000000
6565 0.13333333333 0.80000000000
6566 0.14444444444 0.80000000000
6567 0.15555555556 0.80000000000
6568 0.16666666667 0.80000000000
6569 0.17777777778 0.80000000000
6570 0.18888888889 0.80000000000
6571 0.20000000000 0.80000000000
6572 0.21111111111 0.80000000000
6573 0.22222222222 0.80000000000
6574 0.23333333333 0.80000000000
6575 0.24444444444 0.80000000000
6576 0.25555555556 0.80000000000
6577 0.26666666667 0.80000000000
6578 0.27777777778 0.80000000000
6579 0.28888888889 0.80000000000
6580 0.30000000000 0.80000000000
6581 0.31111111111 0.80000000000
6582 0.32222222222 0.80000000000
6583 0.33333333333 0.80000000000
6584 0.34444444444 0.80000000000
6585 0.35555555556 0.80000000000
6586 0.36666666667 0.80000000000
6587 0.37777777778 0.80000000000
6588 0.38888888889 0.80000000000
6589 0.40000000000 0.80000000000
6590 0.41111111111 0.80000000000
6591 0.42222222222 0.80000000000
6592 0.43333333333 0.80000000000
6593 0.44444444444 0.80000000000
6594 0.45555555556 0.80000000000
6595 0.46666666667 0.80000000000
6596 0.47777777778 0.80000000000
6597 0.48888888889 0.80000000000
6598 0.50000000000 0.80000000000
6599 0.51111111111 0.80000000000
6600 0.52222222222 0.80000000000
6601 0.53333333333 0.80000000000
6602 0.54444444444 0.80000000000
6603 0.55555555556 0.80000000000
6604 0.56666666667 0.80000000000
6605 0.57777777778 0.80000000000
6606 0.58888888889 0.80000000000
6607 0.60000000000 0.80000000000
6608 0.61111111111 0.80000000000
6609 0.62222222222 0.80000000000
6610 0.63333333333 0.80000000000
6611 0.64444444444 0.80000000000
6612 0.65555555556 0.80000000000
6613 0.66666666667 0.80000000000
6614 0.67777777778 0.80000000000
6615 0.68888888889 0.80000000000
6616 0.70000000000 0.80000000000
6617 0.71111111111 0.80000000000
6618 0.72222222222 0.80000000000
6619 0.73333333333 0.80000000000
6620 0.74444444444 0.80000000000
6621 0.75555555556 0.80000000000
6622 0.76666666667 0.80000000000
6623 0.77777777778 0.80000000000
6624 0.78888888889 0.80000000000
6625 0.80000000000 0.80000000000
6626 0.81111111111 0.80000000000
6627 0.82222222222 0.80000000000
6628 0.83333333333 0.80000000000
6629 0.84444444444 0.80000000000
6630 0.85555555556 0.80000000000
6631 0.86666666667 0.80000000000
6632 0.87777777778 0.80000000000
6633 0.88888888889 0.80000000000
6634 0.90000000000 0.80000000000
6635 0.91111111111 0.80000000000
6636 0.92222222222 0.80000000000
6637 0.93333333333 0.80000000000
6638 0.94444444444 0.80000000000
6639 0.95555555556 0.80000000000
6640 0.96666666667 0.80000000000
6641 0.97777777778 0.80000000000
6642 0.98888888889 0.80000000000
6643 1.00000000000 0.80000000000
6644 0.00000000000 0.81111111111
6645 0.01111111111 0.81111111111
6646 0.02222222222 0.81111111111
6647 0.03333333333 0.81111111111
6648 0.04444444444 0.81111111111
6649 0.05555555556 0.81111111111
6650 0.06666666667 0.81111111111
6651 0.07777777778 0.81111111111
6652 0.08888888889 0.81111111111
6653 0.10000000000 0.81111111111
6654 0.11111111111 0.81111111111
6655 0.12222222222 0.81111111111
6656 0.13333333333 0.81111111111
6657 0.14444444444 0.81111111111
6658 0.15555555556 0.81111111111
6659 0.16666666667 0.81111111111
6660 0.17777777778 0.81111111111
6661 0.18888888889 0.81111111111
6662 0.20000000000 0.81111111111
6663 0.21111111111 0.81111111111
6664 0.22222222222 0.81111111111
6665 0.23333333333 0.81111111111
6666 0.24444444444 0.81111111111
6667 0.25555555556 0.81111111111
6668 0.26666666667 0.81111111111
6669 0.27777777778 0.81111111111
6670 0.28888888889 0.81111111111
6671 0.30000000000 0.81111111111
6672 0.31111111111 0.81111111111
6673 0.32222222222 0.81111111111
6674 0.33333333333 0.81111111111
6675 0.34444444444 0.81111111111
6676 0.35555555556 0.81111111111
6677 0.36666666667 0.81111111111
6678 0.37777777778 0.81111111111
6679 0.38888888889 0.81111111111
6680 0.40000000000 0.81111111111
6681 0.41111111111 0.81111111111
6682 0.42222222222 0.81111111111
6683 0.43333333333 0.81111111111
6684 0.44444444444 0.81111111111
6685 0.45555555556 0.81111111111
6686 0.46666666667 0.81111111111
6687 0.47777777778 0.81111111111
6688 0.48888888889 0.81111111111
6689 0.50000000000 0.81111111111
6690 0.51111111111 0.81111111111
6691 0.52222222222 0.81111111111
6692 0.53333333333 0.81111111111
6693 0.54444444444 0.81111111111
6694 0.55555555556 0.81111111111
6695 0.56666666667 0.81111111111
6696 0.57777777778 0.81111111111
6697 0.58888888889 0.81111111111
6698 0.60000000000 0.81111111111
6699 0.61111111111 0.81111111111
6700 0.62222222222 0.81111111111
6701 0.63333333333 0.81111111111
6702 0.64444444444 0.81111111111
6703 0.65555555556 0.81111111111
6704 0.66666666667 0.81111111111
6705 0.67777777778 0.81111111111
6706 0.68888888889 0.81111111111
6707 0.70000000000 0.81111111111
6708 0.71111111111 0.81111111111
6709 0.72222222222 0.81111111111
6710 0.73333333333 0.81111111111
6711 0.74444444444 0.81111111111
6712 0.75555555556 0.81111111111
6713 0.76666666667 0.81111111111
6714 0.77777777778 0.81111111111
6715 0.78888888889 0.81111111111
6716 0.80000000000 0.81111111111
6717 0.81111111111 0.81111111111
6718 0.82222222222 0.81111111111
6719 0.83333333333 0.81111111111
6720 0.84444444444 0.81111111111
6721 0.85555555556 0.81111111111
6722 0.86666666667 0.81111111111
6723 0.87777777778 0.81111111111
6724 0.88888888889 0.81111111111
6725 0.90000000000 0.81111111111
6726 0.91111111111 0.81111111111
6727 0.92222222222 0.81111111111
6728 0.93333333333 0.81111111111
6729 0.94444444444 0.81111111111
6730 0.95555555556 0.81111111111
6731 0.96666666667 0.81111111111
6732 0.97777777778 0.81111111111
6733 0.98888888889 0.81111111111
6734 1.00000000000 0.81111111111
6735 0.00000000000 0.82222222222
6736 0.01111111111 0.82222222222
6737 0.02222222222 0.82222222222
6738 0.03333333333 0.82222222222
6739 0.04444444444 0.82222222222
6740 0.05555555556 0.82222222222
6741 0.06666666667 0.82222222222
6742 0.07777777778 0.82222222222
6743 0.08888888889 0.82222222222
6744 0.10000000000 0.82222222222
6745 0.11111111111 0.82222222222
6746 0.12222222222 0.82222222222
6747 0.13333333333 0.82222222222
6748 0.14444444444 0.82222222222
6749 0.15555555556 0.82222222222
6750 0.16666666667 0.82222222222
6751 0.17777777778 0.82222222222
6752 0.18888888889 0.82222222222
6753 0.20000000000 0.82222222222
6754 0.21111111111 0.82222222222
6755 0.22222222222 0.82222222222
6756 0.23333333333 0.82222222222
6757 0.24444444444 0.82222222222
6758 0.25555555556 0.82222222222
6759 0.26666666667 0.82222222222
6760 0.27777777778 0.82222222222
6761 0.28888888889 0.82222222222
6762 0.30000000000 0.82222222222
6763 0.31111111111 0.82222222222
6764 0.32222222222 0.82222222222
6765 0.33333333333 0.82222222222
6766 0.34444444444 0.82222222222
6767 0.35555555556 0.82222222222
6768 0.36666666667 0.82222222222
6769 0.37777777778 0.82222222222
6770 0.38888888889 0.82222222222
6771 0.40000000000 0.82222222222
6772 0.41111111111 0.82222222222
6773 0.42222222222 0.82222222222
6774 0.43333333333 0.82222222222
6775 0.44444444444 0.82222222222
6776 0.45555555556 0.82222222222
6777 0.46666666667 0.82222222222
6778 0.47777777778 0.82222222222
6779 0.48888888889 0.82222222222
6780 0.50000000000 0.82222222222
6781 0.51111111111 0.82222222222
6782 0.52222222222 0.82222222222
6783 0.53333333333 0.82222222222
6784 0.54444444444 0.82222222222
6785 0.55555555556 0.82222222222
6786 0.56666666667 0.82222222222
6787 0.57777777778 0.82222222222
6788 0.58888888889 0.82222222222
6789 0.60000000000 0.82222222222
6790 0.61111111111 0.82222222222
6791 0.62222222222 0.82222222222
6792 0.63333333333 0.82222222222
6793 0.64444444444 0.82222222222
6794 0.65555555556 0.82222222222
6795 0.66666666667 0.82222222222
6796 0.67777777778 0.82222222222
6797 0.68888888889 0.82222222222
6798 0.70000000000 0.82222222222
6799 0.71111111111 0.82222222222
6800 0.72222222222 0.82222222222
6801 0.73333333333 0.82222222222
6802 0.74444444444 0.82222222222
6803 0.75555555556 0.82222222222
6804 0.76666666667 0.82222222222
6805 0.77777777778 0.82222222222
6806 0.78888888889 0.82222222222
6807 0.80000000000 0.82222222222
6808 0.81111111111 0.82222222222
6809 0.82222222222 0.82222222222
6810 0.83333333333 0.82222222222
6811 0.84444444444 0.82222222222
6812 0.85555555556 0.82222222222
6813 0.86666666667 0.82222222222
6814 0.87777777778 0.82222222222
6815 0.88888888889 0.82222222222
6816 0.90000000000 0.82222222222
6817 0.91111111111 0.82222222222
6818 0.92222222222 0.82222222222
6819 0.93333333333 0.82222222222
6820 0.94444444444 0.82222222222
6821 0.95555555556 0.82222222222
6822 0.96666666667 0.82222222222
6823 0.97777777778 0.82222222222
6824 0.98888888889 0.82222222222
6825 1.00000000000 0.82222222222
6826 0.00000000000 0.83333333333
6827 0.01111111111 0.83333333333
6828 0.02222222222 0.83333333333
6829 0.03333333333 0.83333333333
6830 0.04444444444 0.83333333333
6831 0.05555555556 0.83333333333
6832 0.06666666667 0.83333333333
6833 0.07777777778 0.83333333333
6834 0.08888888889 0.83333333333
6835 0.10000000000 0.83333333333
6836 0.11111111111 0.83333333333
6837 0.12222222222 0.83333333333
6838 0.13333333333 0.83333333333
6839 0.14444444444 0.83333333333
6840 0.15555555556 0.83333333333
6841 0.16666666667 0.83333333333
6842 0.17777777778 0.83333333333
6843 0.18888888889 0.83333333333
6844 0.20000000000 0.83333333333
6845 0.21111111111 0.83333333333
6846 0.22222222222 0.83333333333
6847 0.23333333333 0.83333333333
6848 0.24444444444 0.83333333333
6849 0.25555555556 0.83333333333
6850 0.26666666667 0.83333333333
6851 0.27777777778 0.83333333333
6852 0.28888888889 0.83333333333
6853 0.30000000000 0.83333333333
6854 0.31111111111 0.83333333333
6855 0.32222222222 0.83333333333
6856 0.33333333333 0.83333333333
6857 0.34444444444 0.83333333333
6858 0.35555555556 0.83333333333
6859 0.36666666667 0.83333333333
6860 0.37777777778 0.83333333333
6861 0.38888888889 0.83333333333
6862 0.40000000000 0.83333333333
6863 0.41111111111 0.83333333333
6864 0.42222222222 0.83333333333
6865 0.43333333333 0.83333333333
6866 0.44444444444 0.83333333333
6867 0.45555555556 0.83333333333
6868 0.46666666667 0.83333333333
6869 0.47777777778 0.83333333333
6870 0.48888888889 0.83333333333
6871 0.50000000000 0.83333333333
6872 0.51111111111 0.83333333333
6873 0.52222222222 0.83333333333
6874 0.53333333333 0.83333333333
6875 0.54444444444 0.83333333333
6876 0.55555555556 0.83333333333
6877 0.56666666667 0.83333333333
6878 0.57777777778 0.83333333333
6879 0.58888888889 0.83333333333
6880 0.60000000000 0.83333333333
6881 0.61111111111 0.83333333333
6882 0.62222222222 0.83333333333
6883 0.63333333333 0.83333333333
6884 0.64444444444 0.83333333333
6885 0.65555555556 0.83333333333
6886 0.66666666667 0.83333333333
6887 0.67777777778 0.83333333333
6888 0.68888888889 0.83333333333
6889 0.70000000000 0.83333333333
6890 0.71111111111 0.83333333333
6891 0.72222222222 0.83333333333
6892 0.73333333333 0.83333333333
6893 0.74444444444 0.83333333333
6894 0.75555555556 0.83333333333
6895 0.76666666667 0.83333333333
6896 0.77777777778 0.83333333333
6897 0.78888888889 0.83333333333
6898 0.80000000000 0.83333333333
6899 0.81111111111 0.83333333333
6900 0.82222222222 0.83333333333
6901 0.83333333333 0.83333333333
6902 0.84444444444 0.83333333333
6903 0.85555555556 0.83333333333
6904 0.86666666667 0.83333333333
6905 0.87777777778 0.83333333333
6906 0.88888888889 0.83333333333
6907 0.90000000000 0.83333333333
6908 0.91111111111 0.83333333333
6909 0.92222222222 0.83333333333
6910 0.93333333333 0.83333333333
6911 0.94444444444 0.83333333333
6912 0.95555555556 0.83333333333
6913 0.96666666667 0.83333333333
6914 0.97777777778 0.83333333333
6915 0.98888888889 0.83333333333
6916 1.00000000000 0.83333333333
6917 0.00000000000 0.84444444444
6918 0.01111111111 0.84444444444
6919 0.02222222222 0.84444444444
6920 0.03333333333 0.84444444444
6921 0.04444444444 0.84444444444
6922 0.05555555556 0.84444444444
6923 0.06666666667 0.84444444444
6924 0.07777777778 0.84444444444
6925 0.08888888889 0.84444444444
6926 0.10000000000 0.84444444444
6927 0.11111111111 0.84444444444
6928 0.12222222222 0.84444444444
6929 0.13333333333 0.84444444444
6930 0.14444444444 0.84444444444
6931 0.15555555556 0.84444444444
6932 0.16666666667 0.84444444444
6933 0.17777777778 0.84444444444
6934 0.18888888889 0.84444444444
6935 0.20000000000 0.84444444444
6936 0.21111111111 0.84444444444
6937 0.22222222222 0.84444444444
6938 0.23333333333 0.84444444444
6939 0.24444444444 0.84444444444
6940 0.25555555556 0.84444444444
6941 0.26666666667 0.84444444444
6942 0.27777777778 0.84444444444
6943 0.28888888889 0.84444444444
6944 0.30000000000 0.84444444444
6945 0.31111111111 0.84444444444
6946 0.32222222222 0.84444444444
6947 0.33333333333 0.84444444444
6948 0.34444444444 0.84444444444
6949 0.35555555556 0.84444444444
6950 0.36666666667 0.84444444444
6951 0.37777777778 0.84444444444
6952 0.38888888889 0.84444444444
6953 0.40000000000 0.84444444444
6954 0.41111111111 0.84444444444
6955 0.42222222222 0.84444444444
6956 0.43333333333 0.84444444444
6957 0.44444444444 0.84444444444
6958 0.45555555556 0.84444444444
6959 0.46666666667 0.84444444444
6960 0.47777777778 0.84444444444
6961 0.48888888889 0.84444444444
6962 0.50000000000 0.84444444444
6963 0.51111111111 0.84444444444
6964 0.52222222222 0.84444444444
6965 0.53333333333 0.84444444444
6966 0.54444444444 0.84444444444
6967 0.55555555556 0.84444444444
6968 0.56666666667 0.84444444444
6969 0.57777777778 0.84444444444
6970 0.58888888889 0.84444444444
6971 0.60000000000 0.84444444444
6972 0.61111111111 0.84444444444
6973 0.62222222222 0.84444444444
6974 0.63333333333 0.84444444444
6975 0.64444444444 0.84444444444
6976 0.65555555556 0.84444444444
6977 0.66666666667 0.84444444444
6978 0.67777777778 0.84444444444
6979 0.68888888889 0.84444444444
6980 0.70000000000 0.84444444444
6981 0.71111111111 0.84444444444
6982 0.72222222222 0.84444444444
6983 0.73333333333 0.84444444444
6984 0.74444444444 0.84444444444
6985 0.75555555556 0.84444444444
6986 0.76666666667 0.84444444444
6987 0.77777777778 0.84444444444
6988 0.78888888889 0.84444444444
6989 0.80000000000 0.84444444444
6990 0.81111111111 0.84444444444
6991 0.82222222222 0.84444444444
6992 0.83333333333 0.84444444444
6993 0.84444444444 0.84444444444
6994 0.85555555556 0.84444444444
6995 0.86666666667 0.84444444444
6996 0.87777777778 0.84444444444
6997 0.88888888889 0.84444444444
6998 0.90000000000 0.84444444444
6999 0.91111111111 0.84444444444
7000 0.92222222222 0.84444444444
7001 0.93333333333 0.84444444444
7002 0.94444444444 0.84444444444
7003 0.95555555556 0.84444444444
7004 0.96666666667 0.84444444444
7005 0.97777777778 0.84444444444
7006 0.98888888889 0.84444444444
7007 1.00000000000 0.84444444444
7008 0.00000000000 0.85555555556
7009 0.01111111111 0.85555555556
7010 0.02222222222 0.85555555556
7011 0.03333333333 0.85555555556
7012 0.04444444444 0.85555555556
7013 0.05555555556 0.85555555556
7014 0.06666666667 0.85555555556
7015 0.07777777778 0.85555555556
7016 0.08888888889 0.85555555556
7017 0.10000000000 0.85555555556
7018 0.11111111111 0.85555555556
7019 0.12222222222 0.85555555556
7020 0.13333333333 0.85555555556
7021 0.14444444444 0.85555555556
7022 0.15555555556 0.85555555556
7023 0.16666666667 0.85555555556
7024 0.17777777778 0.85555555556
7025 0.18888888889 0.85555555556
7026 0.20000000000 0.85555555556
7027 0.21111111111 0.85555555556
7028 0.22222222222 0.85555555556
7029 0.23333333333 0.85555555556
7030 0.24444444444 0.85555555556
7031 0.25555555556 0.85555555556
7032 0.26666666667 0.85555555556
7033 0.27777777778 0.85555555556
7034 0.28888888889 0.85555555556
7035 0.30000000000 0.85555555556
7036 0.31111111111 0.85555555556
7037 0.32222222222 0.85555555556
7038 0.33333333333 0.85555555556
7039 0.34444444444 0.85555555556
7040 0.35555555556 0.85555555556
7041 0.36666666667 0.85555555556
7042 0.37777777778 0.85555555556
7043 0.38888888889 0.85555555556
7044 0.40000000000 0.85555555556
7045 0.41111111111 0.85555555556
7046 0.42222222222 0.85555555556
7047 0.43333333333 0.85555555556
7048 0.44444444444 0.85555555556
7049 0.45555555556 0.85555555556
7050 0.46666666667 0.85555555556
7051 0.47777777778 0.85555555556
7052 0.48888888889 0.85555555556
7053 0.50000000000 0.85555555556
7054 0.51111111111 0.85555555556
7055 0.52222222222 0.85555555556
7056 0.53333333333 0.85555555556
7057 0.54444444444 0.85555555556
7058 0.55555555556 0.85555555556
7059 0.56666666667 0.85555555556
7060 0.57777777778 0.85555555556
7061 0.58888888889 0.85555555556
7062 0.60000000000 0.85555555556
7063 0.61111111111 0.85555555556
7064 0.62222222222 0.85555555556
7065 0.63333333333 0.85555555556
7066 0.64444444444 0.85555555556
7067 0.65555555556 0.85555555556
7068 0.66666666667 0.85555555556
7069 0.67777777778 0.85555555556
7070 0.68888888889 0.85555555556
7071 0.70000000000 0.85555555556
7072 0.71111111111 0.85555555556
7073 0.72222222222 0.85555555556
7074 0.73333333333 0.85555555556
7075 0.74444444444 0.85555555556
7076 0.75555555556 0.85555555556
7077 0.76666666667 0.85555555556
7078 0.77777777778 0.85555555556
7079 0.78888888889 0.85555555556
7080 0.80000000000 0.85555555556
7081 0.81111111111 0.85555555556
7082 0.82222222222 0.85555555556
7083 0.83333333333 0.85555555556
7084 0.84444444444 0.85555555556
7085 0.85555555556 0.85555555556
7086 0.86666666667 0.85555555556
7087 0.87777777778 0.85555555556
7088 0.88888888889 0.85555555556
7089 0.90000000000 0.85555555556
7090 0.91111111111 0.85555555556
7091 0.92222222222 0.85555555556
7092 0.93333333333 0.85555555556
7093 0.94444444444 0.85555555556
7094 0.95555555556 0.85555555556
7095 0.96666666667 0.85555555556
7096 0.97777777778 0.85555555556
7097 0.98888888889 0.85555555556
7098 1.00000000000 0.85555555556
7099 0.00000000000 0.86666666667
7100 0.01111111111 0.86666666667
7101 0.02222222222 0.86666666667
7102 0.03333333333 0.86666666667
7103 0.04444444444 0.86666666667
7104 0.05555555556 0.86666666667
7105 0.06666666667 0.86666666667
7106 0.07777777778 0.86666666667
7107 0.08888888889 0.86666666667
7108 0.10000000000 0.86666666667
7109 0.11111111111 0.86666666667
7110 0.12222222222 0.86666666667
7111 0.13333333333 0.86666666667
7112 0.14444444444 0.86666666667
7113 0.15555555556 0.86666666667
7114 0.16666666667 0.86666666667
7115 0.17777777778 0.86666666667
7116 0.18888888889 0.86666666667
7117 0.20000000000 0.86666666667
7118 0.21111111111 0.86666666667
7119 0.22222222222 0.86666666667
7120 0.23333333333 0.86666666667
7121 0.24444444444 0.86666666667
7122 0.25555555556 0.86666666667
7123 0.26666666667 0.86666666667
7124 0.27777777778 0.86666666667
7125 0.28888888889 0.86666666667
7126 0.30000000000 0.86666666667
7127 0.31111111111 0.86666666667
7128 0.32222222222 0.86666666667
7129 0.33333333333 0.86666666667
7130 0.34444444444 0.86666666667
7131 0.35555555556 0.86666666667
7132 0.36666666667 0.86666666667
7133 0.37777777778 0.86666666667
7134 0.38888888889 0.86666666667
7135 0.40000000000 0.86666666667
7136 0.41111111111 0.86666666667
7137 0.42222222222 0.86666666667
7138 0.43333333333 0.86666666667
7139 0.44444444444 0.86666666667
7140 0.45555555556 0.86666666667
7141 0.46666666667 0.86666666667
7142 0.47777777778 0.86666666667
7143 0.48888888889 0.86666666667
7144 0.50000000000 0.86666666667
7145 0.51111111111 0.86666666667
7146 0.52222222222 0.86666666667
7147 0.53333333333 0.86666666667
7148 0.54444444444 0.86666666667
7149 0.55555555556 0.86666666667
7150 0.56666666667 0.86666666667
7151 0.57777777778 0.86666666667
7152 0.58888888889 0.86666666667
7153 0.60000000000 0.86666666667
7154 0.61111111111 0.86666666667
7155 0.62222222222 0.86666666667
7156 0.63333333333 0.86666666667
7157 0.64444444444 0.86666666667
7158 0.65555555556 0.86666666667
7159 0.66666666667 0.86666666667
7160 0.67777777778 0.86666666667
7161 0.68888888889 0.86666666667
7162 0.70000000000 0.86666666667
7163 0.71111111111 0.86666666667
7164 0.72222222222 0.86666666667
7165 0.73333333333 0.86666666667
7166 0.74444444444 0.86666666667
7167 0.75555555556 0.86666666667
7168 0.76666666667 0.86666666667
7169 0.77777777778 0.86666666667
7170 0.78888888889 0.86666666667
7171 0.80000000000 0.86666666667
7172 0.81111111111 0.86666666667
7173 0.82222222222 0.86666666667
7174 0.83333333333 0.86666666667
7175 0.84444444444 0.86666666667
7176 0.85555555556 0.86666666667
7177 0.86666666667 0.86666666667
7178 0.87777777778 0.86666666667
7179 0.88888888889 0.86666666667
7180 0.90000000000 0.86666666667
7181 0.91111111111 0.86666666667
7182 0.92222222222 0.86666666667
7183 0.93333333333 0.86666666667
7184 0.94444444444 0.86666666667
7185 0.95555555556 0.86666666667
7186 0.96666666667 0.86666666667
7187 0.97777777778 0.86666666667
7188 0.98888888889 0.86666666667
7189 1.00000000000 0.86666666667
7190 0.00000000000 0.87777777778
7191 0.01111111111 0.87777777778
7192 0.02222222222 0.87777777778
7193 0.03333333333 0.87777777778
7194 0.04444444444 0.87777777778
7195 0.05555555556 0.87777777778
7196 0.06666666667 0.87777777778
7197 0.07777777778 0.87777777778
7198 0.08888888889 0.87777777778
7199 0.10000000000 0.87777777778
7200 0.11111111111 0.87777777778
7201 0.12222222222 0.87777777778
7202 0.13333333333 0.87777777778
7203 0.14444444444 0.87777777778
7204 0.15555555556 0.87777777778
7205 0.16666666667 0.87777777778
7206 0.17777777778 0.87777777778
7207 0.18888888889 0.87777777778
7208 0.20000000000 0.87777777778
7209 0.21111111111 0.87777777778
7210 0.22222222222 0.87777777778
7211 0.23333333333 0.87777777778
7212 0.24444444444 0.87777777778
7213 0.25555555556 0.87777777778
7214 0.26666666667 0.87777777778
7215 0.27777777778 0.87777777778
7216 0.28888888889 0.87777777778
7217 0.30000000000 0.87777777778
7218 0.31111111111 0.87777777778
7219 0.32222222222 0.87777777778
7220 0.33333333333 0.87777777778
7221 0.34444444444 0.87777777778
7222 0.35555555556 0.87777777778
7223 0.36666666667 0.87777777778
7224 0.37777777778 0.87777777778
7225 0.38888888889 0.87777777778
7226 0.40000000000 0.87777777778
7227 0.41111111111 0.87777777778
7228 0.42222222222 0.87777777778
7229 0.43333333333 0.87777777778
7230 0.44444444444 0.87777777778
7231 0.45555555556 0.87777777778
7232 0.46666666667 0.87777777778
7233 0.47777777778 0.87777777778
7234 0.48888888889 0.87777777778
7235 0.50000000000 0.87777777778
7236 0.51111111111 0.87777777778
7237 0.52222222222 0.87777777778
7238 0.53333333333 0.87777777778
7239 0.54444444444 0.87777777778
7240 0.55555555556 0.87777777778
7241 0.56666666667 0.87777777778
7242 0.57777777778 0.87777777778
7243 0.58888888889 0.87777777778
7244 0.60000000000 0.87777777778
7245 0.61111111111 0.87777777778
7246 0.62222222222 0.87777777778
7247 0.63333333333 0.87777777778
7248 0.64444444444 0.87777777778
7249 0.65555555556 0.87777777778
7250 0.66666666667 0.87777777778
7251 0.67777777778 0.87777777778
7252 0.68888888889 0.87777777778
7253 0.70000000000 0.87777777778
7254 0.71111111111 0.87777777778
7255 0.72222222222 0.87777777778
7256 0.73333333333 0.87777777778
7257 0.74444444444 0.87777777778
7258 0.75555555556 0.87777777778
7259 0.76666666667 0.87777777778
7260 0.77777777778 0.87777777778
7261 0.78888888889 0.87777777778
7262 0.80000000000 0.87777777778
7263 0.81111111111 0.87777777778
7264 0.82222222222 0.87777777778
7265 0.83333333333 0.87777777778
7266 0.84444444444 0.87777777778
7267 0.85555555556 0.87777777778
7268 0.86666666667 0.87777777778
7269 0.87777777778 0.87777777778
7270 0.88888888889 0.87777777778
7271 0.90000000000 0.87777777778
7272 0.91111111111 0.87777777778
7273 0.92222222222 0.87777777778
7274 0.93333333333 0.87777777778
7275 0.94444444444 0.87777777778
7276 0.95555555556 0.87777777778
7277 0.96666666667 0.87777777778
7278 0.97777777778 0.87777777778
7279 0.98888888889 0.87777777778
7280 1.00000000000 0.87777777778
7281 0.00000000000 0.88888888889
7282 0.01111111111 0.88888888889
7283 0.02222222222 0.88888888889
7284 0.03333333333 0.88888888889
7285 0.04444444444 0.88888888889
7286 0.05555555556 0.88888888889
7287 0.06666666667 0.88888888889
7288 0.07777777778 0.88888888889
7289 0.08888888889 0.88888888889
7290 0.10000000000 0.88888888889
7291 0.11111111111 0.88888888889
7292 0.12222222222 0.88888888889
7293 0.13333333333 0.88888888889
7294 0.14444444444 0.88888888889
7295 0.15555555556 0.88888888889
7296 0.16666666667 0.88888888889
7297 0.17777777778 0.88888888889
7298 0.18888888889 0.88888888889
7299 0.20000000000 0.88888888889
7300 0.21111111111 0.88888888889
7301 0.22222222222 0.88888888889
7302 0.23333333333 0.88888888889
7303 0.24444444444 0.88888888889
7304 0.25555555556 0.88888888889
7305 0.26666666667 0.88888888889
7306 0.27777777778 0.88888888889
7307 0.28888888889 0.88888888889
7308 0.30000000000 0.88888888889
7309 0.31111111111 0.88888888889
7310 0.32222222222 0.88888888889
7311 0.33333333333 0.88888888889
7312 0.34444444444 0.88888888889
7313 0.35555555556 0.88888888889
7314 0.36666666667 0.88888888889
7315 0.37777777778 0.88888888889
7316 0.38888888889 0.88888888889
7317 0.40000000000 0.88888888889
7318 0.41111111111 0.88888888889
7319 0.42222222222 0.88888888889
7320 0.43333333333 0.88888888889
7321 0.44444444444 0.88888888889
7322 0.45555555556 0.88888888889
7323 0.46666666667 0.88888888889
7324 0.47777777778 0.88888888889
7325 0.48888888889 0.88888888889
7326 0.50000000000 0.88888888889
7327 0.51111111111 0.88888888889
7328 0.52222222222 0.88888888889
7329 0.53333333333 0.88888888889
7330 0.54444444444 0.88888888889
7331 0.55555555556 0.88888888889
7332 0.56666666667 0.88888888889
7333 0.57777777778 0.88888888889
7334 0.58888888889 0.88888888889
7335 0.60000000000 0.88888888889
7336 0.61111111111 0.88888888889
7337 0.62222222222 0.88888888889
7338 0.63333333333 0.88888888889
7339 0.64444444444 0.88888888889
7340 0.65555555556 0.88888888889
7341 0.66666666667 0.88888888889
7342 0.67777777778 0.88888888889
7343 0.68888888889 0.88888888889
7344 0.70000000000 0.88888888889
7345 0.71111111111 0.88888888889
7346 0.72222222222 0.88888888889
7347 0.73333333333 0.88888888889
7348 0.74444444444 0.88888888889
7349 0.75555555556 0.88888888889
7350 0.76666666667 0.88888888889
7351 0.77777777778 0.88888888889
7352 0.78888888889 0.88888888889
7353 0.80000000000 0.88888888889
7354 0.81111111111 0.88888888889
7355 0.82222222222 0.88888888889
7356 0.83333333333 0.88888888889
7357 0.84444444444 0.88888888889
7358 0.85555555556 0.88888888889
7359 0.86666666667 0.88888888889
7360 0.87777777778 0.88888888889
7361 0.88888888889 0.88888888889
7362 0.90000000000 0.88888888889
7363 0.91111111111 0.88888888889
7364 0.92222222222 0.88888888889
7365 0.93333333333 0.88888888889
7366 0.94444444444 0.88888888889
7367 0.95555555556 0.88888888889
7368 0.96666666667 0.88888888889
7369 0.97777777778 0.88888888889
7370 0.98888888889 0.88888888889
7371 1.00000000000 0.88888888889
7372 0.00000000000 0.90000000000
7373 0.01111111111 0.90000000000
7374 0.02222222222 0.90000000000
7375 0.03333333333 0.90000000000
7376 0.04444444444 0.90000000000
7377 0.05555555556 0.90000000000
7378 0.06666666667 0.90000000000
7379 0.07777777778 0.90000000000
7380 0.08888888889 0.90000000000
7381 0.10000000000 0.90000000000
7382 0.11111111111 0.90000000000
7383 0.12222222222 0.90000000000
7384 0.13333333333 0.90000000000
7385 0.14444444444 0.90000000000
7386 0.15555555556 0.90000000000
7387 0.16666666667 0.90000000000
7388 0.17777777778 0.90000000000
7389 0.18888888889 0.90000000000
7390 0.20000000000 0.90000000000
7391 0.21111111111 0.90000000000
7392 0.22222222222 0.90000000000
7393 0.23333333333 0.90000000000
7394 0.24444444444 0.90000000000
7395 0.25555555556 0.90000000000
7396 0.26666666667 0.90000000000
7397 0.27777777778 0.90000000000
7398 0.28888888889 0.90000000000
7399 0.30000000000 0.90000000000
7400 0.31111111111 0.90000000000
7401 0.32222222222 0.90000000000
7402 0.33333333333 0.90000000000
7403 0.34444444444 0.90000000000
7404 0.35555555556 0.90000000000
7405 0.36666666667 0.90000000000
7406 0.37777777778 0.90000000000
7407 0.38888888889 0.90000000000
7408 0.40000000000 0.90000000000
7409 0.41111111111 0.90000000000
7410 0.42222222222 0.90000000000
7411 0.43333333333 0.90000000000
7412 0.44444444444 0.90000000000
7413 0.45555555556 0.90000000000
7414 0.46666666667 0.90000000000
7415 0.47777777778 0.90000000000
7416 0.48888888889 0.90000000000
7417 0.50000000000 0.90000000000
7418 0.51111111111 0.90000000000
7419 0.52222222222 0.90000000000
7420 0.53333333333 0.90000000000
7421 0.54444444444 0.90000000000
7422 0.55555555556 0.90000000000
7423 0.56666666667 0.90000000000
7424 0.57777777778 0.90000000000
7425 0.58888888889 0.90000000000
7426 0.60000000000 0.90000000000
7427 0.61111111111 0.90000000000
7428 0.62222222222 0.90000000000
7429 0.63333333333 0.90000000000
7430 0.64444444444 0.90000000000
7431 0.65555555556 0.90000000000
7432 0.66666666667 0.90000000000
7433 0.67777777778 0.90000000000
7434 0.68888888889 0.90000000000
7435 0.70000000000 0.90000000000
7436 0.71111111111 0.90000000000
7437 0.72222222222 0.90000000000
7438 0.73333333333 0.90000000000
7439 0.74444444444 0.90000000000
7440 0.75555555556 0.90000000000
7441 0.76666666667 0.90000000000
7442 0.77777777778 0.90000000000
7443 0.78888888889 0.90000000000
7444 0.80000000000 0.90000000000
7445 0.81111111111 0.90000000000
7446 0.82222222222 0.90000000000
7447 0.83333333333 0.90000000000
7448 0.84444444444 0.90000000000
7449 0.85555555556 0.90000000000
7450 0.86666666667 0.90000000000
7451 0.87777777778 0.90000000000
7452 0.88888888889 0.90000000000
7453 0.90000000000 0.90000000000
7454 0.91111111111 0.90000000000
7455 0.92222222222 0.90000000000
7456 0.93333333333 0.90000000000
7457 0.94444444444 0.90000000000
7458 0.95555555556 0.90000000000
7459 0.96666666667 0.90000000000
7460 0.97777777778 0.90000000000
7461 0.98888888889 0.90000000000
7462 1.00000000000 0.90000000000
7463 0.00000000000 0.91111111111
7464 0.01111111111 0.91111111111
7465 0.02222222222 0.91111111111
7466 0.03333333333 0.91111111111
7467 0.04444444444 0.91111111111
7468 0.05555555556 0.91111111111
7469 0.06666666667 0.91111111111
7470 0.07777777778 0.91111111111
7471 0.08888888889 0.91111111111
7472 0.10000000000 0.91111111111
7473 0.11111111111 0.91111111111
7474 0.12222222222 0.91111111111
7475 0.13333333333 0.91111111111
7476 0.14444444444 0.91111111111
7477 0.15555555556 0.91111111111
7478 0.16666666667 0.91111111111
7479 0.17777777778 0.91111111111
7480 0.18888888889 0.91111111111
7481 0.20000000000 0.91111111111
7482 0.21111111111 0.91111111111
7483 0.22222222222 0.91111111111
7484 0.23333333333 0.91111111111
7485 0.24444444444 0.91111111111
7486 0.25555555556 0.91111111111
7487 0.26666666667 0.91111111111
7488 0.27777777778 0.91111111111
7489 0.28888888889 0.91111111111
7490 0.30000000000 0.91111111111
7491 0.31111111111 0.91111111111
7492 0.32222222222 0.91111111111
7493 0.33333333333 0.91111111111
7494 0.34444444444 0.91111111111
7495 0.35555555556 0.91111111111
7496 0.36666666667 0.91111111111
7497 0.37777777778 0.91111111111
7498 0.38888888889 0.91111111111
7499 0.40000000000 0.91111111111
7500 0.41111111111 0.91111111111
7501 0.42222222222 0.91111111111
7502 0.43333333333 0.91111111111
7503 0.44444444444 0.91111111111
7504 0.45555555556 0.91111111111
7505 0.46666666667 0.91111111111
7506 0.47777777778 0.91111111111
7507 0.48888888889 0.91111111111
7508 0.50000000000 0.91111111111
7509 0.51111111111 0.91111111111
7510 0.52222222222 0.91111111111
7511 0.53333333333 0.91111111111
7512 0.54444444444 0.91111111111
7513 0.55555555556 0.91111111111
7514 0.56666666667 0.91111111111
7515 0.57777777778 0.91111111111
7516 0.58888888889 0.91111111111
7517 0.60000000000 0.91111111111
7518 0.61111111111 0.91111111111
7519 0.62222222222 0.91111111111
7520 0.63333333333 0.91111111111
7521 0.64444444444 0.91111111111
7522 0.65555555556 0.91111111111
7523 0.66666666667 0.91111111111
7524 0.67777777778 0.91111111111
7525 0.68888888889 0.91111111111
7526 0.70000000000 0.91111111111
7527 0.71111111111 0.91111111111
7528 0.72222222222 0.91111111111
7529 0.73333333333 0.91111111111
7530 0.74444444444 0.91111111111
7531 0.75555555556 0.91111111111
7532 0.76666666667 0.91111111111
7533 0.77777777778 0.91111111111
7534 0.78888888889 0.91111111111
7535 0.80000000000 0.91111111111
7536 0.81111111111 0.91111111111
7537 0.82222222222 0.91111111111
7538 0.83333333333 0.91111111111
7539 0.84444444444 0.91111111111
7540 0.85555555556 0.91111111111
7541 0.86666666667 0.91111111111
7542 0.87777777778 0.91111111111
7543 0.88888888889 0.91111111111
7544 0.90000000000 0.91111111111
7545 0.91111111111 0.91111111111
7546 0.92222222222 0.91111111111
7547 0.93333333333 0.91111111111
7548 0.94444444444 0.91111111111
7549 0.95555555556 0.91111111111
7550 0.96666666667 0.91111111111
7551 0.97777777778 0.91111111111
7552 0.98888888889 0.91111111111
7553 1.00000000000 0.91111111111
7554 0.00000000000 0.92222222222
7555 0.01111111111 0.92222222222
7556 0.02222222222 0.92222222222
7557 0.03333333333 0.92222222222
7558 0.04444444444 0.92222222222
7559 0.05555555556 0.92222222222
7560 0.06666666667 0.92222222222
7561 0.07777777778 0.92222222222
7562 0.08888888889 0.92222222222
7563 0.10000000000 0.92222222222
7564 0.11111111111 0.92222222222
7565 0.12222222222 0.92222222222
7566 0.13333333333 0.92222222222
7567 0.14444444444 0.92222222222
7568 0.15555555556 0.92222222222
7569 0.16666666667 0.92222222222
7570 0.17777777778 0.92222222222
7571 0.18888888889 0.92222222222
7572 0.20000000000 0.92222222222
7573 0.21111111111 0.92222222222
7574 0.22222222222 0.92222222222
7575 0.23333333333 0.92222222222
7576 0.24444444444 0.92222222222
7577 0.25555555556 0.92222222222
7578 0.26666666667 0.92222222222
7579 0.27777777778 0.92222222222
7580 0.28888888889 0.92222222222
7581 0.30000000000 0.92222222222
7582 0.31111111111 0.92222222222
7583 0.32222222222 0.92222222222
7584 0.33333333333 0.92222222222
7585 0.34444444444 0.92222222222
7586 0.35555555556 0.92222222222
7587 0.36666666667 0.92222222222
7588 0.37777777778 0.92222222222
7589 0.38888888889 0.92222222222
7590 0.40000000000 0.92222222222
7591 0.41111111111 0.92222222222
7592 0.42222222222 0.92222222222
7593 0.43333333333 0.92222222222
7594 0.44444444444 0.92222222222
7595 0.45555555556 0.92222222222
7596 0.46666666667 0.92222222222
7597 0.47777777778 0.92222222222
7598 0.48888888889 0.92222222222
7599 0.50000000000 0.92222222222
7600 0.51111111111 0.92222222222
7601 0.52222222222 0.92222222222
7602 0.53333333333 0.92222222222
7603 0.54444444444 0.92222222222
7604 0.55555555556 0.92222222222
7605 0.56666666667 0.92222222222
7606 0.57777777778 0.92222222222
7607 0.58888888889 0.92222222222
7608 0.60000000000 0.92222222222
7609 0.61111111111 0.92222222222
7610 0.62222222222 0.92222222222
7611 0.63333333333 0.92222222222
7612 0.64444444444 0.92222222222
7613 0.65555555556 0.92222222222
7614 0.66666666667 0.92222222222
7615 0.67777777778 0.92222222222
7616 0.68888888889 0.92222222222
7617 0.70000000000 0.92222222222
7618 0.71111111111 0.92222222222
7619 0.72222222222 0.92222222222
7620 0.73333333333 0.92222222222
7621 0.74444444444 0.92222222222
7622 0.75555555556 0.92222222222
7623 0.76666666667 0.92222222222
7624 0.77777777778 0.92222222222
7625 0.78888888889 0.92222222222
7626 0.80000000000 0.92222222222
7627 0.81111111111 0.92222222222
7628 0.82222222222 0.92222222222
7629 0.83333333333 0.92222222222
7630 0.84444444444 0.92222222222
7631 0.85555555556 0.92222222222
7632 0.86666666667 0.92222222222
7633 0.87777777778 0.92222222222
7634 0.88888888889 0.92222222222
7635 0.90000000000 0.92222222222
7636 0.91111111111 0.92222222222
7637 0.92222222222 0.92222222222
7638 0.93333333333 0.92222222222
7639 0.94444444444 0.92222222222
7640 0.95555555556 0.92222222222
7641 0.96666666667 0.92222222222
7642 0.97777777778 0.92222222222
7643 0.98888888889 0.92222222222
7644 1.00000000000 0.92222222222
7645 0.00000000000 0.93333333333
7646 0.01111111111 0.93333333333
7647 0.02222222222 0.93333333333
7648 0.03333333333 0.93333333333
7649 0.04444444444 0.93333333333
7650 0.05555555556 0.93333333333
7651 0.06666666667 0.93333333333
7652 0.07777777778 0.93333333333
7653 0.08888888889 0.93333333333
7654 0.10000000000 0.93333333333
7655 0.11111111111 0.93333333333
7656 0.12222222222 0.93333333333
7657 0.13333333333 0.93333333333
7658 0.14444444444 0.93333333333
7659 0.15555555556 0.93333333333
7660 0.16666666667 0.93333333333
7661 0.17777777778 0.93333333333
7662 0.18888888889 0.93333333333
7663 0.20000000000 0.93333333333
7664 0.21111111111 0.93333333333
7665 0.22222222222 0.93333333333
7666 0.23333333333 0.93333333333
7667 0.24444444444 0.93333333333
7668 0.25555555556 0.93333333333
7669 0.26666666667 0.93333333333
7670 0.27777777778 0.93333333333
7671 0.28888888889 0.93333333333
7672 0.30000000000 0.93333333333
7673 0.31111111111 0.93333333333
7674 0.32222222222 0.93333333333
7675 0.33333333333 0.93333333333
7676 0.34444444444 0.93333333333
7677 0.35555555556 0.93333333333
7678 0.36666666667 0.93333333333
7679 0.37777777778 0.93333333333
7680 0.38888888889 0.93333333333
7681 0.40000000000 0.93333333333
7682 0.41111111111 0.93333333333
7683 0.42222222222 0.93333333333
7684 0.43333333333 0.93333333333
7685 0.44444444444 0.93333333333
7686 0.45555555556 0.93333333333
7687 0.46666666667 0.93333333333
7688 0.47777777778 0.93333333333
7689 0.48888888889 0.93333333333
7690 0.50000000000 0.93333333333
7691 0.51111111111 0.93333333333
7692 0.52222222222 0.93333333333
7693 0.53333333333 0.93333333333
7694 0.54444444444 0.93333333333
7695 0.55555555556 0.93333333333
7696 0.56666666667 0.93333333333
7697 0.57777777778 0.93333333333
7698 0.58888888889 0.93333333333
7699 0.60000000000 0.93333333333
7700 0.61111111111 0.93333333333
7701 0.62222222222 0.93333333333
7702 0.63333333333 0.93333333333
7703 0.64444444444 0.93333333333
7704 0.65555555556 0.93333333333
7705 0.66666666667 0.93333333333
7706 0.67777777778 0.93333333333
7707 0.68888888889 0.93333333333
7708 0.70000000000 0.93333333333
7709 0.71111111111 0.93333333333
7710 0.72222222222 0.93333333333
7711 0.73333333333 0.93333333333
7712 0.74444444444 0.93333333333
7713 0.75555555556 0.93333333333
7714 0.76666666667 0.93333333333
7715 0.77777777778 0.93333333333
7716 0.78888888889 0.93333333333
7717 0.80000000000 0.93333333333
7718 0.81111111111 0.93333333333
7719 0.82222222222 0.93333333333
7720 0.83333333333 0.93333333333
7721 0.84444444444 0.93333333333
7722 0.85555555556 0.93333333333
7723 0.86666666667 0.93333333333
7724 0.87777777778 0.93333333333
7725 0.88888888889 0.93333333333
7726 0.90000000000 0.93333333333
7727 0.91111111111 0.93333333333
7728 0.92222222222 0.93333333333
7729 0.93333333333 0.93333333333
7730 0.94444444444 0.93333333333
7731 0.95555555556 0.93333333333
7732 0.96666666667 0.93333333333
7733 0.97777777778 0.93333333333
7734 0.98888888889 0.93333333333
7735 1.00000000000 0.93333333333
7736 0.00000000000 0.94444444444
7737 0.01111111111 0.94444444444
7738 0.02222222222 0.94444444444
7739 0.03333333333 0.94444444444
7740 0.04444444444 0.94444444444
7741 0.05555555556 0.94444444444
7742 0.06666666667 0.94444444444
7743 0.07777777778 0.94444444444
7744 0.08888888889 0.94444444444
7745 0.10000000000 0.94444444444
7746 0.11111111111 0.94444444444
7747 0.12222222222 0.94444444444
7748 0.13333333333 0.94444444444
7749 0.14444444444 0.94444444444
7750 0.15555555556 0.94444444444
7751 0.16666666667 0.94444444444
7752 0.17777777778 0.94444444444
7753 0.18888888889 0.94444444444
7754 0.20000000000 0.94444444444
7755 0.21111111111 0.94444444444
7756 0.22222222222 0.94444444444
7757 0.23333333333 0.94444444444
7758 0.24444444444 0.94444444444
7759 0.25555555556 0.94444444444
7760 0.26666666667 0.94444444444
7761 0.27777777778 0.94444444444
7762 0.28888888889 0.94444444444
7763 0.30000000000 0.94444444444
7764 0.31111111111 0.94444444444
7765 0.32222222222 0.94444444444
7766 0.33333333333 0.94444444444
7767 0.34444444444 0.94444444444
7768 0.35555555556 0.94444444444
7769 0.36666666667 0.94444444444
7770 0.37777777778 0.94444444444
7771 0.38888888889 0.94444444444
7772 0.40000000000 0.94444444444
7773 0.41111111111 0.94444444444
7774 0.42222222222 0.94444444444
7775 0.43333333333 0.94444444444
7776 0.44444444444 0.94444444444
7777 0.45555555556 0.94444444444
7778 0.46666666667 0.94444444444
7779 0.47777777778 0.94444444444
7780 0.48888888889 0.94444444444
7781 0.50000000000 0.94444444444
7782 0.51111111111 0.94444444444
7783 0.52222222222 0.94444444444
7784 0.53333333333 0.94444444444
7785 0.54444444444 0.94444444444
7786 0.55555555556 0.94444444444
7787 0.56666666667 0.94444444444
7788 0.57777777778 0.94444444444
7789 0.58888888889 0.94444444444
7790 0.60000000000 0.94444444444
7791 0.61111111111 0.94444444444
7792 0.62222222222 0.94444444444
7793 0.63333333333 0.94444444444
7794 0.64444444444 0.94444444444
7795 0.65555555556 0.94444444444
7796 0.66666666667 0.94444444444
7797 0.67777777778 0.94444444444
7798 0.68888888889 0.94444444444
7799 0.70000000000 0.94444444444
7800 0.71111111111 0.94444444444
7801 0.72222222222 0.94444444444
7802 0.73333333333 0.94444444444
7803 0.74444444444 0.94444444444
7804 0.75555555556 0.94444444444
7805 0.76666666667 0.94444444444
7806 0.77777777778 0.94444444444
7807 0.78888888889 0.94444444444
7808 0.80000000000 0.94444444444
7809 0.81111111111 0.94444444444
7810 0.82222222222 0.94444444444
7811 0.83333333333 0.94444444444
7812 0.84444444444 0.94444444444
7813 0.85555555556 0.94444444444
7814 0.86666666667 0.94444444444
7815 0.87777777778 0.94444444444
7816 0.88888888889 0.94444444444
7817 0.90000000000 0.94444444444
7818 0.91111111111 0.94444444444
7819 0.92222222222 0.94444444444
7820 0.93333333333 0.94444444444
7821 0.94444444444 0.94444444444
7822 0.95555555556 0.94444444444
7823 0.96666666667 0.94444444444
7824 0.97777777778 0.94444444444
7825 0.98888888889 0.94444444444
7826 1.00000000000 0.94444444444
7827 0.00000000000 0.95555555556
7828 0.01111111111 0.95555555556
7829 0.02222222222 0.95555555556
7830 0.03333333333 0.95555555556
7831 0.04444444444 0.95555555556
7832 0.05555555556 0.95555555556
7833 0.06666666667 0.95555555556
7834 0.07777777778 0.95555555556
7835 0.08888888889 0.95555555556
7836 0.10000000000 0.95555555556
7837 0.11111111111 0.95555555556
7838 0.12222222222 0.95555555556
7839 0.13333333333 0.95555555556
7840 0.14444444444 0.95555555556
7841 0.15555555556 0.95555555556
7842 0.16666666667 0.95555555556
7843 0.17777777778 0.95555555556
7844 0.18888888889 0.95555555556
7845 0.20000000000 0.95555555556
7846 0.21111111111 0.95555555556
7847 0.22222222222 0.95555555556
7848 0.23333333333 0.95555555556
7849 0.24444444444 0.95555555556
7850 0.25555555556 0.95555555556
7851 0.26666666667 0.95555555556
7852 0.27777777778 0.95555555556
7853 0.28888888889 0.95555555556
7854 0.30000000000 0.95555555556
7855 0.31111111111 0.95555555556
7856 0.32222222222 0.95555555556
7857 0.33333333333 0.95555555556
7858 0.34444444444 0.95555555556
7859 0.35555555556 0.95555555556
7860 0.36666666667 0.95555555556
7861 0.37777777778 0.95555555556
7862 0.38888888889 0.95555555556
7863 0.40000000000 0.95555555556
7864 0.41111111111 0.95555555556
7865 0.42222222222 0.95555555556
7866 0.43333333333 0.95555555556
7867 0.44444444444 0.95555555556
7868 0.45555555556 0.95555555556
7869 0.46666666667 0.95555555556
7870 0.47777777778 0.95555555556
7871 0.48888888889 0.95555555556
7872 0.50000000000 0.95555555556
7873 0.51111111111 0.95555555556
7874 0.52222222222 0.95555555556
7875 0.53333333333 0.95555555556
7876 0.54444444444 0.95555555556
7877 0.55555555556 0.95555555556
7878 0.56666666667 0.95555555556
7879 0.57777777778 0.95555555556
7880 0.58888888889 0.95555555556
7881 0.60000000000 0.95555555556
7882 0.61111111111 0.95555555556
7883 0.62222222222 0.95555555556
7884 0.63333333333 0.95555555556
7885 0.64444444444 0.95555555556
7886 0.65555555556 0.95555555556
7887 0.66666666667 0.95555555556
7888 0.67777777778 0.95555555556
7889 0.68888888889 0.95555555556
7890 0.70000000000 0.95555555556
7891 0.71111111111 0.95555555556
7892 0.72222222222 0.95555555556
7893 0.73333333333 0.95555555556
7894 0.74444444444 0.95555555556
7895 0.75555555556 0.95555555556
7896 0.76666666667 0.95555555556
7897 0.77777777778 0.95555555556
7898 0.78888888889 0.95555555556
7899 0.80000000000 0.95555555556
7900 0.81111111111 0.95555555556
7901 0.82222222222 0.95555555556
7902 0.83333333333 0.95555555556
7903 0.84444444444 0.95555555556
7904 0.85555555556 0.95555555556
7905 0.86666666667 0.95555555556
7906 0.87777777778 0.95555555556
7907 0.88888888889 0.95555555556
7908 0.90000000000 0.95555555556
7909 0.91111111111 0.95555555556
7910 0.92222222222 0.95555555556
7911 0.93333333333 0.95555555556
7912 0.94444444444 0.95555555556
7913 0.95555555556 0.95555555556
7914 0.96666666667 0.95555555556
7915 0.97777777778 0.95555555556
7916 0.98888888889 0.95555555556
7917 1.00000000000 0.95555555556
7918 0.00000000000 0.96666666667
7919 0.01111111111 0.96666666667
7920 0.02222222222 0.96666666667
7921 0.03333333333 0.96666666667
7922 0.04444444444 0.96666666667
7923 0.05555555556 0.96666666667
7924 0.06666666667 0.96666666667
7925 0.07777777778 0.96666666667
7926 0.08888888889 0.96666666667
7927 0.10000000000 0.96666666667
7928 0.11111111111 0.96666666667
7929 0.12222222222 0.96666666667
7930 0.13333333333 0.96666666667
7931 0.14444444444 0.96666666667
7932 0.15555555556 0.96666666667
7933 0.16666666667 0.96666666667
7934 0.17777777778 0.96666666667
7935 0.18888888889 0.96666666667
7936 0.20000000000 0.96666666667
7937 0.21111111111 0.96666666667
7938 0.22222222222 0.96666666667
7939 0.23333333333 0.96666666667
7940 0.24444444444 0.96666666667
7941 0.25555555556 0.96666666667
7942 0.26666666667 0.96666666667
7943 0.27777777778 0.96666666667
7944 0.28888888889 0.96666666667
7945 0.30000000000 0.96666666667
7946 0.31111111111 0.96666666667
7947 0.32222222222 0.96666666667
7948 0.33333333333 0.96666666667
7949 0.34444444444 0.96666666667
7950 0.35555555556 0.96666666667
7951 0.36666666667 0.96666666667
7952 0.37777777778 0.96666666667
7953 0.38888888889 0.96666666667
7954 0.40000000000 0.96666666667
7955 0.41111111111 0.96666666667
7956 0.42222222222 0.96666666667
7957 0.43333333333 0.96666666667
7958 0.44444444444 0.96666666667
7959 0.45555555556 0.96666666667
7960 0.46666666667 0.96666666667
7961 0.47777777778 0.96666666667
7962 0.48888888889 0.96666666667
7963 0.50000000000 0.96666666667
7964 0.51111111111 0.96666666667
7965 0.52222222222 0.96666666667
7966 0.53333333333 0.96666666667
7967 0.54444444444 0.96666666667
7968 0.55555555556 0.96666666667
7969 0.56666666667 0.96666666667
7970 0.57777777778 0.96666666667
7971 0.58888888889 0.96666666667
7972 0.60000000000 0.96666666667
7973 0.61111111111 0.96666666667
7974 0.62222222222 0.96666666667
7975 0.63333333333 0.96666666667
7976 0.64444444444 0.96666666667
7977 0.65555555556 0.96666666667
7978 0.66666666667 0.96666666667
7979 0.67777777778 0.96666666667
7980 0.68888888889 0.96666666667
7981 0.70000000000 0.96666666667
7982 0.71111111111 0.96666666667
7983 0.72222222222 0.96666666667
7984 0.73333333333 0.96666666667
7985 0.74444444444 0.96666666667
7986 0.75555555556 0.96666666667
7987 0.76666666667 0.96666666667
7988 0.77777777778 0.96666666667
7989 0.78888888889 0.96666666667
7990 0.80000000000 0.96666666667
7991 0.81111111111 0.96666666667
7992 0.82222222222 0.96666666667
7993 0.83333333333 0.96666666667
7994 0.84444444444 0.96666666667
7995 0.85555555556 0.96666666667
7996 0.86666666667 0.96666666667
7997 0.87777777778 0.96666666667
7998 0.88888888889 0.96666666667
7999 0.90000000000 0.96666666667
8000 0.91111111111 0.96666666667
8001 0.92222222222 0.96666666667
8002 0.93333333333 0.96666666667
8003 0.94444444444 0.96666666667
8004 0.95555555556 0.96666666667
8005 0.96666666667 0.96666666667
8006 0.97777777778 0.96666666667
8007 0.98888888889 0.96666666667
8008 1.00000000000 0.96666666667
8009 0.00000000000 0.97777777778
8010 0.01111111111 0.97777777778
8011 0.02222222222 0.97777777778
8012 0.03333333333 0.97777777778
8013 0.04444444444 0.97777777778
8014 0.05555555556 0.97777777778
8015 0.06666666667 0.97777777778
8016 0.07777777778 0.97777777778
8017 0.08888888889 0.97777777778
8018 0.10000000000 0.97777777778
8019 0.11111111111 0.97777777778
8020 0.12222222222 0.97777777778
8021 0.13333333333 0.97777777778
8022 0.14444444444 0.97777777778
8023 0.15555555556 0.97777777778
8024 0.16666666667 0.97777777778
8025 0.17777777778 0.97777777778
8026 0.18888888889 0.97777777778
8027 0.20000000000 0.97777777778
8028 0.21111111111 0.97777777778
8029 0.22222222222 0.97777777778
8030 0.23333333333 0.97777777778
8031 0.24444444444 0.97777777778
8032 0.25555555556 0.97777777778
8033 0.26666666667 0.97777777778
8034 0.27777777778 0.97777777778
8035 0.28888888889 0.97777777778
8036 0.30000000000 0.97777777778
8037 0.31111111111 0.97777777778
8038 0.32222222222 0.97777777778
8039 0.33333333333 0.97777777778
8040 0.34444444444 0.97777777778
8041 0.35555555556 0.97777777778
8042 0.36666666667 0.97777777778
8043 0.37777777778 0.97777777778
8044 0.38888888889 0.97777777778
8045 0.40000000000 0.97777777778
8046 0.41111111111 0.97777777778
8047 0.42222222222 0.97777777778
8048 0.43333333333 0.97777777778
8049 0.44444444444 0.97777777778
8050 0.45555555556 0.97777777778
8051 0.46666666667 0.97777777778
8052 0.47777777778 0.97777777778
8053 0.48888888889 0.97777777778
8054 0.50000000000 0.97777777778
8055 0.51111111111 0.97777777778
8056 0.52222222222 0.97777777778
8057 0.53333333333 0.97777777778
8058 0.54444444444 0.97777777778
8059 0.55555555556 0.97777777778
8060 0.56666666667 0.97777777778
8061 0.57777777778 0.97777777778
8062 0.58888888889 0.97777777778
8063 0.60000000000 0.97777777778
8064 0.61111111111 0.97777777778
8065 0.62222222222 0.97777777778
8066 0.63333333333 0.97777777778
8067 0.64444444444 0.97777777778
8068 0.65555555556 0.97777777778
8069 0.66666666667 0.97777777778
8070 0.67777777778 0.97777777778
8071 0.68888888889 0.97777777778
8072 0.70000000000 0.97777777778
8073 0.71111111111 0.97777777778
8074 0.72222222222 0.97777777778
8075 0.73333333333 0.97777777778
8076 0.74444444444 0.97777777778
8077 0.75555555556 0.97777777778
8078 0.76666666667 0.97777777778
8079 0.77777777778 0.97777777778
8080 0.78888888889 0.97777777778
8081 0.80000000000 0.97777777778
8082 0.81111111111 0.97777777778
8083 0.82222222222 0.97777777778
8084 0.83333333333 0.97777777778
8085 0.84444444444 0.97777777778
8086 0.85555555556 0.97777777778
8087 0.86666666667 0.97777777778
8088 0.87777777778 0.97777777778
8089 0.88888888889 0.97777777778
8090 0.90000000000 0.97777777778
8091 0.91111111111 0.97777777778
8092 0.92222222222 0.97777777778
8093 0.93333333333 0.97777777778
8094 0.94444444444 0.97777777778
8095 0.95555555556 0.97777777778
8096 0.96666666667 0.97777777778
8097 0.97777777778 0.97777777778
8098 0.98888888889 0.97777777778
8099 1.00000000000 0.97777777778
8100 0.00000000000 0.98888888889
8101 0.01111111111 0.98888888889
8102 0.02222222222 0.98888888889
8103 0.03333333333 0.98888888889
8104 0.04444444444 0.98888888889
8105 0.05555555556 0.98888888889
8106 0.06666666667 0.98888888889
8107 0.07777777778 0.98888888889
8108 0.08888888889 0.98888888889
8109 0.10000000000 0.98888888889
8110 0.11111111111 0.98888888889
8111 0.12222222222 0.98888888889
8112 0.13333333333 0.98888888889
8113 0.14444444444 0.98888888889
8114 0.15555555556 0.98888888889
8115 0.16666666667 0.98888888889
8116 0.17777777778 0.98888888889
8117 0.18888888889 0.98888888889
8118 0.20000000000 0.98888888889
8119 0.21111111111 0.98888888889
8120 0.22222222222 0.98888888889
8121 0.23333333333 0.98888888889
8122 0.24444444444 0.98888888889
8123 0.25555555556 0.98888888889
8124 0.26666666667 0.98888888889
8125 0.27777777778 0.98888888889
8126 0.28888888889 0.98888888889
8127 0.30000000000 0.98888888889
8128 0.31111111111 0.98888888889
8129 0.32222222222 0.98888888889
8130 0.33333333333 0.98888888889
8131 0.34444444444 0.98888888889
8132 0.35555555556 0.98888888889
8133 0.36666666667 0.98888888889
8134 0.37777777778 0.98888888889
8135 0.38888888889 0.98888888889
8136 0.40000000000 0.98888888889
8137 0.41111111111 0.98888888889
8138 0.42222222222 0.98888888889
8139 0.43333333333 0.98888888889
8140 0.44444444444 0.98888888889
8141 0.45555555556 0.98888888889
8142 0.46666666667 0.98888888889
8143 0.47777777778 0.98888888889
8144 0.48888888889 0.98888888889
8145 0.50000000000 0.98888888889
8146 0.51111111111 0.98888888889
8147 0.52222222222 0.98888888889
8148 0.53333333333 0.98888888889
8149 0.54444444444 0.98888888889
8150 0.55555555556 0.98888888889
8151 0.56666666667 0.98888888889
8152 0.57777777778 0.98888888889
8153 0.58888888889 0.98888888889
8154 0.60000000000 0.98888888889
8155 0.61111111111 0.98888888889
8156 0.62222222222 0.98888888889
8157 0.63333333333 0.98888888889
8158 0.64444444444 0.98888888889
8159 0.65555555556 0.98888888889
8160 0.66666666667 0.98888888889
8161 0.67777777778 0.98888888889
8162 0.68888888889 0.98888888889
8163 0.70000000000 0.98888888889
8164 0.71111111111 0.98888888889
8165 0.72222222222 0.98888888889
8166 0.73333333333 0.98888888889
8167 0.74444444444 0.98888888889
8168 0.75555555556 0.98888888889
8169 0.76666666667 0.98888888889
8170 0.77777777778 0.98888888889
8171 0.78888888889 0.98888888889
8172 0.80000000000 0.98888888889
8173 0.81111111111 0.98888888889
8174 0.82222222222 0.98888888889
8175 0.83333333333 0.98888888889
8176 0.84444444444 0.98888888889
8177 0.85555555556 0.98888888889
8178 0.86666666667 0.98888888889
8179 0.87777777778 0.98888888889
8180 0.88888888889 0.98888888889
8181 0.90000000000 0.98888888889
8182 0.91111111111 0.98888888889
8183 0.92222222222 0.98888888889
8184 0.93333333333 0.98888888889
8185 0.94444444444 0.98888888889
8186 0.95555555556 0.98888888889
8187 0.96666666667 0.98888888889
8188 0.97777777778 0.98888888889
8189 0.98888888889 0.98888888889
8190 1.00000000000 0.98888888889
8191 0.00000000000 1.00000000000
8192 0.01111111111 1.00000000000
8193 0.02222222222 1.00000000000
8194 0.03333333333 1.00000000000
8195 0.04444444444 1.00000000000
8196 0.05555555556 1.00000000000
8197 0.06666666667 1.00000000000
8198 0.07777777778 1.00000000000
8199 0.08888888889 1.00000000000
8200 0.10000000000 1.00000000000
8201 0.11111111111 1.00000000000
8202 0.12222222222 1.00000000000
8203 0.13333333333 1.00000000000
8204 0.14444444444 1.00000000000
8205 0.15555555556 1.00000000000
8206 0.16666666667 1.00000000000
8207 0.17777777778 1.00000000000
8208 0.18888888889 1.00000000000
8209 0.20000000000 1.00000000000
8210 0.21111111111 1.00000000000
8211 0.22222222222 1.00000000000
8212 0.23333333333 1.00000000000
8213 0.24444444444 1.00000000000
8214 0.25555555556 1.00000000000
8215 0.26666666667 1.00000000000
8216 0.27777777778 1.00000000000
8217 0.28888888889 1.00000000000
8218 0.30000000000 1.00000000000
8219 0.31111111111 1.00000000000
8220 0.32222222222 1.00000000000
8221 0.33333333333 1.00000000000
8222 0.34444444444 1.00000000000
8223 0.35555555556 1.00000000000
8224 0.36666666667 1.00000000000
8225 0.37777777778 1.00000000000
8226 0.38888888889 1.00000000000
8227 0.40000000000 1.00000000000
8228 0.41111111111 1.00000000000
8229 0.42222222222 1.00000000000
8230 0.43333333333 1.00000000000
8231 0.44444444444 1.00000000000
8232 0.45555555556 1.00000000000
8233 0.46666666667 1.00000000000
8234 0.47777777778 1.00000000000
8235 0.48888888889 1.00000000000
8236 0.50000000000 1.00000000000
8237 0.51111111111 1.00000000000
8238 0.52222222222 1.00000000000
8239 0.53333333333 1.00000000000
8240 0.54444444444 1.00000000000
8241 0.55555555556 1.00000000000
8242 0.56666666667 1.00000000000
8243 0.57777777778 1.00000000000
8244 0.58888888889 1.00000000000
8245 0.60000000000 1.00000000000
8246 0.61111111111 1.00000000000
8247 0.62222222222 1.00000000000
8248 0.63333333333 1.00000000000
8249 0.64444444444 1.00000000000
8250 0.65555555556 1.00000000000
8251 0.66666666667 1.00000000000
8252 0.67777777778 1.00000000000
8253 0.68888888889 1.00000000000
8254 0.70000000000 1.00000000000
8255 0.71111111111 1.00000000000
8256 0.72222222222 1.00000000000
8257 0.73333333333 1.00000000000
8258 0.74444444444 1.00000000000
8259 0.75555555556 1.00000000000
8260 0.76666666667 1.00000000000
8261 0.77777777778 1.00000000000
8262 0.78888888889 1.00000000000
8263 0.80000000000 1.00000000000
8264 0.81111111111 1.00000000000
8265 0.82222222222 1.00000000000
8266 0.83333333333 1.00000000000
8267 0.84444444444 1.00000000000
8268 0.85555555556 1.00000000000
8269 0.86666666667 1.00000000000
8270 0.87777777778 1.00000000000
8271 0.88888888889 1.00000000000
8272 0.90000000000 1.00000000000
8273 0.91111111111 1.00000000000
8274 0.92222222222 1.00000000000
8275 0.93333333333 1.00000000000
8276 0.94444444444 1.00000000000
8277 0.95555555556 1.00000000000
8278 0.96666666667 1.00000000000
8279 0.97777777778 1.00000000000
8280 0.98888888889 1.00000000000
8281 1.00000000000 1.00000000000
8100
1 2 1 1 1 2 93 92
2 2 1 1 2 3 94 93
3 2 1 1 3 4 95 94
4 2 1 1 4 5 96 95
5 2 1 1 5 6 97 96
6 2 1 1 6 7 98 97
7 2 1 1 7 8 99 98
8 2 1 1 8 9 100 99
9 2 1 1 9 10 101 100
10 2 1 1 10 11 102 101
11 2 1 1 11 12 103 102
12 2 1 1 12 13 104 103
13 2 1 1 13 14 105 104
14 2 1 1 14 15 106 105
15 2 1 1 15 16 107 106
16 2 1 1 16 17 108 107
17 2 1 1 17 18 109 108
18 2 1 1 18 19 110 109
19 2 1 1 19 20 111 110
20 2 1 1 20 21 112 111
21 2 1 1 21 22 113 112
22 2 1 1 22 23 114 113
23 2 1 1 23 24 115 114
24 2 1 1 24 25 116 115
25 2 1 1 25 26 117 116
26 2 1 1 26 27 118 117
27 2 1 1 27 28 119 118
28 2 1 1 28 29 120 119
29 2 1 1 29 30 121 120
30 2 1 1 30 31 122 121
31 2 1 1 31 32 123 122
32 2 1 1 32 33 124 123
33 2 1 1 33 34 125 124
34 2 1 1 34 35 126 125
35 2 1 1 35 36 127 126
36 2 1 1 36 37 128 127
37 2 1 1 37 38 129 128
38 2 1 1 38 39 130 129
39 2 1 1 39 40 131 130
40 2 1 1 40 41 132 131
41 2 1 1 41 42 133 132
42 2 1 1 42 43 134 133
43 2 1 1 43 44 135 134
44 2 1 1 44 45 136 135
45 2 1 1 45 46 137 136
46 2 1 1 46 47 138 137
47 2 1 1 47 48 139 138
48 2 1 1 48 49 140 139
49 2 1 1 49 50 141 140
50 2 1 1 50 51 142 141
51 2 1 1 51 52 143 142
52 2 1 1 52 53 144 143
53 2 1 1 53 54 145 144
54 2 1 1 54 55 146 145
55 2 1 1 55 56 147 146
56 2 1 1 56 57 148 147
57 2 1 1 57 58 149 148
58 2 1 1 58 59 150 149
59 2 1 1 59 60 151 150
60 2 1 1 60 61 152 151
61 2 1 1 61 62 153 152
62 2 1 1 62 63 154 153
63 2 1 1 63 64 155 154
64 2 1 1 64 65 156 155
65 2 1 1 65 66 157 156
66 2 1 1 66 67 158 157
67 2 1 1 67 68 159 158
68 2 1 1 68 69 160 159
69 2 1 1 69 70 161 160
70 2 1 1 70 71 162 161
71 2 1 1 71 72 163 162
72 2 1 1 72 73 164 163
73 2 1 1 73 74 165 164
74 2 1 1 74 75 166 165
75 2 1 1 75 76 167 166
76 2 1 1 76 77 168 167
77 2 1 1 77 78 169 168
78 2 1 1 78 79 170 169
79 2 1 1 79 80 171 170
80 2 1 1 80 81 172 171
81 2 1 1 81 82 173 172
82 2 1 1 82 83 174 173
83 2 1 1 83 84 175 174
84 2 1 1 84 85 176 175
85 2 1 1 85 86 177 176
86 2 1 1 86 87 178 177
87 2 1 1 87 88 179 178
88 2 1 1 88 89 180 179
89 2 1 1 89 90 181 180
90 2 1 1 90 91 182 181
91 2 1 1 92 93 184 183
92 2 1 1 93 94 185 184
93 2 1 1 94 95 186 185
94 2 1 1 95 96 187 186
95 2 1 1 96 97 188 187
96 2 1 1 97 98 189 188
97 2 1 1 98 99 190 189
98 2 1 1 99 100 191 190
99 2 1 1 100 101 192 191
100 2 1 1 101 102 193 192
101 2 1 1 102 103 194 193
102 2 1 1 103 104 195 194
103 2 1 1 104 105 196 195
104 2 1 1 105 106 197 196
105 2 1 1 106 107 198 197
106 2 1 1 107 108 199 198
107 2 1 1 108 109 200 199
108 2 1 1 109 110 201 200
109 2 1 1 110 111 202 201
110 2 1 1 111 112 203 202
111 2 1 1 112 113 204 203
112 2 1 1 113 114 205 204
113 2 1 1 114 115 206 205
114 2 1 1 115 116 207 206
115 2 1 1 116 117 208 207
116 2 1 1 117 118 209 208
117 2 1 1 118 119 210 209
118 2 1 1 119 120 211 210
119 2 1 1 120 121 212 211
120 2 1 1 121 122 213 212
121 2 1 1 122 123 214 213
122 2 1 1 123 124 215 214
123 2 1 1 124 125 216 215
124 2 1 1 125 126 217 216
125 2 1 1 126 127 218 217
126 2 1 1 127 128 219 218
127 2 1 1 128 129 220 219
128 2 1 1 129 130 221 220
129 2 1 1 130 131 222 221
130 2 1 1 131 132 223 222
131 2 1 1 132 133 224 223
132 2 1 1 133 134 225 224
133 2 1 1 134 135 226 225
134 2 1 1 135 136 227 226
135 2 1 1 136 137 228 227
136 2 1 1 137 138 229 228
137 2 1 1 138 139 230 229
138 2 1 1 139 140 231 230
139 2 1 1 140 141 232 231
140 2 1 1 141 142 233 232
141 2 1 1 142 143 234 233
142 2 1 1 143 144 235 234
143 2 1 1 144 145 236 235
144 2 1 1 145 146 237 236
145 2 1 1 146 147 238 237
146 2 1 1 147 148 239 238
147 2 1 1 148 149 240 239
148 2 1 1 149 150 241 240
149 2 1 1 150 151 242 241
150 2 1 1 151 152 243 242
151 2 1 1 152 153 244 243
152 2 1 1 153 154 245 244
153 2 1 1 154 155 246 245
154 2 1 1 155 156 247 246
155 2 1 1 156 157 248 247
156 2 1 1 157 158 249 248
157 2 1 1 158 159 250 249
158 2 1 1 159 160 251 250
159 2 1 1 160 161 252 251
160 2 1 1 161 162 253 252
161 2 1 1 162 163 254 253
162 2 1 1 163 164 255 254
163 2 1 1 164 165 256 255
164 2 1 1 165 166 257 256
165 2 1 1 166 167 258 257
166 2 1 1 167 168 259 258
167 2 1 1 168 169 260 259
168 2 1 1 169 170 261 260
169 2 1 1 170 171 262 261
170 2 1 1 171 172 263 262
171 2 1 1 172 173 264 263
172 2 1 1 173 174 265 264
173 2 1 1 174 175 266 265
174 2 1 1 175 176 267 266
175 2 1 1 176 177 268 267
176 2 1 1 177 178 269 268
177 2 1 1 178 179 270 269
178 2 1 1 179 180 271 270
179 2 1 1 180 181 272 271
180 2 1 1 181 182 273 272
181 2 1 1 183 184 275 274
182 2 1 1 184 185 276 275
183 2 1 1 185 186 277 276
184 2 1 1 186 187 278 277
185 2 1 1 187 188 279 278
186 2 1 1 188 189 280 279
187 2 1 1 189 190 281 280
188 2 1 1 190 191 282 281
189 2 1 1 191 192 283 282
190 2 1 1 192 193 284 283
191 2 1 1 193 194 285 284
192 2 1 1 194 195 286 285
193 2 1 1 195 196 287 286
194 2 1 1 196 197 288 287
195 2 1 1 197 198 289 288
196 2 1 1 198 199 290 289
197 2 1 1 199 200 291 290
198 2 1 1 200 201 292 291
199 2 1 1 201 202 293 292
200 2 1 1 202 203 294 293
201 2 1 1 203 204 295 294
202 2 1 1 204 205 296 295
203 2 1 1 205 206 297 296
204 2 1 1 206 207 298 297
205 2 1 1 207 208 299 298
206 2 1 1 208 209 300 299
207 2 1 1 209 210 301 300
208 2 1 1 210 211 302 301
209 2 1 1 211 212 303 302
210 2 1 1 212 213 304 303
211 2 1 1 213 214 305 304
212 2 1 1 214 215 306 305
213 2 1 1 215 216 307 306
214 2 1 1 216 217 308 307
215 2 1 1 217 218 309 308
216 2 1 1 218 219 310 309
217 2 1 1 219 220 311 310
218 2 1 1 220 221 312 311
219 2 1 1 221 222 313 312
220 2 1 1 222 223 314 313
221 2 1 1 223 224 315 314
222 2 1 1 224 225 316 315
223 2 1 1 225 226 317 316
224 2 1 1 226 227 318 317
225 2 1 1 227 228 319 318
226 2 1 1 228 229 320 319
227 2 1 1 229 230 321 320
228 2 1 1 230 231 322 321
229 2 1 1 231 232 323 322
230 2 1 1 232 233 324 323
231 2 1 1 233 234 325 324
232 2 1 1 234 235 326 325
233 2 1 1 235 236 327 326
234 2 1 1 236 237 328 327
235 2 1 1 237 238 329 328
236 2 1 1 238 239 330 329
237 2 1 1 239 240 331 330
238 2 1 1 240 241 332 331
239 2 1 1 241 242 333 332
240 2 1 1 242 243 334 333
241 2 1 1 243 244 335 334
242 2 1 1 244 245 336 335
243 2 1 1 245 246 337 336
244 2 1 1 246 247 338 337
245 2 1 1 247 248 339 338
246 2 1 1 248 249 340 339
247 2 1 1 249 250 341 340
248 2 1 1 250 251 342 341
249 2 1 1 251 252 343 342
250 2 1 1 252 253 344 343
251 2 1 1 253 254 345 344
252 2 1 1 254 255 346 345
253 2 1 1 255 256 347 346
254 2 1 1 256 257 348 347
255 2 1 1 257 258 349 348
256 2 1 1 258 259 350 349
257 2 1 1 259 260 351 350
258 2 1 1 260 261 352 351
259 2 1 1 261 262 353 352
260 2 1 1 262 263 354 353
261 2 1 1 263 264 355 354
262 2 1 1 264 265 356 355
263 2 1 1 265 266 357 356
264 2 1 1 266 267 358 357
265 2 1 1 267 268 359 358
266 2 1 1 268 269 360 359
267 2 1 1 269 270 361 360
268 2 1 1 270 271 362 361
269 2 1 1 271 272 363 362
270 2 1 1 272 273 364 363
271 2 1 1 274 275 366 365
272 2 1 1 275 276 367 366
273 2 1 1 276 277 368 367
274 2 1 1 277 278 369 368
275 2 1 1 278 279 370 369
276 2 1 1 279 280 371 370
277 2 1 1 280 281 372 371
278 2 1 1 281 282 373 372
279 2 1 1 282 283 374 373
280 2 1 1 283 284 375 374
281 2 1 1 284 285 376 375
282 2 1 1 285 286 377 376
283 2 1 1 286 287 378 377
284 2 1 1 287 288 379 378
285 2 1 1 288 289 380 379
286 2 1 1 289 290 381 380
287 2 1 1 290 291 382 381
288 2 1 1 291 292 383 382
289 2 1 1 292 293 384 383
290 2 1 1 293 294 385 384
291 2 1 1 294 295 386 385
292 2 1 1 295 296 387 386
293 2 1 1 296 297 388 387
294 2 1 1 297 298 389 388
295 2 1 1 298 299 390 389
296 2 1 1 299 300 391 390
297 2 1 1 300 301 392 391
298 2 1 1 301 302 393 392
299 2 1 1 302 303 394 393
300 2 1 1 303 304 395 394
301 2 1 1 304 305 396 395
302 2 1 1 305 306 397 396
303 2 1 1 306 307 398 397
304 2 1 1 307 308 399 398
305 2 1 1 308 309 400 399
306 2 1 1 309 310 401 400
307 2 1 1 310 311 402 401
308 2 1 1 311 312 403 402
309 2 1 1 312 313 404 403
310 2 1 1 313 314 405 404
311 2 1 1 314 315 406 405
312 2 1 1 315 316 407 406
313 2 1 1 316 317 408 407
314 2 1 1 317 318 409 408
315 2 1 1 318 319 410 409
316 2 1 1 319 320 411 410
317 2 1 1 320 321 412 411
318 2 1 1 321 322 413 412
319 2 1 1 322 323 414 413
320 2 1 1 323 324 415 414
321 2 1 1 324 325 416 415
322 2 1 1 325 326 417 416
323 2 1 1 326 327 418 417
324 2 1 1 327 328 419 418
325 2 1 1 328 329 420 419
326 2 1 1 329 330 421 420
327 2 1 1 330 331 422 421
328 2 1 1 331 332 423 422
329 2 1 1 332 333 424 423
330 2 1 1 333 334 425 424
331 2 1 1 334 335 426 425
332 2 1 1 335 336 427 426
333 2 1 1 336 337 428 427
334 2 1 1 337 338 429 428
335 2 1 1 338 339 430 429
336 2 1 1 339 340 431 430
337 2 1 1 340 341 432 431
338 2 1 1 341 342 433 432
339 2 1 1 342 343 434 433
340 2 1 1 343 344 435 434
341 2 1 1 344 345 436 435
342 2 1 1 345 346 437 436
343 2 1 1 346 347 438 437
344 2 1 1 347 348 439 438
345 2 1 1 348 349 440 439
346 2 1 1 349 350 441 440
347 2 1 1 350 351 442 441
348 2 1 1 351 352 443 442
349 2 1 1 352 353 444 443
350 2 1 1 353 354 445 444
351 2 1 1 354 355 446 445
352 2 1 1 355 356 447 446
353 2 1 1 356 357 448 447
354 2 1 1 357 358 449 448
355 2 1 1 358 359 450 449
356 2 1 1 359 360 451 450
357 2 1 1 360 361 452 451
358 2 1 1 361 362 453 452
359 2 1 1 362 363 454 453
360 2 1 1 363 364 455 454
361 2 1 1 365 366 457 456
362 2 1 1 366 367 458 457
363 2 1 1 367 368 459 458
364 2 1 1 368 369 460 459
365 2 1 1 369 370 461 460
366 2 1 1 370 371 462 461
367 2 1 1 371 372 463 462
368 2 1 1 372 373 464 463
369 2 1 1 373 374 465 464
370 2 1 1 374 375 466 465
371 2 1 1 375 376 467 466
372 2 1 1 376 377 468 467
373 2 1 1 377 378 469 468
374 2 1 1 378 379 470 469
375 2 1 1 379 380 471 470
376 2 1 1 380 381 472 471
377 2 1 1 381 382 473 472
378 2 1 1 382 383 474 473
379 2 1 1 383 384 475 474
380 2 1 1 384 385 476 475
381 2 1 1 385 386 477 476
382 2 1 1 386 387 478 477
383 2 1 1 387 388 479 478
384 2 1 1 388 389 480 479
385 2 1 1 389 390 481 480
386 2 1 1 390 391 482 481
387 2 1 1 391 392 483 482
388 2 1 1 392 393 484 483
389 2 1 1 393 394 485 484
390 2 1 1 394 395 486 485
391 2 1 1 395 396 487 486
392 2 1 1 396 397 488 487
393 2 1 1 397 398 489 488
394 2 1 1 398 399 490 489
395 2 1 1 399 400 491 490
396 2 1 1 400 401 492 491
397 2 1 1 401 402 493 492
398 2 1 1 402 403 494 493
399 2 1 1 403 404 495 494
400 2 1 1 404 405 496 495
401 2 1 1 405 406 497 496
402 2 1 1 406 407 498 497
403 2 1 1 407 408 499 498
404 2 1 1 408 409 500 499
405 2 1 1 409 410 501 500
406 2 1 1 410 411 502 501
407 2 1 1 411 412 503 502
408 2 1 1 412 413 504 503
409 2 1 1 413 414 505 504
410 2 1 1 414 415 506 505
411 2 1 1 415 416 507 506
412 2 1 1 416 417 508 507
413 2 1 1 417 418 509 508
414 2 1 1 418 419 510 509
415 2 1 1 419 420 511 510
416 2 1 1 420 421 512 511
417 2 1 1 421 422 513 512
418 2 1 1 422 423 514 513
419 2 1 1 423 424 515 514
420 2 1 1 424 425 516 515
421 2 1 1 425 426 517 516
422 2 1 1 426 427 518 517
423 2 1 1 427 428 519 518
424 2 1 1 428 429 520 519
425 2 1 1 429 430 521 520
426 2 1 1 430 431 522 521
427 2 1 1 431 432 523 522
428 2 1 1 432 433 524 523
429 2 1 1 433 434 525 524
430 2 1 1 434 435 526 525
431 2 1 1 435 436 527 526
432 2 1 1 436 437 528 527
433 2 1 1 437 438 529 528
434 2 1 1 438 439 530 529
435 2 1 1 439 440 531 530
436 2 1 1 440 441 532 531
437 2 1 1 441 442 533 532
438 2 1 1 442 443 534 533
439 2 1 1 443 444 535 534
440 2 1 1 444 445 536 535
441 2 1 1 445 446 537 536
442 2 1 1 446 447 538 537
443 2 1 1 447 448 539 538
444 2 1 1 448 449 540 539
445 2 1 1 449 450 541 540
446 2 1 1 450 451 542 541
447 2 1 1 451 452 543 542
448 2 1 1 452 453 544 543
449 2 1 1 453 454 545 544
450 2 1 1 454 455 546 545
451 2 1 1 456 457 548 547
452 2 1 1 457 458 549 548
453 2 1 1 458 459 550 549
454 2 1 1 459 460 551 550
455 2 1 1 460 461 552 551
456 2 1 1 461 462 553 552
457 2 1 1 462 463 554 553
458 2 1 1 463 464 555 554
459 2 1 1 464 465 556 555
460 2 1 1 465 466 557 556
461 2 1 1 466 467 558 557
462 2 1 1 467 468 559 558
463 2 1 1 468 469 560 559
464 2 1 1 469 470 561 560
465 2 1 1 470 471 562 561
466 2 1 1 471 472 563 562
467 2 1 1 472 473 564 563
468 2 1 1 473 474 565 564
469 2 1 1 474 475 566 565
470 2 1 1 475 476 567 566
471 2 1 1 476 477 568 567
472 2 1 1 477 478 569 568
473 2 1 1 478 479 570 569
474 2 1 1 479 480 571 570
475 2 1 1 480 481 572 571
476 2 1 1 481 482 573 572
477 2 1 1 482 483 574 573
478 2 1 1 483 484 575 574
479 2 1 1 484 485 576 575
480 2 1 1 485 486 577 576
481 2 1 1 486 487 578 577
482 2 1 1 487 488 579 578
483 2 1 1 488 489 580 579
484 2 1 1 489 490 581 580
485 2 1 1 490 491 582 581
486 2 1 1 491 492 583 582
487 2 1 1 492 493 584 583
488 2 1 1 493 494 585 584
489 2 1 1 494 495 586 585
490 2 1 1 495 496 587 586
491 2 1 1 496 497 588 587
492 2 1 1 497 498 589 588
493 2 1 1 498 499 590 589
494 2 1 1 499 500 591 590
495 2 1 1 500 501 592 591
496 2 1 1 501 502 593 592
497 2 1 1 502 503 594 593
498 2 1 1 503 504 595 594
499 2 1 1 504 505 596 595
500 2 1 1 505 506 597 596
501 2 1 1 506 507 598 597
502 2 1 1 507 508 599 598
503 2 1 1 508 509 600 599
504 2 1 1 509 510 601 600
505 2 1 1 510 511 602 601
506 2 1 1 511 512 603 602
507 2 1 1 512 513 604 603
508 2 1 1 513 514 605 604
509 2 1 1 514 515 606 605
510 2 1 1 515 516 607 606
511 2 1 1 516 517 608 607
512 2 1 1 517 518 609 608
513 2 1 1 518 519 610 609
514 2 1 1 519 520 611 610
515 2 1 1 520 521 612 611
516 2 1 1 521 522 613 612
517 2 1 1 522 523 614 613
518 2 1 1 523 524 615 614
519 2 1 1 524 525 616 615
520 2 1 1 525 526 617 616
521 2 1 1 526 527 618 617
522 2 1 1 527 528 619 618
523 2 1 1 528 529 620 619
524 2 1 1 529 530 621 620
525 2 1 1 530 531 622 621
526 2 1 1 531 532 623 622
527 2 1 1 532 533 624 623
528 2 1 1 533 534 625 624
529 2 1 1 534 535 626 625
530 2 1 1 535 536 627 626
531 2 1 1 536 537 628 627
532 2 1 1 537 538 629 628
533 2 1 1 538 539 630 629
534 2 1 1 539 540 631 630
535 2 1 1 540 541 632 631
536 2 1 1 541 542 633 632
537 2 1 1 542 543 634 633
538 2 1 1 543 544 635 634
539 2 1 1 544 545 636 635
540 2 1 1 545 546 637 636
541 2 1 1 547 548 639 638
542 2 1 1 548 549 640 639
543 2 1 1 549 550 641 640
544 2 1 1 550 551 642 641
545 2 1 1 551 552 643 642
546 2 1 1 552 553 644 643
547 2 1 1 553 554 645 644
548 2 1 1 554 555 646 645
549 2 1 1 555 556 647 646
550 2 1 1 556 557 648 647
551 2 1 1 557 558 649 648
552 2 1 1 558 559 650 649
553 2 1 1 559 560 651 650
554 2 1 1 560 561 652 651
555 2 1 1 561 562 653 652
556 2 1 1 562 563 654 653
557 2 1 1 563 564 655 654
558 2 1 1 564 565 656 655
559 2 1 1 565 566 657 656
560 2 1 1 566 567 658 657
561 2 1 1 567 568 659 658
562 2 1 1 568 569 660 659
563 2 1 1 569 570 661 660
564 2 1 1 570 571 662 661
565 2 1 1 571 572 663 662
566 2 1 1 572 573 664 663
567 2 1 1 573 574 665 664
568 2 1 1 574 575 666 665
569 2 1 1 575 576 667 666
570 2 1 1 576 577 668 667
571 2 1 1 577 578 669 668
572 2 1 1 578 579 670 669
573 2 1 1 579 580 671 670
574 2 1 1 580 581 672 671
575 2 1 1 581 582 673 672
576 2 1 1 582 583 674 673
577 2 1 1 583 584 675 674
578 2 1 1 584 585 676 675
579 2 1 1 585 586 677 676
580 2 1 1 586 587 678 677
581 2 1 1 587 588 679 678
582 2 1 1 588 589 680 679
583 2 1 1 589 590 681 680
584 2 1 1 590 591 682 681
585 2 1 1 591 592 683 682
586 2 1 1 592 593 684 683
587 2 1 1 593 594 685 684
588 2 1 1 594 595 686 685
589 2 1 1 595 596 687 686
590 2 1 1 596 597 688 687
591 2 1 1 597 598 689 688
592 2 1 1 598 599 690 689
593 2 1 1 599 600 691 690
594 2 1 1 600 601 692 691
595 2 1 1 601 602 693 692
596 2 1 1 602 603 694 693
597 2 1 1 603 604 695 694
598 2 1 1 604 605 696 695
599 2 1 1 605 606 697 696
600 2 1 1 606 607 698 697
601 2 1 1 607 608 699 698
602 2 1 1 608 609 700 699
603 2 1 1 609 610 701 700
604 2 1 1 610 611 702 701
605 2 1 1 611 612 703 702
606 2 1 1 612 613 704 703
607 2 1 1 613 614 705 704
608 2 1 1 614 615 706 705
609 2 1 1 615 616 707 706
610 2 1 1 616 617 708 707
611 2 1 1 617 618 709 708
612 2 1 1 618 619 710 709
613 2 1 1 619 620 711 710
614 2 1 1 620 621 712 711
615 2 1 1 621 622 713 712
616 2 1 1 622 623 714 713
617 2 1 1 623 624 715 714
618 2 1 1 624 625 716 715
619 2 1 1 625 626 717 716
620 2 1 1 626 627 718 717
621 2 1 1 627 628 719 718
622 2 1 1 628 629 720 719
623 2 1 1 629 630 721 720
624 2 1 1 630 631 722 721
625 2 1 1 631 632 723 722
626 2 1 1 632 633 724 723
627 2 1 1 633 634 725 724
628 2 1 1 634 635 726 725
629 2 1 1 635 636 727 726
630 2 1 1 636 637 728 727
631 2 1 1 638 639 730 729
632 2 1 1 639 640 731 730
633 2 1 1 640 641 732 731
634 2 1 1 641 642 733 732
635 2 1 1 642 643 734 733
636 2 1 1 643 644 735 734
637 2 1 1 644 645 736 735
638 2 1 1 645 646 737 736
639 2 1 1 646 647 738 737
640 2 1 1 647 648 739 738
641 2 1 1 648 649 740 739
642 2 1 1 649 650 741 740
643 2 1 1 650 651 742 741
644 2 1 1 651 652 743 742
645 2 1 1 652 653 744 743
646 2 1 1 653 654 745 744
647 2 1 1 654 655 746 745
648 2 1 1 655 656 747 746
649 2 1 1 656 657 748 747
650 2 1 1 657 658 749 748
651 2 1 1 658 659 750 749
652 2 1 1 659 660 751 750
653 2 1 1 660 661 752 751
654 2 1 1 661 662 753 752
655 2 1 1 662 663 754 753
656 2 1 1 663 664 755 754
657 2 1 1 664 665 756 755
658 2 1 1 665 666 757 756
659 2 1 1 666 667 758 757
660 2 1 1 667 668 759 758
661 2 1 1 668 669 760 759
662 2 1 1 669 670 761 760
663 2 1 1 670 671 762 761
664 2 1 1 671 672 763 762
665 2 1 1 672 673 764 763
666 2 1 1 673 674 765 764
667 2 1 1 674 675 766 765
668 2 1 1 675 676 767 766
669 2 1 1 676 677 768 767
670 2 1 1 677 678 769 768
671 2 1 1 678 679 770 769
672 2 1 1 679 680 771 770
673 2 1 1 680 681 772 771
674 2 1 1 681 682 773 772
675 2 1 1 682 683 774 773
676 2 1 1 683 684 775 774
677 2 1 1 684 685 776 775
678 2 1 1 685 686 777 776
679 2 1 1 686 687 778 777
680 2 1 1 687 688 779 778
681 2 1 1 688 689 780 779
682 2 1 1 689 690 781 780
683 2 1 1 690 691 782 781
684 2 1 1 691 692 783 782
685 2 1 1 692 693 784 783
686 2 1 1 693 694 785 784
687 2 1 1 694 695 786 785
688 2 1 1 695 696 787 786
689 2 1 1 696 697 788 787
690 2 1 1 697 698 789 788
691 2 1 1 698 699 790 789
692 2 1 1 699 700 791 790
693 2 1 1 700 701 792 791
694 2 1 1 701 702 793 792
695 2 1 1 702 703 794 793
696 2 1 1 703 704 795 794
697 2 1 1 704 705 796 795
698 2 1 1 705 706 797 796
699 2 1 1 706 707 798 797
700 2 1 1 707 708 799 798
701 2 1 1 708 709 800 799
702 2 1 1 709 710 801 800
703 2 1 1 710 711 802 801
704 2 1 1 711 712 803 802
705 2 1 1 712 713 804 803
706 2 1 1 713 714 805 804
707 2 1 1 714 715 806 805
708 2 1 1 715 716 807 806
709 2 1 1 716 717 808 807
710 2 1 1 717 718 809 808
711 2 1 1 718 719 810 809
712 2 1 1 719 720 811 810
713 2 1 1 720 721 812 811
714 2 1 1 721 722 813 812
715 2 1 1 722 723 814 813
716 2 1 1 723 724 815 814
717 2 1 1 724 725 816 815
718 2 1 1 725 726 817 816
719 2 1 1 726 727 818 817
720 2 1 1 727 728 819 818
721 2 1 1 729 730 821 820
722 2 1 1 730 731 822 821
723 2 1 1 731 732 823 822
724 2 1 1 732 733 824 823
725 2 1 1 733 734 825 824
726 2 1 1 734 735 826 825
727 2 1 1 735 736 827 826
728 2 1 1 736 737 828 827
729 2 1 1 737 738 829 828
730 2 1 1 738 739 830 829
731 2 1 1 739 740 831 830
732 2 1 1 740 741 832 831
733 2 1 1 741 742 833 832
734 2 1 1 742 743 834 833
735 2 1 1 743 744 835 834
736 2 1 1 744 745 836 835
737 2 1 1 745 746 837 836
738 2 1 1 746 747 838 837
739 2 1 1 747 748 839 838
740 2 1 1 748 749 840 839
741 2 1 1 749 750 841 840
742 2 1 1 750 751 842 841
743 2 1 1 751 752 843 842
744 2 1 1 752 753 844 843
745 2 1 1 753 754 845 844
746 2 1 1 754 755 846 845
747 2 1 1 755 756 847 846
748 2 1 1 756 757 848 847
749 2 1 1 757 758 849 848
750 2 1 1 758 759 850 849
751 2 1 1 759 760 851 850
752 2 1 1 760 761 852 851
753 2 1 1 761 762 853 852
754 2 1 1 762 763 854 853
755 2 1 1 763 764 855 854
756 2 1 1 764 765 856 855
757 2 1 1 765 766 857 856
758 2 1 1 766 767 858 857
759 2 1 1 767 768 859 858
760 2 1 1 768 769 860 859
761 2 1 1 769 770 861 860
762 2 1 1 770 771 862 861
763 2 1 1 771 772 863 862
764 2 1 1 772 773 864 863
765 2 1 1 773 774 865 864
766 2 1 1 774 775 866 865
767 2 1 1 775 776 867 866
768 2 1 1 776 777 868 867
769 2 1 1 777 778 869 868
770 2 1 1 778 779 870 869
771 2 1 1 779 780 871 870
772 2 1 1 780 781 872 871
773 2 1 1 781 782 873 872
774 2 1 1 782 783 874 873
775 2 1 1 783 784 875 874
776 2 1 1 784 785 876 875
777 2 1 1 785 786 877 876
778 2 1 1 786 787 878 877
779 2 1 1 787 788 879 878
780 2 1 1 788 789 880 879
781 2 1 1 789 790 881 880
782 2 1 1 790 791 882 881
783 2 1 1 791 792 883 882
784 2 1 1 792 793 884 883
785 2 1 1 793 794 885 884
786 2 1 1 794 795 886 885
787 2 1 1 795 796 887 886
788 2 1 1 796 797 888 887
789 2 1 1 797 798 889 888
790 2 1 1 798 799 890 889
791 2 1 1 799 800 891 890
792 2 1 1 800 801 892 891
793 2 1 1 801 802 893 892
794 2 1 1 802 803 894 893
795 2 1 1 803 804 895 894
796 2 1 1 804 805 896 895
797 2 1 1 805 806 897 896
798 2 1 1 806 807 898 897
799 2 1 1 807 808 899 898
800 2 1 1 808 809 900 899
801 2 1 1 809 810 901 900
802 2 1 1 810 811 902 901
803 2 1 1 811 812 903 902
804 2 1 1 812 813 904 903
805 2 1 1 813 814 905 904
806 2 1 1 814 815 906 905
807 2 1 1 815 816 907 906
808 2 1 1 816 817 908 907
809 2 1 1 817 818 909 908
810 2 1 1 818 819 910 909
811 2 1 1 820 821 912 911
812 2 1 1 821 822 913 912
813 2 1 1 822 823 914 913
814 2 1 1 823 824 915 914
815 2 1 1 824 825 916 915
816 2 1 1 825 826 917 916
817 2 1 1 826 827 918 917
818 2 1 1 827 828 919 918
819 2 1 1 828 829 920 919
820 2 1 1 829 830 921 920
821 2 1 1 830 831 922 921
822 2 1 1 831 832 923 922
823 2 1 1 832 833 924 923
824 2 1 1 833 834 925 924
825 2 1 1 834 835 926 925
826 2 1 1 835 836 927 926
827 2 1 1 836 837 928 927
828 2 1 1 837 838 929 928
829 2 1 1 838 839 930 929
830 2 1 1 839 840 931 930
831 2 1 1 840 841 932 931
832 2 1 1 841 842 933 932
833 2 1 1 842 843 934 933
834 2 1 1 843 844 935 934
835 2 1 1 844 845 936 935
836 2 1 1 845 846 937 936
837 2 1 1 846 847 938 937
838 2 1 1 847 848 939 938
839 2 1 1 848 849 940 939
840 2 1 1 849 850 941 940
841 2 1 1 850 851 942 941
842 2 1 1 851 852 943 942
843 2 1 1 852 853 944 943
844 2 1 1 853 854 945 944
845 2 1 1 854 855 946 945
846 2 1 1 855 856 947 946
847 2 1 1 856 857 948 947
848 2 1 1 857 858 949 948
849 2 1 1 858 859 950 949
850 2 1 1 859 860 951 950
851 2 1 1 860 861 952 951
852 2 1 1 861 862 953 952
853 2 1 1 862 863 954 953
854 2 1 1 863 864 955 954
855 2 1 1 864 865 956 955
856 2 1 1 865 866 957 956
857 2 1 1 866 867 958 957
858 2 1 1 867 868 959 958
859 2 1 1 868 869 960 959
860 2 1 1 869 870 961 960
861 2 1 1 870 871 962 961
862 2 1 1 871 872 963 962
863 2 1 1 872 873 964 963
864 2 1 1 873 874 965 964
865 2 1 1 874 875 966 965
866 2 1 1 875 876 967 966
867 2 1 1 876 877 968 967
868 2 1 1 877 878 969 968
869 2 1 1 878 879 970 969
870 2 1 1 879 880 971 970
871 2 1 1 880 881 972 971
872 2 1 1 881 882 973 972
873 2 1 1 882 883 974 973
874 2 1 1 883 884 975 974
875 2 1 1 884 885 976 975
876 2 1 1 885 886 977 976
877 2 1 1 886 887 978 977
878 2 1 1 887 888 979 978
879 2 1 1 888 889 980 979
880 2 1 1 889 890 981 980
881 2 1 1 890 891 982 981
882 2 1 1 891 892 983 982
883 2 1 1 892 893 984 983
884 2 1 1 893 894 985 984
885 2 1 1 894 895 986 985
886 2 1 1 895 896 987 986
887 2 1 1 896 897 988 987
888 2 1 1 897 898 989 988
889 2 1 1 898 899 990 989
890 2 1 1 899 900 991 990
891 2 1 1 900 901 992 991
892 2 1 1 901 902 993 992
893 2 1 1 902 903 994 993
894 2 1 1 903 904 995 994
895 2 1 1 904 905 996 995
896 2 1 1 905 906 997 996
897 2 1 1 906 907 998 997
898 2 1 1 907 908 999 998
899 2 1 1 908 909 1000 999
900 2 1 1 909 910 1001 1000
901 2 1 1 911 912 1003 1002
902 2 1 1 912 913 1004 1003
903 2 1 1 913 914 1005 1004
904 2 1 1 914 915 1006 1005
905 2 1 1 915 916 1007 1006
906 2 1 1 916 917 1008 1007
907 2 1 1 917 918 1009 1008
908 2 1 1 918 919 1010 1009
909 2 1 1 919 920 1011 1010
910 2 1 1 920 921 1012 1011
911 2 1 1 921 922 1013 1012
912 2 1 1 922 923 1014 1013
913 2 1 1 923 924 1015 1014
914 2 1 1 924 925 1016 1015
915 2 1 1 925 926 1017 1016
916 2 1 1 926 927 1018 1017
917 2 1 1 927 928 1019 1018
918 2 1 1 928 929 1020 1019
919 2 1 1 929 930 1021 1020
920 2 1 1 930 931 1022 1021
921 2 1 1 931 932 1023 1022
922 2 1 1 932 933 1024 1023
923 2 1 1 933 934 1025 1024
924 2 1 1 934 935 1026 1025
925 2 1 1 935 936 1027 1026
926 2 1 1 936 937 1028 1027
927 2 1 1 937 938 1029 1028
928 2 1 1 938 939 1030 1029
929 2 1 1 939 940 1031 1030
930 2 1 1 940 941 1032 1031
931 2 1 1 941 942 1033 1032
932 2 1 1 942 943 1034 1033
933 2 1 1 943 944 1035 1034
934 2 1 1 944 945 1036 1035
935 2 1 1 945 946 1037 1036
936 2 1 1 946 947 1038 1037
937 2 1 1 947 948 1039 1038
938 2 1 1 948 949 1040 1039
939 2 1 1 949 950 1041 1040
940 2 1 1 950 951 1042 1041
941 2 1 1 951 952 1043 1042
942 2 1 1 952 953 1044 1043
943 2 1 1 953 954 1045 1044
944 2 1 1 954 955 1046 1045
945 2 1 1 955 956 1047 1046
946 2 1 1 956 957 1048 1047
947 2 1 1 957 958 1049 1048
948 2 1 1 958 959 1050 1049
949 2 1 1 959 960 1051 1050
950 2 1 1 960 961 1052 1051
951 2 1 1 961 962 1053 1052
952 2 1 1 962 963 1054 1053
953 2 1 1 963 964 1055 1054
954 2 1 1 964 965 1056 1055
955 2 1 1 965 966 1057 1056
956 2 1 1 966 967 1058 1057
957 2 1 1 967 968 1059 1058
958 2 1 1 968 969 1060 1059
959 2 1 1 969 970 1061 1060
960 2 1 1 970 971 1062 1061
961 2 1 1 971 972 1063 1062
962 2 1 1 972 973 1064 1063
963 2 1 1 973 974 1065 1064
964 2 1 1 974 975 1066 1065
965 2 1 1 975 976 1067 1066
966 2 1 1 976 977 1068 1067
967 2 1 1 977 978 1069 1068
968 2 1 1 978 979 1070 1069
969 2 1 1 979 980 1071 1070
970 2 1 1 980 981 1072 1071
971 2 1 1 981 982 1073 1072
972 2 1 1 982 983 1074 1073
973 2 1 1 983 984 1075 1074
974 2 1 1 984 985 1076 1075
975 2 1 1 985 986 1077 1076
976 2 1 1 986 987 1078 1077
977 2 1 1 987 988 1079 1078
978 2 1 1 988 989 1080 1079
979 2 1 1 989 990 1081 1080
980 2 1 1 990 991 1082 1081
981 2 1 1 991 992 1083 1082
982 2 1 1 992 993 1084 1083
983 2 1 1 993 994 1085 1084
984 2 1 1 994 995 1086 1085
985 2 1 1 995 996 1087 1086
986 2 1 1 996 997 1088 1087
987 2 1 1 997 998 1089 1088
988 2 1 1 998 999 1090 1089
989 2 1 1 999 1000 1091 1090
990 2 1 1 1000 1001 1092 1091
991 2 1 1 1002 1003 1094 1093
992 2 1 1 1003 1004 1095 1094
993 2 1 1 1004 1005 1096 1095
994 2 1 1 1005 1006 1097 1096
995 2 1 1 1006 1007 1098 1097
996 2 1 1 1007 1008 1099 1098
997 2 1 1 1008 1009 1100 1099
998 2 1 1 1009 1010 1101 1100
999 2 1 1 1010 1011 1102 1101
1000 2 1 1 1011 1012 1103 1102
1001 2 1 1 1012 1013 1104 1103
1002 2 1 1 1013 1014 1105 1104
1003 2 1 1 1014 1015 1106 1105
1004 2 1 1 1015 1016 1107 1106
1005 2 1 1 1016 1017 1108 1107
1006 2 1 1 1017 1018 1109 1108
1007 2 1 1 1018 1019 1110 1109
1008 2 1 1 1019 1020 1111 1110
1009 2 1 1 1020 1021 1112 1111
1010 2 1 1 1021 1022 1113 1112
1011 2 1 1 1022 1023 1114 1113
1012 2 1 1 1023 1024 1115 1114
1013 2 1 1 1024 1025 1116 1115
1014 2 1 1 1025 1026 1117 1116
1015 2 1 1 1026 1027 1118 1117
1016 2 1 1 1027 1028 1119 1118
1017 2 1 1 1028 1029 1120 1119
1018 2 1 1 1029 1030 1121 1120
1019 2 1 1 1030 1031 1122 1121
1020 2 1 1 1031 1032 1123 1122
1021 2 1 1 1032 1033 1124 1123
1022 2 1 1 1033 1034 1125 1124
1023 2 1 1 1034 1035 1126 1125
1024 2 1 1 1035 1036 1127 1126
1025 2 1 1 1036 1037 1128 1127
1026 2 1 1 1037 1038 1129 1128
1027 2 1 1 1038 1039 1130 1129
1028 2 1 1 1039 1040 1131 1130
1029 2 1 1 1040 1041 1132 1131
1030 2 1 1 1041 1042 1133 1132
1031 2 1 1 1042 1043 1134 1133
1032 2 1 1 1043 1044 1135 1134
1033 2 1 1 1044 1045 1136 1135
1034 2 1 1 1045 1046 1137 1136
1035 2 1 1 1046 1047 1138 1137
1036 2 1 1 1047 1048 1139 1138
1037 2 1 1 1048 1049 1140 1139
1038 2 1 1 1049 1050 1141 1140
1039 2 1 1 1050 1051 1142 1141
1040 2 1 1 1051 1052 1143 1142
1041 2 1 1 1052 1053 1144 1143
1042 2 1 1 1053 1054 1145 1144
1043 2 1 1 1054 1055 1146 1145
1044 2 1 1 1055 1056 1147 1146
1045 2 1 1 1056 1057 1148 1147
1046 2 1 1 1057 1058 1149 1148
1047 2 1 1 1058 1059 1150 1149
1048 2 1 1 1059 1060 1151 1150
1049 2 1 1 1060 1061 1152 1151
1050 2 1 1 1061 1062 1153 1152
1051 2 1 1 1062 1063 1154 1153
1052 2 1 1 1063 1064 1155 1154
1053 2 1 1 1064 1065 1156 1155
1054 2 1 1 1065 1066 1157 1156
1055 2 1 1 1066 1067 1158 1157
1056 2 1 1 1067 1068 1159 1158
1057 2 1 1 1068 1069 1160 1159
1058 2 1 1 1069 1070 1161 1160
1059 2 1 1 1070 1071 1162 1161
1060 2 1 1 1071 1072 1163 1162
1061 2 1 1 1072 1073 1164 1163
1062 2 1 1 1073 1074 1165 1164
1063 2 1 1 1074 1075 1166 1165
1064 2 1 1 1075 1076 1167 1166
1065 2 1 1 1076 1077 1168 1167
1066 2 1 1 1077 1078 1169 1168
1067 2 1 1 1078 1079 1170 1169
1068 2 1 1 1079 1080 1171 1170
1069 2 1 1 1080 1081 1172 1171
1070 2 1 1 1081 1082 1173 1172
1071 2 1 1 1082 1083 1174 1173
1072 2 1 1 1083 1084 1175 1174
1073 2 1 1 1084 1085 1176 1175
1074 2 1 1 1085 1086 1177 1176
1075 2 1 1 1086 1087 1178 1177
1076 2 1 1 1087 1088 1179 1178
1077 2 1 1 1088 1089 1180 1179
1078 2 1 1 1089 1090 1181 1180
1079 2 1 1 1090 1091 1182 1181
1080 2 1 1 1091 1092 1183 1182
1081 2 1 1 1093 1094 1185 1184
1082 2 1 1 1094 1095 1186 1185
1083 2 1 1 1095 1096 1187 1186
1084 2 1 1 1096 1097 1188 1187
1085 2 1 1 1097 1098 1189 1188
1086 2 1 1 1098 1099 1190 1189
1087 2 1 1 1099 1100 1191 1190
1088 2 1 1 1100 1101 1192 1191
1089 2 1 1 1101 1102 1193 1192
1090 2 1 1 1102 1103 1194 1193
1091 2 1 1 1103 1104 1195 1194
1092 2 1 1 1104 1105 1196 1195
1093 2 1 1 1105 1106 1197 1196
1094 2 1 1 1106 1107 1198 1197
1095 2 1 1 1107 1108 1199 1198
1096 2 1 1 1108 1109 1200 1199
1097 2 1 1 1109 1110 1201 1200
1098 2 1 1 1110 1111 1202 1201
1099 2 1 1 1111 1112 1203 1202
1100 2 1 1 1112 1113 1204 1203
1101 2 1 1 1113 1114 1205 1204
1102 2 1 1 1114 1115 1206 1205
1103 2 1 1 1115 1116 1207 1206
1104 2 1 1 1116 1117 1208 1207
1105 2 1 1 1117 1118 1209 1208
1106 2 1 1 1118 1119 1210 1209
1107 2 1 1 1119 1120 1211 1210
1108 2 1 1 1120 1121 1212 1211
1109 2 1 1 1121 1122 1213 1212
1110 2 1 1 1122 1123 1214 1213
1111 2 1 1 1123 1124 1215 1214
1112 2 1 1 1124 1125 1216 1215
1113 2 1 1 1125 1126 1217 1216
1114 2 1 1 1126 1127 1218 1217
1115 2 1 1 1127 1128 1219 1218
1116 2 1 1 1128 1129 1220 1219
1117 2 1 1 1129 1130 1221 1220
1118 2 1 1 1130 1131 1222 1221
1119 2 1 1 1131 1132 1223 1222
1120 2 1 1 1132 1133 1224 1223
1121 2 1 1 1133 1134 1225 1224
1122 2 1 1 1134 1135 1226 1225
1123 2 1 1 1135 1136 1227 1226
1124 2 1 1 1136 1137 1228 1227
1125 2 1 1 1137 1138 1229 1228
1126 2 1 1 1138 1139 1230 1229
1127 2 1 1 1139 1140 1231 1230
1128 2 1 1 1140 1141 1232 1231
1129 2 1 1 1141 1142 1233 1232
1130 2 1 1 1142 1143 1234 1233
1131 2 1 1 1143 1144 1235 1234
1132 2 1 1 1144 1145 1236 1235
1133 2 1 1 1145 1146 1237 1236
1134 2 1 1 1146 1147 1238 1237
1135 2 1 1 1147 1148 1239 1238
1136 2 1 1 1148 1149 1240 1239
1137 2 1 1 1149 1150 1241 1240
1138 2 1 1 1150 1151 1242 1241
1139 2 1 1 1151 1152 1243 1242
1140 2 1 1 1152 1153 1244 1243
1141 2 1 1 1153 1154 1245 1244
1142 2 1 1 1154 1155 1246 1245
1143 2 1 1 1155 1156 1247 1246
1144 2 1 1 1156 1157 1248 1247
1145 2 1 1 1157 1158 1249 1248
1146 2 1 1 1158 1159 1250 1249
1147 2 1 1 1159 1160 1251 1250
1148 2 1 1 1160 1161 1252 1251
1149 2 1 1 1161 1162 1253 1252
1150 2 1 1 1162 1163 1254 1253
1151 2 1 1 1163 1164 1255 1254
1152 2 1 1 1164 1165 1256 1255
1153 2 1 1 1165 1166 1257 1256
1154 2 1 1 1166 1167 1258 1257
1155 2 1 1 1167 1168 1259 1258
1156 2 1 1 1168 1169 1260 1259
1157 2 1 1 1169 1170 1261 1260
1158 2 1 1 1170 1171 1262 1261
1159 2 1 1 1171 1172 1263 1262
1160 2 1 1 1172 1173 1264 1263
1161 2 1 1 1173 1174 1265 1264
1162 2 1 1 1174 1175 1266 1265
1163 2 1 1 1175 1176 1267 1266
1164 2 1 1 1176 1177 1268 1267
1165 2 1 1 1177 1178 1269 1268
1166 2 1 1 1178 1179 1270 1269
1167 2 1 1 1179 1180 1271 1270
1168 2 1 1 1180 1181 1272 1271
1169 2 1 1 1181 1182 1273 1272
1170 2 1 1 1182 1183 1274 1273
1171 2 1 1 1184 1185 1276 1275
1172 2 1 1 1185 1186 1277 1276
1173 2 1 1 1186 1187 1278 1277
1174 2 1 1 1187 1188 1279 1278
1175 2 1 1 1188 1189 1280 1279
1176 2 1 1 1189 1190 1281 1280
1177 2 1 1 1190 1191 1282 1281
1178 2 1 1 1191 1192 1283 1282
1179 2 1 1 1192 1193 1284 1283
1180 2 1 1 1193 1194 1285 1284
1181 2 1 1 1194 1195 1286 1285
1182 2 1 1 1195 1196 1287 1286
1183 2 1 1 1196 1197 1288 1287
1184 2 1 1 1197 1198 1289 1288
1185 2 1 1 1198 1199 1290 1289
1186 2 1 1 1199 1200 1291 1290
1187 2 1 1 1200 1201 1292 1291
1188 2 1 1 1201 1202 1293 1292
1189 2 1 1 1202 1203 1294 1293
1190 2 1 1 1203 1204 1295 1294
1191 2 1 1 1204 1205 1296 1295
1192 2 1 1 1205 1206 1297 1296
1193 2 1 1 1206 1207 1298 1297
1194 2 1 1 1207 1208 1299 1298
1195 2 1 1 1208 1209 1300 1299
1196 2 1 1 1209 1210 1301 1300
1197 2 1 1 1210 1211 1302 1301
1198 2 1 1 1211 1212 1303 1302
1199 2 1 1 1212 1213 1304 1303
1200 2 1 1 1213 1214 1305 1304
1201 2 1 1 1214 1215 1306 1305
1202 2 1 1 1215 1216 1307 1306
1203 2 1 1 1216 1217 1308 1307
1204 2 1 1 1217 1218 1309 1308
1205 2 1 1 1218 1219 1310 1309
1206 2 1 1 1219 1220 1311 1310
1207 2 1 1 1220 1221 1312 1311
1208 2 1 1 1221 1222 1313 1312
1209 2 1 1 1222 1223 1314 1313
1210 2 1 1 1223 1224 1315 1314
1211 2 1 1 1224 1225 1316 1315
1212 2 1 1 1225 1226 1317 1316
1213 2 1 1 1226 1227 1318 1317
1214 2 1 1 1227 1228 1319 1318
1215 2 1 1 1228 1229 1320 1319
1216 2 1 1 1229 1230 1321 1320
1217 2 1 1 1230 1231 1322 1321
1218 2 1 1 1231 1232 1323 1322
1219 2 1 1 1232 1233 1324 1323
1220 2 1 1 1233 1234 1325 1324
1221 2 1 1 1234 1235 1326 1325
1222 2 1 1 1235 1236 1327 1326
1223 2 1 1 1236 1237 1328 1327
1224 2 1 1 1237 1238 1329 1328
1225 2 1 1 1238 1239 1330 1329
1226 2 1 1 1239 1240 1331 1330
1227 2 1 1 1240 1241 1332 1331
1228 2 1 1 1241 1242 1333 1332
1229 2 1 1 1242 1243 1334 1333
1230 2 1 1 1243 1244 1335 1334
1231 2 1 1 1244 1245 1336 1335
1232 2 1 1 1245 1246 1337 1336
1233 2 1 1 1246 1247 1338 1337
1234 2 1 1 1247 1248 1339 1338
1235 2 1 1 1248 1249 1340 1339
1236 2 1 1 1249 1250 1341 1340
1237 2 1 1 1250 1251 1342 1341
1238 2 1 1 1251 1252 1343 1342
1239 2 1 1 1252 1253 1344 1343
1240 2 1 1 1253 1254 1345 1344
1241 2 1 1 1254 1255 1346 1345
1242 2 1 1 1255 1256 1347 1346
1243 2 1 1 1256 1257 1348 1347
1244 2 1 1 1257 1258 1349 1348
1245 2 1 1 1258 1259 1350 1349
1246 2 1 1 1259 1260 1351 1350
1247 2 1 1 1260 1261 1352 1351
1248 2 1 1 1261 1262 1353 1352
1249 2 1 1 1262 1263 1354 1353
1250 2 1 1 1263 1264 1355 1354
1251 2 1 1 1264 1265 1356 1355
1252 2 1 1 1265 1266 1357 1356
1253 2 1 1 1266 1267 1358 1357
1254 2 1 1 1267 1268 1359 1358
1255 2 1 1 1268 1269 1360 1359
1256 2 1 1 1269 1270 1361 1360
1257 2 1 1 1270 1271 1362 1361
1258 2 1 1 1271 1272 1363 1362
1259 2 1 1 1272 1273 1364 1363
1260 2 1 1 1273 1274 1365 1364
1261 2 1 1 1275 1276 1367 1366
1262 2 1 1 1276 1277 1368 1367
1263 2 1 1 1277 1278 1369 1368
1264 2 1 1 1278 1279 1370 1369
1265 2 1 1 1279 1280 1371 1370
1266 2 1 1 1280 1281 1372 1371
1267 2 1 1 1281 1282 1373 1372
1268 2 1 1 1282 1283 1374 1373
1269 2 1 1 1283 1284 1375 1374
1270 2 1 1 1284 1285 1376 1375
1271 2 1 1 1285 1286 1377 1376
1272 2 1 1 1286 1287 1378 1377
1273 2 1 1 1287 1288 1379 1378
1274 2 1 1 1288 1289 1380 1379
1275 2 1 1 1289 1290 1381 1380
1276 2 1 1 1290 1291 1382 1381
1277 2 1 1 1291 1292 1383 1382
1278 2 1 1 1292 1293 1384 1383
1279 2 1 1 1293 1294 1385 1384
1280 2 1 1 1294 1295 1386 1385
1281 2 1 1 1295 1296 1387 1386
1282 2 1 1 1296 1297 1388 1387
1283 2 1 1 1297 1298 1389 1388
1284 2 1 1 1298 1299 1390 1389
1285 2 1 1 1299 1300 1391 1390
1286 2 1 1 1300 1301 1392 1391
1287 2 1 1 1301 1302 1393 1392
1288 2 1 1 1302 1303 1394 1393
1289 2 1 1 1303 1304 1395 1394
1290 2 1 1 1304 1305 1396 1395
1291 2 1 1 1305 1306 1397 1396
1292 2 1 1 1306 1307 1398 1397
1293 2 1 1 1307 1308 1399 1398
1294 2 1 1 1308 1309 1400 1399
1295 2 1 1 1309 1310 1401 1400
1296 2 1 1 1310 1311 1402 1401
1297 2 1 1 1311 1312 1403 1402
1298 2 1 1 1312 1313 1404 1403
1299 2 1 1 1313 1314 1405 1404
1300 2 1 1 1314 1315 1406 1405
1301 2 1 1 1315 1316 1407 1406
1302 2 1 1 1316 1317 1408 1407
1303 2 1 1 1317 1318 1409 1408
1304 2 1 1 1318 1319 1410 1409
1305 2 1 1 1319 1320 1411 1410
1306 2 1 1 1320 1321 1412 1411
1307 2 1 1 1321 1322 1413 1412
1308 2 1 1 1322 1323 1414 1413
1309 2 1 1 1323 1324 1415 1414
1310 2 1 1 1324 1325 1416 1415
1311 2 1 1 1325 1326 1417 1416
1312 2 1 1 1326 1327 1418 1417
1313 2 1 1 1327 1328 1419 1418
1314 2 1 1 1328 1329 1420 1419
1315 2 1 1 1329 1330 1421 1420
1316 2 1 1 1330 1331 1422 1421
1317 2 1 1 1331 1332 1423 1422
1318 2 1 1 1332 1333 1424 1423
1319 2 1 1 1333 1334 1425 1424
1320 2 1 1 1334 1335 1426 1425
1321 2 1 1 1335 1336 1427 1426
1322 2 1 1 1336 1337 1428 1427
1323 2 1 1 1337 1338 1429 1428
1324 2 1 1 1338 1339 1430 1429
1325 2 1 1 1339 1340 1431 1430
1326 2 1 1 1340 1341 1432 1431
1327 2 1 1 1341 1342 1433 1432
1328 2 1 1 1342 1343 1434 1433
1329 2 1 1 1343 1344 1435 1434
1330 2 1 1 1344 1345 1436 1435
1331 2 1 1 1345 1346 1437 1436
1332 2 1 1 1346 1347 1438 1437
1333 2 1 1 1347 1348 1439 1438
1334 2 1 1 1348 1349 1440 1439
1335 2 1 1 1349 1350 1441 1440
1336 2 1 1 1350 1351 1442 1441
1337 2 1 1 1351 1352 1443 1442
1338 2 1 1 1352 1353 1444 1443
1339 2 1 1 1353 1354 1445 1444
1340 2 1 1 1354 1355 1446 1445
1341 2 1 1 1355 1356 1447 1446
1342 2 1 1 1356 1357 1448 1447
1343 2 1 1 1357 1358 1449 1448
1344 2 1 1 1358 1359 1450 1449
1345 2 1 1 1359 1360 1451 1450
1346 2 1 1 1360 1361 1452 1451
1347 2 1 1 1361 1362 1453 1452
1348 2 1 1 1362 1363 1454 1453
1349 2 1 1 1363 1364 1455 1454
1350 2 1 1 1364 1365 1456 1455
1351 2 1 1 1366 1367 1458 1457
1352 2 1 1 1367 1368 1459 1458
1353 2 1 1 1368 1369 1460 1459
1354 2 1 1 1369 1370 1461 1460
1355 2 1 1 1370 1371 1462 1461
1356 2 1 1 1371 1372 1463 1462
1357 2 1 1 1372 1373 1464 1463
1358 2 1 1 1373 1374 1465 1464
1359 2 1 1 1374 1375 1466 1465
1360 2 1 1 1375 1376 1467 1466
1361 2 1 1 1376 1377 1468 1467
1362 2 1 1 1377 1378 1469 1468
1363 2 1 1 1378 1379 1470 1469
1364 2 1 1 1379 1380 1471 1470
1365 2 1 1 1380 1381 1472 1471
1366 2 1 1 1381 1382 1473 1472
1367 2 1 1 1382 1383 1474 1473
1368 2 1 1 1383 1384 1475 1474
1369 2 1 1 1384 1385 1476 1475
1370 2 1 1 1385 1386 1477 1476
1371 2 1 1 1386 1387 1478 1477
1372 2 1 1 1387 1388 1479 1478
1373 2 1 1 1388 1389 1480 1479
1374 2 1 1 1389 1390 1481 1480
1375 2 1 1 1390 1391 1482 1481
1376 2 1 1 1391 1392 1483 1482
1377 2 1 1 1392 1393 1484 1483
1378 2 1 1 1393 1394 1485 1484
1379 2 1 1 1394 1395 1486 1485
1380 2 1 1 1395 1396 1487 1486
1381 2 1 1 1396 1397 1488 1487
1382 2 1 1 1397 1398 1489 1488
1383 2 1 1 1398 1399 1490 1489
1384 2 1 1 1399 1400 1491 1490
1385 2 1 1 1400 1401 1492 1491
1386 2 1 1 1401 1402 1493 1492
1387 2 1 1 1402 1403 1494 1493
1388 2 1 1 1403 1404 1495 1494
1389 2 1 1 1404 1405 1496 1495
1390 2 1 1 1405 1406 1497 1496
1391 2 1 1 1406 1407 1498 1497
1392 2 1 1 1407 1408 1499 1498
1393 2 1 1 1408 1409 1500 1499
1394 2 1 1 1409 1410 1501 1500
1395 2 1 1 1410 1411 1502 1501
1396 2 1 1 1411 1412 1503 1502
1397 2 1 1 1412 1413 1504 1503
1398 2 1 1 1413 1414 1505 1504
1399 2 1 1 1414 1415 1506 1505
1400 2 1 1 1415 1416 1507 1506
1401 2 1 1 1416 1417 1508 1507
1402 2 1 1 1417 1418 1509 1508
1403 2 1 1 1418 1419 1510 1509
1404 2 1 1 1419 1420 1511 1510
1405 2 1 1 1420 1421 1512 1511
1406 2 1 1 1421 1422 1513 1512
1407 2 1 1 1422 1423 1514 1513
1408 2 1 1 1423 1424 1515 1514
1409 2 1 1 1424 1425 1516 1515
1410 2 1 1 1425 1426 1517 1516
1411 2 1 1 1426 1427 1518 1517
1412 2 1 1 1427 1428 1519 1518
1413 2 1 1 1428 1429 1520 1519
1414 2 1 1 1429 1430 1521 1520
1415 2 1 1 1430 1431 1522 1521
1416 2 1 1 1431 1432 1523 1522
1417 2 1 1 1432 1433 1524 1523
1418 2 1 1 1433 1434 1525 1524
1419 2 1 1 1434 1435 1526 1525
1420 2 1 1 1435 1436 1527 1526
1421 2 1 1 1436 1437 1528 1527
1422 2 1 1 1437 1438 1529 1528
1423 2 1 1 1438 1439 1530 1529
1424 2 1 1 1439 1440 1531 1530
1425 2 1 1 1440 1441 1532 1531
1426 2 1 1 1441 1442 1533 1532
1427 2 1 1 1442 1443 1534 1533
1428 2 1 1 1443 1444 1535 1534
1429 2 1 1 1444 1445 1536 1535
1430 2 1 1 1445 1446 1537 1536
1431 2 1 1 1446 1447 1538 1537
1432 2 1 1 1447 1448 1539 1538
1433 2 1 1 1448 1449 1540 1539
1434 2 1 1 1449 1450 1541 1540
1435 2 1 1 1450 1451 1542 1541
1436 2 1 1 1451 1452 1543 1542
1437 2 1 1 1452 1453 1544 1543
1438 2 1 1 1453 1454 1545 1544
1439 2 1 1 1454 1455 1546 1545
1440 2 1 1 1455 1456 1547 1546
1441 2 1 1 1457 1458 1549 1548
1442 2 1 1 1458 1459 1550 1549
1443 2 1 1 1459 1460 1551 1550
1444 2 1 1 1460 1461 1552 1551
1445 2 1 1 1461 1462 1553 1552
1446 2 1 1 1462 1463 1554 1553
1447 2 1 1 1463 1464 1555 1554
1448 2 1 1 1464 1465 1556 1555
1449 2 1 1 1465 1466 1557 1556
1450 2 1 1 1466 1467 1558 1557
1451 2 1 1 1467 1468 1559 1558
1452 2 1 1 1468 1469 1560 1559
1453 2 1 1 1469 1470 1561 1560
1454 2 1 1 1470 1471 1562 1561
1455 2 1 1 1471 1472 1563 1562
1456 2 1 1 1472 1473 1564 1563
1457 2 1 1 1473 1474 1565 1564
1458 2 1 1 1474 1475 1566 1565
1459 2 1 1 1475 1476 1567 1566
1460 2 1 1 1476 1477 1568 1567
1461 2 1 1 1477 1478 1569 1568
1462 2 1 1 1478 1479 1570 1569
1463 2 1 1 1479 1480 1571 1570
1464 2 1 1 1480 1481 1572 1571
1465 2 1 1 1481 1482 1573 1572
1466 2 1 1 1482 1483 1574 1573
1467 2 1 1 1483 1484 1575 1574
1468 2 1 1 1484 1485 1576 1575
1469 2 1 1 1485 1486 1577 1576
1470 2 1 1 1486 1487 1578 1577
1471 2 1 1 1487 1488 1579 1578
1472 2 1 1 1488 1489 1580 1579
1473 2 1 1 1489 1490 1581 1580
1474 2 1 1 1490 1491 1582 1581
1475 2 1 1 1491 1492 1583 1582
1476 2 1 1 1492 1493 1584 1583
1477 2 1 1 1493 1494 1585 1584
1478 2 1 1 1494 1495 1586 1585
1479 2 1 1 1495 1496 1587 1586
1480 2 1 1 1496 1497 1588 1587
1481 2 1 1 1497 1498 1589 1588
1482 2 1 1 1498 1499 1590 1589
1483 2 1 1 1499 1500 1591 1590
1484 2 1 1 1500 1501 1592 1591
1485 2 1 1 1501 1502 1593 1592
1486 2 1 1 1502 1503 1594 1593
1487 2 1 1 1503 1504 1595 1594
1488 2 1 1 1504 1505 1596 1595
1489 2 1 1 1505 1506 1597 1596
1490 2 1 1 1506 1507 1598 1597
1491 2 1 1 1507 1508 1599 1598
1492 2 1 1 1508 1509 1600 1599
1493 2 1 1 1509 1510 1601 1600
1494 2 1 1 1510 1511 1602 1601
1495 2 1 1 1511 1512 1603 1602
1496 2 1 1 1512 1513 1604 1603
1497 2 1 1 1513 1514 1605 1604
1498 2 1 1 1514 1515 1606 1605
1499 2 1 1 1515 1516 1607 1606
1500 2 1 1 1516 1517 1608 1607
1501 2 1 1 1517 1518 1609 1608
1502 2 1 1 1518 1519 1610 1609
1503 2 1 1 1519 1520 1611 1610
1504 2 1 1 1520 1521 1612 1611
1505 2 1 1 1521 1522 1613 1612
1506 2 1 1 1522 1523 1614 1613
1507 2 1 1 1523 1524 1615 1614
1508 2 1 1 1524 1525 1616 1615
1509 2 1 1 1525 1526 1617 1616
1510 2 1 1 1526 1527 1618 1617
1511 2 1 1 1527 1528 1619 1618
1512 2 1 1 1528 1529 1620 1619
1513 2 1 1 1529 1530 1621 1620
1514 2 1 1 1530 1531 1622 1621
1515 2 1 1 1531 1532 1623 1622
1516 2 1 1 1532 1533 1624 1623
1517 2 1 1 1533 1534 1625 1624
1518 2 1 1 1534 1535 1626 1625
1519 2 1 1 1535 1536 1627 1626
1520 2 1 1 1536 1537 1628 1627
1521 2 1 1 1537 1538 1629 1628
1522 2 1 1 1538 1539 1630 1629
1523 2 1 1 1539 1540 1631 1630
1524 2 1 1 1540 1541 1632 1631
1525 2 1 1 1541 1542 1633 1632
1526 2 1 1 1542 1543 1634 1633
1527 2 1 1 1543 1544 1635 1634
1528 2 1 1 1544 1545 1636 1635
1529 2 1 1 1545 1546 1637 1636
1530 2 1 1 1546 1547 1638 1637
1531 2 1 1 1548 1549 1640 1639
1532 2 1 1 1549 1550 1641 1640
1533 2 1 1 1550 1551 1642 1641
1534 2 1 1 1551 1552 1643 1642
1535 2 1 1 1552 1553 1644 1643
1536 2 1 1 1553 1554 1645 1644
1537 2 1 1 1554 1555 1646 1645
1538 2 1 1 1555 1556 1647 1646
1539 2 1 1 1556 1557 1648 1647
1540 2 1 1 1557 1558 1649 1648
1541 2 1 1 1558 1559 1650 1649
1542 2 1 1 1559 1560 1651 1650
1543 2 1 1 1560 1561 1652 1651
1544 2 1 1 1561 1562 1653 1652
1545 2 1 1 1562 1563 1654 1653
1546 2 1 1 1563 1564 1655 1654
1547 2 1 1 1564 1565 1656 1655
1548 2 1 1 1565 1566 1657 1656
1549 2 1 1 1566 1567 1658 1657
1550 2 1 1 1567 1568 1659 1658
1551 2 1 1 1568 1569 1660 1659
1552 2 1 1 1569 1570 1661 1660
1553 2 1 1 1570 1571 1662 1661
1554 2 1 1 1571 1572 1663 1662
1555 2 1 1 1572 1573 1664 1663
1556 2 1 1 1573 1574 1665 1664
1557 2 1 1 1574 1575 1666 1665
1558 2 1 1 1575 1576 1667 1666
1559 2 1 1 1576 1577 1668 1667
1560 2 1 1 1577 1578 1669 1668
1561 2 1 1 1578 1579 1670 1669
1562 2 1 1 1579 1580 1671 1670
1563 2 1 1 1580 1581 1672 1671
1564 2 1 1 1581 1582 1673 1672
1565 2 1 1 1582 1583 1674 1673
1566 2 1 1 1583 1584 1675 1674
1567 2 1 1 1584 1585 1676 1675
1568 2 1 1 1585 1586 1677 1676
1569 2 1 1 1586 1587 1678 1677
1570 2 1 1 1587 1588 1679 1678
1571 2 1 1 1588 1589 1680 1679
1572 2 1 1 1589 1590 1681 1680
1573 2 1 1 1590 1591 1682 1681
1574 2 1 1 1591 1592 1683 1682
1575 2 1 1 1592 1593 1684 1683
1576 2 1 1 1593 1594 1685 1684
1577 2 1 1 1594 1595 1686 1685
1578 2 1 1 1595 1596 1687 1686
1579 2 1 1 1596 1597 1688 1687
1580 2 1 1 1597 1598 1689 1688
1581 2 1 1 1598 1599 1690 1689
1582 2 1 1 1599 1600 1691 1690
1583 2 1 1 1600 1601 1692 1691
1584 2 1 1 1601 1602 1693 1692
1585 2 1 1 1602 1603 1694 1693
1586 2 1 1 1603 1604 1695 1694
1587 2 1 1 1604 1605 1696 1695
1588 2 1 1 1605 1606 1697 1696
1589 2 1 1 1606 1607 1698 1697
1590 2 1 1 1607 1608 1699 1698
1591 2 1 1 1608 1609 1700 1699
1592 2 1 1 1609 1610 1701 1700
1593 2 1 1 1610 1611 1702 1701
1594 2 1 1 1611 1612 1703 1702
1595 2 1 1 1612 1613 1704 1703
1596 2 1 1 1613 1614 1705 1704
1597 2 1 1 1614 1615 1706 1705
1598 2 1 1 1615 1616 1707 1706
1599 2 1 1 1616 1617 1708 1707
1600 2 1 1 1617 1618 1709 1708
1601 2 1 1 1618 1619 1710 1709
1602 2 1 1 1619 1620 1711 1710
1603 2 1 1 1620 1621 1712 1711
1604 2 1 1 1621 1622 1713 1712
1605 2 1 1 1622 1623 1714 1713
1606 2 1 1 1623 1624 1715 1714
1607 2 1 1 1624 1625 1716 1715
1608 2 1 1 1625 1626 1717 1716
1609 2 1 1 1626 1627 1718 1717
1610 2 1 1 1627 1628 1719 1718
1611 2 1 1 1628 1629 1720 1719
1612 2 1 1 1629 1630 1721 1720
1613 2 1 1 1630 1631 1722 1721
1614 2 1 1 1631 1632 1723 1722
1615 2 1 1 1632 1633 1724 1723
1616 2 1 1 1633 1634 1725 1724
1617 2 1 1 1634 1635 1726 1725
1618 2 1 1 1635 1636 1727 1726
1619 2 1 1 1636 1637 1728 1727
1620 2 1 1 1637 1638 1729 1728
1621 2 1 1 1639 1640 1731 1730
1622 2 1 1 1640 1641 1732 1731
1623 2 1 1 1641 1642 1733 1732
1624 2 1 1 1642 1643 1734 1733
1625 2 1 1 1643 1644 1735 1734
1626 2 1 1 1644 1645 1736 1735
1627 2 1 1 1645 1646 1737 1736
1628 2 1 1 1646 1647 1738 1737
1629 2 1 1 1647 1648 1739 1738
1630 2 1 1 1648 1649 1740 1739
1631 2 1 1 1649 1650 1741 1740
1632 2 1 1 1650 1651 1742 1741
1633 2 1 1 1651 1652 1743 1742
1634 2 1 1 1652 1653 1744 1743
1635 2 1 1 1653 1654 1745 1744
1636 2 1 1 1654 1655 1746 1745
1637 2 1 1 1655 1656 1747 1746
1638 2 1 1 1656 1657 1748 1747
1639 2 1 1 1657 1658 1749 1748
1640 2 1 1 1658 1659 1750 1749
1641 2 1 1 1659 1660 1751 1750
1642 2 1 1 1660 1661 1752 1751
1643 2 1 1 1661 1662 1753 1752
1644 2 1 1 1662 1663 1754 1753
1645 2 1 1 1663 1664 1755 1754
1646 2 1 1 1664 1665 1756 1755
1647 2 1 1 1665 1666 1757 1756
1648 2 1 1 1666 1667 1758 1757
1649 2 1 1 1667 1668 1759 1758
1650 2 1 1 1668 1669 1760 1759
1651 2 1 1 1669 1670 1761 1760
1652 2 1 1 1670 1671 1762 1761
1653 2 1 1 1671 1672 1763 1762
1654 2 1 1 1672 1673 1764 1763
1655 2 1 1 1673 1674 1765 1764
1656 2 1 1 1674 1675 1766 1765
1657 2 1 1 1675 1676 1767 1766
1658 2 1 1 1676 1677 1768 1767
1659 2 1 1 1677 1678 1769 1768
1660 2 1 1 1678 1679 1770 1769
1661 2 1 1 1679 1680 1771 1770
1662 2 1 1 1680 1681 1772 1771
1663 2 1 1 1681 1682 1773 1772
1664 2 1 1 1682 1683 1774 1773
1665 2 1 1 1683 1684 1775 1774
1666 2 1 1 1684 1685 1776 1775
1667 2 1 1 1685 1686 1777 1776
1668 2 1 1 1686 1687 1778 1777
1669 2 1 1 1687 1688 1779 1778
1670 2 1 1 1688 1689 1780 1779
1671 2 1 1 1689 1690 1781 1780
1672 2 1 1 1690 1691 1782 1781
1673 2 1 1 1691 1692 1783 1782
1674 2 1 1 1692 1693 1784 1783
1675 2 1 1 1693 1694 1785 1784
1676 2 1 1 1694 1695 1786 1785
1677 2 1 1 1695 1696 1787 1786
1678 2 1 1 1696 1697 1788 1787
1679 2 1 1 1697 1698 1789 1788
1680 2 1 1 1698 1699 1790 1789
1681 2 1 1 1699 1700 1791 1790
1682 2 1 1 1700 1701 1792 1791
1683 2 1 1 1701 1702 1793 1792
1684 2 1 1 1702 1703 1794 1793
1685 2 1 1 1703 1704 1795 1794
1686 2 1 1 1704 1705 1796 1795
1687 2 1 1 1705 1706 1797 1796
1688 2 1 1 1706 1707 1798 1797
1689 2 1 1 1707 1708 1799 1798
1690 2 1 1 1708 1709 1800 1799
1691 2 1 1 1709 1710 1801 1800
1692 2 1 1 1710 1711 1802 1801
1693 2 1 1 1711 1712 1803 1802
1694 2 1 1 1712 1713 1804 1803
1695 2 1 1 1713 1714 1805 1804
1696 2 1 1 1714 1715 1806 1805
1697 2 1 1 1715 1716 1807 1806
1698 2 1 1 1716 1717 1808 1807
1699 2 1 1 1717 1718 1809 1808
1700 2 1 1 1718 1719 1810 1809
1701 2 1 1 1719 1720 1811 1810
1702 2 1 1 1720 1721 1812 1811
1703 2 1 1 1721 1722 1813 1812
1704 2 1 1 1722 1723 1814 1813
1705 2 1 1 1723 1724 1815 1814
1706 2 1 1 1724 1725 1816 1815
1707 2 1 1 1725 1726 1817 1816
1708 2 1 1 1726 1727 1818 1817
1709 2 1 1 1727 1728 1819 1818
1710 2 1 1 1728 1729 1820 1819
1711 2 1 1 1730 1731 1822 1821
1712 2 1 1 1731 1732 1823 1822
1713 2 1 1 1732 1733 1824 1823
1714 2 1 1 1733 1734 1825 1824
1715 2 1 1 1734 1735 1826 1825
1716 2 1 1 1735 1736 1827 1826
1717 2 1 1 1736 1737 1828 1827
1718 2 1 1 1737 1738 1829 1828
1719 2 1 1 1738 1739 1830 1829
1720 2 1 1 1739 1740 1831 1830
1721 2 1 1 1740 1741 1832 1831
1722 2 1 1 1741 1742 1833 1832
1723 2 1 1 1742 1743 1834 1833
1724 2 1 1 1743 1744 1835 1834
1725 2 1 1 1744 1745 1836 1835
1726 2 1 1 1745 1746 1837 1836
1727 2 1 1 1746 1747 1838 1837
1728 2 1 1 1747 1748 1839 1838
1729 2 1 1 1748 1749 1840 1839
1730 2 1 1 1749 1750 1841 1840
1731 2 1 1 1750 1751 1842 1841
1732 2 1 1 1751 1752 1843 1842
1733 2 1 1 1752 1753 1844 1843
1734 2 1 1 1753 1754 1845 1844
1735 2 1 1 1754 1755 1846 1845
1736 2 1 1 1755 1756 1847 1846
1737 2 1 1 1756 1757 1848 1847
1738 2 1 1 1757 1758 1849 1848
1739 2 1 1 1758 1759 1850 1849
1740 2 1 1 1759 1760 1851 1850
1741 2 1 1 1760 1761 1852 1851
1742 2 1 1 1761 1762 1853 1852
1743 2 1 1 1762 1763 1854 1853
1744 2 1 1 1763 1764 1855 1854
1745 2 1 1 1764 1765 1856 1855
1746 2 1 1 1765 1766 1857 1856
1747 2 1 1 1766 1767 1858 1857
1748 2 1 1 1767 1768 1859 1858
1749 2 1 1 1768 1769 1860 1859
1750 2 1 1 1769 1770 1861 1860
1751 2 1 1 1770 1771 1862 1861
1752 2 1 1 1771 1772 1863 1862
1753 2 1 1 1772 1773 1864 1863
1754 2 1 1 1773 1774 1865 1864
1755 2 1 1 1774 1775 1866 1865
1756 2 1 1 1775 1776 1867 1866
1757 2 1 1 1776 1777 1868 1867
1758 2 1 1 1777 1778 1869 1868
1759 2 1 1 1778 1779 1870 1869
1760 2 1 1 1779 1780 1871 1870
1761 2 1 1 1780 1781 1872 1871
1762 2 1 1 1781 1782 1873 1872
1763 2 1 1 1782 1783 1874 1873
1764 2 1 1 1783 1784 1875 1874
1765 2 1 1 1784 1785 1876 1875
1766 2 1 1 1785 1786 1877 1876
1767 2 1 1 1786 1787 1878 1877
1768 2 1 1 1787 1788 1879 1878
1769 2 1 1 1788 1789 1880 1879
1770 2 1 1 1789 1790 1881 1880
1771 2 1 1 1790 1791 1882 1881
1772 2 1 1 1791 1792 1883 1882
1773 2 1 1 1792 1793 1884 1883
1774 2 1 1 1793 1794 1885 1884
1775 2 1 1 1794 1795 1886 1885
1776 2 1 1 1795 1796 1887 1886
1777 2 1 1 1796 1797 1888 1887
1778 2 1 1 1797 1798 1889 1888
1779 2 1 1 1798 1799 1890 1889
1780 2 1 1 1799 1800 1891 1890
1781 2 1 1 1800 1801 1892 1891
1782 2 1 1 1801 1802 1893 1892
1783 2 1 1 1802 1803 1894 1893
1784 2 1 1 1803 1804 1895 1894
1785 2 1 1 1804 1805 1896 1895
1786 2 1 1 1805 1806 1897 1896
1787 2 1 1 1806 1807 1898 1897
1788 2 1 1 1807 1808 1899 1898
1789 2 1 1 1808 1809 1900 1899
1790 2 1 1 1809 1810 1901 1900
1791 2 1 1 1810 1811 1902 1901
1792 2 1 1 1811 1812 1903 1902
1793 2 1 1 1812 1813 1904 1903
1794 2 1 1 1813 1814 1905 1904
1795 2 1 1 1814 1815 1906 1905
1796 2 1 1 1815 1816 1907 1906
1797 2 1 1 1816 1817 1908 1907
1798 2 1 1 1817 1818 1909 1908
1799 2 1 1 1818 1819 1910 1909
1800 2 1 1 1819 1820 1911 1910
1801 2 1 1 1821 1822 1913 1912
1802 2 1 1 1822 1823 1914 1913
1803 2 1 1 1823 1824 1915 1914
1804 2 1 1 1824 1825 1916 1915
1805 2 1 1 1825 1826 1917 1916
1806 2 1 1 1826 1827 1918 1917
1807 2 1 1 1827 1828 1919 1918
1808 2 1 1 1828 1829 1920 1919
1809 2 1 1 1829 1830 1921 1920
1810 2 1 1 1830 1831 1922 1921
1811 2 1 1 1831 1832 1923 1922
1812 2 1 1 1832 1833 1924 1923
1813 2 1 1 1833 1834 1925 1924
1814 2 1 1 1834 1835 1926 1925
1815 2 1 1 1835 1836 1927 1926
1816 2 1 1 1836 1837 1928 1927
1817 2 1 1 1837 1838 1929 1928
1818 2 1 1 1838 1839 1930 1929
1819 2 1 1 1839 1840 1931 1930
1820 2 1 1 1840 1841 1932 1931
1821 2 1 1 1841 1842 1933 1932
1822 2 1 1 1842 1843 1934 1933
1823 2 1 1 1843 1844 1935 1934
1824 2 1 1 1844 1845 1936 1935
1825 2 1 1 1845 1846 1937 1936
1826 2 1 1 1846 1847 1938 1937
1827 2 1 1 1847 1848 1939 1938
1828 2 1 1 1848 1849 1940 1939
1829 2 1 1 1849 1850 1941 1940
1830 2 1 1 1850 1851 1942 1941
1831 2 1 1 1851 1852 1943 1942
1832 2 1 1 1852 1853 1944 1943
1833 2 1 1 1853 1854 1945 1944
1834 2 1 1 1854 1855 1946 1945
1835 2 1 1 1855 1856 1947 1946
1836 2 1 1 1856 1857 1948 1947
1837 2 1 1 1857 1858 1949 1948
1838 2 1 1 1858 1859 1950 1949
1839 2 1 1 1859 1860 1951 1950
1840 2 1 1 1860 1861 1952 1951
1841 2 1 1 1861 1862 1953 1952
1842 2 1 1 1862 1863 1954 1953
1843 2 1 1 1863 1864 1955 1954
1844 2 1 1 1864 1865 1956 1955
1845 2 1 1 1865 1866 1957 1956
1846 2 1 1 1866 1867 1958 1957
1847 2 1 1 1867 1868 1959 1958
1848 2 1 1 1868 1869 1960 1959
1849 2 1 1 1869 1870 1961 1960
1850 2 1 1 1870 1871 1962 1961
1851 2 1 1 1871 1872 1963 1962
1852 2 1 1 1872 1873 1964 1963
1853 2 1 1 1873 1874 1965 1964
1854 2 1 1 1874 1875 1966 1965
1855 2 1 1 1875 1876 1967 1966
1856 2 1 1 1876 1877 1968 1967
1857 2 1 1 1877 1878 1969 1968
1858 2 1 1 1878 1879 1970 1969
1859 2 1 1 1879 1880 1971 1970
1860 2 1 1 1880 1881 1972 1971
1861 2 1 1 1881 1882 1973 1972
1862 2 1 1 1882 1883 1974 1973
1863 2 1 1 1883 1884 1975 1974
1864 2 1 1 1884 1885 1976 1975
1865 2 1 1 1885 1886 1977 1976
1866 2 1 1 1886 1887 1978 1977
1867 2 1 1 1887 1888 1979 1978
1868 2 1 1 1888 1889 1980 1979
1869 2 1 1 1889 1890 1981 1980
1870 2 1 1 1890 1891 1982 1981
1871 2 1 1 1891 1892 1983 1982
1872 2 1 1 1892 1893 1984 1983
1873 2 1 1 1893 1894 1985 1984
1874 2 1 1 1894 1895 1986 1985
1875 2 1 1 1895 1896 1987 1986
1876 2 1 1 1896 1897 1988 1987
1877 2 1 1 1897 1898 1989 1988
1878 2 1 1 1898 1899 1990 1989
1879 2 1 1 1899 1900 1991 1990
1880 2 1 1 1900 1901 1992 1991
1881 2 1 1 1901 1902 1993 1992
1882 2 1 1 1902 1903 1994 1993
1883 2 1 1 1903 1904 1995 1994
1884 2 1 1 1904 1905 1996 1995
1885 2 1 1 1905 1906 1997 1996
1886 2 1 1 1906 1907 1998 1997
1887 2 1 1 1907 1908 1999 1998
1888 2 1 1 1908 1909 2000 1999
1889 2 1 1 1909 1910 2001 2000
1890 2 1 1 1910 1911 2002 2001
1891 2 1 1 1912 1913 2004 2003
1892 2 1 1 1913 1914 2005 2004
1893 2 1 1 1914 1915 2006 2005
1894 2 1 1 1915 1916 2007 2006
1895 2 1 1 1916 1917 2008 2007
1896 2 1 1 1917 1918 2009 2008
1897 2 1 1 1918 1919 2010 2009
1898 2 1 1 1919 1920 2011 2010
1899 2 1 1 1920 1921 2012 2011
1900 2 1 1 1921 1922 2013 2012
1901 2 1 1 1922 1923 2014 2013
1902 2 1 1 1923 1924 2015 2014
1903 2 1 1 1924 1925 2016 2015
1904 2 1 1 1925 1926 2017 2016
1905 2 1 1 1926 1927 2018 2017
1906 2 1 1 1927 1928 2019 2018
1907 2 1 1 1928 1929 2020 2019
1908 2 1 1 1929 1930 2021 2020
1909 2 1 1 1930 1931 2022 2021
1910 2 1 1 1931 1932 2023 2022
1911 2 1 1 1932 1933 2024 2023
1912 2 1 1 1933 1934 2025 2024
1913 2 1 1 1934 1935 2026 2025
1914 2 1 1 1935 1936 2027 2026
1915 2 1 1 1936 1937 2028 2027
1916 2 1 1 1937 1938 2029 2028
1917 2 1 1 1938 1939 2030 2029
1918 2 1 1 1939 1940 2031 2030
1919 2 1 1 1940 1941 2032 2031
1920 2 1 1 1941 1942 2033 2032
1921 2 1 1 1942 1943 2034 2033
1922 2 1 1 1943 1944 2035 2034
1923 2 1 1 1944 1945 2036 2035
1924 2 1 1 1945 1946 2037 2036
1925 2 1 1 1946 1947 2038 2037
1926 2 1 1 1947 1948 2039 2038
1927 2 1 1 1948 1949 2040 2039
1928 2 1 1 1949 1950 2041 2040
1929 2 1 1 1950 1951 2042 2041
1930 2 1 1 1951 1952 2043 2042
1931 2 1 1 1952 1953 2044 2043
1932 2 1 1 1953 1954 2045 2044
1933 2 1 1 1954 1955 2046 2045
1934 2 1 1 1955 1956 2047 2046
1935 2 1 1 1956 1957 2048 2047
1936 2 1 1 1957 1958 2049 2048
1937 2 1 1 1958 1959 2050 2049
1938 2 1 1 1959 1960 2051 2050
1939 2 1 1 1960 1961 2052 2051
1940 2 1 1 1961 1962 2053 2052
1941 2 1 1 1962 1963 2054 2053
1942 2 1 1 1963 1964 2055 2054
1943 2 1 1 1964 1965 2056 2055
1944 2 1 1 1965 1966 2057 2056
1945 2 1 1 1966 1967 2058 2057
1946 2 1 1 1967 1968 2059 2058
1947 2 1 1 1968 1969 2060 2059
1948 2 1 1 1969 1970 2061 2060
1949 2 1 1 1970 1971 2062 2061
1950 2 1 1 1971 1972 2063 2062
1951 2 1 1 1972 1973 2064 2063
1952 2 1 1 1973 1974 2065 2064
1953 2 1 1 1974 1975 2066 2065
1954 2 1 1 1975 1976 2067 2066
1955 2 1 1 1976 1977 2068 2067
1956 2 1 1 1977 1978 2069 2068
1957 2 1 1 1978 1979 2070 2069
1958 2 1 1 1979 1980 2071 2070
1959 2 1 1 1980 1981 2072 2071
1960 2 1 1 1981 1982 2073 2072
1961 2 1 1 1982 1983 2074 2073
1962 2 1 1 1983 1984 2075 2074
1963 2 1 1 1984 1985 2076 2075
1964 2 1 1 1985 1986 2077 2076
1965 2 1 1 1986 1987 2078 2077
1966 2 1 1 1987 1988 2079 2078
1967 2 1 1 1988 1989 2080 2079
1968 2 1 1 1989 1990 2081 2080
1969 2 1 1 1990 1991 2082 2081
1970 2 1 1 1991 1992 2083 2082
1971 2 1 1 1992 1993 2084 2083
1972 2 1 1 1993 1994 2085 2084
1973 2 1 1 1994 1995 2086 2085
1974 2 1 1 1995 1996 2087 2086
1975 2 1 1 1996 1997 2088 2087
1976 2 1 1 1997 1998 2089 2088
1977 2 1 1 1998 1999 2090 2089
1978 2 1 1 1999 2000 2091 2090
1979 2 1 1 2000 2001 2092 2091
1980 2 1 1 2001 2002 2093 2092
1981 2 1 1 2003 2004 2095 2094
1982 2 1 1 2004 2005 2096 2095
1983 2 1 1 2005 2006 2097 2096
1984 2 1 1 2006 2007 2098 2097
1985 2 1 1 2007 2008 2099 2098
1986 2 1 1 2008 2009 2100 2099
1987 2 1 1 2009 2010 2101 2100
1988 2 1 1 2010 2011 2102 2101
1989 2 1 1 2011 2012 2103 2102
1990 2 1 1 2012 2013 2104 2103
1991 2 1 1 2013 2014 2105 2104
1992 2 1 1 2014 2015 2106 2105
1993 2 1 1 2015 2016 2107 2106
1994 2 1 1 2016 2017 2108 2107
1995 2 1 1 2017 2018 2109 2108
1996 2 1 1 2018 2019 2110 2109
1997 2 1 1 2019 2020 2111 2110
1998 2 1 1 2020 2021 2112 2111
1999 2 1 1 2021 2022 2113 2112
2000 2 1 1 2022 2023 2114 2113
2001 2 1 1 2023 2024 2115 2114
2002 2 1 1 2024 2025 2116 2115
2003 2 1 1 2025 2026 2117 2116
2004 2 1 1 2026 2027 2118 2117
2005 2 1 1 2027 2028 2119 2118
2006 2 1 1 2028 2029 2120 2119
2007 2 1 1 2029 2030 2121 2120
2008 2 1 1 2030 2031 2122 2121
2009 2 1 1 2031 2032 2123 2122
2010 2 1 1 2032 2033 2124 2123
2011 2 1 1 2033 2034 2125 2124
2012 2 1 1 2034 2035 2126 2125
2013 2 1 1 2035 2036 2127 2126
2014 2 1 1 2036 2037 2128 2127
2015 2 1 1 2037 2038 2129 2128
2016 2 1 1 2038 2039 2130 2129
2017 2 1 1 2039 2040 2131 2130
2018 2 1 1 2040 2041 2132 2131
2019 2 1 1 2041 2042 2133 2132
2020 2 1 1 2042 2043 2134 2133
2021 2 1 1 2043 2044 2135 2134
2022 2 1 1 2044 2045 2136 2135
2023 2 1 1 2045 2046 2137 2136
2024 2 1 1 2046 2047 2138 2137
2025 2 1 1 2047 2048 2139 2138
2026 2 1 1 2048 2049 2140 2139
2027 2 1 1 2049 2050 2141 2140
2028 2 1 1 2050 2051 2142 2141
2029 2 1 1 2051 2052 2143 2142
2030 2 1 1 2052 2053 2144 2143
2031 2 1 1 2053 2054 2145 2144
2032 2 1 1 2054 2055 2146 2145
2033 2 1 1 2055 2056 2147 2146
2034 2 1 1 2056 2057 2148 2147
2035 2 1 1 2057 2058 2149 2148
2036 2 1 1 2058 2059 2150 2149
2037 2 1 1 2059 2060 2151 2150
2038 2 1 1 2060 2061 2152 2151
2039 2 1 1 2061 2062 2153 2152
2040 2 1 1 2062 2063 2154 2153
2041 2 1 1 2063 2064 2155 2154
2042 2 1 1 2064 2065 2156 2155
2043 2 1 1 2065 2066 2157 2156
2044 2 1 1 2066 2067 2158 2157
2045 2 1 1 2067 2068 2159 2158
2046 2 1 1 2068 2069 2160 2159
2047 2 1 1 2069 2070 2161 2160
2048 2 1 1 2070 2071 2162 2161
2049 2 1 1 2071 2072 2163 2162
2050 2 1 1 2072 2073 2164 2163
2051 2 1 1 2073 2074 2165 2164
2052 2 1 1 2074 2075 2166 2165
2053 2 1 1 2075 2076 2167 2166
2054 2 1 1 2076 2077 2168 2167
2055 2 1 1 2077 2078 2169 2168
2056 2 1 1 2078 2079 2170 2169
2057 2 1 1 2079 2080 2171 2170
2058 2 1 1 2080 2081 2172 2171
2059 2 1 1 2081 2082 2173 2172
2060 2 1 1 2082 2083 2174 2173
2061 2 1 1 2083 2084 2175 2174
2062 2 1 1 2084 2085 2176 2175
2063 2 1 1 2085 2086 2177 2176
2064 2 1 1 2086 2087 2178 2177
2065 2 1 1 2087 2088 2179 2178
2066 2 1 1 2088 2089 2180 2179
2067 2 1 1 2089 2090 2181 2180
2068 2 1 1 2090 2091 2182 2181
2069 2 1 1 2091 2092 2183 2182
2070 2 1 1 2092 2093 2184 2183
2071 2 1 1 2094 2095 2186 2185
2072 2 1 1 2095 2096 2187 2186
2073 2 1 1 2096 2097 2188 2187
2074 2 1 1 2097 2098 2189 2188
2075 2 1 1 2098 2099 2190 2189
2076 2 1 1 2099 2100 2191 2190
2077 2 1 1 2100 2101 2192 2191
2078 2 1 1 2101 2102 2193 2192
2079 2 1 1 2102 2103 2194 2193
2080 2 1 1 2103 2104 2195 2194
2081 2 1 1 2104 2105 2196 2195
2082 2 1 1 2105 2106 2197 2196
2083 2 1 1 2106 2107 2198 2197
2084 2 1 1 2107 2108 2199 2198
2085 2 1 1 2108 2109 2200 2199
2086 2 1 1 2109 2110 2201 2200
2087 2 1 1 2110 2111 2202 2201
2088 2 1 1 2111 2112 2203 2202
2089 2 1 1 2112 2113 2204 2203
2090 2 1 1 2113 2114 2205 2204
2091 2 1 1 2114 2115 2206 2205
2092 2 1 1 2115 2116 2207 2206
2093 2 1 1 2116 2117 2208 2207
2094 2 1 1 2117 2118 2209 2208
2095 2 1 1 2118 2119 2210 2209
2096 2 1 1 2119 2120 2211 2210
2097 2 1 1 2120 2121 2212 2211
2098 2 1 1 2121 2122 2213 2212
2099 2 1 1 2122 2123 2214 2213
2100 2 1 1 2123 2124 2215 2214
2101 2 1 1 2124 2125 2216 2215
2102 2 1 1 2125 2126 2217 2216
2103 2 1 1 2126 2127 2218 2217
2104 2 1 1 2127 2128 2219 2218
2105 2 1 1 2128 2129 2220 2219
2106 2 1 1 2129 2130 2221 2220
2107 2 1 1 2130 2131 2222 2221
2108 2 1 1 2131 2132 2223 2222
2109 2 1 1 2132 2133 2224 2223
2110 2 1 1 2133 2134 2225 2224
2111 2 1 1 2134 2135 2226 2225
2112 2 1 1 2135 2136 2227 2226
2113 2 1 1 2136 2137 2228 2227
2114 2 1 1 2137 2138 2229 2228
2115 2 1 1 2138 2139 2230 2229
2116 2 1 1 2139 2140 2231 2230
2117 2 1 1 2140 2141 2232 2231
2118 2 1 1 2141 2142 2233 2232
2119 2 1 1 2142 2143 2234 2233
2120 2 1 1 2143 2144 2235 2234
2121 2 1 1 2144 2145 2236 2235
2122 2 1 1 2145 2146 2237 2236
2123 2 1 1 2146 2147 2238 2237
2124 2 1 1 2147 2148 2239 2238
2125 2 1 1 2148 2149 2240 2239
2126 2 1 1 2149 2150 2241 2240
2127 2 1 1 2150 2151 2242 2241
2128 2 1 1 2151 2152 2243 2242
2129 2 1 1 2152 2153 2244 2243
2130 2 1 1 2153 2154 2245 2244
2131 2 1 1 2154 2155 2246 2245
2132 2 1 1 2155 2156 2247 2246
2133 2 1 1 2156 2157 2248 2247
2134 2 1 1 2157 2158 2249 2248
2135 2 1 1 2158 2159 2250 2249
2136 2 1 1 2159 2160 2251 2250
2137 2 1 1 2160 2161 2252 2251
2138 2 1 1 2161 2162 2253 2252
2139 2 1 1 2162 2163 2254 2253
2140 2 1 1 2163 2164 2255 2254
2141 2 1 1 2164 2165 2256 2255
2142 2 1 1 2165 2166 2257 2256
2143 2 1 1 2166 2167 2258 2257
2144 2 1 1 2167 2168 2259 2258
2145 2 1 1 2168 2169 2260 2259
2146 2 1 1 2169 2170 2261 2260
2147 2 1 1 2170 2171 2262 2261
2148 2 1 1 2171 2172 2263 2262
2149 2 1 1 2172 2173 2264 2263
2150 2 1 1 2173 2174 2265 2264
2151 2 1 1 2174 2175 2266 2265
2152 2 1 1 2175 2176 2267 2266
2153 2 1 1 2176 2177 2268 2267
2154 2 1 1 2177 2178 2269 2268
2155 2 1 1 2178 2179 2270 2269
2156 2 1 1 2179 2180 2271 2270
2157 2 1 1 2180 2181 2272 2271
2158 2 1 1 2181 2182 2273 2272
2159 2 1 1 2182 2183 2274 2273
2160 2 1 1 2183 2184 2275 2274
2161 2 1 1 2185 2186 2277 2276
2162 2 1 1 2186 2187 2278 2277
2163 2 1 1 2187 2188 2279 2278
2164 2 1 1 2188 2189 2280 2279
2165 2 1 1 2189 2190 2281 2280
2166 2 1 1 2190 2191 2282 2281
2167 2 1 1 2191 2192 2283 2282
2168 2 1 1 2192 2193 2284 2283
2169 2 1 1 2193 2194 2285 2284
2170 2 1 1 2194 2195 2286 2285
2171 2 1 1 2195 2196 2287 2286
2172 2 1 1 2196 2197 2288 2287
2173 2 1 1 2197 2198 2289 2288
2174 2 1 1 2198 2199 2290 2289
2175 2 1 1 2199 2200 2291 2290
2176 2 1 1 2200 2201 2292 2291
2177 2 1 1 2201 2202 2293 2292
2178 2 1 1 2202 2203 2294 2293
2179 2 1 1 2203 2204 2295 2294
2180 2 1 1 2204 2205 2296 2295
2181 2 1 1 2205 2206 2297 2296
2182 2 1 1 2206 2207 2298 2297
2183 2 1 1 2207 2208 2299 2298
2184 2 1 1 2208 2209 2300 2299
2185 2 1 1 2209 2210 2301 2300
2186 2 1 1 2210 2211 2302 2301
2187 2 1 1 2211 2212 2303 2302
2188 2 1 1 2212 2213 2304 2303
2189 2 1 1 2213 2214 2305 2304
2190 2 1 1 2214 2215 2306 2305
2191 2 1 1 2215 2216 2307 2306
2192 2 1 1 2216 2217 2308 2307
2193 2 1 1 2217 2218 2309 2308
2194 2 1 1 2218 2219 2310 2309
2195 2 1 1 2219 2220 2311 2310
2196 2 1 1 2220 2221 2312 2311
2197 2 1 1 2221 2222 2313 2312
2198 2 1 1 2222 2223 2314 2313
2199 2 1 1 2223 2224 2315 2314
2200 2 1 1 2224 2225 2316 2315
2201 2 1 1 2225 2226 2317 2316
2202 2 1 1 2226 2227 2318 2317
2203 2 1 1 2227 2228 2319 2318
2204 2 1 1 2228 2229 2320 2319
2205 2 1 1 2229 2230 2321 2320
2206 2 1 1 2230 2231 2322 2321
2207 2 1 1 2231 2232 2323 2322
2208 2 1 1 2232 2233 2324 2323
2209 2 1 1 2233 2234 2325 2324
2210 2 1 1 2234 2235 2326 2325
2211 2 1 1 2235 2236 2327 2326
2212 2 1 1 2236 2237 2328 2327
2213 2 1 1 2237 2238 2329 2328
2214 2 1 1 2238 2239 2330 2329
2215 2 1 1 2239 2240 2331 2330
2216 2 1 1 2240 2241 2332 2331
2217 2 1 1 2241 2242 2333 2332
2218 2 1 1 2242 2243 2334 2333
2219 2 1 1 2243 2244 2335 2334
2220 2 1 1 2244 2245 2336 2335
2221 2 1 1 2245 2246 2337 2336
2222 2 1 1 2246 2247 2338 2337
2223 2 1 1 2247 2248 2339 2338
2224 2 1 1 2248 2249 2340 2339
2225 2 1 1 2249 2250 2341 2340
2226 2 1 1 2250 2251 2342 2341
2227 2 1 1 2251 2252 2343 2342
2228 2 1 1 2252 2253 2344 2343
2229 2 1 1 2253 2254 2345 2344
2230 2 1 1 2254 2255 2346 2345
2231 2 1 1 2255 2256 2347 2346
2232 2 1 1 2256 2257 2348 2347
2233 2 1 1 2257 2258 2349 2348
2234 2 1 1 2258 2259 2350 2349
2235 2 1 1 2259 2260 2351 2350
2236 2 1 1 2260 2261 2352 2351
2237 2 1 1 2261 2262 2353 2352
2238 2 1 1 2262 2263 2354 2353
2239 2 1 1 2263 2264 2355 2354
2240 2 1 1 2264 2265 2356 2355
2241 2 1 1 2265 2266 2357 2356
2242 2 1 1 2266 2267 2358 2357
2243 2 1 1 2267 2268 2359 2358
2244 2 1 1 2268 2269 2360 2359
2245 2 1 1 2269 2270 2361 2360
2246 2 1 1 2270 2271 2362 2361
2247 2 1 1 2271 2272 2363 2362
2248 2 1 1 2272 2273 2364 2363
2249 2 1 1 2273 2274 2365 2364
2250 2 1 1 2274 2275 2366 2365
2251 2 1 1 2276 2277 2368 2367
2252 2 1 1 2277 2278 2369 2368
2253 2 1 1 2278 2279 2370 2369
2254 2 1 1 2279 2280 2371 2370
2255 2 1 1 2280 2281 2372 2371
2256 2 1 1 2281 2282 2373 2372
2257 2 1 1 2282 2283 2374 2373
2258 2 1 1 2283 2284 2375 2374
2259 2 1 1 2284 2285 2376 2375
2260 2 1 1 2285 2286 2377 2376
2261 2 1 1 2286 2287 2378 2377
2262 2 1 1 2287 2288 2379 2378
2263 2 1 1 2288 2289 2380 2379
2264 2 1 1 2289 2290 2381 2380
2265 2 1 1 2290 2291 2382 2381
2266 2 1 1 2291 2292 2383 2382
2267 2 1 1 2292 2293 2384 2383
2268 2 1 1 2293 2294 2385 2384
2269 2 1 1 2294 2295 2386 2385
2270 2 1 1 2295 2296 2387 2386
2271 2 1 1 2296 2297 2388 2387
2272 2 1 1 2297 2298 2389 2388
2273 2 1 1 2298 2299 2390 2389
2274 2 1 1 2299 2300 2391 2390
2275 2 1 1 2300 2301 2392 2391
2276 2 1 1 2301 2302 2393 2392
2277 2 1 1 2302 2303 2394 2393
2278 2 1 1 2303 2304 2395 2394
2279 2 1 1 2304 2305 2396 2395
2280 2 1 1 2305 2306 2397 2396
2281 2 1 1 2306 2307 2398 2397
2282 2 1 1 2307 2308 2399 2398
2283 2 1 1 2308 2309 2400 2399
2284 2 1 1 2309 2310 2401 2400
2285 2 1 1 2310 2311 2402 2401
2286 2 1 1 2311 2312 2403 2402
2287 2 1 1 2312 2313 2404 2403
2288 2 1 1 2313 2314 2405 2404
2289 2 1 1 2314 2315 2406 2405
2290 2 1 1 2315 2316 2407 2406
2291 2 1 1 2316 2317 2408 2407
2292 2 1 1 2317 2318 2409 2408
2293 2 1 1 2318 2319 2410 2409
2294 2 1 1 2319 2320 2411 2410
2295 2 1 1 2320 2321 2412 2411
2296 2 1 1 2321 2322 2413 2412
2297 2 1 1 2322 2323 2414 2413
2298 2 1 1 2323 2324 2415 2414
2299 2 1 1 2324 2325 2416 2415
2300 2 1 1 2325 2326 2417 2416
2301 2 1 1 2326 2327 2418 2417
2302 2 1 1 2327 2328 2419 2418
2303 2 1 1 2328 2329 2420 2419
2304 2 1 1 2329 2330 2421 2420
2305 2 1 1 2330 2331 2422 2421
2306 2 1 1 2331 2332 2423 2422
2307 2 1 1 2332 2333 2424 2423
2308 2 1 1 2333 2334 2425 2424
2309 2 1 1 2334 2335 2426 2425
2310 2 1 1 2335 2336 2427 2426
2311 2 1 1 2336 2337 2428 2427
2312 2 1 1 2337 2338 2429 2428
2313 2 1 1 2338 2339 2430 2429
2314 2 1 1 2339 2340 2431 2430
2315 2 1 1 2340 2341 2432 2431
2316 2 1 1 2341 2342 2433 2432
2317 2 1 1 2342 2343 2434 2433
2318 2 1 1 2343 2344 2435 2434
2319 2 1 1 2344 2345 2436 2435
2320 2 1 1 2345 2346 2437 2436
2321 2 1 1 2346 2347 2438 2437
2322 2 1 1 2347 2348 2439 2438
2323 2 1 1 2348 2349 2440 2439
2324 2 1 1 2349 2350 2441 2440
2325 2 1 1 2350 2351 2442 2441
2326 2 1 1 2351 2352 2443 2442
2327 2 1 1 2352 2353 2444 2443
2328 2 1 1 2353 2354 2445 2444
2329 2 1 1 2354 2355 2446 2445
2330 2 1 1 2355 2356 2447 2446
2331 2 1 1 2356 2357 2448 2447
2332 2 1 1 2357 2358 2449 2448
2333 2 1 1 2358 2359 2450 2449
2334 2 1 1 2359 2360 2451 2450
2335 2 1 1 2360 2361 2452 2451
2336 2 1 1 2361 2362 2453 2452
2337 2 1 1 2362 2363 2454 2453
2338 2 1 1 2363 2364 2455 2454
2339 2 1 1 2364 2365 2456 2455
2340 2 1 1 2365 2366 2457 2456
2341 2 1 1 2367 2368 2459 2458
2342 2 1 1 2368 2369 2460 2459
2343 2 1 1 2369 2370 2461 2460
2344 2 1 1 2370 2371 2462 2461
2345 2 1 1 2371 2372 2463 2462
2346 2 1 1 2372 2373 2464 2463
2347 2 1 1 2373 2374 2465 2464
2348 2 1 1 2374 2375 2466 2465
2349 2 1 1 2375 2376 2467 2466
2350 2 1 1 2376 2377 2468 2467
2351 2 1 1 2377 2378 2469 2468
2352 2 1 1 2378 2379 2470 2469
2353 2 1 1 2379 2380 2471 2470
2354 2 1 1 2380 2381 2472 2471
2355 2 1 1 2381 2382 2473 2472
2356 2 1 1 2382 2383 2474 2473
2357 2 1 1 2383 2384 2475 2474
2358 2 1 1 2384 2385 2476 2475
2359 2 1 1 2385 2386 2477 2476
2360 2 1 1 2386 2387 2478 2477
2361 2 1 1 2387 2388 2479 2478
2362 2 1 1 2388 2389 2480 2479
2363 2 1 1 2389 2390 2481 2480
2364 2 1 1 2390 2391 2482 2481
2365 2 1 1 2391 2392 2483 2482
2366 2 1 1 2392 2393 2484 2483
2367 2 1 1 2393 2394 2485 2484
2368 2 1 1 2394 2395 2486 2485
2369 2 1 1 2395 2396 2487 2486
2370 2 1 1 2396 2397 2488 2487
2371 2 1 1 2397 2398 2489 2488
2372 2 1 1 2398 2399 2490 2489
2373 2 1 1 2399 2400 2491 2490
2374 2 1 1 2400 2401 2492 2491
2375 2 1 1 2401 2402 2493 2492
2376 2 1 1 2402 2403 2494 2493
2377 2 1 1 2403 2404 2495 2494
2378 2 1 1 2404 2405 2496 2495
2379 2 1 1 2405 2406 2497 2496
2380 2 1 1 2406 2407 2498 2497
2381 2 1 1 2407 2408 2499 2498
2382 2 1 1 2408 2409 2500 2499
2383 2 1 1 2409 2410 2501 2500
2384 2 1 1 2410 2411 2502 2501
2385 2 1 1 2411 2412 2503 2502
2386 2 1 1 2412 2413 2504 2503
2387 2 1 1 2413 2414 2505 2504
2388 2 1 1 2414 2415 2506 2505
2389 2 1 1 2415 2416 2507 2506
2390 2 1 1 2416 2417 2508 2507
2391 2 1 1 2417 2418 2509 2508
2392 2 1 1 2418 2419 2510 2509
2393 2 1 1 2419 2420 2511 2510
2394 2 1 1 2420 2421 2512 2511
2395 2 1 1 2421 2422 2513 2512
2396 2 1 1 2422 2423 2514 2513
2397 2 1 1 2423 2424 2515 2514
2398 2 1 1 2424 2425 2516 2515
2399 2 1 1 2425 2426 2517 2516
2400 2 1 1 2426 2427 2518 2517
2401 2 1 1 2427 2428 2519 2518
2402 2 1 1 2428 2429 2520 2519
2403 2 1 1 2429 2430 2521 2520
2404 2 1 1 2430 2431 2522 2521
2405 2 1 1 2431 2432 2523 2522
2406 2 1 1 2432 2433 2524 2523
2407 2 1 1 2433 2434 2525 2524
2408 2 1 1 2434 2435 2526 2525
2409 2 1 1 2435 2436 2527 2526
2410 2 1 1 2436 2437 2528 2527
2411 2 1 1 2437 2438 2529 2528
2412 2 1 1 2438 2439 2530 2529
2413 2 1 1 2439 2440 2531 2530
2414 2 1 1 2440 2441 2532 2531
2415 2 1 1 2441 2442 2533 2532
2416 2 1 1 2442 2443 2534 2533
2417 2 1 1 2443 2444 2535 2534
2418 2 1 1 2444 2445 2536 2535
2419 2 1 1 2445 2446 2537 2536
2420 2 1 1 2446 2447 2538 2537
2421 2 1 1 2447 2448 2539 2538
2422 2 1 1 2448 2449 2540 2539
2423 2 1 1 2449 2450 2541 2540
2424 2 1 1 2450 2451 2542 2541
2425 2 1 1 2451 2452 2543 2542
2426 2 1 1 2452 2453 2544 2543
2427 2 1 1 2453 2454 2545 2544
2428 2 1 1 2454 2455 2546 2545
2429 2 1 1 2455 2456 2547 2546
2430 2 1 1 2456 2457 2548 2547
2431 2 1 1 2458 2459 2550 2549
2432 2 1 1 2459 2460 2551 2550
2433 2 1 1 2460 2461 2552 2551
2434 2 1 1 2461 2462 2553 2552
2435 2 1 1 2462 2463 2554 2553
2436 2 1 1 2463 2464 2555 2554
2437 2 1 1 2464 2465 2556 2555
2438 2 1 1 2465 2466 2557 2556
2439 2 1 1 2466 2467 2558 2557
2440 2 1 1 2467 2468 2559 2558
2441 2 1 1 2468 2469 2560 2559
2442 2 1 1 2469 2470 2561 2560
2443 2 1 1 2470 2471 2562 2561
2444 2 1 1 2471 2472 2563 2562
2445 2 1 1 2472 2473 2564 2563
2446 2 1 1 2473 2474 2565 2564
2447 2 1 1 2474 2475 2566 2565
2448 2 1 1 2475 2476 2567 2566
2449 2 1 1 2476 2477 2568 2567
2450 2 1 1 2477 2478 2569 2568
2451 2 1 1 2478 2479 2570 2569
2452 2 1 1 2479 2480 2571 2570
2453 2 1 1 2480 2481 2572 2571
2454 2 1 1 2481 2482 2573 2572
2455 2 1 1 2482 2483 2574 2573
2456 2 1 1 2483 2484 2575 2574
2457 2 1 1 2484 2485 2576 2575
2458 2 1 1 2485 2486 2577 2576
2459 2 1 1 2486 2487 2578 2577
2460 2 1 1 2487 2488 2579 2578
2461 2 1 1 2488 2489 2580 2579
2462 2 1 1 2489 2490 2581 2580
2463 2 1 1 2490 2491 2582 2581
2464 2 1 1 2491 2492 2583 2582
2465 2 1 1 2492 2493 2584 2583
2466 2 1 1 2493 2494 2585 2584
2467 2 1 1 2494 2495 2586 2585
2468 2 1 1 2495 2496 2587 2586
2469 2 1 1 2496 2497 2588 2587
2470 2 1 1 2497 2498 2589 2588
2471 2 1 1 2498 2499 2590 2589
2472 2 1 1 2499 2500 2591 2590
2473 2 1 1 2500 2501 2592 2591
2474 2 1 1 2501 2502 2593 2592
2475 2 1 1 2502 2503 2594 2593
2476 2 1 1 2503 2504 2595 2594
2477 2 1 1 2504 2505 2596 2595
2478 2 1 1 2505 2506 2597 2596
2479 2 1 1 2506 2507 2598 2597
2480 2 1 1 2507 2508 2599 2598
2481 2 1 1 2508 2509 2600 2599
2482 2 1 1 2509 2510 2601 2600
2483 2 1 1 2510 2511 2602 2601
2484 2 1 1 2511 2512 2603 2602
2485 2 1 1 2512 2513 2604 2603
2486 2 1 1 2513 2514 2605 2604
2487 2 1 1 2514 2515 2606 2605
2488 2 1 1 2515 2516 2607 2606
2489 2 1 1 2516 2517 2608 2607
2490 2 1 1 2517 2518 2609 2608
2491 2 1 1 2518 2519 2610 2609
2492 2 1 1 2519 2520 2611 2610
2493 2 1 1 2520 2521 2612 2611
2494 2 1 1 2521 2522 2613 2612
2495 2 1 1 2522 2523 2614 2613
2496 2 1 1 2523 2524 2615 2614
2497 2 1 1 2524 2525 2616 2615
2498 2 1 1 2525 2526 2617 2616
2499 2 1 1 2526 2527 2618 2617
2500 2 1 1 2527 2528 2619 2618
2501 2 1 1 2528 2529 2620 2619
2502 2 1 1 2529 2530 2621 2620
2503 2 1 1 2530 2531 2622 2621
2504 2 1 1 2531 2532 2623 2622
2505 2 1 1 2532 2533 2624 2623
2506 2 1 1 2533 2534 2625 2624
2507 2 1 1 2534 2535 2626 2625
2508 2 1 1 2535 2536 2627 2626
2509 2 1 1 2536 2537 2628 2627
2510 2 1 1 2537 2538 2629 2628
2511 2 1 1 2538 2539 2630 2629
2512 2 1 1 2539 2540 2631 2630
2513 2 1 1 2540 2541 2632 2631
2514 2 1 1 2541 2542 2633 2632
2515 2 1 1 2542 2543 2634 2633
2516 2 1 1 2543 2544 2635 2634
2517 2 1 1 2544 2545 2636 2635
2518 2 1 1 2545 2546 2637 2636
2519 2 1 1 2546 2547 2638 2637
2520 2 1 1 2547 2548 2639 2638
2521 2 1 1 2549 2550 2641 2640
2522 2 1 1 2550 2551 2642 2641
2523 2 1 1 2551 2552 2643 2642
2524 2 1 1 2552 2553 2644 2643
2525 2 1 1 2553 2554 2645 2644
2526 2 1 1 2554 2555 2646 2645
2527 2 1 1 2555 2556 2647 2646
2528 2 1 1 2556 2557 2648 2647
2529 2 1 1 2557 2558 2649 2648
2530 2 1 1 2558 2559 2650 2649
2531 2 1 1 2559 2560 2651 2650
2532 2 1 1 2560 2561 2652 2651
2533 2 1 1 2561 2562 2653 2652
2534 2 1 1 2562 2563 2654 2653
2535 2 1 1 2563 2564 2655 2654
2536 2 1 1 2564 2565 2656 2655
2537 2 1 1 2565 2566 2657 2656
2538 2 1 1 2566 2567 2658 2657
2539 2 1 1 2567 2568 2659 2658
2540 2 1 1 2568 2569 2660 2659
2541 2 1 1 2569 2570 2661 2660
2542 2 1 1 2570 2571 2662 2661
2543 2 1 1 2571 2572 2663 2662
2544 2 1 1 2572 2573 2664 2663
2545 2 1 1 2573 2574 2665 2664
2546 2 1 1 2574 2575 2666 2665
2547 2 1 1 2575 2576 2667 2666
2548 2 1 1 2576 2577 2668 2667
2549 2 1 1 2577 2578 2669 2668
2550 2 1 1 2578 2579 2670 2669
2551 2 1 1 2579 2580 2671 2670
2552 2 1 1 2580 2581 2672 2671
2553 2 1 1 2581 2582 2673 2672
2554 2 1 1 2582 2583 2674 2673
2555 2 1 1 2583 2584 2675 2674
2556 2 1 1 2584 2585 2676 2675
2557 2 1 1 2585 2586 2677 2676
2558 2 1 1 2586 2587 2678 2677
2559 2 1 1 2587 2588 2679 2678
2560 2 1 1 2588 2589 2680 2679
2561 2 1 1 2589 2590 2681 2680
2562 2 1 1 2590 2591 2682 2681
2563 2 1 1 2591 2592 2683 2682
2564 2 1 1 2592 2593 2684 2683
2565 2 1 1 2593 2594 2685 2684
2566 2 1 1 2594 2595 2686 2685
2567 2 1 1 2595 2596 2687 2686
2568 2 1 1 2596 2597 2688 2687
2569 2 1 1 2597 2598 2689 2688
2570 2 1 1 2598 2599 2690 2689
2571 2 1 1 2599 2600 2691 2690
2572 2 1 1 2600 2601 2692 2691
2573 2 1 1 2601 2602 2693 2692
2574 2 1 1 2602 2603 2694 2693
2575 2 1 1 2603 2604 2695 2694
2576 2 1 1 2604 2605 2696 2695
2577 2 1 1 2605 2606 2697 2696
2578 2 1 1 2606 2607 2698 2697
2579 2 1 1 2607 2608 2699 2698
2580 2 1 1 2608 2609 2700 2699
2581 2 1 1 2609 2610 2701 2700
2582 2 1 1 2610 2611 2702 2701
2583 2 1 1 2611 2612 2703 2702
2584 2 1 1 2612 2613 2704 2703
2585 2 1 1 2613 2614 2705 2704
2586 2 1 1 2614 2615 2706 2705
2587 2 1 1 2615 2616 2707 2706
2588 2 1 1 2616 2617 2708 2707
2589 2 1 1 2617 2618 2709 2708
2590 2 1 1 2618 2619 2710 2709
2591 2 1 1 2619 2620 2711 2710
2592 2 1 1 2620 2621 2712 2711
2593 2 1 1 2621 2622 2713 2712
2594 2 1 1 2622 2623 2714 2713
2595 2 1 1 2623 2624 2715 2714
2596 2 1 1 2624 2625 2716 2715
2597 2 1 1 2625 2626 2717 2716
2598 2 1 1 2626 2627 2718 2717
2599 2 1 1 2627 2628 2719 2718
2600 2 1 1 2628 2629 2720 2719
2601 2 1 1 2629 2630 2721 2720
2602 2 1 1 2630 2631 2722 2721
2603 2 1 1 2631 2632 2723 2722
2604 2 1 1 2632 2633 2724 2723
2605 2 1 1 2633 2634 2725 2724
2606 2 1 1 2634 2635 2726 2725
2607 2 1 1 2635 2636 2727 2726
2608 2 1 1 2636 2637 2728 2727
2609 2 1 1 2637 2638 2729 2728
2610 2 1 1 2638 2639 2730 2729
2611 2 1 1 2640 2641 2732 2731
2612 2 1 1 2641 2642 2733 2732
2613 2 1 1 2642 2643 2734 2733
2614 2 1 1 2643 2644 2735 2734
2615 2 1 1 2644 2645 2736 2735
2616 2 1 1 2645 2646 2737 2736
2617 2 1 1 2646 2647 2738 2737
2618 2 1 1 2647 2648 2739 2738
2619 2 1 1 2648 2649 2740 2739
2620 2 1 1 2649 2650 2741 2740
2621 2 1 1 2650 2651 2742 2741
2622 2 1 1 2651 2652 2743 2742
2623 2 1 1 2652 2653 2744 2743
2624 2 1 1 2653 2654 2745 2744
2625 2 1 1 2654 2655 2746 2745
2626 2 1 1 2655 2656 2747 2746
2627 2 1 1 2656 2657 2748 2747
2628 2 1 1 2657 2658 2749 2748
2629 2 1 1 2658 2659 2750 2749
2630 2 1 1 2659 2660 2751 2750
2631 2 1 1 2660 2661 2752 2751
2632 2 1 1 2661 2662 2753 2752
2633 2 1 1 2662 2663 2754 2753
2634 2 1 1 2663 2664 2755 2754
2635 2 1 1 2664 2665 2756 2755
2636 2 1 1 2665 2666 2757 2756
2637 2 1 1 2666 2667 2758 2757
2638 2 1 1 2667 2668 2759 2758
2639 2 1 1 2668 2669 2760 2759
2640 2 1 1 2669 2670 2761 2760
2641 2 1 1 2670 2671 2762 2761
2642 2 1 1 2671 2672 2763 2762
2643 2 1 1 2672 2673 2764 2763
2644 2 1 1 2673 2674 2765 2764
2645 2 1 1 2674 2675 2766 2765
2646 2 1 1 2675 2676 2767 2766
2647 2 1 1 2676 2677 2768 2767
2648 2 1 1 2677 2678 2769 2768
2649 2 1 1 2678 2679 2770 2769
2650 2 1 1 2679 2680 2771 2770
2651 2 1 1 2680 2681 2772 2771
2652 2 1 1 2681 2682 2773 2772
2653 2 1 1 2682 2683 2774 2773
2654 2 1 1 2683 2684 2775 2774
2655 2 1 1 2684 2685 2776 2775
2656 2 1 1 2685 2686 2777 2776
2657 2 1 1 2686 2687 2778 2777
2658 2 1 1 2687 2688 2779 2778
2659 2 1 1 2688 2689 2780 2779
2660 2 1 1 2689 2690 2781 2780
2661 2 1 1 2690 2691 2782 2781
2662 2 1 1 2691 2692 2783 2782
2663 2 1 1 2692 2693 2784 2783
2664 2 1 1 2693 2694 2785 2784
2665 2 1 1 2694 2695 2786 2785
2666 2 1 1 2695 2696 2787 2786
2667 2 1 1 2696 2697 2788 2787
2668 2 1 1 2697 2698 2789 2788
2669 2 1 1 2698 2699 2790 2789
2670 2 1 1 2699 2700 2791 2790
2671 2 1 1 2700 2701 2792 2791
2672 2 1 1 2701 2702 2793 2792
2673 2 1 1 2702 2703 2794 2793
2674 2 1 1 2703 2704 2795 2794
2675 2 1 1 2704 2705 2796 2795
2676 2 1 1 2705 2706 2797 2796
2677 2 1 1 2706 2707 2798 2797
2678 2 1 1 2707 2708 2799 2798
2679 2 1 1 2708 2709 2800 2799
2680 2 1 1 2709 2710 2801 2800
2681 2 1 1 2710 2711 2802 2801
2682 2 1 1 2711 2712 2803 2802
2683 2 1 1 2712 2713 2804 2803
2684 2 1 1 2713 2714 2805 2804
2685 2 1 1 2714 2715 2806 2805
2686 2 1 1 2715 2716 2807 2806
2687 2 1 1 2716 2717 2808 2807
2688 2 1 1 2717 2718 2809 2808
2689 2 1 1 2718 2719 2810 2809
2690 2 1 1 2719 2720 2811 2810
2691 2 1 1 2720 2721 2812 2811
2692 2 1 1 2721 2722 2813 2812
2693 2 1 1 2722 2723 2814 2813
2694 2 1 1 2723 2724 2815 2814
2695 2 1 1 2724 2725 2816 2815
2696 2 1 1 2725 2726 2817 2816
2697 2 1 1 2726 2727 2818 2817
2698 2 1 1 2727 2728 2819 2818
2699 2 1 1 2728 2729 2820 2819
2700 2 1 1 2729 2730 2821 2820
2701 2 1 1 2731 2732 2823 2822
2702 2 1 1 2732 2733 2824 2823
2703 2 1 1 2733 2734 2825 2824
2704 2 1 1 2734 2735 2826 2825
2705 2 1 1 2735 2736 2827 2826
2706 2 1 1 2736 2737 2828 2827
2707 2 1 1 2737 2738 2829 2828
2708 2 1 1 2738 2739 2830 2829
2709 2 1 1 2739 2740 2831 2830
2710 2 1 1 2740 2741 2832 2831
2711 2 1 1 2741 2742 2833 2832
2712 2 1 1 2742 2743 2834 2833
2713 2 1 1 2743 2744 2835 2834
2714 2 1 1 2744 2745 2836 2835
2715 2 1 1 2745 2746 2837 2836
2716 2 1 1 2746 2747 2838 2837
2717 2 1 1 2747 2748 2839 2838
2718 2 1 1 2748 2749 2840 2839
2719 2 1 1 2749 2750 2841 2840
2720 2 1 1 2750 2751 2842 2841
2721 2 1 1 2751 2752 2843 2842
2722 2 1 1 2752 2753 2844 2843
2723 2 1 1 2753 2754 2845 2844
2724 2 1 1 2754 2755 2846 2845
2725 2 1 1 2755 2756 2847 2846
2726 2 1 1 2756 2757 2848 2847
2727 2 1 1 2757 2758 2849 2848
2728 2 1 1 2758 2759 2850 2849
2729 2 1 1 2759 2760 2851 2850
2730 2 1 1 2760 2761 2852 2851
2731 2 1 1 2761 2762 2853 2852
2732 2 1 1 2762 2763 2854 2853
2733 2 1 1 2763 2764 2855 2854
2734 2 1 1 2764 2765 2856 2855
2735 2 1 1 2765 2766 2857 2856
2736 2 1 1 2766 2767 2858 2857
2737 2 1 1 2767 2768 2859 2858
2738 2 1 1 2768 2769 2860 2859
2739 2 1 1 2769 2770 2861 2860
2740 2 1 1 2770 2771 2862 2861
2741 2 1 1 2771 2772 2863 2862
2742 2 1 1 2772 2773 2864 2863
2743 2 1 1 2773 2774 2865 2864
2744 2 1 1 2774 2775 2866 2865
2745 2 1 1 2775 2776 2867 2866
2746 2 1 1 2776 2777 2868 2867
2747 2 1 1 2777 2778 2869 2868
2748 2 1 1 2778 2779 2870 2869
2749 2 1 1 2779 2780 2871 2870
2750 2 1 1 2780 2781 2872 2871
2751 2 1 1 2781 2782 2873 2872
2752 2 1 1 2782 2783 2874 2873
2753 2 1 1 2783 2784 2875 2874
2754 2 1 1 2784 2785 2876 2875
2755 2 1 1 2785 2786 2877 2876
2756 2 1 1 2786 2787 2878 2877
2757 2 1 1 2787 2788 2879 2878
2758 2 1 1 2788 2789 2880 2879
2759 2 1 1 2789 2790 2881 2880
2760 2 1 1 2790 2791 2882 2881
2761 2 1 1 2791 2792 2883 2882
2762 2 1 1 2792 2793 2884 2883
2763 2 1 1 2793 2794 2885 2884
2764 2 1 1 2794 2795 2886 2885
2765 2 1 1 2795 2796 2887 2886
2766 2 1 1 2796 2797 2888 2887
2767 2 1 1 2797 2798 2889 2888
2768 2 1 1 2798 2799 2890 2889
2769 2 1 1 2799 2800 2891 2890
2770 2 1 1 2800 2801 2892 2891
2771 2 1 1 2801 2802 2893 2892
2772 2 1 1 2802 2803 2894 2893
2773 2 1 1 2803 2804 2895 2894
2774 2 1 1 2804 2805 2896 2895
2775 2 1 1 2805 2806 2897 2896
2776 2 1 1 2806 2807 2898 2897
2777 2 1 1 2807 2808 2899 2898
2778 2 1 1 2808 2809 2900 2899
2779 2 1 1 2809 2810 2901 2900
2780 2 1 1 2810 2811 2902 2901
2781 2 1 1 2811 2812 2903 2902
2782 2 1 1 2812 2813 2904 2903
2783 2 1 1 2813 2814 2905 2904
2784 2 1 1 2814 2815 2906 2905
2785 2 1 1 2815 2816 2907 2906
2786 2 1 1 2816 2817 2908 2907
2787 2 1 1 2817 2818 2909 2908
2788 2 1 1 2818 2819 2910 2909
2789 2 1 1 2819 2820 2911 2910
2790 2 1 1 2820 2821 2912 2911
2791 2 1 1 2822 2823 2914 2913
2792 2 1 1 2823 2824 2915 2914
2793 2 1 1 2824 2825 2916 2915
2794 2 1 1 2825 2826 2917 2916
2795 2 1 1 2826 2827 2918 2917
2796 2 1 1 2827 2828 2919 2918
2797 2 1 1 2828 2829 2920 2919
2798 2 1 1 2829 2830 2921 2920
2799 2 1 1 2830 2831 2922 2921
2800 2 1 1 2831 2832 2923 2922
2801 2 1 1 2832 2833 2924 2923
2802 2 1 1 2833 2834 2925 2924
2803 2 1 1 2834 2835 2926 2925
2804 2 1 1 2835 2836 2927 2926
2805 2 1 1 2836 2837 2928 2927
2806 2 1 1 2837 2838 2929 2928
2807 2 1 1 2838 2839 2930 2929
2808 2 1 1 2839 2840 2931 2930
2809 2 1 1 2840 2841 2932 2931
2810 2 1 1 2841 2842 2933 2932
2811 2 1 1 2842 2843 2934 2933
2812 2 1 1 2843 2844 2935 2934
2813 2 1 1 2844 2845 2936 2935
2814 2 1 1 2845 2846 2937 2936
2815 2 1 1 2846 2847 2938 2937
2816 2 1 1 2847 2848 2939 2938
2817 2 1 1 2848 2849 2940 2939
2818 2 1 1 2849 2850 2941 2940
2819 2 1 1 2850 2851 2942 2941
2820 2 1 1 2851 2852 2943 2942
2821 2 1 1 2852 2853 2944 2943
2822 2 1 1 2853 2854 2945 2944
2823 2 1 1 2854 2855 2946 2945
2824 2 1 1 2855 2856 2947 2946
2825 2 1 1 2856 2857 2948 2947
2826 2 1 1 2857 2858 2949 2948
2827 2 1 1 2858 2859 2950 2949
2828 2 1 1 2859 2860 2951 2950
2829 2 1 1 2860 2861 2952 2951
2830 2 1 1 2861 2862 2953 2952
2831 2 1 1 2862 2863 2954 2953
2832 2 1 1 2863 2864 2955 2954
2833 2 1 1 2864 2865 2956 2955
2834 2 1 1 2865 2866 2957 2956
2835 2 1 1 2866 2867 2958 2957
2836 2 1 1 2867 2868 2959 2958
2837 2 1 1 2868 2869 2960 2959
2838 2 1 1 2869 2870 2961 2960
2839 2 1 1 2870 2871 2962 2961
2840 2 1 1 2871 2872 2963 2962
2841 2 1 1 2872 2873 2964 2963
2842 2 1 1 2873 2874 2965 2964
2843 2 1 1 2874 2875 2966 2965
2844 2 1 1 2875 2876 2967 2966
2845 2 1 1 2876 2877 2968 2967
2846 2 1 1 2877 2878 2969 2968
2847 2 1 1 2878 2879 2970 2969
2848 2 1 1 2879 2880 2971 2970
2849 2 1 1 2880 2881 2972 2971
2850 2 1 1 2881 2882 2973 2972
2851 2 1 1 2882 2883 2974 2973
2852 2 1 1 2883 2884 2975 2974
2853 2 1 1 2884 2885 2976 2975
2854 2 1 1 2885 2886 2977 2976
2855 2 1 1 2886 2887 2978 2977
2856 2 1 1 2887 2888 2979 2978
2857 2 1 1 2888 2889 2980 2979
2858 2 1 1 2889 2890 2981 2980
2859 2 1 1 2890 2891 2982 2981
2860 2 1 1 2891 2892 2983 2982
2861 2 1 1 2892 2893 2984 2983
2862 2 1 1 2893 2894 2985 2984
2863 2 1 1 2894 2895 2986 2985
2864 2 1 1 2895 2896 2987 2986
2865 2 1 1 2896 2897 2988 2987
2866 2 1 1 2897 2898 2989 2988
2867 2 1 1 2898 2899 2990 2989
2868 2 1 1 2899 2900 2991 2990
2869 2 1 1 2900 2901 2992 2991
2870 2 1 1 2901 2902 2993 2992
2871 2 1 1 2902 2903 2994 2993
2872 2 1 1 2903 2904 2995 2994
2873 2 1 1 2904 2905 2996 2995
2874 2 1 1 2905 2906 2997 2996
2875 2 1 1 2906 2907 2998 2997
2876 2 1 1 2907 2908 2999 2998
2877 2 1 1 2908 2909 3000 2999
2878 2 1 1 2909 2910 3001 3000
2879 2 1 1 2910 2911 3002 3001
2880 2 1 1 2911 2912 3003 3002
2881 2 1 1 2913 2914 3005 3004
2882 2 1 1 2914 2915 3006 3005
2883 2 1 1 2915 2916 3007 3006
2884 2 1 1 2916 2917 3008 3007
2885 2 1 1 2917 2918 3009 3008
2886 2 1 1 2918 2919 3010 3009
2887 2 1 1 2919 2920 3011 3010
2888 2 1 1 2920 2921 3012 3011
2889 2 1 1 2921 2922 3013 3012
2890 2 1 1 2922 2923 3014 3013
2891 2 1 1 2923 2924 3015 3014
2892 2 1 1 2924 2925 3016 3015
2893 2 1 1 2925 2926 3017 3016
2894 2 1 1 2926 2927 3018 3017
2895 2 1 1 2927 2928 3019 3018
2896 2 1 1 2928 2929 3020 3019
2897 2 1 1 2929 2930 3021 3020
2898 2 1 1 2930 2931 3022 3021
2899 2 1 1 2931 2932 3023 3022
2900 2 1 1 2932 2933 3024 3023
2901 2 1 1 2933 2934 3025 3024
2902 2 1 1 2934 2935 3026 3025
2903 2 1 1 2935 2936 3027 3026
2904 2 1 1 2936 2937 3028 3027
2905 2 1 1 2937 2938 3029 3028
2906 2 1 1 2938 2939 3030 3029
2907 2 1 1 2939 2940 3031 3030
2908 2 1 1 2940 2941 3032 3031
2909 2 1 1 2941 2942 3033 3032
2910 2 1 1 2942 2943 3034 3033
2911 2 1 1 2943 2944 3035 3034
2912 2 1 1 2944 2945 3036 3035
2913 2 1 1 2945 2946 3037 3036
2914 2 1 1 2946 2947 3038 3037
2915 2 1 1 2947 2948 3039 3038
2916 2 1 1 2948 2949 3040 3039
2917 2 1 1 2949 2950 3041 3040
2918 2 1 1 2950 2951 3042 3041
2919 2 1 1 2951 2952 3043 3042
2920 2 1 1 2952 2953 3044 3043
2921 2 1 1 2953 2954 3045 3044
2922 2 1 1 2954 2955 3046 3045
2923 2 1 1 2955 2956 3047 3046
2924 2 1 1 2956 2957 3048 3047
2925 2 1 1 2957 2958 3049 3048
2926 2 1 1 2958 2959 3050 3049
2927 2 1 1 2959 2960 3051 3050
2928 2 1 1 2960 2961 3052 3051
2929 2 1 1 2961 2962 3053 3052
2930 2 1 1 2962 2963 3054 3053
2931 2 1 1 2963 2964 3055 3054
2932 2 1 1 2964 2965 3056 3055
2933 2 1 1 2965 2966 3057 3056
2934 2 1 1 2966 2967 3058 3057
2935 2 1 1 2967 2968 3059 3058
2936 2 1 1 2968 2969 3060 3059
2937 2 1 1 2969 2970 3061 3060
2938 2 1 1 2970 2971 3062 3061
2939 2 1 1 2971 2972 3063 3062
2940 2 1 1 2972 2973 3064 3063
2941 2 1 1 2973 2974 3065 3064
2942 2 1 1 2974 2975 3066 3065
2943 2 1 1 2975 2976 3067 3066
2944 2 1 1 2976 2977 3068 3067
2945 2 1 1 2977 2978 3069 3068
2946 2 1 1 2978 2979 3070 3069
2947 2 1 1 2979 2980 3071 3070
2948 2 1 1 2980 2981 3072 3071
2949 2 1 1 2981 2982 3073 3072
2950 2 1 1 2982 2983 3074 3073
2951 2 1 1 2983 2984 3075 3074
2952 2 1 1 2984 2985 3076 3075
2953 2 1 1 2985 2986 3077 3076
2954 2 1 1 2986 2987 3078 3077
2955 2 1 1 2987 2988 3079 3078
2956 2 1 1 2988 2989 3080 3079
2957 2 1 1 2989 2990 3081 3080
2958 2 1 1 2990 2991 3082 3081
2959 2 1 1 2991 2992 3083 3082
2960 2 1 1 2992 2993 3084 3083
2961 2 1 1 2993 2994 3085 3084
2962 2 1 1 2994 2995 3086 3085
2963 2 1 1 2995 2996 3087 3086
2964 2 1 1 2996 2997 3088 3087
2965 2 1 1 2997 2998 3089 3088
2966 2 1 1 2998 2999 3090 3089
2967 2 1 1 2999 3000 3091 3090
2968 2 1 1 3000 3001 3092 3091
2969 2 1 1 3001 3002 3093 3092
2970 2 1 1 3002 3003 3094 3093
2971 2 1 1 3004 3005 3096 3095
2972 2 1 1 3005 3006 3097 3096
2973 2 1 1 3006 3007 3098 3097
2974 2 1 1 3007 3008 3099 3098
2975 2 1 1 3008 3009 3100 3099
2976 2 1 1 3009 3010 3101 3100
2977 2 1 1 3010 3011 3102 3101
2978 2 1 1 3011 3012 3103 3102
2979 2 1 1 3012 3013 3104 3103
2980 2 1 1 3013 3014 3105 3104
2981 2 1 1 3014 3015 3106 3105
2982 2 1 1 3015 3016 3107 3106
2983 2 1 1 3016 3017 3108 3107
2984 2 1 1 3017 3018 3109 3108
2985 2 1 1 3018 3019 3110 3109
2986 2 1 1 3019 3020 3111 3110
2987 2 1 1 3020 3021 3112 3111
2988 2 1 1 3021 3022 3113 3112
2989 2 1 1 3022 3023 3114 3113
2990 2 1 1 3023 3024 3115 3114
2991 2 1 1 3024 3025 3116 3115
2992 2 1 1 3025 3026 3117 3116
2993 2 1 1 3026 3027 3118 3117
2994 2 1 1 3027 3028 3119 3118
2995 2 1 1 3028 3029 3120 3119
2996 2 1 1 3029 3030 3121 3120
2997 2 1 1 3030 3031 3122 3121
2998 2 1 1 3031 3032 3123 3122
2999 2 1 1 3032 3033 3124 3123
3000 2 1 1 3033 3034 3125 3124
3001 2 1 1 3034 3035 3126 3125
3002 2 1 1 3035 3036 3127 3126
3003 2 1 1 3036 3037 3128 3127
3004 2 1 1 3037 3038 3129 3128
3005 2 1 1 3038 3039 3130 3129
3006 2 1 1 3039 3040 3131 3130
3007 2 1 1 3040 3041 3132 3131
3008 2 1 1 3041 3042 3133 3132
3009 2 1 1 3042 3043 3134 3133
3010 2 1 1 3043 3044 3135 3134
3011 2 1 1 3044 3045 3136 3135
3012 2 1 1 3045 3046 3137 3136
3013 2 1 1 3046 3047 3138 3137
3014 2 1 1 3047 3048 3139 3138
3015 2 1 1 3048 3049 3140 3139
3016 2 1 1 3049 3050 3141 3140
3017 2 1 1 3050 3051 3142 3141
3018 2 1 1 3051 3052 3143 3142
3019 2 1 1 3052 3053 3144 3143
3020 2 1 1 3053 3054 3145 3144
3021 2 1 1 3054 3055 3146 3145
3022 2 1 1 3055 3056 3147 3146
3023 2 1 1 3056 3057 3148 3147
3024 2 1 1 3057 3058 3149 3148
3025 2 1 1 3058 3059 3150 3149
3026 2 1 1 3059 3060 3151 3150
3027 2 1 1 3060 3061 3152 3151
3028 2 1 1 3061 3062 3153 3152
3029 2 1 1 3062 3063 3154 3153
3030 2 1 1 3063 3064 3155 3154
3031 2 1 1 3064 3065 3156 3155
3032 2 1 1 3065 3066 3157 3156
3033 2 1 1 3066 3067 3158 3157
3034 2 1 1 3067 3068 3159 3158
3035 2 1 1 3068 3069 3160 3159
3036 2 1 1 3069 3070 3161 3160
3037 2 1 1 3070 3071 3162 3161
3038 2 1 1 3071 3072 3163 3162
3039 2 1 1 3072 3073 3164 3163
3040 2 1 1 3073 3074 3165 3164
3041 2 1 1 3074 3075 3166 3165
3042 2 1 1 3075 3076 3167 3166
3043 2 1 1 3076 3077 3168 3167
3044 2 1 1 3077 3078 3169 3168
3045 2 1 1 3078 3079 3170 3169
3046 2 1 1 3079 3080 3171 3170
3047 2 1 1 3080 3081 3172 3171
3048 2 1 1 3081 3082 3173 3172
3049 2 1 1 3082 3083 3174 3173
3050 2 1 1 3083 3084 3175 3174
3051 2 1 1 3084 3085 3176 3175
3052 2 1 1 3085 3086 3177 3176
3053 2 1 1 3086 3087 3178 3177
3054 2 1 1 3087 3088 3179 3178
3055 2 1 1 3088 3089 3180 3179
3056 2 1 1 3089 3090 3181 3180
3057 2 1 1 3090 3091 3182 3181
3058 2 1 1 3091 3092 3183 3182
3059 2 1 1 3092 3093 3184 3183
3060 2 1 1 3093 3094 3185 3184
3061 2 1 1 3095 3096 3187 3186
3062 2 1 1 3096 3097 3188 3187
3063 2 1 1 3097 3098 3189 3188
3064 2 1 1 3098 3099 3190 3189
3065 2 1 1 3099 3100 3191 3190
3066 2 1 1 3100 3101 3192 3191
3067 2 1 1 3101 3102 3193 3192
3068 2 1 1 3102 3103 3194 3193
3069 2 1 1 3103 3104 3195 3194
3070 2 1 1 3104 3105 3196 3195
3071 2 1 1 3105 3106 3197 3196
3072 2 1 1 3106 3107 3198 3197
3073 2 1 1 3107 3108 3199 3198
3074 2 1 1 3108 3109 3200 3199
3075 2 1 1 3109 3110 3201 3200
3076 2 1 1 3110 3111 3202 3201
3077 2 1 1 3111 3112 3203 3202
3078 2 1 1 3112 3113 3204 3203
3079 2 1 1 3113 3114 3205 3204
3080 2 1 1 3114 3115 3206 3205
3081 2 1 1 3115 3116 3207 3206
3082 2 1 1 3116 3117 3208 3207
3083 2 1 1 3117 3118 3209 3208
3084 2 1 1 3118 3119 3210 3209
3085 2 1 1 3119 3120 3211 3210
3086 2 1 1 3120 3121 3212 3211
3087 2 1 1 3121 3122 3213 3212
3088 2 1 1 3122 3123 3214 3213
3089 2 1 1 3123 3124 3215 3214
3090 2 1 1 3124 3125 3216 3215
3091 2 1 1 3125 3126 3217 3216
3092 2 1 1 3126 3127 3218 3217
3093 2 1 1 3127 3128 3219 3218
3094 2 1 1 3128 3129 3220 3219
3095 2 1 1 3129 3130 3221 3220
3096 2 1 1 3130 3131 3222 3221
3097 2 1 1 3131 3132 3223 3222
3098 2 1 1 3132 3133 3224 3223
3099 2 1 1 3133 3134 3225 3224
3100 2 1 1 3134 3135 3226 3225
3101 2 1 1 3135 3136 3227 3226
3102 2 1 1 3136 3137 3228 3227
3103 2 1 1 3137 3138 3229 3228
3104 2 1 1 3138 3139 3230 3229
3105 2 1 1 3139 3140 3231 3230
3106 2 1 1 3140 3141 3232 3231
3107 2 1 1 3141 3142 3233 3232
3108 2 1 1 3142 3143 3234 3233
3109 2 1 1 3143 3144 3235 3234
3110 2 1 1 3144 3145 3236 3235
3111 2 1 1 3145 3146 3237 3236
3112 2 1 1 3146 3147 3238 3237
3113 2 1 1 3147 3148 3239 3238
3114 2 1 1 3148 3149 3240 3239
3115 2 1 1 3149 3150 3241 3240
3116 2 1 1 3150 3151 3242 3241
3117 2 1 1 3151 3152 3243 3242
3118 2 1 1 3152 3153 3244 3243
3119 2 1 1 3153 3154 3245 3244
3120 2 1 1 3154 3155 3246 3245
3121 2 1 1 3155 3156 3247 3246
3122 2 1 1 3156 3157 3248 3247
3123 2 1 1 3157 3158 3249 3248
3124 2 1 1 3158 3159 3250 3249
3125 2 1 1 3159 3160 3251 3250
3126 2 1 1 3160 3161 3252 3251
3127 2 1 1 3161 3162 3253 3252
3128 2 1 1 3162 3163 3254 3253
3129 2 1 1 3163 3164 3255 3254
3130 2 1 1 3164 3165 3256 3255
3131 2 1 1 3165 3166 3257 3256
3132 2 1 1 3166 3167 3258 3257
3133 2 1 1 3167 3168 3259 3258
3134 2 1 1 3168 3169 3260 3259
3135 2 1 1 3169 3170 3261 3260
3136 2 1 1 3170 3171 3262 3261
3137 2 1 1 3171 3172 3263 3262
3138 2 1 1 3172 3173 3264 3263
3139 2 1 1 3173 3174 3265 3264
3140 2 1 1 3174 3175 3266 3265
3141 2 1 1 3175 3176 3267 3266
3142 2 1 1 3176 3177 3268 3267
3143 2 1 1 3177 3178 3269 3268
3144 2 1 1 3178 3179 3270 3269
3145 2 1 1 3179 3180 3271 3270
3146 2 1 1 3180 3181 3272 3271
3147 2 1 1 3181 3182 3273 3272
3148 2 1 1 3182 3183 3274 3273
3149 2 1 1 3183 3184 3275 3274
3150 2 1 1 3184 3185 3276 3275
3151 2 1 1 3186 3187 3278 3277
3152 2 1 1 3187 3188 3279 3278
3153 2 1 1 3188 3189 3280 3279
3154 2 1 1 3189 3190 3281 3280
3155 2 1 1 3190 3191 3282 3281
3156 2 1 1 3191 3192 3283 3282
3157 2 1 1 3192 3193 3284 3283
3158 2 1 1 3193 3194 3285 3284
3159 2 1 1 3194 3195 3286 3285
3160 2 1 1 3195 3196 3287 3286
3161 2 1 1 3196 3197 3288 3287
3162 2 1 1 3197 3198 3289 3288
3163 2 1 1 3198 3199 3290 3289
3164 2 1 1 3199 3200 3291 3290
3165 2 1 1 3200 3201 3292 3291
3166 2 1 1 3201 3202 3293 3292
3167 2 1 1 3202 3203 3294 3293
3168 2 1 1 3203 3204 3295 3294
3169 2 1 1 3204 3205 3296 3295
3170 2 1 1 3205 3206 3297 3296
3171 2 1 1 3206 3207 3298 3297
3172 2 1 1 3207 3208 3299 3298
3173 2 1 1 3208 3209 3300 3299
3174 2 1 1 3209 3210 3301 3300
3175 2 1 1 3210 3211 3302 3301
3176 2 1 1 3211 3212 3303 3302
3177 2 1 1 3212 3213 3304 3303
3178 2 1 1 3213 3214 3305 3304
3179 2 1 1 3214 3215 3306 3305
3180 2 1 1 3215 3216 3307 3306
3181 2 1 1 3216 3217 3308 3307
3182 2 1 1 3217 3218 3309 3308
3183 2 1 1 3218 3219 3310 3309
3184 2 1 1 3219 3220 3311 3310
3185 2 1 1 3220 3221 3312 3311
3186 2 1 1 3221 3222 3313 3312
3187 2 1 1 3222 3223 3314 3313
3188 2 1 1 3223 3224 3315 3314
3189 2 1 1 3224 3225 3316 3315
3190 2 1 1 3225 3226 3317 3316
3191 2 1 1 3226 3227 3318 3317
3192 2 1 1 3227 3228 3319 3318
3193 2 1 1 3228 3229 3320 3319
3194 2 1 1 3229 3230 3321 3320
3195 2 1 1 3230 3231 3322 3321
3196 2 1 1 3231 3232 3323 3322
3197 2 1 1 3232 3233 3324 3323
3198 2 1 1 3233 3234 3325 3324
3199 2 1 1 3234 3235 3326 3325
3200 2 1 1 3235 3236 3327 3326
3201 2 1 1 3236 3237 3328 3327
3202 2 1 1 3237 3238 3329 3328
3203 2 1 1 3238 3239 3330 3329
3204 2 1 1 3239 3240 3331 3330
3205 2 1 1 3240 3241 3332 3331
3206 2 1 1 3241 3242 3333 3332
3207 2 1 1 3242 3243 3334 3333
3208 2 1 1 3243 3244 3335 3334
3209 2 1 1 3244 3245 3336 3335
3210 2 1 1 3245 3246 3337 3336
3211 2 1 1 3246 3247 3338 3337
3212 2 1 1 3247 3248 3339 3338
3213 2 1 1 3248 3249 3340 3339
3214 2 1 1 3249 3250 3341 3340
3215 2 1 1 3250 3251 3342 3341
3216 2 1 1 3251 3252 3343 3342
3217 2 1 1 3252 3253 3344 3343
3218 2 1 1 3253 3254 3345 3344
3219 2 1 1 3254 3255 3346 3345
3220 2 1 1 3255 3256 3347 3346
3221 2 1 1 3256 3257 3348 3347
3222 2 1 1 3257 3258 3349 3348
3223 2 1 1 3258 3259 3350 3349
3224 2 1 1 3259 3260 3351 3350
3225 2 1 1 3260 3261 3352 3351
3226 2 1 1 3261 3262 3353 3352
3227 2 1 1 3262 3263 3354 3353
3228 2 1 1 3263 3264 3355 3354
3229 2 1 1 3264 3265 3356 3355
3230 2 1 1 3265 3266 3357 3356
3231 2 1 1 3266 3267 3358 3357
3232 2 1 1 3267 3268 3359 3358
3233 2 1 1 3268 3269 3360 3359
3234 2 1 1 3269 3270 3361 3360
3235 2 1 1 3270 3271 3362 3361
3236 2 1 1 3271 3272 3363 3362
3237 2 1 1 3272 3273 3364 3363
3238 2 1 1 3273 3274 3365 3364
3239 2 1 1 3274 3275 3366 3365
3240 2 1 1 3275 3276 3367 3366
3241 2 1 1 3277 3278 3369 3368
3242 2 1 1 3278 3279 3370 3369
3243 2 1 1 3279 3280 3371 3370
3244 2 1 1 3280 3281 3372 3371
3245 2 1 1 3281 3282 3373 3372
3246 2 1 1 3282 3283 3374 3373
3247 2 1 1 3283 3284 3375 3374
3248 2 1 1 3284 3285 3376 3375
3249 2 1 1 3285 3286 3377 3376
3250 2 1 1 3286 3287 3378 3377
3251 2 1 1 3287 3288 3379 3378
3252 2 1 1 3288 3289 3380 3379
3253 2 1 1 3289 3290 3381 3380
3254 2 1 1 3290 3291 3382 3381
3255 2 1 1 3291 3292 3383 3382
3256 2 1 1 3292 3293 3384 3383
3257 2 1 1 3293 3294 3385 3384
3258 2 1 1 3294 3295 3386 3385
3259 2 1 1 3295 3296 3387 3386
3260 2 1 1 3296 3297 3388 3387
3261 2 1 1 3297 3298 3389 3388
3262 2 1 1 3298 3299 3390 3389
3263 2 1 1 3299 3300 3391 3390
3264 2 1 1 3300 3301 3392 3391
3265 2 1 1 3301 3302 3393 3392
3266 2 1 1 3302 3303 3394 3393
3267 2 1 1 3303 3304 3395 3394
3268 2 1 1 3304 3305 3396 3395
3269 2 1 1 3305 3306 3397 3396
3270 2 1 1 3306 3307 3398 3397
3271 2 1 1 3307 3308 3399 3398
3272 2 1 1 3308 3309 3400 3399
3273 2 1 1 3309 3310 3401 3400
3274 2 1 1 3310 3311 3402 3401
3275 2 1 1 3311 3312 3403 3402
3276 2 1 1 3312 3313 3404 3403
3277 2 1 1 3313 3314 3405 3404
3278 2 1 1 3314 3315 3406 3405
3279 2 1 1 3315 3316 3407 3406
3280 2 1 1 3316 3317 3408 3407
3281 2 1 1 3317 3318 3409 3408
3282 2 1 1 3318 3319 3410 3409
3283 2 1 1 3319 3320 3411 3410
3284 2 1 1 3320 3321 3412 3411
3285 2 1 1 3321 3322 3413 3412
3286 2 1 1 3322 3323 3414 3413
3287 2 1 1 3323 3324 3415 3414
3288 2 1 1 3324 3325 3416 3415
3289 2 1 1 3325 3326 3417 3416
3290 2 1 1 3326 3327 3418 3417
3291 2 1 1 3327 3328 3419 3418
3292 2 1 1 3328 3329 3420 3419
3293 2 1 1 3329 3330 3421 3420
3294 2 1 1 3330 3331 3422 3421
3295 2 1 1 3331 3332 3423 3422
3296 2 1 1 3332 3333 3424 3423
3297 2 1 1 3333 3334 3425 3424
3298 2 1 1 3334 3335 3426 3425
3299 2 1 1 3335 3336 3427 3426
3300 2 1 1 3336 3337 3428 3427
3301 2 1 1 3337 3338 3429 3428
3302 2 1 1 3338 3339 3430 3429
3303 2 1 1 3339 3340 3431 3430
3304 2 1 1 3340 3341 3432 3431
3305 2 1 1 3341 3342 3433 3432
3306 2 1 1 3342 3343 3434 3433
3307 2 1 1 3343 3344 3435 3434
3308 2 1 1 3344 3345 3436 3435
3309 2 1 1 3345 3346 3437 3436
3310 2 1 1 3346 3347 3438 3437
3311 2 1 1 3347 3348 3439 3438
3312 2 1 1 3348 3349 3440 3439
3313 2 1 1 3349 3350 3441 3440
3314 2 1 1 3350 3351 3442 3441
3315 2 1 1 3351 3352 3443 3442
3316 2 1 1 3352 3353 3444 3443
3317 2 1 1 3353 3354 3445 3444
3318 2 1 1 3354 3355 3446 3445
3319 2 1 1 3355 3356 3447 3446
3320 2 1 1 3356 3357 3448 3447
3321 2 1 1 3357 3358 3449 3448
3322 2 1 1 3358 3359 3450 3449
3323 2 1 1 3359 3360 3451 3450
3324 2 1 1 3360 3361 3452 3451
3325 2 1 1 3361 3362 3453 3452
3326 2 1 1 3362 3363 3454 3453
3327 2 1 1 3363 3364 3455 3454
3328 2 1 1 3364 3365 3456 3455
3329 2 1 1 3365 3366 3457 3456
3330 2 1 1 3366 3367 3458 3457
3331 2 1 1 3368 3369 3460 3459
3332 2 1 1 3369 3370 3461 3460
3333 2 1 1 3370 3371 3462 3461
3334 2 1 1 3371 3372 3463 3462
3335 2 1 1 3372 3373 3464 3463
3336 2 1 1 3373 3374 3465 3464
3337 2 1 1 3374 3375 3466 3465
3338 2 1 1 3375 3376 3467 3466
3339 2 1 1 3376 3377 3468 3467
3340 2 1 1 3377 3378 3469 3468
3341 2 1 1 3378 3379 3470 3469
3342 2 1 1 3379 3380 3471 3470
3343 2 1 1 3380 3381 3472 3471
3344 2 1 1 3381 3382 3473 3472
3345 2 1 1 3382 3383 3474 3473
3346 2 1 1 3383 3384 3475 3474
3347 2 1 1 3384 3385 3476 3475
3348 2 1 1 3385 3386 3477 3476
3349 2 1 1 3386 3387 3478 3477
3350 2 1 1 3387 3388 3479 3478
3351 2 1 1 3388 3389 3480 3479
3352 2 1 1 3389 3390 3481 3480
3353 2 1 1 3390 3391 3482 3481
3354 2 1 1 3391 3392 3483 3482
3355 2 1 1 3392 3393 3484 3483
3356 2 1 1 3393 3394 3485 3484
3357 2 1 1 3394 3395 3486 3485
3358 2 1 1 3395 3396 3487 3486
3359 2 1 1 3396 3397 3488 3487
3360 2 1 1 3397 3398 3489 3488
3361 2 1 1 3398 3399 3490 3489
3362 2 1 1 3399 3400 3491 3490
3363 2 1 1 3400 3401 3492 3491
3364 2 1 1 3401 3402 3493 3492
3365 2 1 1 3402 3403 3494 3493
3366 2 1 1 3403 3404 3495 3494
3367 2 1 1 3404 3405 3496 3495
3368 2 1 1 3405 3406 3497 3496
3369 2 1 1 3406 3407 3498 3497
3370 2 1 1 3407 3408 3499 3498
3371 2 1 1 3408 3409 3500 3499
3372 2 1 1 3409 3410 3501 3500
3373 2 1 1 3410 3411 3502 3501
3374 2 1 1 3411 3412 3503 3502
3375 2 1 1 3412 3413 3504 3503
3376 2 1 1 3413 3414 3505 3504
3377 2 1 1 3414 3415 3506 3505
3378 2 1 1 3415 3416 3507 3506
3379 2 1 1 3416 3417 3508 3507
3380 2 1 1 3417 3418 3509 3508
3381 2 1 1 3418 3419 3510 3509
3382 2 1 1 3419 3420 3511 3510
3383 2 1 1 3420 3421 3512 3511
3384 2 1 1 3421 3422 3513 3512
3385 2 1 1 3422 3423 3514 3513
3386 2 1 1 3423 3424 3515 3514
3387 2 1 1 3424 3425 3516 3515
3388 2 1 1 3425 3426 3517 3516
3389 2 1 1 3426 3427 3518 3517
3390 2 1 1 3427 3428 3519 3518
3391 2 1 1 3428 3429 3520 3519
3392 2 1 1 3429 3430 3521 3520
3393 2 1 1 3430 3431 3522 3521
3394 2 1 1 3431 3432 3523 3522
3395 2 1 1 3432 3433 3524 3523
3396 2 1 1 3433 3434 3525 3524
3397 2 1 1 3434 3435 3526 3525
3398 2 1 1 3435 3436 3527 3526
3399 2 1 1 3436 3437 3528 3527
3400 2 1 1 3437 3438 3529 3528
3401 2 1 1 3438 3439 3530 3529
3402 2 1 1 3439 3440 3531 3530
3403 2 1 1 3440 3441 3532 3531
3404 2 1 1 3441 3442 3533 3532
3405 2 1 1 3442 3443 3534 3533
3406 2 1 1 3443 3444 3535 3534
3407 2 1 1 3444 3445 3536 3535
3408 2 1 1 3445 3446 3537 3536
3409 2 1 1 3446 3447 3538 3537
3410 2 1 1 3447 3448 3539 3538
3411 2 1 1 3448 3449 3540 3539
3412 2 1 1 3449 3450 3541 3540
3413 2 1 1 3450 3451 3542 3541
3414 2 1 1 3451 3452 3543 3542
3415 2 1 1 3452 3453 3544 3543
3416 2 1 1 3453 3454 3545 3544
3417 2 1 1 3454 3455 3546 3545
3418 2 1 1 3455 3456 3547 3546
3419 2 1 1 3456 3457 3548 3547
3420 2 1 1 3457 3458 3549 3548
3421 2 1 1 3459 3460 3551 3550
3422 2 1 1 3460 3461 3552 3551
3423 2 1 1 3461 3462 3553 3552
3424 2 1 1 3462 3463 3554 3553
3425 2 1 1 3463 3464 3555 3554
3426 2 1 1 3464 3465 3556 3555
3427 2 1 1 3465 3466 3557 3556
3428 2 1 1 3466 3467 3558 3557
3429 2 1 1 3467 3468 3559 3558
3430 2 1 1 3468 3469 3560 3559
3431 2 1 1 3469 3470 3561 3560
3432 2 1 1 3470 3471 3562 3561
3433 2 1 1 3471 3472 3563 3562
3434 2 1 1 3472 3473 3564 3563
3435 2 1 1 3473 3474 3565 3564
3436 2 1 1 3474 3475 3566 3565
3437 2 1 1 3475 3476 3567 3566
3438 2 1 1 3476 3477 3568 3567
3439 2 1 1 3477 3478 3569 3568
3440 2 1 1 3478 3479 3570 3569
3441 2 1 1 3479 3480 3571 3570
3442 2 1 1 3480 3481 3572 3571
3443 2 1 1 3481 3482 3573 3572
3444 2 1 1 3482 3483 3574 3573
3445 2 1 1 3483 3484 3575 3574
3446 2 1 1 3484 3485 3576 3575
3447 2 1 1 3485 3486 3577 3576
3448 2 1 1 3486 3487 3578 3577
3449 2 1 1 3487 3488 3579 3578
3450 2 1 1 3488 3489 3580 3579
3451 2 1 1 3489 3490 3581 3580
3452 2 1 1 3490 3491 3582 3581
3453 2 1 1 3491 3492 3583 3582
3454 2 1 1 3492 3493 3584 3583
3455 2 1 1 3493 3494 3585 3584
3456 2 1 1 3494 3495 3586 3585
3457 2 1 1 3495 3496 3587 3586
3458 2 1 1 3496 3497 3588 3587
3459 2 1 1 3497 3498 3589 3588
3460 2 1 1 3498 3499 3590 3589
3461 2 1 1 3499 3500 3591 3590
3462 2 1 1 3500 3501 3592 3591
3463 2 1 1 3501 3502 3593 3592
3464 2 1 1 3502 3503 3594 3593
3465 2 1 1 3503 3504 3595 3594
3466 2 1 1 3504 3505 3596 3595
3467 2 1 1 3505 3506 3597 3596
3468 2 1 1 3506 3507 3598 3597
3469 2 1 1 3507 3508 3599 3598
3470 2 1 1 3508 3509 3600 3599
3471 2 1 1 3509 3510 3601 3600
3472 2 1 1 3510 3511 3602 3601
3473 2 1 1 3511 3512 3603 3602
3474 2 1 1 3512 3513 3604 3603
3475 2 1 1 3513 3514 3605 3604
3476 2 1 1 3514 3515 3606 3605
3477 2 1 1 3515 3516 3607 3606
3478 2 1 1 3516 3517 3608 3607
3479 2 1 1 3517 3518 3609 3608
3480 2 1 1 3518 3519 3610 3609
3481 2 1 1 3519 3520 3611 3610
3482 2 1 1 3520 3521 3612 3611
3483 2 1 1 3521 3522 3613 3612
3484 2 1 1 3522 3523 3614 3613
3485 2 1 1 3523 3524 3615 3614
3486 2 1 1 3524 3525 3616 3615
3487 2 1 1 3525 3526 3617 3616
3488 2 1 1 3526 3527 3618 3617
3489 2 1 1 3527 3528 3619 3618
3490 2 1 1 3528 3529 3620 3619
3491 2 1 1 3529 3530 3621 3620
3492 2 1 1 3530 3531 3622 3621
3493 2 1 1 3531 3532 3623 3622
3494 2 1 1 3532 3533 3624 3623
3495 2 1 1 3533 3534 3625 3624
3496 2 1 1 3534 3535 3626 3625
3497 2 1 1 3535 3536 3627 3626
3498 2 1 1 3536 3537 3628 3627
3499 2 1 1 3537 3538 3629 3628
3500 2 1 1 3538 3539 3630 3629
3501 2 1 1 3539 3540 3631 3630
3502 2 1 1 3540 3541 3632 3631
3503 2 1 1 3541 3542 3633 3632
3504 2 1 1 3542 3543 3634 3633
3505 2 1 1 3543 3544 3635 3634
3506 2 1 1 3544 3545 3636 3635
3507 2 1 1 3545 3546 3637 3636
3508 2 1 1 3546 3547 3638 3637
3509 2 1 1 3547 3548 3639 3638
3510 2 1 1 3548 3549 3640 3639
3511 2 1 1 3550 3551 3642 3641
3512 2 1 1 3551 3552 3643 3642
3513 2 1 1 3552 3553 3644 3643
3514 2 1 1 3553 3554 3645 3644
3515 2 1 1 3554 3555 3646 3645
3516 2 1 1 3555 3556 3647 3646
3517 2 1 1 3556 3557 3648 3647
3518 2 1 1 3557 3558 3649 3648
3519 2 1 1 3558 3559 3650 3649
3520 2 1 1 3559 3560 3651 3650
3521 2 1 1 3560 3561 3652 3651
3522 2 1 1 3561 3562 3653 3652
3523 2 1 1 3562 3563 3654 3653
3524 2 1 1 3563 3564 3655 3654
3525 2 1 1 3564 3565 3656 3655
3526 2 1 1 3565 3566 3657 3656
3527 2 1 1 3566 3567 3658 3657
3528 2 1 1 3567 3568 3659 3658
3529 2 1 1 3568 3569 3660 3659
3530 2 1 1 3569 3570 3661 3660
3531 2 1 1 3570 3571 3662 3661
3532 2 1 1 3571 3572 3663 3662
3533 2 1 1 3572 3573 3664 3663
3534 2 1 1 3573 3574 3665 3664
3535 2 1 1 3574 3575 3666 3665
3536 2 1 1 3575 3576 3667 3666
3537 2 1 1 3576 3577 3668 3667
3538 2 1 1 3577 3578 3669 3668
3539 2 1 1 3578 3579 3670 3669
3540 2 1 1 3579 3580 3671 3670
3541 2 1 1 3580 3581 3672 3671
3542 2 1 1 3581 3582 3673 3672
3543 2 1 1 3582 3583 3674 3673
3544 2 1 1 3583 3584 3675 3674
3545 2 1 1 3584 3585 3676 3675
3546 2 1 1 3585 3586 3677 3676
3547 2 1 1 3586 3587 3678 3677
3548 2 1 1 3587 3588 3679 3678
3549 2 1 1 3588 3589 3680 3679
3550 2 1 1 3589 3590 3681 3680
3551 2 1 1 3590 3591 3682 3681
3552 2 1 1 3591 3592 3683 3682
3553 2 1 1 3592 3593 3684 3683
3554 2 1 1 3593 3594 3685 3684
3555 2 1 1 3594 3595 3686 3685
3556 2 1 1 3595 3596 3687 3686
3557 2 1 1 3596 3597 3688 3687
3558 2 1 1 3597 3598 3689 3688
3559 2 1 1 3598 3599 3690 3689
3560 2 1 1 3599 3600 3691 3690
3561 2 1 1 3600 3601 3692 3691
3562 2 1 1 3601 3602 3693 3692
3563 2 1 1 3602 3603 3694 3693
3564 2 1 1 3603 3604 3695 3694
3565 2 1 1 3604 3605 3696 3695
3566 2 1 1 3605 3606 3697 3696
3567 2 1 1 3606 3607 3698 3697
3568 2 1 1 3607 3608 3699 3698
3569 2 1 1 3608 3609 3700 3699
3570 2 1 1 3609 3610 3701 3700
3571 2 1 1 3610 3611 3702 3701
3572 2 1 1 3611 3612 3703 3702
3573 2 1 1 3612 3613 3704 3703
3574 2 1 1 3613 3614 3705 3704
3575 2 1 1 3614 3615 3706 3705
3576 2 1 1 3615 3616 3707 3706
3577 2 1 1 3616 3617 3708 3707
3578 2 1 1 3617 3618 3709 3708
3579 2 1 1 3618 3619 3710 3709
3580 2 1 1 3619 3620 3711 3710
3581 2 1 1 3620 3621 3712 3711
3582 2 1 1 3621 3622 3713 3712
3583 2 1 1 3622 3623 3714 3713
3584 2 1 1 3623 3624 3715 3714
3585 2 1 1 3624 3625 3716 3715
3586 2 1 1 3625 3626 3717 3716
3587 2 1 1 3626 3627 3718 3717
3588 2 1 1 3627 3628 3719 3718
3589 2 1 1 3628 3629 3720 3719
3590 2 1 1 3629 3630 3721 3720
3591 2 1 1 3630 3631 3722 3721
3592 2 1 1 3631 3632 3723 3722
3593 2 1 1 3632 3633 3724 3723
3594 2 1 1 3633 3634 3725 3724
3595 2 1 1 3634 3635 3726 3725
3596 2 1 1 3635 3636 3727 3726
3597 2 1 1 3636 3637 3728 3727
3598 2 1 1 3637 3638 3729 3728
3599 2 1 1 3638 3639 3730 3729
3600 2 1 1 3639 3640 3731 3730
3601 2 1 1 3641 3642 3733 3732
3602 2 1 1 3642 3643 3734 3733
3603 2 1 1 3643 3644 3735 3734
3604 2 1 1 3644 3645 3736 3735
3605 2 1 1 3645 3646 3737 3736
3606 2 1 1 3646 3647 3738 3737
3607 2 1 1 3647 3648 3739 3738
3608 2 1 1 3648 3649 3740 3739
3609 2 1 1 3649 3650 3741 3740
3610 2 1 1 3650 3651 3742 3741
3611 2 1 1 3651 3652 3743 3742
3612 2 1 1 3652 3653 3744 3743
3613 2 1 1 3653 3654 3745 3744
3614 2 1 1 3654 3655 3746 3745
3615 2 1 1 3655 3656 3747 3746
3616 2 1 1 3656 3657 3748 3747
3617 2 1 1 3657 3658 3749 3748
3618 2 1 1 3658 3659 3750 3749
3619 2 1 1 3659 3660 3751 3750
3620 2 1 1 3660 3661 3752 3751
3621 2 1 1 3661 3662 3753 3752
3622 2 1 1 3662 3663 3754 3753
3623 2 1 1 3663 3664 3755 3754
3624 2 1 1 3664 3665 3756 3755
3625 2 1 1 3665 3666 3757 3756
3626 2 1 1 3666 3667 3758 3757
3627 2 1 1 3667 3668 3759 3758
3628 2 1 1 3668 3669 3760 3759
3629 2 1 1 3669 3670 3761 3760
3630 2 1 1 3670 3671 3762 3761
3631 2 1 1 3671 3672 3763 3762
3632 2 1 1 3672 3673 3764 3763
3633 2 1 1 3673 3674 3765 3764
3634 2 1 1 3674 3675 3766 3765
3635 2 1 1 3675 3676 3767 3766
3636 2 1 1 3676 3677 3768 3767
3637 2 1 1 3677 3678 3769 3768
3638 2 1 1 3678 3679 3770 3769
3639 2 1 1 3679 3680 3771 3770
3640 2 1 1 3680 3681 3772 3771
3641 2 1 1 3681 3682 3773 3772
3642 2 1 1 3682 3683 3774 3773
3643 2 1 1 3683 3684 3775 3774
3644 2 1 1 3684 3685 3776 3775
3645 2 1 1 3685 3686 3777 3776
3646 2 1 1 3686 3687 3778 3777
3647 2 1 1 3687 3688 3779 3778
3648 2 1 1 3688 3689 3780 3779
3649 2 1 1 3689 3690 3781 3780
3650 2 1 1 3690 3691 3782 3781
3651 2 1 1 3691 3692 3783 3782
3652 2 1 1 3692 3693 3784 3783
3653 2 1 1 3693 3694 3785 3784
3654 2 1 1 3694 3695 3786 3785
3655 2 1 1 3695 3696 3787 3786
3656 2 1 1 3696 3697 3788 3787
3657 2 1 1 3697 3698 3789 3788
3658 2 1 1 3698 3699 3790 3789
3659 2 1 1 3699 3700 3791 3790
3660 2 1 1 3700 3701 3792 3791
3661 2 1 1 3701 3702 3793 3792
3662 2 1 1 3702 3703 3794 3793
3663 2 1 1 3703 3704 3795 3794
3664 2 1 1 3704 3705 3796 3795
3665 2 1 1 3705 3706 3797 3796
3666 2 1 1 3706 3707 3798 3797
3667 2 1 1 3707 3708 3799 3798
3668 2 1 1 3708 3709 3800 3799
3669 2 1 1 3709 3710 3801 3800
3670 2 1 1 3710 3711 3802 3801
3671 2 1 1 3711 3712 3803 3802
3672 2 1 1 3712 3713 3804 3803
3673 2 1 1 3713 3714 3805 3804
3674 2 1 1 3714 3715 3806 3805
3675 2 1 1 3715 3716 3807 3806
3676 2 1 1 3716 3717 3808 3807
3677 2 1 1 3717 3718 3809 3808
3678 2 1 1 3718 3719 3810 3809
3679 2 1 1 3719 3720 3811 3810
3680 2 1 1 3720 3721 3812 3811
3681 2 1 1 3721 3722 3813 3812
3682 2 1 1 3722 3723 3814 3813
3683 2 1 1 3723 3724 3815 3814
3684 2 1 1 3724 3725 3816 3815
3685 2 1 1 3725 3726 3817 3816
3686 2 1 1 3726 3727 3818 3817
3687 2 1 1 3727 3728 3819 3818
3688 2 1 1 3728 3729 3820 3819
3689 2 1 1 3729 3730 3821 3820
3690 2 1 1 3730 3731 3822 3821
3691 2 1 1 3732 3733 3824 3823
3692 2 1 1 3733 3734 3825 3824
3693 2 1 1 3734 3735 3826 3825
3694 2 1 1 3735 3736 3827 3826
3695 2 1 1 3736 3737 3828 3827
3696 2 1 1 3737 3738 3829 3828
3697 2 1 1 3738 3739 3830 3829
3698 2 1 1 3739 3740 3831 3830
3699 2 1 1 3740 3741 3832 3831
3700 2 1 1 3741 3742 3833 3832
3701 2 1 1 3742 3743 3834 3833
3702 2 1 1 3743 3744 3835 3834
3703 2 1 1 3744 3745 3836 3835
3704 2 1 1 3745 3746 3837 3836
3705 2 1 1 3746 3747 3838 3837
3706 2 1 1 3747 3748 3839 3838
3707 2 1 1 3748 3749 3840 3839
3708 2 1 1 3749 3750 3841 3840
3709 2 1 1 3750 3751 3842 3841
3710 2 1 1 3751 3752 3843 3842
3711 2 1 1 3752 3753 3844 3843
3712 2 1 1 3753 3754 3845 3844
3713 2 1 1 3754 3755 3846 3845
3714 2 1 1 3755 3756 3847 3846
3715 2 1 1 3756 3757 3848 3847
3716 2 1 1 3757 3758 3849 3848
3717 2 1 1 3758 3759 3850 3849
3718 2 1 1 3759 3760 3851 3850
3719 2 1 1 3760 3761 3852 3851
3720 2 1 1 3761 3762 3853 3852
3721 2 1 1 3762 3763 3854 3853
3722 2 1 1 3763 3764 3855 3854
3723 2 1 1 3764 3765 3856 3855
3724 2 1 1 3765 3766 3857 3856
3725 2 1 1 3766 3767 3858 3857
3726 2 1 1 3767 3768 3859 3858
3727 2 1 1 3768 3769 3860 3859
3728 2 1 1 3769 3770 3861 3860
3729 2 1 1 3770 3771 3862 3861
3730 2 1 1 3771 3772 3863 3862
3731 2 1 1 3772 3773 3864 3863
3732 2 1 1 3773 3774 3865 3864
3733 2 1 1 3774 3775 3866 3865
3734 2 1 1 3775 3776 3867 3866
3735 2 1 1 3776 3777 3868 3867
3736 2 1 1 3777 3778 3869 3868
3737 2 1 1 3778 3779 3870 3869
3738 2 1 1 3779 3780 3871 3870
3739 2 1 1 3780 3781 3872 3871
3740 2 1 1 3781 3782 3873 3872
3741 2 1 1 3782 3783 3874 3873
3742 2 1 1 3783 3784 3875 3874
3743 2 1 1 3784 3785 3876 3875
3744 2 1 1 3785 3786 3877 3876
3745 2 1 1 3786 3787 3878 3877
3746 2 1 1 3787 3788 3879 3878
3747 2 1 1 3788 3789 3880 3879
3748 2 1 1 3789 3790 3881 3880
3749 2 1 1 3790 3791 3882 3881
3750 2 1 1 3791 3792 3883 3882
3751 2 1 1 3792 3793 3884 3883
3752 2 1 1 3793 3794 3885 3884
3753 2 1 1 3794 3795 3886 3885
3754 2 1 1 3795 3796 3887 3886
3755 2 1 1 3796 3797 3888 3887
3756 2 1 1 3797 3798 3889 3888
3757 2 1 1 3798 3799 3890 3889
3758 2 1 1 3799 3800 3891 3890
3759 2 1 1 3800 3801 3892 3891
3760 2 1 1 3801 3802 3893 3892
3761 2 1 1 3802 3803 3894 3893
3762 2 1 1 3803 3804 3895 3894
3763 2 1 1 3804 3805 3896 3895
3764 2 1 1 3805 3806 3897 3896
3765 2 1 1 3806 3807 3898 3897
3766 2 1 1 3807 3808 3899 3898
3767 2 1 1 3808 3809 3900 3899
3768 2 1 1 3809 3810 3901 3900
3769 2 1 1 3810 3811 3902 3901
3770 2 1 1 3811 3812 3903 3902
3771 2 1 1 3812 3813 3904 3903
3772 2 1 1 3813 3814 3905 3904
3773 2 1 1 3814 3815 3906 3905
3774 2 1 1 3815 3816 3907 3906
3775 2 1 1 3816 3817 3908 3907
3776 2 1 1 3817 3818 3909 3908
3777 2 1 1 3818 3819 3910 3909
3778 2 1 1 3819 3820 3911 3910
3779 2 1 1 3820 3821 3912 3911
3780 2 1 1 3821 3822 3913 3912
3781 2 1 1 3823 3824 3915 3914
3782 2 1 1 3824 3825 3916 3915
3783 2 1 1 3825 3826 3917 3916
3784 2 1 1 3826 3827 3918 3917
3785 2 1 1 3827 3828 3919 3918
3786 2 1 1 3828 3829 3920 3919
3787 2 1 1 3829 3830 3921 3920
3788 2 1 1 3830 3831 3922 3921
3789 2 1 1 3831 3832 3923 3922
3790 2 1 1 3832 3833 3924 3923
3791 2 1 1 3833 3834 3925 3924
3792 2 1 1 3834 3835 3926 3925
3793 2 1 1 3835 3836 3927 3926
3794 2 1 1 3836 3837 3928 3927
3795 2 1 1 3837 3838 3929 3928
3796 2 1 1 3838 3839 3930 3929
3797 2 1 1 3839 3840 3931 3930
3798 2 1 1 3840 3841 3932 3931
3799 2 1 1 3841 3842 3933 3932
3800 2 1 1 3842 3843 3934 3933
3801 2 1 1 3843 3844 3935 3934
3802 2 1 1 3844 3845 3936 3935
3803 2 1 1 3845 3846 3937 3936
3804 2 1 1 3846 3847 3938 3937
3805 2 1 1 3847 3848 3939 3938
3806 2 1 1 3848 3849 3940 3939
3807 2 1 1 3849 3850 3941 3940
3808 2 1 1 3850 3851 3942 3941
3809 2 1 1 3851 3852 3943 3942
3810 2 1 1 3852 3853 3944 3943
3811 2 1 1 3853 3854 3945 3944
3812 2 1 1 3854 3855 3946 3945
3813 2 1 1 3855 3856 3947 3946
3814 2 1 1 3856 3857 3948 3947
3815 2 1 1 3857 3858 3949 3948
3816 2 1 1 3858 3859 3950 3949
3817 2 1 1 3859 3860 3951 3950
3818 2 1 1 3860 3861 3952 3951
3819 2 1 1 3861 3862 3953 3952
3820 2 1 1 3862 3863 3954 3953
3821 2 1 1 3863 3864 3955 3954
3822 2 1 1 3864 3865 3956 3955
3823 2 1 1 3865 3866 3957 3956
3824 2 1 1 3866 3867 3958 3957
3825 2 1 1 3867 3868 3959 3958
3826 2 1 1 3868 3869 3960 3959
3827 2 1 1 3869 3870 3961 3960
3828 2 1 1 3870 3871 3962 3961
3829 2 1 1 3871 3872 3963 3962
3830 2 1 1 3872 3873 3964 3963
3831 2 1 1 3873 3874 3965 3964
3832 2 1 1 3874 3875 3966 3965
3833 2 1 1 3875 3876 3967 3966
3834 2 1 1 3876 3877 3968 3967
3835 2 1 1 3877 3878 3969 3968
3836 2 1 1 3878 3879 3970 3969
3837 2 1 1 3879 3880 3971 3970
3838 2 1 1 3880 3881 3972 3971
3839 2 1 1 3881 3882 3973 3972
3840 2 1 1 3882 3883 3974 3973
3841 2 1 1 3883 3884 3975 3974
3842 2 1 1 3884 3885 3976 3975
3843 2 1 1 3885 3886 3977 3976
3844 2 1 1 3886 3887 3978 3977
3845 2 1 1 3887 3888 3979 3978
3846 2 1 1 3888 3889 3980 3979
3847 2 1 1 3889 3890 3981 3980
3848 2 1 1 3890 3891 3982 3981
3849 2 1 1 3891 3892 3983 3982
3850 2 1 1 3892 3893 3984 3983
3851 2 1 1 3893 3894 3985 3984
3852 2 1 1 3894 3895 3986 3985
3853 2 1 1 3895 3896 3987 3986
3854 2 1 1 3896 3897 3988 3987
3855 2 1 1 3897 3898 3989 3988
3856 2 1 1 3898 3899 3990 3989
3857 2 1 1 3899 3900 3991 3990
3858 2 1 1 3900 3901 3992 3991
3859 2 1 1 3901 3902 3993 3992
3860 2 1 1 3902 3903 3994 3993
3861 2 1 1 3903 3904 3995 3994
3862 2 1 1 3904 3905 3996 3995
3863 2 1 1 3905 3906 3997 3996
3864 2 1 1 3906 3907 3998 3997
3865 2 1 1 3907 3908 3999 3998
3866 2 1 1 3908 3909 4000 3999
3867 2 1 1 3909 3910 4001 4000
3868 2 1 1 3910 3911 4002 4001
3869 2 1 1 3911 3912 4003 4002
3870 2 1 1 3912 3913 4004 4003
3871 2 1 1 3914 3915 4006 4005
3872 2 1 1 3915 3916 4007 4006
3873 2 1 1 3916 3917 4008 4007
3874 2 1 1 3917 3918 4009 4008
3875 2 1 1 3918 3919 4010 4009
3876 2 1 1 3919 3920 4011 4010
3877 2 1 1 3920 3921 4012 4011
3878 2 1 1 3921 3922 4013 4012
3879 2 1 1 3922 3923 4014 4013
3880 2 1 1 3923 3924 4015 4014
3881 2 1 1 3924 3925 4016 4015
3882 2 1 1 3925 3926 4017 4016
3883 2 1 1 3926 3927 4018 4017
3884 2 1 1 3927 3928 4019 4018
3885 2 1 1 3928 3929 4020 4019
3886 2 1 1 3929 3930 4021 4020
3887 2 1 1 3930 3931 4022 4021
3888 2 1 1 3931 3932 4023 4022
3889 2 1 1 3932 3933 4024 4023
3890 2 1 1 3933 3934 4025 4024
3891 2 1 1 3934 3935 4026 4025
3892 2 1 1 3935 3936 4027 4026
3893 2 1 1 3936 3937 4028 4027
3894 2 1 1 3937 3938 4029 4028
3895 2 1 1 3938 3939 4030 4029
3896 2 1 1 3939 3940 4031 4030
3897 2 1 1 3940 3941 4032 4031
3898 2 1 1 3941 3942 4033 4032
3899 2 1 1 3942 3943 4034 4033
3900 2 1 1 3943 3944 4035 4034
3901 2 1 1 3944 3945 4036 4035
3902 2 1 1 3945 3946 4037 4036
3903 2 1 1 3946 3947 4038 4037
3904 2 1 1 3947 3948 4039 4038
3905 2 1 1 3948 3949 4040 4039
3906 2 1 1 3949 3950 4041 4040
3907 2 1 1 3950 3951 4042 4041
3908 2 1 1 3951 3952 4043 4042
3909 2 1 1 3952 3953 4044 4043
3910 2 1 1 3953 3954 4045 4044
3911 2 1 1 3954 3955 4046 4045
3912 2 1 1 3955 3956 4047 4046
3913 2 1 1 3956 3957 4048 4047
3914 2 1 1 3957 3958 4049 4048
3915 2 1 1 3958 3959 4050 4049
3916 2 1 1 3959 3960 4051 4050
3917 2 1 1 3960 3961 4052 4051
3918 2 1 1 3961 3962 4053 4052
3919 2 1 1 3962 3963 4054 4053
3920 2 1 1 3963 3964 4055 4054
3921 2 1 1 3964 3965 4056 4055
3922 2 1 1 3965 3966 4057 4056
3923 2 1 1 3966 3967 4058 4057
3924 2 1 1 3967 3968 4059 4058
3925 2 1 1 3968 3969 4060 4059
3926 2 1 1 3969 3970 4061 4060
3927 2 1 1 3970 3971 4062 4061
3928 2 1 1 3971 3972 4063 4062
3929 2 1 1 3972 3973 4064 4063
3930 2 1 1 3973 3974 4065 4064
3931 2 1 1 3974 3975 4066 4065
3932 2 1 1 3975 3976 4067 4066
3933 2 1 1 3976 3977 4068 4067
3934 2 1 1 3977 3978 4069 4068
3935 2 1 1 3978 3979 4070 4069
3936 2 1 1 3979 3980 4071 4070
3937 2 1 1 3980 3981 4072 4071
3938 2 1 1 3981 3982 4073 4072
3939 2 1 1 3982 3983 4074 4073
3940 2 1 1 3983 3984 4075 4074
3941 2 1 1 3984 3985 4076 4075
3942 2 1 1 3985 3986 4077 4076
3943 2 1 1 3986 3987 4078 4077
3944 2 1 1 3987 3988 4079 4078
3945 2 1 1 3988 3989 4080 4079
3946 2 1 1 3989 3990 4081 4080
3947 2 1 1 3990 3991 4082 4081
3948 2 1 1 3991 3992 4083 4082
3949 2 1 1 3992 3993 4084 4083
3950 2 1 1 3993 3994 4085 4084
3951 2 1 1 3994 3995 4086 4085
3952 2 1 1 3995 3996 4087 4086
3953 2 1 1 3996 3997 4088 4087
3954 2 1 1 3997 3998 4089 4088
3955 2 1 1 3998 3999 4090 4089
3956 2 1 1 3999 4000 4091 4090
3957 2 1 1 4000 4001 4092 4091
3958 2 1 1 4001 4002 4093 4092
3959 2 1 1 4002 4003 4094 4093
3960 2 1 1 4003 4004 4095 4094
3961 2 1 1 4005 4006 4097 4096
3962 2 1 1 4006 4007 4098 4097
3963 2 1 1 4007 4008 4099 4098
3964 2 1 1 4008 4009 4100 4099
3965 2 1 1 4009 4010 4101 4100
3966 2 1 1 4010 4011 4102 4101
3967 2 1 1 4011 4012 4103 4102
3968 2 1 1 4012 4013 4104 4103
3969 2 1 1 4013 4014 4105 4104
3970 2 1 1 4014 4015 4106 4105
3971 2 1 1 4015 4016 4107 4106
3972 2 1 1 4016 4017 4108 4107
3973 2 1 1 4017 4018 4109 4108
3974 2 1 1 4018 4019 4110 4109
3975 2 1 1 4019 4020 4111 4110
3976 2 1 1 4020 4021 4112 4111
3977 2 1 1 4021 4022 4113 4112
3978 2 1 1 4022 4023 4114 4113
3979 2 1 1 4023 4024 4115 4114
3980 2 1 1 4024 4025 4116 4115
3981 2 1 1 4025 4026 4117 4116
3982 2 1 1 4026 4027 4118 4117
3983 2 1 1 4027 4028 4119 4118
3984 2 1 1 4028 4029 4120 4119
3985 2 1 1 4029 4030 4121 4120
3986 2 1 1 4030 4031 4122 4121
3987 2 1 1 4031 4032 4123 4122
3988 2 1 1 4032 4033 4124 4123
3989 2 1 1 4033 4034 4125 4124
3990 2 1 1 4034 4035 4126 4125
3991 2 1 1 4035 4036 4127 4126
3992 2 1 1 4036 4037 4128 4127
3993 2 1 1 4037 4038 4129 4128
3994 2 1 1 4038 4039 4130 4129
3995 2 1 1 4039 4040 4131 4130
3996 2 1 1 4040 4041 4132 4131
3997 2 1 1 4041 4042 4133 4132
3998 2 1 1 4042 4043 4134 4133
3999 2 1 1 4043 4044 4135 4134
4000 2 1 1 4044 4045 4136 4135
4001 2 1 1 4045 4046 4137 4136
4002 2 1 1 4046 4047 4138 4137
4003 2 1 1 4047 4048 4139 4138
4004 2 1 1 4048 4049 4140 4139
4005 2 1 1 4049 4050 4141 4140
4006 2 1 1 4050 4051 4142 4141
4007 2 1 1 4051 4052 4143 4142
4008 2 1 1 4052 4053 4144 4143
4009 2 1 1 4053 4054 4145 4144
4010 2 1 1 4054 4055 4146 4145
4011 2 1 1 4055 4056 4147 4146
4012 2 1 1 4056 4057 4148 4147
4013 2 1 1 4057 4058 4149 4148
4014 2 1 1 4058 4059 4150 4149
4015 2 1 1 4059 4060 4151 4150
4016 2 1 1 4060 4061 4152 4151
4017 2 1 1 4061 4062 4153 4152
4018 2 1 1 4062 4063 4154 4153
4019 2 1 1 4063 4064 4155 4154
4020 2 1 1 4064 4065 4156 4155
4021 2 1 1 4065 4066 4157 4156
4022 2 1 1 4066 4067 4158 4157
4023 2 1 1 4067 4068 4159 4158
4024 2 1 1 4068 4069 4160 4159
4025 2 1 1 4069 4070 4161 4160
4026 2 1 1 4070 4071 4162 4161
4027 2 1 1 4071 4072 4163 4162
4028 2 1 1 4072 4073 4164 4163
4029 2 1 1 4073 4074 4165 4164
4030 2 1 1 4074 4075 4166 4165
4031 2 1 1 4075 4076 4167 4166
4032 2 1 1 4076 4077 4168 4167
4033 2 1 1 4077 4078 4169 4168
4034 2 1 1 4078 4079 4170 4169
4035 2 1 1 4079 4080 4171 4170
4036 2 1 1 4080 4081 4172 4171
4037 2 1 1 4081 4082 4173 4172
4038 2 1 1 4082 4083 4174 4173
4039 2 1 1 4083 4084 4175 4174
4040 2 1 1 4084 4085 4176 4175
4041 2 1 1 4085 4086 4177 4176
4042 2 1 1 4086 4087 4178 4177
4043 2 1 1 4087 4088 4179 4178
4044 2 1 1 4088 4089 4180 4179
4045 2 1 1 4089 4090 4181 4180
4046 2 1 1 4090 4091 4182 4181
4047 2 1 1 4091 4092 4183 4182
4048 2 1 1 4092 4093 4184 4183
4049 2 1 1 4093 4094 4185 4184
4050 2 1 1 4094 4095 4186 4185
4051 2 1 1 4096 4097 4188 4187
4052 2 1 1 4097 4098 4189 4188
4053 2 1 1 4098 4099 4190 4189
4054 2 1 1 4099 4100 4191 4190
4055 2 1 1 4100 4101 4192 4191
4056 2 1 1 4101 4102 4193 4192
4057 2 1 1 4102 4103 4194 4193
4058 2 1 1 4103 4104 4195 4194
4059 2 1 1 4104 4105 4196 4195
4060 2 1 1 4105 4106 4197 4196
4061 2 1 1 4106 4107 4198 4197
4062 2 1 1 4107 4108 4199 4198
4063 2 1 1 4108 4109 4200 4199
4064 2 1 1 4109 4110 4201 4200
4065 2 1 1 4110 4111 4202 4201
4066 2 1 1 4111 4112 4203 4202
4067 2 1 1 4112 4113 4204 4203
4068 2 1 1 4113 4114 4205 4204
4069 2 1 1 4114 4115 4206 4205
4070 2 1 1 4115 4116 4207 4206
4071 2 1 1 4116 4117 4208 4207
4072 2 1 1 4117 4118 4209 4208
4073 2 1 1 4118 4119 4210 4209
4074 2 1 1 4119 4120 4211 4210
4075 2 1 1 4120 4121 4212 4211
4076 2 1 1 4121 4122 4213 4212
4077 2 1 1 4122 4123 4214 4213
4078 2 1 1 4123 4124 4215 4214
4079 2 1 1 4124 4125 4216 4215
4080 2 1 1 4125 4126 4217 4216
4081 2 1 1 4126 4127 4218 4217
4082 2 1 1 4127 4128 4219 4218
4083 2 1 1 4128 4129 4220 4219
4084 2 1 1 4129 4130 4221 4220
4085 2 1 1 4130 4131 4222 4221
4086 2 1 1 4131 4132 4223 4222
4087 2 1 1 4132 4133 4224 4223
4088 2 1 1 4133 4134 4225 4224
4089 2 1 1 4134 4135 4226 4225
4090 2 1 1 4135 4136 4227 4226
4091 2 1 1 4136 4137 4228 4227
4092 2 1 1 4137 4138 4229 4228
4093 2 1 1 4138 4139 4230 4229
4094 2 1 1 4139 4140 4231 4230
4095 2 1 1 4140 4141 4232 4231
4096 2 1 1 4141 4142 4233 4232
4097 2 1 1 4142 4143 4234 4233
4098 2 1 1 4143 4144 4235 4234
4099 2 1 1 4144 4145 4236 4235
4100 2 1 1 4145 4146 4237 4236
4101 2 1 1 4146 4147 4238 4237
4102 2 1 1 4147 4148 4239 4238
4103 2 1 1 4148 4149 4240 4239
4104 2 1 1 4149 4150 4241 4240
4105 2 1 1 4150 4151 4242 4241
4106 2 1 1 4151 4152 4243 4242
4107 2 1 1 4152 4153 4244 4243
4108 2 1 1 4153 4154 4245 4244
4109 2 1 1 4154 4155 4246 4245
4110 2 1 1 4155 4156 4247 4246
4111 2 1 1 4156 4157 4248 4247
4112 2 1 1 4157 4158 4249 4248
4113 2 1 1 4158 4159 4250 4249
4114 2 1 1 4159 4160 4251 4250
4115 2 1 1 4160 4161 4252 4251
4116 2 1 1 4161 4162 4253 4252
4117 2 1 1 4162 4163 4254 4253
4118 2 1 1 4163 4164 4255 4254
4119 2 1 1 4164 4165 4256 4255
4120 2 1 1 4165 4166 4257 4256
4121 2 1 1 4166 4167 4258 4257
4122 2 1 1 4167 4168 4259 4258
4123 2 1 1 4168 4169 4260 4259
4124 2 1 1 4169 4170 4261 4260
4125 2 1 1 4170 4171 4262 4261
4126 2 1 1 4171 4172 4263 4262
4127 2 1 1 4172 4173 4264 4263
4128 2 1 1 4173 4174 4265 4264
4129 2 1 1 4174 4175 4266 4265
4130 2 1 1 4175 4176 4267 4266
4131 2 1 1 4176 4177 4268 4267
4132 2 1 1 4177 4178 4269 4268
4133 2 1 1 4178 4179 4270 4269
4134 2 1 1 4179 4180 4271 4270
4135 2 1 1 4180 4181 4272 4271
4136 2 1 1 4181 4182 4273 4272
4137 2 1 1 4182 4183 4274 4273
4138 2 1 1 4183 4184 4275 4274
4139 2 1 1 4184 4185 4276 4275
4140 2 1 1 4185 4186 4277 4276
4141 2 1 1 4187 4188 4279 4278
4142 2 1 1 4188 4189 4280 4279
4143 2 1 1 4189 4190 4281 4280
4144 2 1 1 4190 4191 4282 4281
4145 2 1 1 4191 4192 4283 4282
4146 2 1 1 4192 4193 4284 4283
4147 2 1 1 4193 4194 4285 4284
4148 2 1 1 4194 4195 4286 4285
4149 2 1 1 4195 4196 4287 4286
4150 2 1 1 4196 4197 4288 4287
4151 2 1 1 4197 4198 4289 4288
4152 2 1 1 4198 4199 4290 4289
4153 2 1 1 4199 4200 4291 4290
4154 2 1 1 4200 4201 4292 4291
4155 2 1 1 4201 4202 4293 4292
4156 2 1 1 4202 4203 4294 4293
4157 2 1 1 4203 4204 4295 4294
4158 2 1 1 4204 4205 4296 4295
4159 2 1 1 4205 4206 4297 4296
4160 2 1 1 4206 4207 4298 4297
4161 2 1 1 4207 4208 4299 4298
4162 2 1 1 4208 4209 4300 4299
4163 2 1 1 4209 4210 4301 4300
4164 2 1 1 4210 4211 4302 4301
4165 2 1 1 4211 4212 4303 4302
4166 2 1 1 4212 4213 4304 4303
4167 2 1 1 4213 4214 4305 4304
4168 2 1 1 4214 4215 4306 4305
4169 2 1 1 4215 4216 4307 4306
4170 2 1 1 4216 4217 4308 4307
4171 2 1 1 4217 4218 4309 4308
4172 2 1 1 4218 4219 4310 4309
4173 2 1 1 4219 4220 4311 4310
4174 2 1 1 4220 4221 4312 4311
4175 2 1 1 4221 4222 4313 4312
4176 2 1 1 4222 4223 4314 4313
4177 2 1 1 4223 4224 4315 4314
4178 2 1 1 4224 4225 4316 4315
4179 2 1 1 4225 4226 4317 4316
4180 2 1 1 4226 4227 4318 4317
4181 2 1 1 4227 4228 4319 4318
4182 2 1 1 4228 4229 4320 4319
4183 2 1 1 4229 4230 4321 4320
4184 2 1 1 4230 4231 4322 4321
4185 2 1 1 4231 4232 4323 4322
4186 2 1 1 4232 4233 4324 4323
4187 2 1 1 4233 4234 4325 4324
4188 2 1 1 4234 4235 4326 4325
4189 2 1 1 4235 4236 4327 4326
4190 2 1 1 4236 4237 4328 4327
4191 2 1 1 4237 4238 4329 4328
4192 2 1 1 4238 4239 4330 4329
4193 2 1 1 4239 4240 4331 4330
4194 2 1 1 4240 4241 4332 4331
4195 2 1 1 4241 4242 4333 4332
4196 2 1 1 4242 4243 4334 4333
4197 2 1 1 4243 4244 4335 4334
4198 2 1 1 4244 4245 4336 4335
4199 2 1 1 4245 4246 4337 4336
4200 2 1 1 4246 4247 4338 4337
4201 2 1 1 4247 4248 4339 4338
4202 2 1 1 4248 4249 4340 4339
4203 2 1 1 4249 4250 4341 4340
4204 2 1 1 4250 4251 4342 4341
4205 2 1 1 4251 4252 4343 4342
4206 2 1 1 4252 4253 4344 4343
4207 2 1 1 4253 4254 4345 4344
4208 2 1 1 4254 4255 4346 4345
4209 2 1 1 4255 4256 4347 4346
4210 2 1 1 4256 4257 4348 4347
4211 2 1 1 4257 4258 4349 4348
4212 2 1 1 4258 4259 4350 4349
4213 2 1 1 4259 4260 4351 4350
4214 2 1 1 4260 4261 4352 4351
4215 2 1 1 4261 4262 4353 4352
4216 2 1 1 4262 4263 4354 4353
4217 2 1 1 4263 4264 4355 4354
4218 2 1 1 4264 4265 4356 4355
4219 2 1 1 4265 4266 4357 4356
4220 2 1 1 4266 4267 4358 4357
4221 2 1 1 4267 4268 4359 4358
4222 2 1 1 4268 4269 4360 4359
4223 2 1 1 4269 4270 4361 4360
4224 2 1 1 4270 4271 4362 4361
4225 2 1 1 4271 4272 4363 4362
4226 2 1 1 4272 4273 4364 4363
4227 2 1 1 4273 4274 4365 4364
4228 2 1 1 4274 4275 4366 4365
4229 2 1 1 4275 4276 4367 4366
4230 2 1 1 4276 4277 4368 4367
4231 2 1 1 4278 4279 4370 4369
4232 2 1 1 4279 4280 4371 4370
4233 2 1 1 4280 4281 4372 4371
4234 2 1 1 4281 4282 4373 4372
4235 2 1 1 4282 4283 4374 4373
4236 2 1 1 4283 4284 4375 4374
4237 2 1 1 4284 4285 4376 4375
4238 2 1 1 4285 4286 4377 4376
4239 2 1 1 4286 4287 4378 4377
4240 2 1 1 4287 4288 4379 4378
4241 2 1 1 4288 4289 4380 4379
4242 2 1 1 4289 4290 4381 4380
4243 2 1 1 4290 4291 4382 4381
4244 2 1 1 4291 4292 4383 4382
4245 2 1 1 4292 4293 4384 4383
4246 2 1 1 4293 4294 4385 4384
4247 2 1 1 4294 4295 4386 4385
4248 2 1 1 4295 4296 4387 4386
4249 2 1 1 4296 4297 4388 4387
4250 2 1 1 4297 4298 4389 4388
4251 2 1 1 4298 4299 4390 4389
4252 2 1 1 4299 4300 4391 4390
4253 2 1 1 4300 4301 4392 4391
4254 2 1 1 4301 4302 4393 4392
4255 2 1 1 4302 4303 4394 4393
4256 2 1 1 4303 4304 4395 4394
4257 2 1 1 4304 4305 4396 4395
4258 2 1 1 4305 4306 4397 4396
4259 2 1 1 4306 4307 4398 4397
4260 2 1 1 4307 4308 4399 4398
4261 2 1 1 4308 4309 4400 4399
4262 2 1 1 4309 4310 4401 4400
4263 2 1 1 4310 4311 4402 4401
4264 2 1 1 4311 4312 4403 4402
4265 2 1 1 4312 4313 4404 4403
4266 2 1 1 4313 4314 4405 4404
4267 2 1 1 4314 4315 4406 4405
4268 2 1 1 4315 4316 4407 4406
4269 2 1 1 4316 4317 4408 4407
4270 2 1 1 4317 4318 4409 4408
4271 2 1 1 4318 4319 4410 4409
4272 2 1 1 4319 4320 4411 4410
4273 2 1 1 4320 4321 4412 4411
4274 2 1 1 4321 4322 4413 4412
4275 2 1 1 4322 4323 4414 4413
4276 2 1 1 4323 4324 4415 4414
4277 2 1 1 4324 4325 4416 4415
4278 2 1 1 4325 4326 4417 4416
4279 2 1 1 4326 4327 4418 4417
4280 2 1 1 4327 4328 4419 4418
4281 2 1 1 4328 4329 4420 4419
4282 2 1 1 4329 4330 4421 4420
4283 2 1 1 4330 4331 4422 4421
4284 2 1 1 4331 4332 4423 4422
4285 2 1 1 4332 4333 4424 4423
4286 2 1 1 4333 4334 4425 4424
4287 2 1 1 4334 4335 4426 4425
4288 2 1 1 4335 4336 4427 4426
4289 2 1 1 4336 4337 4428 4427
4290 2 1 1 4337 4338 4429 4428
4291 2 1 1 4338 4339 4430 4429
4292 2 1 1 4339 4340 4431 4430
4293 2 1 1 4340 4341 4432 4431
4294 2 1 1 4341 4342 4433 4432
4295 2 1 1 4342 4343 4434 4433
4296 2 1 1 4343 4344 4435 4434
4297 2 1 1 4344 4345 4436 4435
4298 2 1 1 4345 4346 4437 4436
4299 2 1 1 4346 4347 4438 4437
4300 2 1 1 4347 4348 4439 4438
4301 2 1 1 4348 4349 4440 4439
4302 2 1 1 4349 4350 4441 4440
4303 2 1 1 4350 4351 4442 4441
4304 2 1 1 4351 4352 4443 4442
4305 2 1 1 4352 4353 4444 4443
4306 2 1 1 4353 4354 4445 4444
4307 2 1 1 4354 4355 4446 4445
4308 2 1 1 4355 4356 4447 4446
4309 2 1 1 4356 4357 4448 4447
4310 2 1 1 4357 4358 4449 4448
4311 2 1 1 4358 4359 4450 4449
4312 2 1 1 4359 4360 4451 4450
4313 2 1 1 4360 4361 4452 4451
4314 2 1 1 4361 4362 4453 4452
4315 2 1 1 4362 4363 4454 4453
4316 2 1 1 4363 4364 4455 4454
4317 2 1 1 4364 4365 4456 4455
4318 2 1 1 4365 4366 4457 4456
4319 2 1 1 4366 4367 4458 4457
4320 2 1 1 4367 4368 4459 4458
4321 2 1 1 4369 4370 4461 4460
4322 2 1 1 4370 4371 4462 4461
4323 2 1 1 4371 4372 4463 4462
4324 2 1 1 4372 4373 4464 4463
4325 2 1 1 4373 4374 4465 4464
4326 2 1 1 4374 4375 4466 4465
4327 2 1 1 4375 4376 4467 4466
4328 2 1 1 4376 4377 4468 4467
4329 2 1 1 4377 4378 4469 4468
4330 2 1 1 4378 4379 4470 4469
4331 2 1 1 4379 4380 4471 4470
4332 2 1 1 4380 4381 4472 4471
4333 2 1 1 4381 4382 4473 4472
4334 2 1 1 4382 4383 4474 4473
4335 2 1 1 4383 4384 4475 4474
4336 2 1 1 4384 4385 4476 4475
4337 2 1 1 4385 4386 4477 4476
4338 2 1 1 4386 4387 4478 4477
4339 2 1 1 4387 4388 4479 4478
4340 2 1 1 4388 4389 4480 4479
4341 2 1 1 4389 4390 4481 4480
4342 2 1 1 4390 4391 4482 4481
4343 2 1 1 4391 4392 4483 4482
4344 2 1 1 4392 4393 4484 4483
4345 2 1 1 4393 4394 4485 4484
4346 2 1 1 4394 4395 4486 4485
4347 2 1 1 4395 4396 4487 4486
4348 2 1 1 4396 4397 4488 4487
4349 2 1 1 4397 4398 4489 4488
4350 2 1 1 4398 4399 4490 4489
4351 2 1 1 4399 4400 4491 4490
4352 2 1 1 4400 4401 4492 4491
4353 2 1 1 4401 4402 4493 4492
4354 2 1 1 4402 4403 4494 4493
4355 2 1 1 4403 4404 4495 4494
4356 2 1 1 4404 4405 4496 4495
4357 2 1 1 4405 4406 4497 4496
4358 2 1 1 4406 4407 4498 4497
4359 2 1 1 4407 4408 4499 4498
4360 2 1 1 4408 4409 4500 4499
4361 2 1 1 4409 4410 4501 4500
4362 2 1 1 4410 4411 4502 4501
4363 2 1 1 4411 4412 4503 4502
4364 2 1 1 4412 4413 4504 4503
4365 2 1 1 4413 4414 4505 4504
4366 2 1 1 4414 4415 4506 4505
4367 2 1 1 4415 4416 4507 4506
4368 2 1 1 4416 4417 4508 4507
4369 2 1 1 4417 4418 4509 4508
4370 2 1 1 4418 4419 4510 4509
4371 2 1 1 4419 4420 4511 4510
4372 2 1 1 4420 4421 4512 4511
4373 2 1 1 4421 4422 4513 4512
4374 2 1 1 4422 4423 4514 4513
4375 2 1 1 4423 4424 4515 4514
4376 2 1 1 4424 4425 4516 4515
4377 2 1 1 4425 4426 4517 4516
4378 2 1 1 4426 4427 4518 4517
4379 2 1 1 4427 4428 4519 4518
4380 2 1 1 4428 4429 4520 4519
4381 2 1 1 4429 4430 4521 4520
4382 2 1 1 4430 4431 4522 4521
4383 2 1 1 4431 4432 4523 4522
4384 2 1 1 4432 4433 4524 4523
4385 2 1 1 4433 4434 4525 4524
4386 2 1 1 4434 4435 4526 4525
4387 2 1 1 4435 4436 4527 4526
4388 2 1 1 4436 4437 4528 4527
4389 2 1 1 4437 4438 4529 4528
4390 2 1 1 4438 4439 4530 4529
4391 2 1 1 4439 4440 4531 4530
4392 2 1 1 4440 4441 4532 4531
4393 2 1 1 4441 4442 4533 4532
4394 2 1 1 4442 4443 4534 4533
4395 2 1 1 4443 4444 4535 4534
4396 2 1 1 4444 4445 4536 4535
4397 2 1 1 4445 4446 4537 4536
4398 2 1 1 4446 4447 4538 4537
4399 2 1 1 4447 4448 4539 4538
4400 2 1 1 4448 4449 4540 4539
4401 2 1 1 4449 4450 4541 4540
4402 2 1 1 4450 4451 4542 4541
4403 2 1 1 4451 4452 4543 4542
4404 2 1 1 4452 4453 4544 4543
4405 2 1 1 4453 4454 4545 4544
4406 2 1 1 4454 4455 4546 4545
4407 2 1 1 4455 4456 4547 4546
4408 2 1 1 4456 4457 4548 4547
4409 2 1 1 4457 4458 4549 4548
4410 2 1 1 4458 4459 4550 4549
4411 2 1 1 4460 4461 4552 4551
4412 2 1 1 4461 4462 4553 4552
4413 2 1 1 4462 4463 4554 4553
4414 2 1 1 4463 4464 4555 4554
4415 2 1 1 4464 4465 4556 4555
4416 2 1 1 4465 4466 4557 4556
4417 2 1 1 4466 4467 4558 4557
4418 2 1 1 4467 4468 4559 4558
4419 2 1 1 4468 4469 4560 4559
4420 2 1 1 4469 4470 4561 4560
4421 2 1 1 4470 4471 4562 4561
4422 2 1 1 4471 4472 4563 4562
4423 2 1 1 4472 4473 4564 4563
4424 2 1 1 4473 4474 4565 4564
4425 2 1 1 4474 4475 4566 4565
4426 2 1 1 4475 4476 4567 4566
4427 2 1 1 4476 4477 4568 4567
4428 2 1 1 4477 4478 4569 4568
4429 2 1 1 4478 4479 4570 4569
4430 2 1 1 4479 4480 4571 4570
4431 2 1 1 4480 4481 4572 4571
4432 2 1 1 4481 4482 4573 4572
4433 2 1 1 4482 4483 4574 4573
4434 2 1 1 4483 4484 4575 4574
4435 2 1 1 4484 4485 4576 4575
4436 2 1 1 4485 4486 4577 4576
4437 2 1 1 4486 4487 4578 4577
4438 2 1 1 4487 4488 4579 4578
4439 2 1 1 4488 4489 4580 4579
4440 2 1 1 4489 4490 4581 4580
4441 2 1 1 4490 4491 4582 4581
4442 2 1 1 4491 4492 4583 4582
4443 2 1 1 4492 4493 4584 4583
4444 2 1 1 4493 4494 4585 4584
4445 2 1 1 4494 4495 4586 4585
4446 2 1 1 4495 4496 4587 4586
4447 2 1 1 4496 4497 4588 4587
4448 2 1 1 4497 4498 4589 4588
4449 2 1 1 4498 4499 4590 4589
4450 2 1 1 4499 4500 4591 4590
4451 2 1 1 4500 4501 4592 4591
4452 2 1 1 4501 4502 4593 4592
4453 2 1 1 4502 4503 4594 4593
4454 2 1 1 4503 4504 4595 4594
4455 2 1 1 4504 4505 4596 4595
4456 2 1 1 4505 4506 4597 4596
4457 2 1 1 4506 4507 4598 4597
4458 2 1 1 4507 4508 4599 4598
4459 2 1 1 4508 4509 4600 4599
4460 2 1 1 4509 4510 4601 4600
4461 2 1 1 4510 4511 4602 4601
4462 2 1 1 4511 4512 4603 4602
4463 2 1 1 4512 4513 4604 4603
4464 2 1 1 4513 4514 4605 4604
4465 2 1 1 4514 4515 4606 4605
4466 2 1 1 4515 4516 4607 4606
4467 2 1 1 4516 4517 4608 4607
4468 2 1 1 4517 4518 4609 4608
4469 2 1 1 4518 4519 4610 4609
4470 2 1 1 4519 4520 4611 4610
4471 2 1 1 4520 4521 4612 4611
4472 2 1 1 4521 4522 4613 4612
4473 2 1 1 4522 4523 4614 4613
4474 2 1 1 4523 4524 4615 4614
4475 2 1 1 4524 4525 4616 4615
4476 2 1 1 4525 4526 4617 4616
4477 2 1 1 4526 4527 4618 4617
4478 2 1 1 4527 4528 4619 4618
4479 2 1 1 4528 4529 4620 4619
4480 2 1 1 4529 4530 4621 4620
4481 2 1 1 4530 4531 4622 4621
4482 2 1 1 4531 4532 4623 4622
4483 2 1 1 4532 4533 4624 4623
4484 2 1 1 4533 4534 4625 4624
4485 2 1 1 4534 4535 4626 4625
4486 2 1 1 4535 4536 4627 4626
4487 2 1 1 4536 4537 4628 4627
4488 2 1 1 4537 4538 4629 4628
4489 2 1 1 4538 4539 4630 4629
4490 2 1 1 4539 4540 4631 4630
4491 2 1 1 4540 4541 4632 4631
4492 2 1 1 4541 4542 4633 4632
4493 2 1 1 4542 4543 4634 4633
4494 2 1 1 4543 4544 4635 4634
4495 2 1 1 4544 4545 4636 4635
4496 2 1 1 4545 4546 4637 4636
4497 2 1 1 4546 4547 4638 4637
4498 2 1 1 4547 4548 4639 4638
4499 2 1 1 4548 4549 4640 4639
4500 2 1 1 4549 4550 4641 4640
4501 2 1 1 4551 4552 4643 4642
4502 2 1 1 4552 4553 4644 4643
4503 2 1 1 4553 4554 4645 4644
4504 2 1 1 4554 4555 4646 4645
4505 2 1 1 4555 4556 4647 4646
4506 2 1 1 4556 4557 4648 4647
4507 2 1 1 4557 4558 4649 4648
4508 2 1 1 4558 4559 4650 4649
4509 2 1 1 4559 4560 4651 4650
4510 2 1 1 4560 4561 4652 4651
4511 2 1 1 4561 4562 4653 4652
4512 2 1 1 4562 4563 4654 4653
4513 2 1 1 4563 4564 4655 4654
4514 2 1 1 4564 4565 4656 4655
4515 2 1 1 4565 4566 4657 4656
4516 2 1 1 4566 4567 4658 4657
4517 2 1 1 4567 4568 4659 4658
4518 2 1 1 4568 4569 4660 4659
4519 2 1 1 4569 4570 4661 4660
4520 2 1 1 4570 4571 4662 4661
4521 2 1 1 4571 4572 4663 4662
4522 2 1 1 4572 4573 4664 4663
4523 2 1 1 4573 4574 4665 4664
4524 2 1 1 4574 4575 4666 4665
4525 2 1 1 4575 4576 4667 4666
4526 2 1 1 4576 4577 4668 4667
4527 2 1 1 4577 4578 4669 4668
4528 2 1 1 4578 4579 4670 4669
4529 2 1 1 4579 4580 4671 4670
4530 2 1 1 4580 4581 4672 4671
4531 2 1 1 4581 4582 4673 4672
4532 2 1 1 4582 4583 4674 4673
4533 2 1 1 4583 4584 4675 4674
4534 2 1 1 4584 4585 4676 4675
4535 2 1 1 4585 4586 4677 4676
4536 2 1 1 4586 4587 4678 4677
4537 2 1 1 4587 4588 4679 4678
4538 2 1 1 4588 4589 4680 4679
4539 2 1 1 4589 4590 4681 4680
4540 2 1 1 4590 4591 4682 4681
4541 2 1 1 4591 4592 4683 4682
4542 2 1 1 4592 4593 4684 4683
4543 2 1 1 4593 4594 4685 4684
4544 2 1 1 4594 4595 4686 4685
4545 2 1 1 4595 4596 4687 4686
4546 2 1 1 4596 4597 4688 4687
4547 2 1 1 4597 4598 4689 4688
4548 2 1 1 4598 4599 4690 4689
4549 2 1 1 4599 4600 4691 4690
4550 2 1 1 4600 4601 4692 4691
4551 2 1 1 4601 4602 4693 4692
4552 2 1 1 4602 4603 4694 4693
4553 2 1 1 4603 4604 4695 4694
4554 2 1 1 4604 4605 4696 4695
4555 2 1 1 4605 4606 4697 4696
4556 2 1 1 4606 4607 4698 4697
4557 2 1 1 4607 4608 4699 4698
4558 2 1 1 4608 4609 4700 4699
4559 2 1 1 4609 4610 4701 4700
4560 2 1 1 4610 4611 4702 4701
4561 2 1 1 4611 4612 4703 4702
4562 2 1 1 4612 4613 4704 4703
4563 2 1 1 4613 4614 4705 4704
4564 2 1 1 4614 4615 4706 4705
4565 2 1 1 4615 4616 4707 4706
4566 2 1 1 4616 4617 4708 4707
4567 2 1 1 4617 4618 4709 4708
4568 2 1 1 4618 4619 4710 4709
4569 2 1 1 4619 4620 4711 4710
4570 2 1 1 4620 4621 4712 4711
4571 2 1 1 4621 4622 4713 4712
4572 2 1 1 4622 4623 4714 4713
4573 2 1 1 4623 4624 4715 4714
4574 2 1 1 4624 4625 4716 4715
4575 2 1 1 4625 4626 4717 4716
4576 2 1 1 4626 4627 4718 4717
4577 2 1 1 4627 4628 4719 4718
4578 2 1 1 4628 4629 4720 4719
4579 2 1 1 4629 4630 4721 4720
4580 2 1 1 4630 4631 4722 4721
4581 2 1 1 4631 4632 4723 4722
4582 2 1 1 4632 4633 4724 4723
4583 2 1 1 4633 4634 4725 4724
4584 2 1 1 4634 4635 4726 4725
4585 2 1 1 4635 4636 4727 4726
4586 2 1 1 4636 4637 4728 4727
4587 2 1 1 4637 4638 4729 4728
4588 2 1 1 4638 4639 4730 4729
4589 2 1 1 4639 4640 4731 4730
4590 2 1 1 4640 4641 4732 4731
4591 2 1 1 4642 4643 4734 4733
4592 2 1 1 4643 4644 4735 4734
4593 2 1 1 4644 4645 4736 4735
4594 2 1 1 4645 4646 4737 4736
4595 2 1 1 4646 4647 4738 4737
4596 2 1 1 4647 4648 4739 4738
4597 2 1 1 4648 4649 4740 4739
4598 2 1 1 4649 4650 4741 4740
4599 2 1 1 4650 4651 4742 4741
4600 2 1 1 4651 4652 4743 4742
4601 2 1 1 4652 4653 4744 4743
4602 2 1 1 4653 4654 4745 4744
4603 2 1 1 4654 4655 4746 4745
4604 2 1 1 4655 4656 4747 4746
4605 2 1 1 4656 4657 4748 4747
4606 2 1 1 4657 4658 4749 4748
4607 2 1 1 4658 4659 4750 4749
4608 2 1 1 4659 4660 4751 4750
4609 2 1 1 4660 4661 4752 4751
4610 2 1 1 4661 4662 4753 4752
4611 2 1 1 4662 4663 4754 4753
4612 2 1 1 4663 4664 4755 4754
4613 2 1 1 4664 4665 4756 4755
4614 2 1 1 4665 4666 4757 4756
4615 2 1 1 4666 4667 4758 4757
4616 2 1 1 4667 4668 4759 4758
4617 2 1 1 4668 4669 4760 4759
4618 2 1 1 4669 4670 4761 4760
4619 2 1 1 4670 4671 4762 4761
4620 2 1 1 4671 4672 4763 4762
4621 2 1 1 4672 4673 4764 4763
4622 2 1 1 4673 4674 4765 4764
4623 2 1 1 4674 4675 4766 4765
4624 2 1 1 4675 4676 4767 4766
4625 2 1 1 4676 4677 4768 4767
4626 2 1 1 4677 4678 4769 4768
4627 2 1 1 4678 4679 4770 4769
4628 2 1 1 4679 4680 4771 4770
4629 2 1 1 4680 4681 4772 4771
4630 2 1 1 4681 4682 4773 4772
4631 2 1 1 4682 4683 4774 4773
4632 2 1 1 4683 4684 4775 4774
4633 2 1 1 4684 4685 4776 4775
4634 2 1 1 4685 4686 4777 4776
4635 2 1 1 4686 4687 4778 4777
4636 2 1 1 4687 4688 4779 4778
4637 2 1 1 4688 4689 4780 4779
4638 2 1 1 4689 4690 4781 4780
4639 2 1 1 4690 4691 4782 4781
4640 2 1 1 4691 4692 4783 4782
4641 2 1 1 4692 4693 4784 4783
4642 2 1 1 4693 4694 4785 4784
4643 2 1 1 4694 4695 4786 4785
4644 2 1 1 4695 4696 4787 4786
4645 2 1 1 4696 4697 4788 4787
4646 2 1 1 4697 4698 4789 4788
4647 2 1 1 4698 4699 4790 4789
4648 2 1 1 4699 4700 4791 4790
4649 2 1 1 4700 4701 4792 4791
4650 2 1 1 4701 4702 4793 4792
4651 2 1 1 4702 4703 4794 4793
4652 2 1 1 4703 4704 4795 4794
4653 2 1 1 4704 4705 4796 4795
4654 2 1 1 4705 4706 4797 4796
4655 2 1 1 4706 4707 4798 4797
4656 2 1 1 4707 4708 4799 4798
4657 2 1 1 4708 4709 4800 4799
4658 2 1 1 4709 4710 4801 4800
4659 2 1 1 4710 4711 4802 4801
4660 2 1 1 4711 4712 4803 4802
4661 2 1 1 4712 4713 4804 4803
4662 2 1 1 4713 4714 4805 4804
4663 2 1 1 4714 4715 4806 4805
4664 2 1 1 4715 4716 4807 4806
4665 2 1 1 4716 4717 4808 4807
4666 2 1 1 4717 4718 4809 4808
4667 2 1 1 4718 4719 4810 4809
4668 2 1 1 4719 4720 4811 4810
4669 2 1 1 4720 4721 4812 4811
4670 2 1 1 4721 4722 4813 4812
4671 2 1 1 4722 4723 4814 4813
4672 2 1 1 4723 4724 4815 4814
4673 2 1 1 4724 4725 4816 4815
4674 2 1 1 4725 4726 4817 4816
4675 2 1 1 4726 4727 4818 4817
4676 2 1 1 4727 4728 4819 4818
4677 2 1 1 4728 4729 4820 4819
4678 2 1 1 4729 4730 4821 4820
4679 2 1 1 4730 4731 4822 4821
4680 2 1 1 4731 4732 4823 4822
4681 2 1 1 4733 4734 4825 4824
4682 2 1 1 4734 4735 4826 4825
4683 2 1 1 4735 4736 4827 4826
4684 2 1 1 4736 4737 4828 4827
4685 2 1 1 4737 4738 4829 4828
4686 2 1 1 4738 4739 4830 4829
4687 2 1 1 4739 4740 4831 4830
4688 2 1 1 4740 4741 4832 4831
4689 2 1 1 4741 4742 4833 4832
4690 2 1 1 4742 4743 4834 4833
4691 2 1 1 4743 4744 4835 4834
4692 2 1 1 4744 4745 4836 4835
4693 2 1 1 4745 4746 4837 4836
4694 2 1 1 4746 4747 4838 4837
4695 2 1 1 4747 4748 4839 4838
4696 2 1 1 4748 4749 4840 4839
4697 2 1 1 4749 4750 4841 4840
4698 2 1 1 4750 4751 4842 4841
4699 2 1 1 4751 4752 4843 4842
4700 2 1 1 4752 4753 4844 4843
4701 2 1 1 4753 4754 4845 4844
4702 2 1 1 4754 4755 4846 4845
4703 2 1 1 4755 4756 4847 4846
4704 2 1 1 4756 4757 4848 4847
4705 2 1 1 4757 4758 4849 4848
4706 2 1 1 4758 4759 4850 4849
4707 2 1 1 4759 4760 4851 4850
4708 2 1 1 4760 4761 4852 4851
4709 2 1 1 4761 4762 4853 4852
4710 2 1 1 4762 4763 4854 4853
4711 2 1 1 4763 4764 4855 4854
4712 2 1 1 4764 4765 4856 4855
4713 2 1 1 4765 4766 4857 4856
4714 2 1 1 4766 4767 4858 4857
4715 2 1 1 4767 4768 4859 4858
4716 2 1 1 4768 4769 4860 4859
4717 2 1 1 4769 4770 4861 4860
4718 2 1 1 4770 4771 4862 4861
4719 2 1 1 4771 4772 4863 4862
4720 2 1 1 4772 4773 4864 4863
4721 2 1 1 4773 4774 4865 4864
4722 2 1 1 4774 4775 4866 4865
4723 2 1 1 4775 4776 4867 4866
4724 2 1 1 4776 4777 4868 4867
4725 2 1 1 4777 4778 4869 4868
4726 2 1 1 4778 4779 4870 4869
4727 2 1 1 4779 4780 4871 4870
4728 2 1 1 4780 4781 4872 4871
4729 2 1 1 4781 4782 4873 4872
4730 2 1 1 4782 4783 4874 4873
4731 2 1 1 4783 4784 4875 4874
4732 2 1 1 4784 4785 4876 4875
4733 2 1 1 4785 4786 4877 4876
4734 2 1 1 4786 4787 4878 4877
4735 2 1 1 4787 4788 4879 4878
4736 2 1 1 4788 4789 4880 4879
4737 2 1 1 4789 4790 4881 4880
4738 2 1 1 4790 4791 4882 4881
4739 2 1 1 4791 4792 4883 4882
4740 2 1 1 4792 4793 4884 4883
4741 2 1 1 4793 4794 4885 4884
4742 2 1 1 4794 4795 4886 4885
4743 2 1 1 4795 4796 4887 4886
4744 2 1 1 4796 4797 4888 4887
4745 2 1 1 4797 4798 4889 4888
4746 2 1 1 4798 4799 4890 4889
4747 2 1 1 4799 4800 4891 4890
4748 2 1 1 4800 4801 4892 4891
4749 2 1 1 4801 4802 4893 4892
4750 2 1 1 4802 4803 4894 4893
4751 2 1 1 4803 4804 4895 4894
4752 2 1 1 4804 4805 4896 4895
4753 2 1 1 4805 4806 4897 4896
4754 2 1 1 4806 4807 4898 4897
4755 2 1 1 4807 4808 4899 4898
4756 2 1 1 4808 4809 4900 4899
4757 2 1 1 4809 4810 4901 4900
4758 2 1 1 4810 4811 4902 4901
4759 2 1 1 4811 4812 4903 4902
4760 2 1 1 4812 4813 4904 4903
4761 2 1 1 4813 4814 4905 4904
4762 2 1 1 4814 4815 4906 4905
4763 2 1 1 4815 4816 4907 4906
4764 2 1 1 4816 4817 4908 4907
4765 2 1 1 4817 4818 4909 4908
4766 2 1 1 4818 4819 4910 4909
4767 2 1 1 4819 4820 4911 4910
4768 2 1 1 4820 4821 4912 4911
4769 2 1 1 4821 4822 4913 4912
4770 2 1 1 4822 4823 4914 4913
4771 2 1 1 4824 4825 4916 4915
4772 2 1 1 4825 4826 4917 4916
4773 2 1 1 4826 4827 4918 4917
4774 2 1 1 4827 4828 4919 4918
4775 2 1 1 4828 4829 4920 4919
4776 2 1 1 4829 4830 4921 4920
4777 2 1 1 4830 4831 4922 4921
4778 2 1 1 4831 4832 4923 4922
4779 2 1 1 4832 4833 4924 4923
4780 2 1 1 4833 4834 4925 4924
4781 2 1 1 4834 4835 4926 4925
4782 2 1 1 4835 4836 4927 4926
4783 2 1 1 4836 4837 4928 4927
4784 2 1 1 4837 4838 4929 4928
4785 2 1 1 4838 4839 4930 4929
4786 2 1 1 4839 4840 4931 4930
4787 2 1 1 4840 4841 4932 4931
4788 2 1 1 4841 4842 4933 4932
4789 2 1 1 4842 4843 4934 4933
4790 2 1 1 4843 4844 4935 4934
4791 2 1 1 4844 4845 4936 4935
4792 2 1 1 4845 4846 4937 4936
4793 2 1 1 4846 4847 4938 4937
4794 2 1 1 4847 4848 4939 4938
4795 2 1 1 4848 4849 4940 4939
4796 2 1 1 4849 4850 4941 4940
4797 2 1 1 4850 4851 4942 4941
4798 2 1 1 4851 4852 4943 4942
4799 2 1 1 4852 4853 4944 4943
4800 2 1 1 4853 4854 4945 4944
4801 2 1 1 4854 4855 4946 4945
4802 2 1 1 4855 4856 4947 4946
4803 2 1 1 4856 4857 4948 4947
4804 2 1 1 4857 4858 4949 4948
4805 2 1 1 4858 4859 4950 4949
4806 2 1 1 4859 4860 4951 4950
4807 2 1 1 4860 4861 4952 4951
4808 2 1 1 4861 4862 4953 4952
4809 2 1 1 4862 4863 4954 4953
4810 2 1 1 4863 4864 4955 4954
4811 2 1 1 4864 4865 4956 4955
4812 2 1 1 4865 4866 4957 4956
4813 2 1 1 4866 4867 4958 4957
4814 2 1 1 4867 4868 4959 4958
4815 2 1 1 4868 4869 4960 4959
4816 2 1 1 4869 4870 4961 4960
4817 2 1 1 4870 4871 4962 4961
4818 2 1 1 4871 4872 4963 4962
4819 2 1 1 4872 4873 4964 4963
4820 2 1 1 4873 4874 4965 4964
4821 2 1 1 4874 4875 4966 4965
4822 2 1 1 4875 4876 4967 4966
4823 2 1 1 4876 4877 4968 4967
4824 2 1 1 4877 4878 4969 4968
4825 2 1 1 4878 4879 4970 4969
4826 2 1 1 4879 4880 4971 4970
4827 2 1 1 4880 4881 4972 4971
4828 2 1 1 4881 4882 4973 4972
4829 2 1 1 4882 4883 4974 4973
4830 2 1 1 4883 4884 4975 4974
4831 2 1 1 4884 4885 4976 4975
4832 2 1 1 4885 4886 4977 4976
4833 2 1 1 4886 4887 4978 4977
4834 2 1 1 4887 4888 4979 4978
4835 2 1 1 4888 4889 4980 4979
4836 2 1 1 4889 4890 4981 4980
4837 2 1 1 4890 4891 4982 4981
4838 2 1 1 4891 4892 4983 4982
4839 2 1 1 4892 4893 4984 4983
4840 2 1 1 4893 4894 4985 4984
4841 2 1 1 4894 4895 4986 4985
4842 2 1 1 4895 4896 4987 4986
4843 2 1 1 4896 4897 4988 4987
4844 2 1 1 4897 4898 4989 4988
4845 2 1 1 4898 4899 4990 4989
4846 2 1 1 4899 4900 4991 4990
4847 2 1 1 4900 4901 4992 4991
4848 2 1 1 4901 4902 4993 4992
4849 2 1 1 4902 4903 4994 4993
4850 2 1 1 4903 4904 4995 4994
4851 2 1 1 4904 4905 4996 4995
4852 2 1 1 4905 4906 4997 4996
4853 2 1 1 4906 4907 4998 4997
4854 2 1 1 4907 4908 4999 4998
4855 2 1 1 4908 4909 5000 4999
4856 2 1 1 4909 4910 5001 5000
4857 2 1 1 4910 4911 5002 5001
4858 2 1 1 4911 4912 5003 5002
4859 2 1 1 4912 4913 5004 5003
4860 2 1 1 4913 4914 5005 5004
4861 2 1 1 4915 4916 5007 5006
4862 2 1 1 4916 4917 5008 5007
4863 2 1 1 4917 4918 5009 5008
4864 2 1 1 4918 4919 5010 5009
4865 2 1 1 4919 4920 5011 5010
4866 2 1 1 4920 4921 5012 5011
4867 2 1 1 4921 4922 5013 5012
4868 2 1 1 4922 4923 5014 5013
4869 2 1 1 4923 4924 5015 5014
4870 2 1 1 4924 4925 5016 5015
4871 2 1 1 4925 4926 5017 5016
4872 2 1 1 4926 4927 5018 5017
4873 2 1 1 4927 4928 5019 5018
4874 2 1 1 4928 4929 5020 5019
4875 2 1 1 4929 4930 5021 5020
4876 2 1 1 4930 4931 5022 5021
4877 2 1 1 4931 4932 5023 5022
4878 2 1 1 4932 4933 5024 5023
4879 2 1 1 4933 4934 5025 5024
4880 2 1 1 4934 4935 5026 5025
4881 2 1 1 4935 4936 5027 5026
4882 2 1 1 4936 4937 5028 5027
4883 2 1 1 4937 4938 5029 5028
4884 2 1 1 4938 4939 5030 5029
4885 2 1 1 4939 4940 5031 5030
4886 2 1 1 4940 4941 5032 5031
4887 2 1 1 4941 4942 5033 5032
4888 2 1 1 4942 4943 5034 5033
4889 2 1 1 4943 4944 5035 5034
4890 2 1 1 4944 4945 5036 5035
4891 2 1 1 4945 4946 5037 5036
4892 2 1 1 4946 4947 5038 5037
4893 2 1 1 4947 4948 5039 5038
4894 2 1 1 4948 4949 5040 5039
4895 2 1 1 4949 4950 5041 5040
4896 2 1 1 4950 4951 5042 5041
4897 2 1 1 4951 4952 5043 5042
4898 2 1 1 4952 4953 5044 5043
4899 2 1 1 4953 4954 5045 5044
4900 2 1 1 4954 4955 5046 5045
4901 2 1 1 4955 4956 5047 5046
4902 2 1 1 4956 4957 5048 5047
4903 2 1 1 4957 4958 5049 5048
4904 2 1 1 4958 4959 5050 5049
4905 2 1 1 4959 4960 5051 5050
4906 2 1 1 4960 4961 5052 5051
4907 2 1 1 4961 4962 5053 5052
4908 2 1 1 4962 4963 5054 5053
4909 2 1 1 4963 4964 5055 5054
4910 2 1 1 4964 4965 5056 5055
4911 2 1 1 4965 4966 5057 5056
4912 2 1 1 4966 4967 5058 5057
4913 2 1 1 4967 4968 5059 5058
4914 2 1 1 4968 4969 5060 5059
4915 2 1 1 4969 4970 5061 5060
4916 2 1 1 4970 4971 5062 5061
4917 2 1 1 4971 4972 5063 5062
4918 2 1 1 4972 4973 5064 5063
4919 2 1 1 4973 4974 5065 5064
4920 2 1 1 4974 4975 5066 5065
4921 2 1 1 4975 4976 5067 5066
4922 2 1 1 4976 4977 5068 5067
4923 2 1 1 4977 4978 5069 5068
4924 2 1 1 4978 4979 5070 5069
4925 2 1 1 4979 4980 5071 5070
4926 2 1 1 4980 4981 5072 5071
4927 2 1 1 4981 4982 5073 5072
4928 2 1 1 4982 4983 5074 5073
4929 2 1 1 4983 4984 5075 5074
4930 2 1 1 4984 4985 5076 5075
4931 2 1 1 4985 4986 5077 5076
4932 2 1 1 4986 4987 5078 5077
4933 2 1 1 4987 4988 5079 5078
4934 2 1 1 4988 4989 5080 5079
4935 2 1 1 4989 4990 5081 5080
4936 2 1 1 4990 4991 5082 5081
4937 2 1 1 4991 4992 5083 5082
4938 2 1 1 4992 4993 5084 5083
4939 2 1 1 4993 4994 5085 5084
4940 2 1 1 4994 4995 5086 5085
4941 2 1 1 4995 4996 5087 5086
4942 2 1 1 4996 4997 5088 5087
4943 2 1 1 4997 4998 5089 5088
4944 2 1 1 4998 4999 5090 5089
4945 2 1 1 4999 5000 5091 5090
4946 2 1 1 5000 5001 5092 5091
4947 2 1 1 5001 5002 5093 5092
4948 2 1 1 5002 5003 5094 5093
4949 2 1 1 5003 5004 5095 5094
4950 2 1 1 5004 5005 5096 5095
4951 2 1 1 5006 5007 5098 5097
4952 2 1 1 5007 5008 5099 5098
4953 2 1 1 5008 5009 5100 5099
4954 2 1 1 5009 5010 5101 5100
4955 2 1 1 5010 5011 5102 5101
4956 2 1 1 5011 5012 5103 5102
4957 2 1 1 5012 5013 5104 5103
4958 2 1 1 5013 5014 5105 5104
4959 2 1 1 5014 5015 5106 5105
4960 2 1 1 5015 5016 5107 5106
4961 2 1 1 5016 5017 5108 5107
4962 2 1 1 5017 5018 5109 5108
4963 2 1 1 5018 5019 5110 5109
4964 2 1 1 5019 5020 5111 5110
4965 2 1 1 5020 5021 5112 5111
4966 2 1 1 5021 5022 5113 5112
4967 2 1 1 5022 5023 5114 5113
4968 2 1 1 5023 5024 5115 5114
4969 2 1 1 5024 5025 5116 5115
4970 2 1 1 5025 5026 5117 5116
4971 2 1 1 5026 5027 5118 5117
4972 2 1 1 5027 5028 5119 5118
4973 2 1 1 5028 5029 5120 5119
4974 2 1 1 5029 5030 5121 5120
4975 2 1 1 5030 5031 5122 5121
4976 2 1 1 5031 5032 5123 5122
4977 2 1 1 5032 5033 5124 5123
4978 2 1 1 5033 5034 5125 5124
4979 2 1 1 5034 5035 5126 5125
4980 2 1 1 5035 5036 5127 5126
4981 2 1 1 5036 5037 5128 5127
4982 2 1 1 5037 5038 5129 5128
4983 2 1 1 5038 5039 5130 5129
4984 2 1 1 5039 5040 5131 5130
4985 2 1 1 5040 5041 5132 5131
4986 2 1 1 5041 5042 5133 5132
4987 2 1 1 5042 5043 5134 5133
4988 2 1 1 5043 5044 5135 5134
4989 2 1 1 5044 5045 5136 5135
4990 2 1 1 5045 5046 5137 5136
4991 2 1 1 5046 5047 5138 5137
4992 2 1 1 5047 5048 5139 5138
4993 2 1 1 5048 5049 5140 5139
4994 2 1 1 5049 5050 5141 5140
4995 2 1 1 5050 5051 5142 5141
4996 2 1 1 5051 5052 5143 5142
4997 2 1 1 5052 5053 5144 5143
4998 2 1 1 5053 5054 5145 5144
4999 2 1 1 5054 5055 5146 5145
5000 2 1 1 5055 5056 5147 5146
5001 2 1 1 5056 5057 5148 5147
5002 2 1 1 5057 5058 5149 5148
5003 2 1 1 5058 5059 5150 5149
5004 2 1 1 5059 5060 5151 5150
5005 2 1 1 5060 5061 5152 5151
5006 2 1 1 5061 5062 5153 5152
5007 2 1 1 5062 5063 5154 5153
5008 2 1 1 5063 5064 5155 5154
5009 2 1 1 5064 5065 5156 5155
5010 2 1 1 5065 5066 5157 5156
5011 2 1 1 5066 5067 5158 5157
5012 2 1 1 5067 5068 5159 5158
5013 2 1 1 5068 5069 5160 5159
5014 2 1 1 5069 5070 5161 5160
5015 2 1 1 5070 5071 5162 5161
5016 2 1 1 5071 5072 5163 5162
5017 2 1 1 5072 5073 5164 5163
5018 2 1 1 5073 5074 5165 5164
5019 2 1 1 5074 5075 5166 5165
5020 2 1 1 5075 5076 5167 5166
5021 2 1 1 5076 5077 5168 5167
5022 2 1 1 5077 5078 5169 5168
5023 2 1 1 5078 5079 5170 5169
5024 2 1 1 5079 5080 5171 5170
5025 2 1 1 5080 5081 5172 5171
5026 2 1 1 5081 5082 5173 5172
5027 2 1 1 5082 5083 5174 5173
5028 2 1 1 5083 5084 5175 5174
5029 2 1 1 5084 5085 5176 5175
5030 2 1 1 5085 5086 5177 5176
5031 2 1 1 5086 5087 5178 5177
5032 2 1 1 5087 5088 5179 5178
5033 2 1 1 5088 5089 5180 5179
5034 2 1 1 5089 5090 5181 5180
5035 2 1 1 5090 5091 5182 5181
5036 2 1 1 5091 5092 5183 5182
5037 2 1 1 5092 5093 5184 5183
5038 2 1 1 5093 5094 5185 5184
5039 2 1 1 5094 5095 5186 5185
5040 2 1 1 5095 5096 5187 5186
5041 2 1 1 5097 5098 5189 5188
5042 2 1 1 5098 5099 5190 5189
5043 2 1 1 5099 5100 5191 5190
5044 2 1 1 5100 5101 5192 5191
5045 2 1 1 5101 5102 5193 5192
5046 2 1 1 5102 5103 5194 5193
5047 2 1 1 5103 5104 5195 5194
5048 2 1 1 5104 5105 5196 5195
5049 2 1 1 5105 5106 5197 5196
5050 2 1 1 5106 5107 5198 5197
5051 2 1 1 5107 5108 5199 5198
5052 2 1 1 5108 5109 5200 5199
5053 2 1 1 5109 5110 5201 5200
5054 2 1 1 5110 5111 5202 5201
5055 2 1 1 5111 5112 5203 5202
5056 2 1 1 5112 5113 5204 5203
5057 2 1 1 5113 5114 5205 5204
5058 2 1 1 5114 5115 5206 5205
5059 2 1 1 5115 5116 5207 5206
5060 2 1 1 5116 5117 5208 5207
5061 2 1 1 5117 5118 5209 5208
5062 2 1 1 5118 5119 5210 5209
5063 2 1 1 5119 5120 5211 5210
5064 2 1 1 5120 5121 5212 5211
5065 2 1 1 5121 5122 5213 5212
5066 2 1 1 5122 5123 5214 5213
5067 2 1 1 5123 5124 5215 5214
5068 2 1 1 5124 5125 5216 5215
5069 2 1 1 5125 5126 5217 5216
5070 2 1 1 5126 5127 5218 5217
5071 2 1 1 5127 5128 5219 5218
5072 2 1 1 5128 5129 5220 5219
5073 2 1 1 5129 5130 5221 5220
5074 2 1 1 5130 5131 5222 5221
5075 2 1 1 5131 5132 5223 5222
5076 2 1 1 5132 5133 5224 5223
5077 2 1 1 5133 5134 5225 5224
5078 2 1 1 5134 5135 5226 5225
5079 2 1 1 5135 5136 5227 5226
5080 2 1 1 5136 5137 5228 5227
5081 2 1 1 5137 5138 5229 5228
5082 2 1 1 5138 5139 5230 5229
5083 2 1 1 5139 5140 5231 5230
5084 2 1 1 5140 5141 5232 5231
5085 2 1 1 5141 5142 5233 5232
5086 2 1 1 5142 5143 5234 5233
5087 2 1 1 5143 5144 5235 5234
5088 2 1 1 5144 5145 5236 5235
5089 2 1 1 5145 5146 5237 5236
5090 2 1 1 5146 5147 5238 5237
5091 2 1 1 5147 5148 5239 5238
5092 2 1 1 5148 5149 5240 5239
5093 2 1 1 5149 5150 5241 5240
5094 2 1 1 5150 5151 5242 5241
5095 2 1 1 5151 5152 5243 5242
5096 2 1 1 5152 5153 5244 5243
5097 2 1 1 5153 5154 5245 5244
5098 2 1 1 5154 5155 5246 5245
5099 2 1 1 5155 5156 5247 5246
5100 2 1 1 5156 5157 5248 5247
5101 2 1 1 5157 5158 5249 5248
5102 2 1 1 5158 5159 5250 5249
5103 2 1 1 5159 5160 5251 5250
5104 2 1 1 5160 5161 5252 5251
5105 2 1 1 5161 5162 5253 5252
5106 2 1 1 5162 5163 5254 5253
5107 2 1 1 5163 5164 5255 5254
5108 2 1 1 5164 5165 5256 5255
5109 2 1 1 5165 5166 5257 5256
5110 2 1 1 5166 5167 5258 5257
5111 2 1 1 5167 5168 5259 5258
5112 2 1 1 5168 5169 5260 5259
5113 2 1 1 5169 5170 5261 5260
5114 2 1 1 5170 5171 5262 5261
5115 2 1 1 5171 5172 5263 5262
5116 2 1 1 5172 5173 5264 5263
5117 2 1 1 5173 5174 5265 5264
5118 2 1 1 5174 5175 5266 5265
5119 2 1 1 5175 5176 5267 5266
5120 2 1 1 5176 5177 5268 5267
5121 2 1 1 5177 5178 5269 5268
5122 2 1 1 5178 5179 5270 5269
5123 2 1 1 5179 5180 5271 5270
5124 2 1 1 5180 5181 5272 5271
5125 2 1 1 5181 5182 5273 5272
5126 2 1 1 5182 5183 5274 5273
5127 2 1 1 5183 5184 5275 5274
5128 2 1 1 5184 5185 5276 5275
5129 2 1 1 5185 5186 5277 5276
5130 2 1 1 5186 5187 5278 5277
5131 2 1 1 5188 5189 5280 5279
5132 2 1 1 5189 5190 5281 5280
5133 2 1 1 5190 5191 5282 5281
5134 2 1 1 5191 5192 5283 5282
5135 2 1 1 5192 5193 5284 5283
5136 2 1 1 5193 5194 5285 5284
5137 2 1 1 5194 5195 5286 5285
5138 2 1 1 5195 5196 5287 5286
5139 2 1 1 5196 5197 5288 5287
5140 2 1 1 5197 5198 5289 5288
5141 2 1 1 5198 5199 5290 5289
5142 2 1 1 5199 5200 5291 5290
5143 2 1 1 5200 5201 5292 5291
5144 2 1 1 5201 5202 5293 5292
5145 2 1 1 5202 5203 5294 5293
5146 2 1 1 5203 5204 5295 5294
5147 2 1 1 5204 5205 5296 5295
5148 2 1 1 5205 5206 5297 5296
5149 2 1 1 5206 5207 5298 5297
5150 2 1 1 5207 5208 5299 5298
5151 2 1 1 5208 5209 5300 5299
5152 2 1 1 5209 5210 5301 5300
5153 2 1 1 5210 5211 5302 5301
5154 2 1 1 5211 5212 5303 5302
5155 2 1 1 5212 5213 5304 5303
5156 2 1 1 5213 5214 5305 5304
5157 2 1 1 5214 5215 5306 5305
5158 2 1 1 5215 5216 5307 5306
5159 2 1 1 5216 5217 5308 5307
5160 2 1 1 5217 5218 5309 5308
5161 2 1 1 5218 5219 5310 5309
5162 2 1 1 5219 5220 5311 5310
5163 2 1 1 5220 5221 5312 5311
5164 2 1 1 5221 5222 5313 5312
5165 2 1 1 5222 5223 5314 5313
5166 2 1 1 5223 5224 5315 5314
5167 2 1 1 5224 5225 5316 5315
5168 2 1 1 5225 5226 5317 5316
5169 2 1 1 5226 5227 5318 5317
5170 2 1 1 5227 5228 5319 5318
5171 2 1 1 5228 5229 5320 5319
5172 2 1 1 5229 5230 5321 5320
5173 2 1 1 5230 5231 5322 5321
5174 2 1 1 5231 5232 5323 5322
5175 2 1 1 5232 5233 5324 5323
5176 2 1 1 5233 5234 5325 5324
5177 2 1 1 5234 5235 5326 5325
5178 2 1 1 5235 5236 5327 5326
5179 2 1 1 5236 5237 5328 5327
5180 2 1 1 5237 5238 5329 5328
5181 2 1 1 5238 5239 5330 5329
5182 2 1 1 5239 5240 5331 5330
5183 2 1 1 5240 5241 5332 5331
5184 2 1 1 5241 5242 5333 5332
5185 2 1 1 5242 5243 5334 5333
5186 2 1 1 5243 5244 5335 5334
5187 2 1 1 5244 5245 5336 5335
5188 2 1 1 5245 5246 5337 5336
5189 2 1 1 5246 5247 5338 5337
5190 2 1 1 5247 5248 5339 5338
5191 2 1 1 5248 5249 5340 5339
5192 2 1 1 5249 5250 5341 5340
5193 2 1 1 5250 5251 5342 5341
5194 2 1 1 5251 5252 5343 5342
5195 2 1 1 5252 5253 5344 5343
5196 2 1 1 5253 5254 5345 5344
5197 2 1 1 5254 5255 5346 5345
5198 2 1 1 5255 5256 5347 5346
5199 2 1 1 5256 5257 5348 5347
5200 2 1 1 5257 5258 5349 5348
5201 2 1 1 5258 5259 5350 5349
5202 2 1 1 5259 5260 5351 5350
5203 2 1 1 5260 5261 5352 5351
5204 2 1 1 5261 5262 5353 5352
5205 2 1 1 5262 5263 5354 5353
5206 2 1 1 5263 5264 5355 5354
5207 2 1 1 5264 5265 5356 5355
5208 2 1 1 5265 5266 5357 5356
5209 2 1 1 5266 5267 5358 5357
5210 2 1 1 5267 5268 5359 5358
5211 2 1 1 5268 5269 5360 5359
5212 2 1 1 5269 5270 5361 5360
5213 2 1 1 5270 5271 5362 5361
5214 2 1 1 5271 5272 5363 5362
5215 2 1 1 5272 5273 5364 5363
5216 2 1 1 5273 5274 5365 5364
5217 2 1 1 5274 5275 5366 5365
5218 2 1 1 5275 5276 5367 5366
5219 2 1 1 5276 5277 5368 5367
5220 2 1 1 5277 5278 5369 5368
5221 2 1 1 5279 5280 5371 5370
5222 2 1 1 5280 5281 5372 5371
5223 2 1 1 5281 5282 5373 5372
5224 2 1 1 5282 5283 5374 5373
5225 2 1 1 5283 5284 5375 5374
5226 2 1 1 5284 5285 5376 5375
5227 2 1 1 5285 5286 5377 5376
5228 2 1 1 5286 5287 5378 5377
5229 2 1 1 5287 5288 5379 5378
5230 2 1 1 5288 5289 5380 5379
5231 2 1 1 5289 5290 5381 5380
5232 2 1 1 5290 5291 5382 5381
5233 2 1 1 5291 5292 5383 5382
5234 2 1 1 5292 5293 5384 5383
5235 2 1 1 5293 5294 5385 5384
5236 2 1 1 5294 5295 5386 5385
5237 2 1 1 5295 5296 5387 5386
5238 2 1 1 5296 5297 5388 5387
5239 2 1 1 5297 5298 5389 5388
5240 2 1 1 5298 5299 5390 5389
5241 2 1 1 5299 5300 5391 5390
5242 2 1 1 5300 5301 5392 5391
5243 2 1 1 5301 5302 5393 5392
5244 2 1 1 5302 5303 5394 5393
5245 2 1 1 5303 5304 5395 5394
5246 2 1 1 5304 5305 5396 5395
5247 2 1 1 5305 5306 5397 5396
5248 2 1 1 5306 5307 5398 5397
5249 2 1 1 5307 5308 5399 5398
5250 2 1 1 5308 5309 5400 5399
5251 2 1 1 5309 5310 5401 5400
5252 2 1 1 5310 5311 5402 5401
5253 2 1 1 5311 5312 5403 5402
5254 2 1 1 5312 5313 5404 5403
5255 2 1 1 5313 5314 5405 5404
5256 2 1 1 5314 5315 5406 5405
5257 2 1 1 5315 5316 5407 5406
5258 2 1 1 5316 5317 5408 5407
5259 2 1 1 5317 5318 5409 5408
5260 2 1 1 5318 5319 5410 5409
5261 2 1 1 5319 5320 5411 5410
5262 2 1 1 5320 5321 5412 5411
5263 2 1 1 5321 5322 5413 5412
5264 2 1 1 5322 5323 5414 5413
5265 2 1 1 5323 5324 5415 5414
5266 2 1 1 5324 5325 5416 5415
5267 2 1 1 5325 5326 5417 5416
5268 2 1 1 5326 5327 5418 5417
5269 2 1 1 5327 5328 5419 5418
5270 2 1 1 5328 5329 5420 5419
5271 2 1 1 5329 5330 5421 5420
5272 2 1 1 5330 5331 5422 5421
5273 2 1 1 5331 5332 5423 5422
5274 2 1 1 5332 5333 5424 5423
5275 2 1 1 5333 5334 5425 5424
5276 2 1 1 5334 5335 5426 5425
5277 2 1 1 5335 5336 5427 5426
5278 2 1 1 5336 5337 5428 5427
5279 2 1 1 5337 5338 5429 5428
5280 2 1 1 5338 5339 5430 5429
5281 2 1 1 5339 5340 5431 5430
5282 2 1 1 5340 5341 5432 5431
5283 2 1 1 5341 5342 5433 5432
5284 2 1 1 5342 5343 5434 5433
5285 2 1 1 5343 5344 5435 5434
5286 2 1 1 5344 5345 5436 5435
5287 2 1 1 5345 5346 5437 5436
5288 2 1 1 5346 5347 5438 5437
5289 2 1 1 5347 5348 5439 5438
5290 2 1 1 5348 5349 5440 5439
5291 2 1 1 5349 5350 5441 5440
5292 2 1 1 5350 5351 5442 5441
5293 2 1 1 5351 5352 5443 5442
5294 2 1 1 5352 5353 5444 5443
5295 2 1 1 5353 5354 5445 5444
5296 2 1 1 5354 5355 5446 5445
5297 2 1 1 5355 5356 5447 5446
5298 2 1 1 5356 5357 5448 5447
5299 2 1 1 5357 5358 5449 5448
5300 2 1 1 5358 5359 5450 5449
5301 2 1 1 5359 5360 5451 5450
5302 2 1 1 5360 5361 5452 5451
5303 2 1 1 5361 5362 5453 5452
5304 2 1 1 5362 5363 5454 5453
5305 2 1 1 5363 5364 5455 5454
5306 2 1 1 5364 5365 5456 5455
5307 2 1 1 5365 5366 5457 5456
5308 2 1 1 5366 5367 5458 5457
5309 2 1 1 5367 5368 5459 5458
5310 2 1 1 5368 5369 5460 5459
5311 2 1 1 5370 5371 5462 5461
5312 2 1 1 5371 5372 5463 5462
5313 2 1 1 5372 5373 5464 5463
5314 2 1 1 5373 5374 5465 5464
5315 2 1 1 5374 5375 5466 5465
5316 2 1 1 5375 5376 5467 5466
5317 2 1 1 5376 5377 5468 5467
5318 2 1 1 5377 5378 5469 5468
5319 2 1 1 5378 5379 5470 5469
5320 2 1 1 5379 5380 5471 5470
5321 2 1 1 5380 5381 5472 5471
5322 2 1 1 5381 5382 5473 5472
5323 2 1 1 5382 5383 5474 5473
5324 2 1 1 5383 5384 5475 5474
5325 2 1 1 5384 5385 5476 5475
5326 2 1 1 5385 5386 5477 5476
5327 2 1 1 5386 5387 5478 5477
5328 2 1 1 5387 5388 5479 5478
5329 2 1 1 5388 5389 5480 5479
5330 2 1 1 5389 5390 5481 5480
5331 2 1 1 5390 5391 5482 5481
5332 2 1 1 5391 5392 5483 5482
5333 2 1 1 5392 5393 5484 5483
5334 2 1 1 5393 5394 5485 5484
5335 2 1 1 5394 5395 5486 5485
5336 2 1 1 5395 5396 5487 5486
5337 2 1 1 5396 5397 5488 5487
5338 2 1 1 5397 5398 5489 5488
5339 2 1 1 5398 5399 5490 5489
5340 2 1 1 5399 5400 5491 5490
5341 2 1 1 5400 5401 5492 5491
5342 2 1 1 5401 5402 5493 5492
5343 2 1 1 5402 5403 5494 5493
5344 2 1 1 5403 5404 5495 5494
5345 2 1 1 5404 5405 5496 5495
5346 2 1 1 5405 5406 5497 5496
5347 2 1 1 5406 5407 5498 5497
5348 2 1 1 5407 5408 5499 5498
5349 2 1 1 5408 5409 5500 5499
5350 2 1 1 5409 5410 5501 5500
5351 2 1 1 5410 5411 5502 5501
5352 2 1 1 5411 5412 5503 5502
5353 2 1 1 5412 5413 5504 5503
5354 2 1 1 5413 5414 5505 5504
5355 2 1 1 5414 5415 5506 5505
5356 2 1 1 5415 5416 5507 5506
5357 2 1 1 5416 5417 5508 5507
5358 2 1 1 5417 5418 5509 5508
5359 2 1 1 5418 5419 5510 5509
5360 2 1 1 5419 5420 5511 5510
5361 2 1 1 5420 5421 5512 5511
5362 2 1 1 5421 5422 5513 5512
5363 2 1 1 5422 5423 5514 5513
5364 2 1 1 5423 5424 5515 5514
5365 2 1 1 5424 5425 5516 5515
5366 2 1 1 5425 5426 5517 5516
5367 2 1 1 5426 5427 5518 5517
5368 2 1 1 5427 5428 5519 5518
5369 2 1 1 5428 5429 5520 5519
5370 2 1 1 5429 5430 5521 5520
5371 2 1 1 5430 5431 5522 5521
5372 2 1 1 5431 5432 5523 5522
5373 2 1 1 5432 5433 5524 5523
5374 2 1 1 5433 5434 5525 5524
5375 2 1 1 5434 5435 5526 5525
5376 2 1 1 5435 5436 5527 5526
5377 2 1 1 5436 5437 5528 5527
5378 2 1 1 5437 5438 5529 5528
5379 2 1 1 5438 5439 5530 5529
5380 2 1 1 5439 5440 5531 5530
5381 2 1 1 5440 5441 5532 5531
5382 2 1 1 5441 5442 5533 5532
5383 2 1 1 5442 5443 5534 5533
5384 2 1 1 5443 5444 5535 5534
5385 2 1 1 5444 5445 5536 5535
5386 2 1 1 5445 5446 5537 5536
5387 2 1 1 5446 5447 5538 5537
5388 2 1 1 5447 5448 5539 5538
5389 2 1 1 5448 5449 5540 5539
5390 2 1 1 5449 5450 5541 5540
5391 2 1 1 5450 5451 5542 5541
5392 2 1 1 5451 5452 5543 5542
5393 2 1 1 5452 5453 5544 5543
5394 2 1 1 5453 5454 5545 5544
5395 2 1 1 5454 5455 5546 5545
5396 2 1 1 5455 5456 5547 5546
5397 2 1 1 5456 5457 5548 5547
5398 2 1 1 5457 5458 5549 5548
5399 2 1 1 5458 5459 5550 5549
5400 2 1 1 5459 5460 5551 5550
5401 2 1 1 5461 5462 5553 5552
5402 2 1 1 5462 5463 5554 5553
5403 2 1 1 5463 5464 5555 5554
5404 2 1 1 5464 5465 5556 5555
5405 2 1 1 5465 5466 5557 5556
5406 2 1 1 5466 5467 5558 5557
5407 2 1 1 5467 5468 5559 5558
5408 2 1 1 5468 5469 5560 5559
5409 2 1 1 5469 5470 5561 5560
5410 2 1 1 5470 5471 5562 5561
5411 2 1 1 5471 5472 5563 5562
5412 2 1 1 5472 5473 5564 5563
5413 2 1 1 5473 5474 5565 5564
5414 2 1 1 5474 5475 5566 5565
5415 2 1 1 5475 5476 5567 5566
5416 2 1 1 5476 5477 5568 5567
5417 2 1 1 5477 5478 5569 5568
5418 2 1 1 5478 5479 5570 5569
5419 2 1 1 5479 5480 5571 5570
5420 2 1 1 5480 5481 5572 5571
5421 2 1 1 5481 5482 5573 5572
5422 2 1 1 5482 5483 5574 5573
5423 2 1 1 5483 5484 5575 5574
5424 2 1 1 5484 5485 5576 5575
5425 2 1 1 5485 5486 5577 5576
5426 2 1 1 5486 5487 5578 5577
5427 2 1 1 5487 5488 5579 5578
5428 2 1 1 5488 5489 5580 5579
5429 2 1 1 5489 5490 5581 5580
5430 2 1 1 5490 5491 5582 5581
5431 2 1 1 5491 5492 5583 5582
5432 2 1 1 5492 5493 5584 5583
5433 2 1 1 5493 5494 5585 5584
5434 2 1 1 5494 5495 5586 5585
5435 2 1 1 5495 5496 5587 5586
5436 2 1 1 5496 5497 5588 5587
5437 2 1 1 5497 5498 5589 5588
5438 2 1 1 5498 5499 5590 5589
5439 2 1 1 5499 5500 5591 5590
5440 2 1 1 5500 5501 5592 5591
5441 2 1 1 5501 5502 5593 5592
5442 2 1 1 5502 5503 5594 5593
5443 2 1 1 5503 5504 5595 5594
5444 2 1 1 5504 5505 5596 5595
5445 2 1 1 5505 5506 5597 5596
5446 2 1 1 5506 5507 5598 5597
5447 2 1 1 5507 5508 5599 5598
5448 2 1 1 5508 5509 5600 5599
5449 2 1 1 5509 5510 5601 5600
5450 2 1 1 5510 5511 5602 5601
5451 2 1 1 5511 5512 5603 5602
5452 2 1 1 5512 5513 5604 5603
5453 2 1 1 5513 5514 5605 5604
5454 2 1 1 5514 5515 5606 5605
5455 2 1 1 5515 5516 5607 5606
5456 2 1 1 5516 5517 5608 5607
5457 2 1 1 5517 5518 5609 5608
5458 2 1 1 5518 5519 5610 5609
5459 2 1 1 5519 5520 5611 5610
5460 2 1 1 5520 5521 5612 5611
5461 2 1 1 5521 5522 5613 5612
5462 2 1 1 5522 5523 5614 5613
5463 2 1 1 5523 5524 5615 5614
5464 2 1 1 5524 5525 5616 5615
5465 2 1 1 5525 5526 5617 5616
5466 2 1 1 5526 5527 5618 5617
5467 2 1 1 5527 5528 5619 5618
5468 2 1 1 5528 5529 5620 5619
5469 2 1 1 5529 5530 5621 5620
5470 2 1 1 5530 5531 5622 5621
5471 2 1 1 5531 5532 5623 5622
5472 2 1 1 5532 5533 5624 5623
5473 2 1 1 5533 5534 5625 5624
5474 2 1 1 5534 5535 5626 5625
5475 2 1 1 5535 5536 5627 5626
5476 2 1 1 5536 5537 5628 5627
5477 2 1 1 5537 5538 5629 5628
5478 2 1 1 5538 5539 5630 5629
5479 2 1 1 5539 5540 5631 5630
5480 2 1 1 5540 5541 5632 5631
5481 2 1 1 5541 5542 5633 5632
5482 2 1 1 5542 5543 5634 5633
5483 2 1 1 5543 5544 5635 5634
5484 2 1 1 5544 5545 5636 5635
5485 2 1 1 5545 5546 5637 5636
5486 2 1 1 5546 5547 5638 5637
5487 2 1 1 5547 5548 5639 5638
5488 2 1 1 5548 5549 5640 5639
5489 2 1 1 5549 5550 5641 5640
5490 2 1 1 5550 5551 5642 5641
5491 2 1 1 5552 5553 5644 5643
5492 2 1 1 5553 5554 5645 5644
5493 2 1 1 5554 5555 5646 5645
5494 2 1 1 5555 5556 5647 5646
5495 2 1 1 5556 5557 5648 5647
5496 2 1 1 5557 5558 5649 5648
5497 2 1 1 5558 5559 5650 5649
5498 2 1 1 5559 5560 5651 5650
5499 2 1 1 5560 5561 5652 5651
5500 2 1 1 5561 5562 5653 5652
5501 2 1 1 5562 5563 5654 5653
5502 2 1 1 5563 5564 5655 5654
5503 2 1 1 5564 5565 5656 5655
5504 2 1 1 5565 5566 5657 5656
5505 2 1 1 5566 5567 5658 5657
5506 2 1 1 5567 5568 5659 5658
5507 2 1 1 5568 5569 5660 5659
5508 2 1 1 5569 5570 5661 5660
5509 2 1 1 5570 5571 5662 5661
5510 2 1 1 5571 5572 5663 5662
5511 2 1 1 5572 5573 5664 5663
5512 2 1 1 5573 5574 5665 5664
5513 2 1 1 5574 5575 5666 5665
5514 2 1 1 5575 5576 5667 5666
5515 2 1 1 5576 5577 5668 5667
5516 2 1 1 5577 5578 5669 5668
5517 2 1 1 5578 5579 5670 5669
5518 2 1 1 5579 5580 5671 5670
5519 2 1 1 5580 5581 5672 5671
5520 2 1 1 5581 5582 5673 5672
5521 2 1 1 5582 5583 5674 5673
5522 2 1 1 5583 5584 5675 5674
5523 2 1 1 5584 5585 5676 5675
5524 2 1 1 5585 5586 5677 5676
5525 2 1 1 5586 5587 5678 5677
5526 2 1 1 5587 5588 5679 5678
5527 2 1 1 5588 5589 5680 5679
5528 2 1 1 5589 5590 5681 5680
5529 2 1 1 5590 5591 5682 5681
5530 2 1 1 5591 5592 5683 5682
5531 2 1 1 5592 5593 5684 5683
5532 2 1 1 5593 5594 5685 5684
5533 2 1 1 5594 5595 5686 5685
5534 2 1 1 5595 5596 5687 5686
5535 2 1 1 5596 5597 5688 5687
5536 2 1 1 5597 5598 5689 5688
5537 2 1 1 5598 5599 5690 5689
5538 2 1 1 5599 5600 5691 5690
5539 2 1 1 5600 5601 5692 5691
5540 2 1 1 5601 5602 5693 5692
5541 2 1 1 5602 5603 5694 5693
5542 2 1 1 5603 5604 5695 5694
5543 2 1 1 5604 5605 5696 5695
5544 2 1 1 5605 5606 5697 5696
5545 2 1 1 5606 5607 5698 5697
5546 2 1 1 5607 5608 5699 5698
5547 2 1 1 5608 5609 5700 5699
5548 2 1 1 5609 5610 5701 5700
5549 2 1 1 5610 5611 5702 5701
5550 2 1 1 5611 5612 5703 5702
5551 2 1 1 5612 5613 5704 5703
5552 2 1 1 5613 5614 5705 5704
5553 2 1 1 5614 5615 5706 5705
5554 2 1 1 5615 5616 5707 5706
5555 2 1 1 5616 5617 5708 5707
5556 2 1 1 5617 5618 5709 5708
5557 2 1 1 5618 5619 5710 5709
5558 2 1 1 5619 5620 5711 5710
5559 2 1 1 5620 5621 5712 5711
5560 2 1 1 5621 5622 5713 5712
5561 2 1 1 5622 5623 5714 5713
5562 2 1 1 5623 5624 5715 5714
5563 2 1 1 5624 5625 5716 5715
5564 2 1 1 5625 5626 5717 5716
5565 2 1 1 5626 5627 5718 5717
5566 2 1 1 5627 5628 5719 5718
5567 2 1 1 5628 5629 5720 5719
5568 2 1 1 5629 5630 5721 5720
5569 2 1 1 5630 5631 5722 5721
5570 2 1 1 5631 5632 5723 5722
5571 2 1 1 5632 5633 5724 5723
5572 2 1 1 5633 5634 5725 5724
5573 2 1 1 5634 5635 5726 5725
5574 2 1 1 5635 5636 5727 5726
5575 2 1 1 5636 5637 5728 5727
5576 2 1 1 5637 5638 5729 5728
5577 2 1 1 5638 5639 5730 5729
5578 2 1 1 5639 5640 5731 5730
5579 2 1 1 5640 5641 5732 5731
5580 2 1 1 5641 5642 5733 5732
5581 2 1 1 5643 5644 5735 5734
5582 2 1 1 5644 5645 5736 5735
5583 2 1 1 5645 5646 5737 5736
5584 2 1 1 5646 5647 5738 5737
5585 2 1 1 5647 5648 5739 5738
5586 2 1 1 5648 5649 5740 5739
5587 2 1 1 5649 5650 5741 5740
5588 2 1 1 5650 5651 5742 5741
5589 2 1 1 5651 5652 5743 5742
5590 2 1 1 5652 5653 5744 5743
5591 2 1 1 5653 5654 5745 5744
5592 2 1 1 5654 5655 5746 5745
5593 2 1 1 5655 5656 5747 5746
5594 2 1 1 5656 5657 5748 5747
5595 2 1 1 5657 5658 5749 5748
5596 2 1 1 5658 5659 5750 5749
5597 2 1 1 5659 5660 5751 5750
5598 2 1 1 5660 5661 5752 5751
5599 2 1 1 5661 5662 5753 5752
5600 2 1 1 5662 5663 5754 5753
5601 2 1 1 5663 5664 5755 5754
5602 2 1 1 5664 5665 5756 5755
5603 2 1 1 5665 5666 5757 5756
5604 2 1 1 5666 5667 5758 5757
5605 2 1 1 5667 5668 5759 5758
5606 2 1 1 5668 5669 5760 5759
5607 2 1 1 5669 5670 5761 5760
5608 2 1 1 5670 5671 5762 5761
5609 2 1 1 5671 5672 5763 5762
5610 2 1 1 5672 5673 5764 5763
5611 2 1 1 5673 5674 5765 5764
5612 2 1 1 5674 5675 5766 5765
5613 2 1 1 5675 5676 5767 5766
5614 2 1 1 5676 5677 5768 5767
5615 2 1 1 5677 5678 5769 5768
5616 2 1 1 5678 5679 5770 5769
5617 2 1 1 5679 5680 5771 5770
5618 2 1 1 5680 5681 5772 5771
5619 2 1 1 5681 5682 5773 5772
5620 2 1 1 5682 5683 5774 5773
5621 2 1 1 5683 5684 5775 5774
5622 2 1 1 5684 5685 5776 5775
5623 2 1 1 5685 5686 5777 5776
5624 2 1 1 5686 5687 5778 5777
5625 2 1 1 5687 5688 5779 5778
5626 2 1 1 5688 5689 5780 5779
5627 2 1 1 5689 5690 5781 5780
5628 2 1 1 5690 5691 5782 5781
5629 2 1 1 5691 5692 5783 5782
5630 2 1 1 5692 5693 5784 5783
5631 2 1 1 5693 5694 5785 5784
5632 2 1 1 5694 5695 5786 5785
5633 2 1 1 5695 5696 5787 5786
5634 2 1 1 5696 5697 5788 5787
5635 2 1 1 5697 5698 5789 5788
5636 2 1 1 5698 5699 5790 5789
5637 2 1 1 5699 5700 5791 5790
5638 2 1 1 5700 5701 5792 5791
5639 2 1 1 5701 5702 5793 5792
5640 2 1 1 5702 5703 5794 5793
5641 2 1 1 5703 5704 5795 5794
5642 2 1 1 5704 5705 5796 5795
5643 2 1 1 5705 5706 5797 5796
5644 2 1 1 5706 5707 5798 5797
5645 2 1 1 5707 5708 5799 5798
5646 2 1 1 5708 5709 5800 5799
5647 2 1 1 5709 5710 5801 5800
5648 2 1 1 5710 5711 5802 5801
5649 2 1 1 5711 5712 5803 5802
5650 2 1 1 5712 5713 5804 5803
5651 2 1 1 5713 5714 5805 5804
5652 2 1 1 5714 5715 5806 5805
5653 2 1 1 5715 5716 5807 5806
5654 2 1 1 5716 5717 5808 5807
5655 2 1 1 5717 5718 5809 5808
5656 2 1 1 5718 5719 5810 5809
5657 2 1 1 5719 5720 5811 5810
5658 2 1 1 5720 5721 5812 5811
5659 2 1 1 5721 5722 5813 5812
5660 2 1 1 5722 5723 5814 5813
5661 2 1 1 5723 5724 5815 5814
5662 2 1 1 5724 5725 5816 5815
5663 2 1 1 5725 5726 5817 5816
5664 2 1 1 5726 5727 5818 5817
5665 2 1 1 5727 5728 5819 5818
5666 2 1 1 5728 5729 5820 5819
5667 2 1 1 5729 5730 5821 5820
5668 2 1 1 5730 5731 5822 5821
5669 2 1 1 5731 5732 5823 5822
5670 2 1 1 5732 5733 5824 5823
5671 2 1 1 5734 5735 5826 5825
5672 2 1 1 5735 5736 5827 5826
5673 2 1 1 5736 5737 5828 5827
5674 2 1 1 5737 5738 5829 5828
5675 2 1 1 5738 5739 5830 5829
5676 2 1 1 5739 5740 5831 5830
5677 2 1 1 5740 5741 5832 5831
5678 2 1 1 5741 5742 5833 5832
5679 2 1 1 5742 5743 5834 5833
5680 2 1 1 5743 5744 5835 5834
5681 2 1 1 5744 5745 5836 5835
5682 2 1 1 5745 5746 5837 5836
5683 2 1 1 5746 5747 5838 5837
5684 2 1 1 5747 5748 5839 5838
5685 2 1 1 5748 5749 5840 5839
5686 2 1 1 5749 5750 5841 5840
5687 2 1 1 5750 5751 5842 5841
5688 2 1 1 5751 5752 5843 5842
5689 2 1 1 5752 5753 5844 5843
5690 2 1 1 5753 5754 5845 5844
5691 2 1 1 5754 5755 5846 5845
5692 2 1 1 5755 5756 5847 5846
5693 2 1 1 5756 5757 5848 5847
5694 2 1 1 5757 5758 5849 5848
5695 2 1 1 5758 5759 5850 5849
5696 2 1 1 5759 5760 5851 5850
5697 2 1 1 5760 5761 5852 5851
5698 2 1 1 5761 5762 5853 5852
5699 2 1 1 5762 5763 5854 5853
5700 2 1 1 5763 5764 5855 5854
5701 2 1 1 5764 5765 5856 5855
5702 2 1 1 5765 5766 5857 5856
5703 2 1 1 5766 5767 5858 5857
5704 2 1 1 5767 5768 5859 5858
5705 2 1 1 5768 5769 5860 5859
5706 2 1 1 5769 5770 5861 5860
5707 2 1 1 5770 5771 5862 5861
5708 2 1 1 5771 5772 5863 5862
5709 2 1 1 5772 5773 5864 5863
5710 2 1 1 5773 5774 5865 5864
5711 2 1 1 5774 5775 5866 5865
5712 2 1 1 5775 5776 5867 5866
5713 2 1 1 5776 5777 5868 5867
5714 2 1 1 5777 5778 5869 5868
5715 2 1 1 5778 5779 5870 5869
5716 2 1 1 5779 5780 5871 5870
5717 2 1 1 5780 5781 5872 5871
5718 2 1 1 5781 5782 5873 5872
5719 2 1 1 5782 5783 5874 5873
5720 2 1 1 5783 5784 5875 5874
5721 2 1 1 5784 5785 5876 5875
5722 2 1 1 5785 5786 5877 5876
5723 2 1 1 5786 5787 5878 5877
5724 2 1 1 5787 5788 5879 5878
5725 2 1 1 5788 5789 5880 5879
5726 2 1 1 5789 5790 5881 5880
5727 2 1 1 5790 5791 5882 5881
5728 2 1 1 5791 5792 5883 5882
5729 2 1 1 5792 5793 5884 5883
5730 2 1 1 5793 5794 5885 5884
5731 2 1 1 5794 5795 5886 5885
5732 2 1 1 5795 5796 5887 5886
5733 2 1 1 5796 5797 5888 5887
5734 2 1 1 5797 5798 5889 5888
5735 2 1 1 5798 5799 5890 5889
5736 2 1 1 5799 5800 5891 5890
5737 2 1 1 5800 5801 5892 5891
5738 2 1 1 5801 5802 5893 5892
5739 2 1 1 5802 5803 5894 5893
5740 2 1 1 5803 5804 5895 5894
5741 2 1 1 5804 5805 5896 5895
5742 2 1 1 5805 5806 5897 5896
5743 2 1 1 5806 5807 5898 5897
5744 2 1 1 5807 5808 5899 5898
5745 2 1 1 5808 5809 5900 5899
5746 2 1 1 5809 5810 5901 5900
5747 2 1 1 5810 5811 5902 5901
5748 2 1 1 5811 5812 5903 5902
5749 2 1 1 5812 5813 5904 5903
5750 2 1 1 5813 5814 5905 5904
5751 2 1 1 5814 5815 5906 5905
5752 2 1 1 5815 5816 5907 5906
5753 2 1 1 5816 5817 5908 5907
5754 2 1 1 5817 5818 5909 5908
5755 2 1 1 5818 5819 5910 5909
5756 2 1 1 5819 5820 5911 5910
5757 2 1 1 5820 5821 5912 5911
5758 2 1 1 5821 5822 5913 5912
5759 2 1 1 5822 5823 5914 5913
5760 2 1 1 5823 5824 5915 5914
5761 2 1 1 5825 5826 5917 5916
5762 2 1 1 5826 5827 5918 5917
5763 2 1 1 5827 5828 5919 5918
5764 2 1 1 5828 5829 5920 5919
5765 2 1 1 5829 5830 5921 5920
5766 2 1 1 5830 5831 5922 5921
5767 2 1 1 5831 5832 5923 5922
5768 2 1 1 5832 5833 5924 5923
5769 2 1 1 5833 5834 5925 5924
5770 2 1 1 5834 5835 5926 5925
5771 2 1 1 5835 5836 5927 5926
5772 2 1 1 5836 5837 5928 5927
5773 2 1 1 5837 5838 5929 5928
5774 2 1 1 5838 5839 5930 5929
5775 2 1 1 5839 5840 5931 5930
5776 2 1 1 5840 5841 5932 5931
5777 2 1 1 5841 5842 5933 5932
5778 2 1 1 5842 5843 5934 5933
5779 2 1 1 5843 5844 5935 5934
5780 2 1 1 5844 5845 5936 5935
5781 2 1 1 5845 5846 5937 5936
5782 2 1 1 5846 5847 5938 5937
5783 2 1 1 5847 5848 5939 5938
5784 2 1 1 5848 5849 5940 5939
5785 2 1 1 5849 5850 5941 5940
5786 2 1 1 5850 5851 5942 5941
5787 2 1 1 5851 5852 5943 5942
5788 2 1 1 5852 5853 5944 5943
5789 2 1 1 5853 5854 5945 5944
5790 2 1 1 5854 5855 5946 5945
5791 2 1 1 5855 5856 5947 5946
5792 2 1 1 5856 5857 5948 5947
5793 2 1 1 5857 5858 5949 5948
5794 2 1 1 5858 5859 5950 5949
5795 2 1 1 5859 5860 5951 5950
5796 2 1 1 5860 5861 5952 5951
5797 2 1 1 5861 5862 5953 5952
5798 2 1 1 5862 5863 5954 5953
5799 2 1 1 5863 5864 5955 5954
5800 2 1 1 5864 5865 5956 5955
5801 2 1 1 5865 5866 5957 5956
5802 2 1 1 5866 5867 5958 5957
5803 2 1 1 5867 5868 5959 5958
5804 2 1 1 5868 5869 5960 5959
5805 2 1 1 5869 5870 5961 5960
5806 2 1 1 5870 5871 5962 5961
5807 2 1 1 5871 5872 5963 5962
5808 2 1 1 5872 5873 5964 5963
5809 2 1 1 5873 5874 5965 5964
5810 2 1 1 5874 5875 5966 5965
5811 2 1 1 5875 5876 5967 5966
5812 2 1 1 5876 5877 5968 5967
5813 2 1 1 5877 5878 5969 5968
5814 2 1 1 5878 5879 5970 5969
5815 2 1 1 5879 5880 5971 5970
5816 2 1 1 5880 5881 5972 5971
5817 2 1 1 5881 5882 5973 5972
5818 2 1 1 5882 5883 5974 5973
5819 2 1 1 5883 5884 5975 5974
5820 2 1 1 5884 5885 5976 5975
5821 2 1 1 5885 5886 5977 5976
5822 2 1 1 5886 5887 5978 5977
5823 2 1 1 5887 5888 5979 5978
5824 2 1 1 5888 5889 5980 5979
5825 2 1 1 5889 5890 5981 5980
5826 2 1 1 5890 5891 5982 5981
5827 2 1 1 5891 5892 5983 5982
5828 2 1 1 5892 5893 5984 5983
5829 2 1 1 5893 5894 5985 5984
5830 2 1 1 5894 5895 5986 5985
5831 2 1 1 5895 5896 5987 5986
5832 2 1 1 5896 5897 5988 5987
5833 2 1 1 5897 5898 5989 5988
5834 2 1 1 5898 5899 5990 5989
5835 2 1 1 5899 5900 5991 5990
5836 2 1 1 5900 5901 5992 5991
5837 2 1 1 5901 5902 5993 5992
5838 2 1 1 5902 5903 5994 5993
5839 2 1 1 5903 5904 5995 5994
5840 2 1 1 5904 5905 5996 5995
5841 2 1 1 5905 5906 5997 5996
5842 2 1 1 5906 5907 5998 5997
5843 2 1 1 5907 5908 5999 5998
5844 2 1 1 5908 5909 6000 5999
5845 2 1 1 5909 5910 6001 6000
5846 2 1 1 5910 5911 6002 6001
5847 2 1 1 5911 5912 6003 6002
5848 2 1 1 5912 5913 6004 6003
5849 2 1 1 5913 5914 6005 6004
5850 2 1 1 5914 5915 6006 6005
5851 2 1 1 5916 5917 6008 6007
5852 2 1 1 5917 5918 6009 6008
5853 2 1 1 5918 5919 6010 6009
5854 2 1 1 5919 5920 6011 6010
5855 2 1 1 5920 5921 6012 6011
5856 2 1 1 5921 5922 6013 6012
5857 2 1 1 5922 5923 6014 6013
5858 2 1 1 5923 5924 6015 6014
5859 2 1 1 5924 5925 6016 6015
5860 2 1 1 5925 5926 6017 6016
5861 2 1 1 5926 5927 6018 6017
5862 2 1 1 5927 5928 6019 6018
5863 2 1 1 5928 5929 6020 6019
5864 2 1 1 5929 5930 6021 6020
5865 2 1 1 5930 5931 6022 6021
5866 2 1 1 5931 5932 6023 6022
5867 2 1 1 5932 5933 6024 6023
5868 2 1 1 5933 5934 6025 6024
5869 2 1 1 5934 5935 6026 6025
5870 2 1 1 5935 5936 6027 6026
5871 2 1 1 5936 5937 6028 6027
5872 2 1 1 5937 5938 6029 6028
5873 2 1 1 5938 5939 6030 6029
5874 2 1 1 5939 5940 6031 6030
5875 2 1 1 5940 5941 6032 6031
5876 2 1 1 5941 5942 6033 6032
5877 2 1 1 5942 5943 6034 6033
5878 2 1 1 5943 5944 6035 6034
5879 2 1 1 5944 5945 6036 6035
5880 2 1 1 5945 5946 6037 6036
5881 2 1 1 5946 5947 6038 6037
5882 2 1 1 5947 5948 6039 6038
5883 2 1 1 5948 5949 6040 6039
5884 2 1 1 5949 5950 6041 6040
5885 2 1 1 5950 5951 6042 6041
5886 2 1 1 5951 5952 6043 6042
5887 2 1 1 5952 5953 6044 6043
5888 2 1 1 5953 5954 6045 6044
5889 2 1 1 5954 5955 6046 6045
5890 2 1 1 5955 5956 6047 6046
5891 2 1 1 5956 5957 6048 6047
5892 2 1 1 5957 5958 6049 6048
5893 2 1 1 5958 5959 6050 6049
5894 2 1 1 5959 5960 6051 6050
5895 2 1 1 5960 5961 6052 6051
5896 2 1 1 5961 5962 6053 6052
5897 2 1 1 5962 5963 6054 6053
5898 2 1 1 5963 5964 6055 6054
5899 2 1 1 5964 5965 6056 6055
5900 2 1 1 5965 5966 6057 6056
5901 2 1 1 5966 5967 6058 6057
5902 2 1 1 5967 5968 6059 6058
5903 2 1 1 5968 5969 6060 6059
5904 2 1 1 5969 5970 6061 6060
5905 2 1 1 5970 5971 6062 6061
5906 2 1 1 5971 5972 6063 6062
5907 2 1 1 5972 5973 6064 6063
5908 2 1 1 5973 5974 6065 6064
5909 2 1 1 5974 5975 6066 6065
5910 2 1 1 5975 5976 6067 6066
5911 2 1 1 5976 5977 6068 6067
5912 2 1 1 5977 5978 6069 6068
5913 2 1 1 5978 5979 6070 6069
5914 2 1 1 5979 5980 6071 6070
5915 2 1 1 5980 5981 6072 6071
5916 2 1 1 5981 5982 6073 6072
5917 2 1 1 5982 5983 6074 6073
5918 2 1 1 5983 5984 6075 6074
5919 2 1 1 5984 5985 6076 6075
5920 2 1 1 5985 5986 6077 6076
5921 2 1 1 5986 5987 6078 6077
5922 2 1 1 5987 5988 6079 6078
5923 2 1 1 5988 5989 6080 6079
5924 2 1 1 5989 5990 6081 6080
5925 2 1 1 5990 5991 6082 6081
5926 2 1 1 5991 5992 6083 6082
5927 2 1 1 5992 5993 6084 6083
5928 2 1 1 5993 5994 6085 6084
5929 2 1 1 5994 5995 6086 6085
5930 2 1 1 5995 5996 6087 6086
5931 2 1 1 5996 5997 6088 6087
5932 2 1 1 5997 5998 6089 6088
5933 2 1 1 5998 5999 6090 6089
5934 2 1 1 5999 6000 6091 6090
5935 2 1 1 6000 6001 6092 6091
5936 2 1 1 6001 6002 6093 6092
5937 2 1 1 6002 6003 6094 6093
5938 2 1 1 6003 6004 6095 6094
5939 2 1 1 6004 6005 6096 6095
5940 2 1 1 6005 6006 6097 6096
5941 2 1 1 6007 6008 6099 6098
5942 2 1 1 6008 6009 6100 6099
5943 2 1 1 6009 6010 6101 6100
5944 2 1 1 6010 6011 6102 6101
5945 2 1 1 6011 6012 6103 6102
5946 2 1 1 6012 6013 6104 6103
5947 2 1 1 6013 6014 6105 6104
5948 2 1 1 6014 6015 6106 6105
5949 2 1 1 6015 6016 6107 6106
5950 2 1 1 6016 6017 6108 6107
5951 2 1 1 6017 6018 6109 6108
5952 2 1 1 6018 6019 6110 6109
5953 2 1 1 6019 6020 6111 6110
5954 2 1 1 6020 6021 6112 6111
5955 2 1 1 6021 6022 6113 6112
5956 2 1 1 6022 6023 6114 6113
5957 2 1 1 6023 6024 6115 6114
5958 2 1 1 6024 6025 6116 6115
5959 2 1 1 6025 6026 6117 6116
5960 2 1 1 6026 6027 6118 6117
5961 2 1 1 6027 6028 6119 6118
5962 2 1 1 6028 6029 6120 6119
5963 2 1 1 6029 6030 6121 6120
5964 2 1 1 6030 6031 6122 6121
5965 2 1 1 6031 6032 6123 6122
5966 2 1 1 6032 6033 6124 6123
5967 2 1 1 6033 6034 6125 6124
5968 2 1 1 6034 6035 6126 6125
5969 2 1 1 6035 6036 6127 6126
5970 2 1 1 6036 6037 6128 6127
5971 2 1 1 6037 6038 6129 6128
5972 2 1 1 6038 6039 6130 6129
5973 2 1 1 6039 6040 6131 6130
5974 2 1 1 6040 6041 6132 6131
5975 2 1 1 6041 6042 6133 6132
5976 2 1 1 6042 6043 6134 6133
5977 2 1 1 6043 6044 6135 6134
5978 2 1 1 6044 6045 6136 6135
5979 2 1 1 6045 6046 6137 6136
5980 2 1 1 6046 6047 6138 6137
5981 2 1 1 6047 6048 6139 6138
5982 2 1 1 6048 6049 6140 6139
5983 2 1 1 6049 6050 6141 6140
5984 2 1 1 6050 6051 6142 6141
5985 2 1 1 6051 6052 6143 6142
5986 2 1 1 6052 6053 6144 6143
5987 2 1 1 6053 6054 6145 6144
5988 2 1 1 6054 6055 6146 6145
5989 2 1 1 6055 6056 6147 6146
5990 2 1 1 6056 6057 6148 6147
5991 2 1 1 6057 6058 6149 6148
5992 2 1 1 6058 6059 6150 6149
5993 2 1 1 6059 6060 6151 6150
5994 2 1 1 6060 6061 6152 6151
5995 2 1 1 6061 6062 6153 6152
5996 2 1 1 6062 6063 6154 6153
5997 2 1 1 6063 6064 6155 6154
5998 2 1 1 6064 6065 6156 6155
5999 2 1 1 6065 6066 6157 6156
6000 2 1 1 6066 6067 6158 6157
6001 2 1 1 6067 6068 6159 6158
6002 2 1 1 6068 6069 6160 6159
6003 2 1 1 6069 6070 6161 6160
6004 2 1 1 6070 6071 6162 6161
6005 2 1 1 6071 6072 6163 6162
6006 2 1 1 6072 6073 6164 6163
6007 2 1 1 6073 6074 6165 6164
6008 2 1 1 6074 6075 6166 6165
6009 2 1 1 6075 6076 6167 6166
6010 2 1 1 6076 6077 6168 6167
6011 2 1 1 6077 6078 6169 6168
6012 2 1 1 6078 6079 6170 6169
6013 2 1 1 6079 6080 6171 6170
6014 2 1 1 6080 6081 6172 6171
6015 2 1 1 6081 6082 6173 6172
6016 2 1 1 6082 6083 6174 6173
6017 2 1 1 6083 6084 6175 6174
6018 2 1 1 6084 6085 6176 6175
6019 2 1 1 6085 6086 6177 6176
6020 2 1 1 6086 6087 6178 6177
6021 2 1 1 6087 6088 6179 6178
6022 2 1 1 6088 6089 6180 6179
6023 2 1 1 6089 6090 6181 6180
6024 2 1 1 6090 6091 6182 6181
6025 2 1 1 6091 6092 6183 6182
6026 2 1 1 6092 6093 6184 6183
6027 2 1 1 6093 6094 6185 6184
6028 2 1 1 6094 6095 6186 6185
6029 2 1 1 6095 6096 6187 6186
6030 2 1 1 6096 6097 6188 6187
6031 2 1 1 6098 6099 6190 6189
6032 2 1 1 6099 6100 6191 6190
6033 2 1 1 6100 6101 6192 6191
6034 2 1 1 6101 6102 6193 6192
6035 2 1 1 6102 6103 6194 6193
6036 2 1 1 6103 6104 6195 6194
6037 2 1 1 6104 6105 6196 6195
6038 2 1 1 6105 6106 6197 6196
6039 2 1 1 6106 6107 6198 6197
6040 2 1 1 6107 6108 6199 6198
6041 2 1 1 6108 6109 6200 6199
6042 2 1 1 6109 6110 6201 6200
6043 2 1 1 6110 6111 6202 6201
6044 2 1 1 6111 6112 6203 6202
6045 2 1 1 6112 6113 6204 6203
6046 2 1 1 6113 6114 6205 6204
6047 2 1 1 6114 6115 6206 6205
6048 2 1 1 6115 6116 6207 6206
6049 2 1 1 6116 6117 6208 6207
6050 2 1 1 6117 6118 6209 6208
6051 2 1 1 6118 6119 6210 6209
6052 2 1 1 6119 6120 6211 6210
6053 2 1 1 6120 6121 6212 6211
6054 2 1 1 6121 6122 6213 6212
6055 2 1 1 6122 6123 6214 6213
6056 2 1 1 6123 6124 6215 6214
6057 2 1 1 6124 6125 6216 6215
6058 2 1 1 6125 6126 6217 6216
6059 2 1 1 6126 6127 6218 6217
6060 2 1 1 6127 6128 6219 6218
6061 2 1 1 6128 6129 6220 6219
6062 2 1 1 6129 6130 6221 6220
6063 2 1 1 6130 6131 6222 6221
6064 2 1 1 6131 6132 6223 6222
6065 2 1 1 6132 6133 6224 6223
6066 2 1 1 6133 6134 6225 6224
6067 2 1 1 6134 6135 6226 6225
6068 2 1 1 6135 6136 6227 6226
6069 2 1 1 6136 6137 6228 6227
6070 2 1 1 6137 6138 6229 6228
6071 2 1 1 6138 6139 6230 6229
6072 2 1 1 6139 6140 6231 6230
6073 2 1 1 6140 6141 6232 6231
6074 2 1 1 6141 6142 6233 6232
6075 2 1 1 6142 6143 6234 6233
6076 2 1 1 6143 6144 6235 6234
6077 2 1 1 6144 6145 6236 6235
6078 2 1 1 6145 6146 6237 6236
6079 2 1 1 6146 6147 6238 6237
6080 2 1 1 6147 6148 6239 6238
6081 2 1 1 6148 6149 6240 6239
6082 2 1 1 6149 6150 6241 6240
6083 2 1 1 6150 6151 6242 6241
6084 2 1 1 6151 6152 6243 6242
6085 2 1 1 6152 6153 6244 6243
6086 2 1 1 6153 6154 6245 6244
6087 2 1 1 6154 6155 6246 6245
6088 2 1 1 6155 6156 6247 6246
6089 2 1 1 6156 6157 6248 6247
6090 2 1 1 6157 6158 6249 6248
6091 2 1 1 6158 6159 6250 6249
6092 2 1 1 6159 6160 6251 6250
6093 2 1 1 6160 6161 6252 6251
6094 2 1 1 6161 6162 6253 6252
6095 2 1 1 6162 6163 6254 6253
6096 2 1 1 6163 6164 6255 6254
6097 2 1 1 6164 6165 6256 6255
6098 2 1 1 6165 6166 6257 6256
6099 2 1 1 6166 6167 6258 6257
6100 2 1 1 6167 6168 6259 6258
6101 2 1 1 6168 6169 6260 6259
6102 2 1 1 6169 6170 6261 6260
6103 2 1 1 6170 6171 6262 6261
6104 2 1 1 6171 6172 6263 6262
6105 2 1 1 6172 6173 6264 6263
6106 2 1 1 6173 6174 6265 6264
6107 2 1 1 6174 6175 6266 6265
6108 2 1 1 6175 6176 6267 6266
6109 2 1 1 6176 6177 6268 6267
6110 2 1 1 6177 6178 6269 6268
6111 2 1 1 6178 6179 6270 6269
6112 2 1 1 6179 6180 6271 6270
6113 2 1 1 6180 6181 6272 6271
6114 2 1 1 6181 6182 6273 6272
6115 2 1 1 6182 6183 6274 6273
6116 2 1 1 6183 6184 6275 6274
6117 2 1 1 6184 6185 6276 6275
6118 2 1 1 6185 6186 6277 6276
6119 2 1 1 6186 6187 6278 6277
6120 2 1 1 6187 6188 6279 6278
6121 2 1 1 6189 6190 6281 6280
6122 2 1 1 6190 6191 6282 6281
6123 2 1 1 6191 6192 6283 6282
6124 2 1 1 6192 6193 6284 6283
6125 2 1 1 6193 6194 6285 6284
6126 2 1 1 6194 6195 6286 6285
6127 2 1 1 6195 6196 6287 6286
6128 2 1 1 6196 6197 6288 6287
6129 2 1 1 6197 6198 6289 6288
6130 2 1 1 6198 6199 6290 6289
6131 2 1 1 6199 6200 6291 6290
6132 2 1 1 6200 6201 6292 6291
6133 2 1 1 6201 6202 6293 6292
6134 2 1 1 6202 6203 6294 6293
6135 2 1 1 6203 6204 6295 6294
6136 2 1 1 6204 6205 6296 6295
6137 2 1 1 6205 6206 6297 6296
6138 2 1 1 6206 6207 6298 6297
6139 2 1 1 6207 6208 6299 6298
6140 2 1 1 6208 6209 6300 6299
6141 2 1 1 6209 6210 6301 6300
6142 2 1 1 6210 6211 6302 6301
6143 2 1 1 6211 6212 6303 6302
6144 2 1 1 6212 6213 6304 6303
6145 2 1 1 6213 6214 6305 6304
6146 2 1 1 6214 6215 6306 6305
6147 2 1 1 6215 6216 6307 6306
6148 2 1 1 6216 6217 6308 6307
6149 2 1 1 6217 6218 6309 6308
6150 2 1 1 6218 6219 6310 6309
6151 2 1 1 6219 6220 6311 6310
6152 2 1 1 6220 6221 6312 6311
6153 2 1 1 6221 6222 6313 6312
6154 2 1 1 6222 6223 6314 6313
6155 2 1 1 6223 6224 6315 6314
6156 2 1 1 6224 6225 6316 6315
6157 2 1 1 6225 6226 6317 6316
6158 2 1 1 6226 6227 6318 6317
6159 2 1 1 6227 6228 6319 6318
6160 2 1 1 6228 6229 6320 6319
6161 2 1 1 6229 6230 6321 6320
6162 2 1 1 6230 6231 6322 6321
6163 2 1 1 6231 6232 6323 6322
6164 2 1 1 6232 6233 6324 6323
6165 2 1 1 6233 6234 6325 6324
6166 2 1 1 6234 6235 6326 6325
6167 2 1 1 6235 6236 6327 6326
6168 2 1 1 6236 6237 6328 6327
6169 2 1 1 6237 6238 6329 6328
6170 2 1 1 6238 6239 6330 6329
6171 2 1 1 6239 6240 6331 6330
6172 2 1 1 6240 6241 6332 6331
6173 2 1 1 6241 6242 6333 6332
6174 2 1 1 6242 6243 6334 6333
6175 2 1 1 6243 6244 6335 6334
6176 2 1 1 6244 6245 6336 6335
6177 2 1 1 6245 6246 6337 6336
6178 2 1 1 6246 6247 6338 6337
6179 2 1 1 6247 6248 6339 6338
6180 2 1 1 6248 6249 6340 6339
6181 2 1 1 6249 6250 6341 6340
6182 2 1 1 6250 6251 6342 6341
6183 2 1 1 6251 6252 6343 6342
6184 2 1 1 6252 6253 6344 6343
6185 2 1 1 6253 6254 6345 6344
6186 2 1 1 6254 6255 6346 6345
6187 2 1 1 6255 6256 6347 6346
6188 2 1 1 6256 6257 6348 6347
6189 2 1 1 6257 6258 6349 6348
6190 2 1 1 6258 6259 6350 6349
6191 2 1 1 6259 6260 6351 6350
6192 2 1 1 6260 6261 6352 6351
6193 2 1 1 6261 6262 6353 6352
6194 2 1 1 6262 6263 6354 6353
6195 2 1 1 6263 6264 6355 6354
6196 2 1 1 6264 6265 6356 6355
6197 2 1 1 6265 6266 6357 6356
6198 2 1 1 6266 6267 6358 6357
6199 2 1 1 6267 6268 6359 6358
6200 2 1 1 6268 6269 6360 6359
6201 2 1 1 6269 6270 6361 6360
6202 2 1 1 6270 6271 6362 6361
6203 2 1 1 6271 6272 6363 6362
6204 2 1 1 6272 6273 6364 6363
6205 2 1 1 6273 6274 6365 6364
6206 2 1 1 6274 6275 6366 6365
6207 2 1 1 6275 6276 6367 6366
6208 2 1 1 6276 6277 6368 6367
6209 2 1 1 6277 6278 6369 6368
6210 2 1 1 6278 6279 6370 6369
6211 2 1 1 6280 6281 6372 6371
6212 2 1 1 6281 6282 6373 6372
6213 2 1 1 6282 6283 6374 6373
6214 2 1 1 6283 6284 6375 6374
6215 2 1 1 6284 6285 6376 6375
6216 2 1 1 6285 6286 6377 6376
6217 2 1 1 6286 6287 6378 6377
6218 2 1 1 6287 6288 6379 6378
6219 2 1 1 6288 6289 6380 6379
6220 2 1 1 6289 6290 6381 6380
6221 2 1 1 6290 6291 6382 6381
6222 2 1 1 6291 6292 6383 6382
6223 2 1 1 6292 6293 6384 6383
6224 2 1 1 6293 6294 6385 6384
6225 2 1 1 6294 6295 6386 6385
6226 2 1 1 6295 6296 6387 6386
6227 2 1 1 6296 6297 6388 6387
6228 2 1 1 6297 6298 6389 6388
6229 2 1 1 6298 6299 6390 6389
6230 2 1 1 6299 6300 6391 6390
6231 2 1 1 6300 6301 6392 6391
6232 2 1 1 6301 6302 6393 6392
6233 2 1 1 6302 6303 6394 6393
6234 2 1 1 6303 6304 6395 6394
6235 2 1 1 6304 6305 6396 6395
6236 2 1 1 6305 6306 6397 6396
6237 2 1 1 6306 6307 6398 6397
6238 2 1 1 6307 6308 6399 6398
6239 2 1 1 6308 6309 6400 6399
6240 2 1 1 6309 6310 6401 6400
6241 2 1 1 6310 6311 6402 6401
6242 2 1 1 6311 6312 6403 6402
6243 2 1 1 6312 6313 6404 6403
6244 2 1 1 6313 6314 6405 6404
6245 2 1 1 6314 6315 6406 6405
6246 2 1 1 6315 6316 6407 6406
6247 2 1 1 6316 6317 6408 6407
6248 2 1 1 6317 6318 6409 6408
6249 2 1 1 6318 6319 6410 6409
6250 2 1 1 6319 6320 6411 6410
6251 2 1 1 6320 6321 6412 6411
6252 2 1 1 6321 6322 6413 6412
6253 2 1 1 6322 6323 6414 6413
6254 2 1 1 6323 6324 6415 6414
6255 2 1 1 6324 6325 6416 6415
6256 2 1 1 6325 6326 6417 6416
6257 2 1 1 6326 6327 6418 6417
6258 2 1 1 6327 6328 6419 6418
6259 2 1 1 6328 6329 6420 6419
6260 2 1 1 6329 6330 6421 6420
6261 2 1 1 6330 6331 6422 6421
6262 2 1 1 6331 6332 6423 6422
6263 2 1 1 6332 6333 6424 6423
6264 2 1 1 6333 6334 6425 6424
6265 2 1 1 6334 6335 6426 6425
6266 2 1 1 6335 6336 6427 6426
6267 2 1 1 6336 6337 6428 6427
6268 2 1 1 6337 6338 6429 6428
6269 2 1 1 6338 6339 6430 6429
6270 2 1 1 6339 6340 6431 6430
6271 2 1 1 6340 6341 6432 6431
6272 2 1 1 6341 6342 6433 6432
6273 2 1 1 6342 6343 6434 6433
6274 2 1 1 6343 6344 6435 6434
6275 2 1 1 6344 6345 6436 6435
6276 2 1 1 6345 6346 6437 6436
6277 2 1 1 6346 6347 6438 6437
6278 2 1 1 6347 6348 6439 6438
6279 2 1 1 6348 6349 6440 6439
6280 2 1 1 6349 6350 6441 6440
6281 2 1 1 6350 6351 6442 6441
6282 2 1 1 6351 6352 6443 6442
6283 2 1 1 6352 6353 6444 6443
6284 2 1 1 6353 6354 6445 6444
6285 2 1 1 6354 6355 6446 6445
6286 2 1 1 6355 6356 6447 6446
6287 2 1 1 6356 6357 6448 6447
6288 2 1 1 6357 6358 6449 6448
6289 2 1 1 6358 6359 6450 6449
6290 2 1 1 6359 6360 6451 6450
6291 2 1 1 6360 6361 6452 6451
6292 2 1 1 6361 6362 6453 6452
6293 2 1 1 6362 6363 6454 6453
6294 2 1 1 6363 6364 6455 6454
6295 2 1 1 6364 6365 6456 6455
6296 2 1 1 6365 6366 6457 6456
6297 2 1 1 6366 6367 6458 6457
6298 2 1 1 6367 6368 6459 6458
6299 2 1 1 6368 6369 6460 6459
6300 2 1 1 6369 6370 6461 6460
6301 2 1 1 6371 6372 6463 6462
6302 2 1 1 6372 6373 6464 6463
6303 2 1 1 6373 6374 6465 6464
6304 2 1 1 6374 6375 6466 6465
6305 2 1 1 6375 6376 6467 6466
6306 2 1 1 6376 6377 6468 6467
6307 2 1 1 6377 6378 6469 6468
6308 2 1 1 6378 6379 6470 6469
6309 2 1 1 6379 6380 6471 6470
6310 2 1 1 6380 6381 6472 6471
6311 2 1 1 6381 6382 6473 6472
6312 2 1 1 6382 6383 6474 6473
6313 2 1 1 6383 6384 6475 6474
6314 2 1 1 6384 6385 6476 6475
6315 2 1 1 6385 6386 6477 6476
6316 2 1 1 6386 6387 6478 6477
6317 2 1 1 6387 6388 6479 6478
6318 2 1 1 6388 6389 6480 6479
6319 2 1 1 6389 6390 6481 6480
6320 2 1 1 6390 6391 6482 6481
6321 2 1 1 6391 6392 6483 6482
6322 2 1 1 6392 6393 6484 6483
6323 2 1 1 6393 6394 6485 6484
6324 2 1 1 6394 6395 6486 6485
6325 2 1 1 6395 6396 6487 6486
6326 2 1 1 6396 6397 6488 6487
6327 2 1 1 6397 6398 6489 6488
6328 2 1 1 6398 6399 6490 6489
6329 2 1 1 6399 6400 6491 6490
6330 2 1 1 6400 6401 6492 6491
6331 2 1 1 6401 6402 6493 6492
6332 2 1 1 6402 6403 6494 6493
6333 2 1 1 6403 6404 6495 6494
6334 2 1 1 6404 6405 6496 6495
6335 2 1 1 6405 6406 6497 6496
6336 2 1 1 6406 6407 6498 6497
6337 2 1 1 6407 6408 6499 6498
6338 2 1 1 6408 6409 6500 6499
6339 2 1 1 6409 6410 6501 6500
6340 2 1 1 6410 6411 6502 6501
6341 2 1 1 6411 6412 6503 6502
6342 2 1 1 6412 6413 6504 6503
6343 2 1 1 6413 6414 6505 6504
6344 2 1 1 6414 6415 6506 6505
6345 2 1 1 6415 6416 6507 6506
6346 2 1 1 6416 6417 6508 6507
6347 2 1 1 6417 6418 6509 6508
6348 2 1 1 6418 6419 6510 6509
6349 2 1 1 6419 6420 6511 6510
6350 2 1 1 6420 6421 6512 6511
6351 2 1 1 6421 6422 6513 6512
6352 2 1 1 6422 6423 6514 6513
6353 2 1 1 6423 6424 6515 6514
6354 2 1 1 6424 6425 6516 6515
6355 2 1 1 6425 6426 6517 6516
6356 2 1 1 6426 6427 6518 6517
6357 2 1 1 6427 6428 6519 6518
6358 2 1 1 6428 6429 6520 6519
6359 2 1 1 6429 6430 6521 6520
6360 2 1 1 6430 6431 6522 6521
6361 2 1 1 6431 6432 6523 6522
6362 2 1 1 6432 6433 6524 6523
6363 2 1 1 6433 6434 6525 6524
6364 2 1 1 6434 6435 6526 6525
6365 2 1 1 6435 6436 6527 6526
6366 2 1 1 6436 6437 6528 6527
6367 2 1 1 6437 6438 6529 6528
6368 2 1 1 6438 6439 6530 6529
6369 2 1 1 6439 6440 6531 6530
6370 2 1 1 6440 6441 6532 6531
6371 2 1 1 6441 6442 6533 6532
6372 2 1 1 6442 6443 6534 6533
6373 2 1 1 6443 6444 6535 6534
6374 2 1 1 6444 6445 6536 6535
6375 2 1 1 6445 6446 6537 6536
6376 2 1 1 6446 6447 6538 6537
6377 2 1 1 6447 6448 6539 6538
6378 2 1 1 6448 6449 6540 6539
6379 2 1 1 6449 6450 6541 6540
6380 2 1 1 6450 6451 6542 6541
6381 2 1 1 6451 6452 6543 6542
6382 2 1 1 6452 6453 6544 6543
6383 2 1 1 6453 6454 6545 6544
6384 2 1 1 6454 6455 6546 6545
6385 2 1 1 6455 6456 6547 6546
6386 2 1 1 6456 6457 6548 6547
6387 2 1 1 6457 6458 6549 6548
6388 2 1 1 6458 6459 6550 6549
6389 2 1 1 6459 6460 6551 6550
6390 2 1 1 6460 6461 6552 6551
6391 2 1 1 6462 6463 6554 6553
6392 2 1 1 6463 6464 6555 6554
6393 2 1 1 6464 6465 6556 6555
6394 2 1 1 6465 6466 6557 6556
6395 2 1 1 6466 6467 6558 6557
6396 2 1 1 6467 6468 6559 6558
6397 2 1 1 6468 6469 6560 6559
6398 2 1 1 6469 6470 6561 6560
6399 2 1 1 6470 6471 6562 6561
6400 2 1 1 6471 6472 6563 6562
6401 2 1 1 6472 6473 6564 6563
6402 2 1 1 6473 6474 6565 6564
6403 2 1 1 6474 6475 6566 6565
6404 2 1 1 6475 6476 6567 6566
6405 2 1 1 6476 6477 6568 6567
6406 2 1 1 6477 6478 6569 6568
6407 2 1 1 6478 6479 6570 6569
6408 2 1 1 6479 6480 6571 6570
6409 2 1 1 6480 6481 6572 6571
6410 2 1 1 6481 6482 6573 6572
6411 2 1 1 6482 6483 6574 6573
6412 2 1 1 6483 6484 6575 6574
6413 2 1 1 6484 6485 6576 6575
6414 2 1 1 6485 6486 6577 6576
6415 2 1 1 6486 6487 6578 6577
6416 2 1 1 6487 6488 6579 6578
6417 2 1 1 6488 6489 6580 6579
6418 2 1 1 6489 6490 6581 6580
6419 2 1 1 6490 6491 6582 6581
6420 2 1 1 6491 6492 6583 6582
6421 2 1 1 6492 6493 6584 6583
6422 2 1 1 6493 6494 6585 6584
6423 2 1 1 6494 6495 6586 6585
6424 2 1 1 6495 6496 6587 6586
6425 2 1 1 6496 6497 6588 6587
6426 2 1 1 6497 6498 6589 6588
6427 2 1 1 6498 6499 6590 6589
6428 2 1 1 6499 6500 6591 6590
6429 2 1 1 6500 6501 6592 6591
6430 2 1 1 6501 6502 6593 6592
6431 2 1 1 6502 6503 6594 6593
6432 2 1 1 6503 6504 6595 6594
6433 2 1 1 6504 6505 6596 6595
6434 2 1 1 6505 6506 6597 6596
6435 2 1 1 6506 6507 6598 6597
6436 2 1 1 6507 6508 6599 6598
6437 2 1 1 6508 6509 6600 6599
6438 2 1 1 6509 6510 6601 6600
6439 2 1 1 6510 6511 6602 6601
6440 2 1 1 6511 6512 6603 6602
6441 2 1 1 6512 6513 6604 6603
6442 2 1 1 6513 6514 6605 6604
6443 2 1 1 6514 6515 6606 6605
6444 2 1 1 6515 6516 6607 6606
6445 2 1 1 6516 6517 6608 6607
6446 2 1 1 6517 6518 6609 6608
6447 2 1 1 6518 6519 6610 6609
6448 2 1 1 6519 6520 6611 6610
6449 2 1 1 6520 6521 6612 6611
6450 2 1 1 6521 6522 6613 6612
6451 2 1 1 6522 6523 6614 6613
6452 2 1 1 6523 6524 6615 6614
6453 2 1 1 6524 6525 6616 6615
6454 2 1 1 6525 6526 6617 6616
6455 2 1 1 6526 6527 6618 6617
6456 2 1 1 6527 6528 6619 6618
6457 2 1 1 6528 6529 6620 6619
6458 2 1 1 6529 6530 6621 6620
6459 2 1 1 6530 6531 6622 6621
6460 2 1 1 6531 6532 6623 6622
6461 2 1 1 6532 6533 6624 6623
6462 2 1 1 6533 6534 6625 6624
6463 2 1 1 6534 6535 6626 6625
6464 2 1 1 6535 6536 6627 6626
6465 2 1 1 6536 6537 6628 6627
6466 2 1 1 6537 6538 6629 6628
6467 2 1 1 6538 6539 6630 6629
6468 2 1 1 6539 6540 6631 6630
6469 2 1 1 6540 6541 6632 6631
6470 2 1 1 6541 6542 6633 6632
6471 2 1 1 6542 6543 6634 6633
6472 2 1 1 6543 6544 6635 6634
6473 2 1 1 6544 6545 6636 6635
6474 2 1 1 6545 6546 6637 6636
6475 2 1 1 6546 6547 6638 6637
6476 2 1 1 6547 6548 6639 6638
6477 2 1 1 6548 6549 6640 6639
6478 2 1 1 6549 6550 6641 6640
6479 2 1 1 6550 6551 6642 6641
6480 2 1 1 6551 6552 6643 6642
6481 2 1 1 6553 6554 6645 6644
6482 2 1 1 6554 6555 6646 6645
6483 2 1 1 6555 6556 6647 6646
6484 2 1 1 6556 6557 6648 6647
6485 2 1 1 6557 6558 6649 6648
6486 2 1 1 6558 6559 6650 6649
6487 2 1 1 6559 6560 6651 6650
6488 2 1 1 6560 6561 6652 6651
6489 2 1 1 6561 6562 6653 6652
6490 2 1 1 6562 6563 6654 6653
6491 2 1 1 6563 6564 6655 6654
6492 2 1 1 6564 6565 6656 6655
6493 2 1 1 6565 6566 6657 6656
6494 2 1 1 6566 6567 6658 6657
6495 2 1 1 6567 6568 6659 6658
6496 2 1 1 6568 6569 6660 6659
6497 2 1 1 6569 6570 6661 6660
6498 2 1 1 6570 6571 6662 6661
6499 2 1 1 6571 6572 6663 6662
6500 2 1 1 6572 6573 6664 6663
6501 2 1 1 6573 6574 6665 6664
6502 2 1 1 6574 6575 6666 6665
6503 2 1 1 6575 6576 6667 6666
6504 2 1 1 6576 6577 6668 6667
6505 2 1 1 6577 6578 6669 6668
6506 2 1 1 6578 6579 6670 6669
6507 2 1 1 6579 6580 6671 6670
6508 2 1 1 6580 6581 6672 6671
6509 2 1 1 6581 6582 6673 6672
6510 2 1 1 6582 6583 6674 6673
6511 2 1 1 6583 6584 6675 6674
6512 2 1 1 6584 6585 6676 6675
6513 2 1 1 6585 6586 6677 6676
6514 2 1 1 6586 6587 6678 6677
6515 2 1 1 6587 6588 6679 6678
6516 2 1 1 6588 6589 6680 6679
6517 2 1 1 6589 6590 6681 6680
6518 2 1 1 6590 6591 6682 6681
6519 2 1 1 6591 6592 6683 6682
6520 2 1 1 6592 6593 6684 6683
6521 2 1 1 6593 6594 6685 6684
6522 2 1 1 6594 6595 6686 6685
6523 2 1 1 6595 6596 6687 6686
6524 2 1 1 6596 6597 6688 6687
6525 2 1 1 6597 6598 6689 6688
6526 2 1 1 6598 6599 6690 6689
6527 2 1 1 6599 6600 6691 6690
6528 2 1 1 6600 6601 6692 6691
6529 2 1 1 6601 6602 6693 6692
6530 2 1 1 6602 6603 6694 6693
6531 2 1 1 6603 6604 6695 6694
6532 2 1 1 6604 6605 6696 6695
6533 2 1 1 6605 6606 6697 6696
6534 2 1 1 6606 6607 6698 6697
6535 2 1 1 6607 6608 6699 6698
6536 2 1 1 6608 6609 6700 6699
6537 2 1 1 6609 6610 6701 6700
6538 2 1 1 6610 6611 6702 6701
6539 2 1 1 6611 6612 6703 6702
6540 2 1 1 6612 6613 6704 6703
6541 2 1 1 6613 6614 6705 6704
6542 2 1 1 6614 6615 6706 6705
6543 2 1 1 6615 6616 6707 6706
6544 2 1 1 6616 6617 6708 6707
6545 2 1 1 6617 6618 6709 6708
6546 2 1 1 6618 6619 6710 6709
6547 2 1 1 6619 6620 6711 6710
6548 2 1 1 6620 6621 6712 6711
6549 2 1 1 6621 6622 6713 6712
6550 2 1 1 6622 6623 6714 6713
6551 2 1 1 6623 6624 6715 6714
6552 2 1 1 6624 6625 6716 6715
6553 2 1 1 6625 6626 6717 6716
6554 2 1 1 6626 6627 6718 6717
6555 2 1 1 6627 6628 6719 6718
6556 2 1 1 6628 6629 6720 6719
6557 2 1 1 6629 6630 6721 6720
6558 2 1 1 6630 6631 6722 6721
6559 2 1 1 6631 6632 6723 6722
6560 2 1 1 6632 6633 6724 6723
6561 2 1 1 6633 6634 6725 6724
6562 2 1 1 6634 6635 6726 6725
6563 2 1 1 6635 6636 6727 6726
6564 2 1 1 6636 6637 6728 6727
6565 2 1 1 6637 6638 6729 6728
6566 2 1 1 6638 6639 6730 6729
6567 2 1 1 6639 6640 6731 6730
6568 2 1 1 6640 6641 6732 6731
6569 2 1 1 6641 6642 6733 6732
6570 2 1 1 6642 6643 6734 6733
6571 2 1 1 6644 6645 6736 6735
6572 2 1 1 6645 6646 6737 6736
6573 2 1 1 6646 6647 6738 6737
6574 2 1 1 6647 6648 6739 6738
6575 2 1 1 6648 6649 6740 6739
6576 2 1 1 6649 6650 6741 6740
6577 2 1 1 6650 6651 6742 6741
6578 2 1 1 6651 6652 6743 6742
6579 2 1 1 6652 6653 6744 6743
6580 2 1 1 6653 6654 6745 6744
6581 2 1 1 6654 6655 6746 6745
6582 2 1 1 6655 6656 6747 6746
6583 2 1 1 6656 6657 6748 6747
6584 2 1 1 6657 6658 6749 6748
6585 2 1 1 6658 6659 6750 6749
6586 2 1 1 6659 6660 6751 6750
6587 2 1 1 6660 6661 6752 6751
6588 2 1 1 6661 6662 6753 6752
6589 2 1 1 6662 6663 6754 6753
6590 2 1 1 6663 6664 6755 6754
6591 2 1 1 6664 6665 6756 6755
6592 2 1 1 6665 6666 6757 6756
6593 2 1 1 6666 6667 6758 6757
6594 2 1 1 6667 6668 6759 6758
6595 2 1 1 6668 6669 6760 6759
6596 2 1 1 6669 6670 6761 6760
6597 2 1 1 6670 6671 6762 6761
6598 2 1 1 6671 6672 6763 6762
6599 2 1 1 6672 6673 6764 6763
6600 2 1 1 6673 6674 6765 6764
6601 2 1 1 6674 6675 6766 6765
6602 2 1 1 6675 6676 6767 6766
6603 2 1 1 6676 6677 6768 6767
6604 2 1 1 6677 6678 6769 6768
6605 2 1 1 6678 6679 6770 6769
6606 2 1 1 6679 6680 6771 6770
6607 2 1 1 6680 6681 6772 6771
6608 2 1 1 6681 6682 6773 6772
6609 2 1 1 6682 6683 6774 6773
6610 2 1 1 6683 6684 6775 6774
6611 2 1 1 6684 6685 6776 6775
6612 2 1 1 6685 6686 6777 6776
6613 2 1 1 6686 6687 6778 6777
6614 2 1 1 6687 6688 6779 6778
6615 2 1 1 6688 6689 6780 6779
6616 2 1 1 6689 6690 6781 6780
6617 2 1 1 6690 6691 6782 6781
6618 2 1 1 6691 6692 6783 6782
6619 2 1 1 6692 6693 6784 6783
6620 2 1 1 6693 6694 6785 6784
6621 2 1 1 6694 6695 6786 6785
6622 2 1 1 6695 6696 6787 6786
6623 2 1 1 6696 6697 6788 6787
6624 2 1 1 6697 6698 6789 6788
6625 2 1 1 6698 6699 6790 6789
6626 2 1 1 6699 6700 6791 6790
6627 2 1 1 6700 6701 6792 6791
6628 2 1 1 6701 6702 6793 6792
6629 2 1 1 6702 6703 6794 6793
6630 2 1 1 6703 6704 6795 6794
6631 2 1 1 6704 6705 6796 6795
6632 2 1 1 6705 6706 6797 6796
6633 2 1 1 6706 6707 6798 6797
6634 2 1 1 6707 6708 6799 6798
6635 2 1 1 6708 6709 6800 6799
6636 2 1 1 6709 6710 6801 6800
6637 2 1 1 6710 6711 6802 6801
6638 2 1 1 6711 6712 6803 6802
6639 2 1 1 6712 6713 6804 6803
6640 2 1 1 6713 6714 6805 6804
6641 2 1 1 6714 6715 6806 6805
6642 2 1 1 6715 6716 6807 6806
6643 2 1 1 6716 6717 6808 6807
6644 2 1 1 6717 6718 6809 6808
6645 2 1 1 6718 6719 6810 6809
6646 2 1 1 6719 6720 6811 6810
6647 2 1 1 6720 6721 6812 6811
6648 2 1 1 6721 6722 6813 6812
6649 2 1 1 6722 6723 6814 6813
6650 2 1 1 6723 6724 6815 6814
6651 2 1 1 6724 6725 6816 6815
6652 2 1 1 6725 6726 6817 6816
6653 2 1 1 6726 6727 6818 6817
6654 2 1 1 6727 6728 6819 6818
6655 2 1 1 6728 6729 6820 6819
6656 2 1 1 6729 6730 6821 6820
6657 2 1 1 6730 6731 6822 6821
6658 2 1 1 6731 6732 6823 6822
6659 2 1 1 6732 6733 6824 6823
6660 2 1 1 6733 6734 6825 6824
6661 2 1 1 6735 6736 6827 6826
6662 2 1 1 6736 6737 6828 6827
6663 2 1 1 6737 6738 6829 6828
6664 2 1 1 6738 6739 6830 6829
6665 2 1 1 6739 6740 6831 6830
6666 2 1 1 6740 6741 6832 6831
6667 2 1 1 6741 6742 6833 6832
6668 2 1 1 6742 6743 6834 6833
6669 2 1 1 6743 6744 6835 6834
6670 2 1 1 6744 6745 6836 6835
6671 2 1 1 6745 6746 6837 6836
6672 2 1 1 6746 6747 6838 6837
6673 2 1 1 6747 6748 6839 6838
6674 2 1 1 6748 6749 6840 6839
6675 2 1 1 6749 6750 6841 6840
6676 2 1 1 6750 6751 6842 6841
6677 2 1 1 6751 6752 6843 6842
6678 2 1 1 6752 6753 6844 6843
6679 2 1 1 6753 6754 6845 6844
6680 2 1 1 6754 6755 6846 6845
6681 2 1 1 6755 6756 6847 6846
6682 2 1 1 6756 6757 6848 6847
6683 2 1 1 6757 6758 6849 6848
6684 2 1 1 6758 6759 6850 6849
6685 2 1 1 6759 6760 6851 6850
6686 2 1 1 6760 6761 6852 6851
6687 2 1 1 6761 6762 6853 6852
6688 2 1 1 6762 6763 6854 6853
6689 2 1 1 6763 6764 6855 6854
6690 2 1 1 6764 6765 6856 6855
6691 2 1 1 6765 6766 6857 6856
6692 2 1 1 6766 6767 6858 6857
6693 2 1 1 6767 6768 6859 6858
6694 2 1 1 6768 6769 6860 6859
6695 2 1 1 6769 6770 6861 6860
6696 2 1 1 6770 6771 6862 6861
6697 2 1 1 6771 6772 6863 6862
6698 2 1 1 6772 6773 6864 6863
6699 2 1 1 6773 6774 6865 6864
6700 2 1 1 6774 6775 6866 6865
6701 2 1 1 6775 6776 6867 6866
6702 2 1 1 6776 6777 6868 6867
6703 2 1 1 6777 6778 6869 6868
6704 2 1 1 6778 6779 6870 6869
6705 2 1 1 6779 6780 6871 6870
6706 2 1 1 6780 6781 6872 6871
6707 2 1 1 6781 6782 6873 6872
6708 2 1 1 6782 6783 6874 6873
6709 2 1 1 6783 6784 6875 6874
6710 2 1 1 6784 6785 6876 6875
6711 2 1 1 6785 6786 6877 6876
6712 2 1 1 6786 6787 6878 6877
6713 2 1 1 6787 6788 6879 6878
6714 2 1 1 6788 6789 6880 6879
6715 2 1 1 6789 6790 6881 6880
6716 2 1 1 6790 6791 6882 6881
6717 2 1 1 6791 6792 6883 6882
6718 2 1 1 6792 6793 6884 6883
6719 2 1 1 6793 6794 6885 6884
6720 2 1 1 6794 6795 6886 6885
6721 2 1 1 6795 6796 6887 6886
6722 2 1 1 6796 6797 6888 6887
6723 2 1 1 6797 6798 6889 6888
6724 2 1 1 6798 6799 6890 6889
6725 2 1 1 6799 6800 6891 6890
6726 2 1 1 6800 6801 6892 6891
6727 2 1 1 6801 6802 6893 6892
6728 2 1 1 6802 6803 6894 6893
6729 2 1 1 6803 6804 6895 6894
6730 2 1 1 6804 6805 6896 6895
6731 2 1 1 6805 6806 6897 6896
6732 2 1 1 6806 6807 6898 6897
6733 2 1 1 6807 6808 6899 6898
6734 2 1 1 6808 6809 6900 6899
6735 2 1 1 6809 6810 6901 6900
6736 2 1 1 6810 6811 6902 6901
6737 2 1 1 6811 6812 6903 6902
6738 2 1 1 6812 6813 6904 6903
6739 2 1 1 6813 6814 6905 6904
6740 2 1 1 6814 6815 6906 6905
6741 2 1 1 6815 6816 6907 6906
6742 2 1 1 6816 6817 6908 6907
6743 2 1 1 6817 6818 6909 6908
6744 2 1 1 6818 6819 6910 6909
6745 2 1 1 6819 6820 6911 6910
6746 2 1 1 6820 6821 6912 6911
6747 2 1 1 6821 6822 6913 6912
6748 2 1 1 6822 6823 6914 6913
6749 2 1 1 6823 6824 6915 6914
6750 2 1 1 6824 6825 6916 6915
6751 2 1 1 6826 6827 6918 6917
6752 2 1 1 6827 6828 6919 6918
6753 2 1 1 6828 6829 6920 6919
6754 2 1 1 6829 6830 6921 6920
6755 2 1 1 6830 6831 6922 6921
6756 2 1 1 6831 6832 6923 6922
6757 2 1 1 6832 6833 6924 6923
6758 2 1 1 6833 6834 6925 6924
6759 2 1 1 6834 6835 6926 6925
6760 2 1 1 6835 6836 6927 6926
6761 2 1 1 6836 6837 6928 6927
6762 2 1 1 6837 6838 6929 6928
6763 2 1 1 6838 6839 6930 6929
6764 2 1 1 6839 6840 6931 6930
6765 2 1 1 6840 6841 6932 6931
6766 2 1 1 6841 6842 6933 6932
6767 2 1 1 6842 6843 6934 6933
6768 2 1 1 6843 6844 6935 6934
6769 2 1 1 6844 6845 6936 6935
6770 2 1 1 6845 6846 6937 6936
6771 2 1 1 6846 6847 6938 6937
6772 2 1 1 6847 6848 6939 6938
6773 2 1 1 6848 6849 6940 6939
6774 2 1 1 6849 6850 6941 6940
6775 2 1 1 6850 6851 6942 6941
6776 2 1 1 6851 6852 6943 6942
6777 2 1 1 6852 6853 6944 6943
6778 2 1 1 6853 6854 6945 6944
6779 2 1 1 6854 6855 6946 6945
6780 2 1 1 6855 6856 6947 6946
6781 2 1 1 6856 6857 6948 6947
6782 2 1 1 6857 6858 6949 6948
6783 2 1 1 6858 6859 6950 6949
6784 2 1 1 6859 6860 6951 6950
6785 2 1 1 6860 6861 6952 6951
6786 2 1 1 6861 6862 6953 6952
6787 2 1 1 6862 6863 6954 6953
6788 2 1 1 6863 6864 6955 6954
6789 2 1 1 6864 6865 6956 6955
6790 2 1 1 6865 6866 6957 6956
6791 2 1 1 6866 6867 6958 6957
6792 2 1 1 6867 6868 6959 6958
6793 2 1 1 6868 6869 6960 6959
6794 2 1 1 6869 6870 6961 6960
6795 2 1 1 6870 6871 6962 6961
6796 2 1 1 6871 6872 6963 6962
6797 2 1 1 6872 6873 6964 6963
6798 2 1 1 6873 6874 6965 6964
6799 2 1 1 6874 6875 6966 6965
6800 2 1 1 6875 6876 6967 6966
6801 2 1 1 6876 6877 6968 6967
6802 2 1 1 6877 6878 6969 6968
6803 2 1 1 6878 6879 6970 6969
6804 2 1 1 6879 6880 6971 6970
6805 2 1 1 6880 6881 6972 6971
6806 2 1 1 6881 6882 6973 6972
6807 2 1 1 6882 6883 6974 6973
6808 2 1 1 6883 6884 6975 6974
6809 2 1 1 6884 6885 6976 6975
6810 2 1 1 6885 6886 6977 6976
6811 2 1 1 6886 6887 6978 6977
6812 2 1 1 6887 6888 6979 6978
6813 2 1 1 6888 6889 6980 6979
6814 2 1 1 6889 6890 6981 6980
6815 2 1 1 6890 6891 6982 6981
6816 2 1 1 6891 6892 6983 6982
6817 2 1 1 6892 6893 6984 6983
6818 2 1 1 6893 6894 6985 6984
6819 2 1 1 6894 6895 6986 6985
6820 2 1 1 6895 6896 6987 6986
6821 2 1 1 6896 6897 6988 6987
6822 2 1 1 6897 6898 6989 6988
6823 2 1 1 6898 6899 6990 6989
6824 2 1 1 6899 6900 6991 6990
6825 2 1 1 6900 6901 6992 6991
6826 2 1 1 6901 6902 6993 6992
6827 2 1 1 6902 6903 6994 6993
6828 2 1 1 6903 6904 6995 6994
6829 2 1 1 6904 6905 6996 6995
6830 2 1 1 6905 6906 6997 6996
6831 2 1 1 6906 6907 6998 6997
6832 2 1 1 6907 6908 6999 6998
6833 2 1 1 6908 6909 7000 6999
6834 2 1 1 6909 6910 7001 7000
6835 2 1 1 6910 6911 7002 7001
6836 2 1 1 6911 6912 7003 7002
6837 2 1 1 6912 6913 7004 7003
6838 2 1 1 6913 6914 7005 7004
6839 2 1 1 6914 6915 7006 7005
6840 2 1 1 6915 6916 7007 7006
6841 2 1 1 6917 6918 7009 7008
6842 2 1 1 6918 6919 7010 7009
6843 2 1 1 6919 6920 7011 7010
6844 2 1 1 6920 6921 7012 7011
6845 2 1 1 6921 6922 7013 7012
6846 2 1 1 6922 6923 7014 7013
6847 2 1 1 6923 6924 7015 7014
6848 2 1 1 6924 6925 7016 7015
6849 2 1 1 6925 6926 7017 7016
6850 2 1 1 6926 6927 7018 7017
6851 2 1 1 6927 6928 7019 7018
6852 2 1 1 6928 6929 7020 7019
6853 2 1 1 6929 6930 7021 7020
6854 2 1 1 6930 6931 7022 7021
6855 2 1 1 6931 6932 7023 7022
6856 2 1 1 6932 6933 7024 7023
6857 2 1 1 6933 6934 7025 7024
6858 2 1 1 6934 6935 7026 7025
6859 2 1 1 6935 6936 7027 7026
6860 2 1 1 6936 6937 7028 7027
6861 2 1 1 6937 6938 7029 7028
6862 2 1 1 6938 6939 7030 7029
6863 2 1 1 6939 6940 7031 7030
6864 2 1 1 6940 6941 7032 7031
6865 2 1 1 6941 6942 7033 7032
6866 2 1 1 6942 6943 7034 7033
6867 2 1 1 6943 6944 7035 7034
6868 2 1 1 6944 6945 7036 7035
6869 2 1 1 6945 6946 7037 7036
6870 2 1 1 6946 6947 7038 7037
6871 2 1 1 6947 6948 7039 7038
6872 2 1 1 6948 6949 7040 7039
6873 2 1 1 6949 6950 7041 7040
6874 2 1 1 6950 6951 7042 7041
6875 2 1 1 6951 6952 7043 7042
6876 2 1 1 6952 6953 7044 7043
6877 2 1 1 6953 6954 7045 7044
6878 2 1 1 6954 6955 7046 7045
6879 2 1 1 6955 6956 7047 7046
6880 2 1 1 6956 6957 7048 7047
6881 2 1 1 6957 6958 7049 7048
6882 2 1 1 6958 6959 7050 7049
6883 2 1 1 6959 6960 7051 7050
6884 2 1 1 6960 6961 7052 7051
6885 2 1 1 6961 6962 7053 7052
6886 2 1 1 6962 6963 7054 7053
6887 2 1 1 6963 6964 7055 7054
6888 2 1 1 6964 6965 7056 7055
6889 2 1 1 6965 6966 7057 7056
6890 2 1 1 6966 6967 7058 7057
6891 2 1 1 6967 6968 7059 7058
6892 2 1 1 6968 6969 7060 7059
6893 2 1 1 6969 6970 7061 7060
6894 2 1 1 6970 6971 7062 7061
6895 2 1 1 6971 6972 7063 7062
6896 2 1 1 6972 6973 7064 7063
6897 2 1 1 6973 6974 7065 7064
6898 2 1 1 6974 6975 7066 7065
6899 2 1 1 6975 6976 7067 7066
6900 2 1 1 6976 6977 7068 7067
6901 2 1 1 6977 6978 7069 7068
6902 2 1 1 6978 6979 7070 7069
6903 2 1 1 6979 6980 7071 7070
6904 2 1 1 6980 6981 7072 7071
6905 2 1 1 6981 6982 7073 7072
6906 2 1 1 6982 6983 7074 7073
6907 2 1 1 6983 6984 7075 7074
6908 2 1 1 6984 6985 7076 7075
6909 2 1 1 6985 6986 7077 7076
6910 2 1 1 6986 6987 7078 7077
6911 2 1 1 6987 6988 7079 7078
6912 2 1 1 6988 6989 7080 7079
6913 2 1 1 6989 6990 7081 7080
6914 2 1 1 6990 6991 7082 7081
6915 2 1 1 6991 6992 7083 7082
6916 2 1 1 6992 6993 7084 7083
6917 2 1 1 6993 6994 7085 7084
6918 2 1 1 6994 6995 7086 7085
6919 2 1 1 6995 6996 7087 7086
6920 2 1 1 6996 6997 7088 7087
6921 2 1 1 6997 6998 7089 7088
6922 2 1 1 6998 6999 7090 7089
6923 2 1 1 6999 7000 7091 7090
6924 2 1 1 7000 7001 7092 7091
6925 2 1 1 7001 7002 7093 7092
6926 2 1 1 7002 7003 7094 7093
6927 2 1 1 7003 7004 7095 7094
6928 2 1 1 7004 7005 7096 7095
6929 2 1 1 7005 7006 7097 7096
6930 2 1 1 7006 7007 7098 7097
6931 2 1 1 7008 7009 7100 7099
6932 2 1 1 7009 7010 7101 7100
6933 2 1 1 7010 7011 7102 7101
6934 2 1 1 7011 7012 7103 7102
6935 2 1 1 7012 7013 7104 7103
6936 2 1 1 7013 7014 7105 7104
6937 2 1 1 7014 7015 7106 7105
6938 2 1 1 7015 7016 7107 7106
6939 2 1 1 7016 7017 7108 7107
6940 2 1 1 7017 7018 7109 7108
6941 2 1 1 7018 7019 7110 7109
6942 2 1 1 7019 7020 7111 7110
6943 2 1 1 7020 7021 7112 7111
6944 2 1 1 7021 7022 7113 7112
6945 2 1 1 7022 7023 7114 7113
6946 2 1 1 7023 7024 7115 7114
6947 2 1 1 7024 7025 7116 7115
6948 2 1 1 7025 7026 7117 7116
6949 2 1 1 7026 7027 7118 7117
6950 2 1 1 7027 7028 7119 7118
6951 2 1 1 7028 7029 7120 7119
6952 2 1 1 7029 7030 7121 7120
6953 2 1 1 7030 7031 7122 7121
6954 2 1 1 7031 7032 7123 7122
6955 2 1 1 7032 7033 7124 7123
6956 2 1 1 7033 7034 7125 7124
6957 2 1 1 7034 7035 7126 7125
6958 2 1 1 7035 7036 7127 7126
6959 2 1 1 7036 7037 7128 7127
6960 2 1 1 7037 7038 7129 7128
6961 2 1 1 7038 7039 7130 7129
6962 2 1 1 7039 7040 7131 7130
6963 2 1 1 7040 7041 7132 7131
6964 2 1 1 7041 7042 7133 7132
6965 2 1 1 7042 7043 7134 7133
6966 2 1 1 7043 7044 7135 7134
6967 2 1 1 7044 7045 7136 7135
6968 2 1 1 7045 7046 7137 7136
6969 2 1 1 7046 7047 7138 7137
6970 2 1 1 7047 7048 7139 7138
6971 2 1 1 7048 7049 7140 7139
6972 2 1 1 7049 7050 7141 7140
6973 2 1 1 7050 7051 7142 7141
6974 2 1 1 7051 7052 7143 7142
6975 2 1 1 7052 7053 7144 7143
6976 2 1 1 7053 7054 7145 7144
6977 2 1 1 7054 7055 7146 7145
6978 2 1 1 7055 7056 7147 7146
6979 2 1 1 7056 7057 7148 7147
6980 2 1 1 7057 7058 7149 7148
6981 2 1 1 7058 7059 7150 7149
6982 2 1 1 7059 7060 7151 7150
6983 2 1 1 7060 7061 7152 7151
6984 2 1 1 7061 7062 7153 7152
6985 2 1 1 7062 7063 7154 7153
6986 2 1 1 7063 7064 7155 7154
6987 2 1 1 7064 7065 7156 7155
6988 2 1 1 7065 7066 7157 7156
6989 2 1 1 7066 7067 7158 7157
6990 2 1 1 7067 7068 7159 7158
6991 2 1 1 7068 7069 7160 7159
6992 2 1 1 7069 7070 7161 7160
6993 2 1 1 7070 7071 7162 7161
6994 2 1 1 7071 7072 7163 7162
6995 2 1 1 7072 7073 7164 7163
6996 2 1 1 7073 7074 7165 7164
6997 2 1 1 7074 7075 7166 7165
6998 2 1 1 7075 7076 7167 7166
6999 2 1 1 7076 7077 7168 7167
7000 2 1 1 7077 7078 7169 7168
7001 2 1 1 7078 7079 7170 7169
7002 2 1 1 7079 7080 7171 7170
7003 2 1 1 7080 7081 7172 7171
7004 2 1 1 7081 7082 7173 7172
7005 2 1 1 7082 7083 7174 7173
7006 2 1 1 7083 7084 7175 7174
7007 2 1 1 7084 7085 7176 7175
7008 2 1 1 7085 7086 7177 7176
7009 2 1 1 7086 7087 7178 7177
7010 2 1 1 7087 7088 7179 7178
7011 2 1 1 7088 7089 7180 7179
7012 2 1 1 7089 7090 7181 7180
7013 2 1 1 7090 7091 7182 7181
7014 2 1 1 7091 7092 7183 7182
7015 2 1 1 7092 7093 7184 7183
7016 2 1 1 7093 7094 7185 7184
7017 2 1 1 7094 7095 7186 7185
7018 2 1 1 7095 7096 7187 7186
7019 2 1 1 7096 7097 7188 7187
7020 2 1 1 7097 7098 7189 7188
7021 2 1 1 7099 7100 7191 7190
7022 2 1 1 7100 7101 7192 7191
7023 2 1 1 7101 7102 7193 7192
7024 2 1 1 7102 7103 7194 7193
7025 2 1 1 7103 7104 7195 7194
7026 2 1 1 7104 7105 7196 7195
7027 2 1 1 7105 7106 7197 7196
7028 2 1 1 7106 7107 7198 7197
7029 2 1 1 7107 7108 7199 7198
7030 2 1 1 7108 7109 7200 7199
7031 2 1 1 7109 7110 7201 7200
7032 2 1 1 7110 7111 7202 7201
7033 2 1 1 7111 7112 7203 7202
7034 2 1 1 7112 7113 7204 7203
7035 2 1 1 7113 7114 7205 7204
7036 2 1 1 7114 7115 7206 7205
7037 2 1 1 7115 7116 7207 7206
7038 2 1 1 7116 7117 7208 7207
7039 2 1 1 7117 7118 7209 7208
7040 2 1 1 7118 7119 7210 7209
7041 2 1 1 7119 7120 7211 7210
7042 2 1 1 7120 7121 7212 7211
7043 2 1 1 7121 7122 7213 7212
7044 2 1 1 7122 7123 7214 7213
7045 2 1 1 7123 7124 7215 7214
7046 2 1 1 7124 7125 7216 7215
7047 2 1 1 7125 7126 7217 7216
7048 2 1 1 7126 7127 7218 7217
7049 2 1 1 7127 7128 7219 7218
7050 2 1 1 7128 7129 7220 7219
7051 2 1 1 7129 7130 7221 7220
7052 2 1 1 7130 7131 7222 7221
7053 2 1 1 7131 7132 7223 7222
7054 2 1 1 7132 7133 7224 7223
7055 2 1 1 7133 7134 7225 7224
7056 2 1 1 7134 7135 7226 7225
7057 2 1 1 7135 7136 7227 7226
7058 2 1 1 7136 7137 7228 7227
7059 2 1 1 7137 7138 7229 7228
7060 2 1 1 7138 7139 7230 7229
7061 2 1 1 7139 7140 7231 7230
7062 2 1 1 7140 7141 7232 7231
7063 2 1 1 7141 7142 7233 7232
7064 2 1 1 7142 7143 7234 7233
7065 2 1 1 7143 7144 7235 7234
7066 2 1 1 7144 7145 7236 7235
7067 2 1 1 7145 7146 7237 7236
7068 2 1 1 7146 7147 7238 7237
7069 2 1 1 7147 7148 7239 7238
7070 2 1 1 7148 7149 7240 7239
7071 2 1 1 7149 7150 7241 7240
7072 2 1 1 7150 7151 7242 7241
7073 2 1 1 7151 7152 7243 7242
7074 2 1 1 7152 7153 7244 7243
7075 2 1 1 7153 7154 7245 7244
7076 2 1 1 7154 7155 7246 7245
7077 2 1 1 7155 7156 7247 7246
7078 2 1 1 7156 7157 7248 7247
7079 2 1 1 7157 7158 7249 7248
7080 2 1 1 7158 7159 7250 7249
7081 2 1 1 7159 7160 7251 7250
7082 2 1 1 7160 7161 7252 7251
7083 2 1 1 7161 7162 7253 7252
7084 2 1 1 7162 7163 7254 7253
7085 2 1 1 7163 7164 7255 7254
7086 2 1 1 7164 7165 7256 7255
7087 2 1 1 7165 7166 7257 7256
7088 2 1 1 7166 7167 7258 7257
7089 2 1 1 7167 7168 7259 7258
7090 2 1 1 7168 7169 7260 7259
7091 2 1 1 7169 7170 7261 7260
7092 2 1 1 7170 7171 7262 7261
7093 2 1 1 7171 7172 7263 7262
7094 2 1 1 7172 7173 7264 7263
7095 2 1 1 7173 7174 7265 7264
7096 2 1 1 7174 7175 7266 7265
7097 2 1 1 7175 7176 7267 7266
7098 2 1 1 7176 7177 7268 7267
7099 2 1 1 7177 7178 7269 7268
7100 2 1 1 7178 7179 7270 7269
7101 2 1 1 7179 7180 7271 7270
7102 2 1 1 7180 7181 7272 7271
7103 2 1 1 7181 7182 7273 7272
7104 2 1 1 7182 7183 7274 7273
7105 2 1 1 7183 7184 7275 7274
7106 2 1 1 7184 7185 7276 7275
7107 2 1 1 7185 7186 7277 7276
7108 2 1 1 7186 7187 7278 7277
7109 2 1 1 7187 7188 7279 7278
7110 2 1 1 7188 7189 7280 7279
7111 2 1 1 7190 7191 7282 7281
7112 2 1 1 7191 7192 7283 7282
7113 2 1 1 7192 7193 7284 7283
7114 2 1 1 7193 7194 7285 7284
7115 2 1 1 7194 7195 7286 7285
7116 2 1 1 7195 7196 7287 7286
7117 2 1 1 7196 7197 7288 7287
7118 2 1 1 7197 7198 7289 7288
7119 2 1 1 7198 7199 7290 7289
7120 2 1 1 7199 7200 7291 7290
7121 2 1 1 7200 7201 7292 7291
7122 2 1 1 7201 7202 7293 7292
7123 2 1 1 7202 7203 7294 7293
7124 2 1 1 7203 7204 7295 7294
7125 2 1 1 7204 7205 7296 7295
7126 2 1 1 7205 7206 7297 7296
7127 2 1 1 7206 7207 7298 7297
7128 2 1 1 7207 7208 7299 7298
7129 2 1 1 7208 7209 7300 7299
7130 2 1 1 7209 7210 7301 7300
7131 2 1 1 7210 7211 7302 7301
7132 2 1 1 7211 7212 7303 7302
7133 2 1 1 7212 7213 7304 7303
7134 2 1 1 7213 7214 7305 7304
7135 2 1 1 7214 7215 7306 7305
7136 2 1 1 7215 7216 7307 7306
7137 2 1 1 7216 7217 7308 7307
7138 2 1 1 7217 7218 7309 7308
7139 2 1 1 7218 7219 7310 7309
7140 2 1 1 7219 7220 7311 7310
7141 2 1 1 7220 7221 7312 7311
7142 2 1 1 7221 7222 7313 7312
7143 2 1 1 7222 7223 7314 7313
7144 2 1 1 7223 7224 7315 7314
7145 2 1 1 7224 7225 7316 7315
7146 2 1 1 7225 7226 7317 7316
7147 2 1 1 7226 7227 7318 7317
7148 2 1 1 7227 7228 7319 7318
7149 2 1 1 7228 7229 7320 7319
7150 2 1 1 7229 7230 7321 7320
7151 2 1 1 7230 7231 7322 7321
7152 2 1 1 7231 7232 7323 7322
7153 2 1 1 7232 7233 7324 7323
7154 2 1 1 7233 7234 7325 7324
7155 2 1 1 7234 7235 7326 7325
7156 2 1 1 7235 7236 7327 7326
7157 2 1 1 7236 7237 7328 7327
7158 2 1 1 7237 7238 7329 7328
7159 2 1 1 7238 7239 7330 7329
7160 2 1 1 7239 7240 7331 7330
7161 2 1 1 7240 7241 7332 7331
7162 2 1 1 7241 7242 7333 7332
7163 2 1 1 7242 7243 7334 7333
7164 2 1 1 7243 7244 7335 7334
7165 2 1 1 7244 7245 7336 7335
7166 2 1 1 7245 7246 7337 7336
7167 2 1 1 7246 7247 7338 7337
7168 2 1 1 7247 7248 7339 7338
7169 2 1 1 7248 7249 7340 7339
7170 2 1 1 7249 7250 7341 7340
7171 2 1 1 7250 7251 7342 7341
7172 2 1 1 7251 7252 7343 7342
7173 2 1 1 7252 7253 7344 7343
7174 2 1 1 7253 7254 7345 7344
7175 2 1 1 7254 7255 7346 7345
7176 2 1 1 7255 7256 7347 7346
7177 2 1 1 7256 7257 7348 7347
7178 2 1 1 7257 7258 7349 7348
7179 2 1 1 7258 7259 7350 7349
7180 2 1 1 7259 7260 7351 7350
7181 2 1 1 7260 7261 7352 7351
7182 2 1 1 7261 7262 7353 7352
7183 2 1 1 7262 7263 7354 7353
7184 2 1 1 7263 7264 7355 7354
7185 2 1 1 7264 7265 7356 7355
7186 2 1 1 7265 7266 7357 7356
7187 2 1 1 7266 7267 7358 7357
7188 2 1 1 7267 7268 7359 7358
7189 2 1 1 7268 7269 7360 7359
7190 2 1 1 7269 7270 7361 7360
7191 2 1 1 7270 7271 7362 7361
7192 2 1 1 7271 7272 7363 7362
7193 2 1 1 7272 7273 7364 7363
7194 2 1 1 7273 7274 7365 7364
7195 2 1 1 7274 7275 7366 7365
7196 2 1 1 7275 7276 7367 7366
7197 2 1 1 7276 7277 7368 7367
7198 2 1 1 7277 7278 7369 7368
7199 2 1 1 7278 7279 7370 7369
7200 2 1 1 7279 7280 7371 7370
7201 2 1 1 7281 7282 7373 7372
7202 2 1 1 7282 7283 7374 7373
7203 2 1 1 7283 7284 7375 7374
7204 2 1 1 7284 7285 7376 7375
7205 2 1 1 7285 7286 7377 7376
7206 2 1 1 7286 7287 7378 7377
7207 2 1 1 7287 7288 7379 7378
7208 2 1 1 7288 7289 7380 7379
7209 2 1 1 7289 7290 7381 7380
7210 2 1 1 7290 7291 7382 7381
7211 2 1 1 7291 7292 7383 7382
7212 2 1 1 7292 7293 7384 7383
7213 2 1 1 7293 7294 7385 7384
7214 2 1 1 7294 7295 7386 7385
7215 2 1 1 7295 7296 7387 7386
7216 2 1 1 7296 7297 7388 7387
7217 2 1 1 7297 7298 7389 7388
7218 2 1 1 7298 7299 7390 7389
7219 2 1 1 7299 7300 7391 7390
7220 2 1 1 7300 7301 7392 7391
7221 2 1 1 7301 7302 7393 7392
7222 2 1 1 7302 7303 7394 7393
7223 2 1 1 7303 7304 7395 7394
7224 2 1 1 7304 7305 7396 7395
7225 2 1 1 7305 7306 7397 7396
7226 2 1 1 7306 7307 7398 7397
7227 2 1 1 7307 7308 7399 7398
7228 2 1 1 7308 7309 7400 7399
7229 2 1 1 7309 7310 7401 7400
7230 2 1 1 7310 7311 7402 7401
7231 2 1 1 7311 7312 7403 7402
7232 2 1 1 7312 7313 7404 7403
7233 2 1 1 7313 7314 7405 7404
7234 2 1 1 7314 7315 7406 7405
7235 2 1 1 7315 7316 7407 7406
7236 2 1 1 7316 7317 7408 7407
7237 2 1 1 7317 7318 7409 7408
7238 2 1 1 7318 7319 7410 7409
7239 2 1 1 7319 7320 7411 7410
7240 2 1 1 7320 7321 7412 7411
7241 2 1 1 7321 7322 7413 7412
7242 2 1 1 7322 7323 7414 7413
7243 2 1 1 7323 7324 7415 7414
7244 2 1 1 7324 7325 7416 7415
7245 2 1 1 7325 7326 7417 7416
7246 2 1 1 7326 7327 7418 7417
7247 2 1 1 7327 7328 7419 7418
7248 2 1 1 7328 7329 7420 7419
7249 2 1 1 7329 7330 7421 7420
7250 2 1 1 7330 7331 7422 7421
7251 2 1 1 7331 7332 7423 7422
7252 2 1 1 7332 7333 7424 7423
7253 2 1 1 7333 7334 7425 7424
7254 2 1 1 7334 7335 7426 7425
7255 2 1 1 7335 7336 7427 7426
7256 2 1 1 7336 7337 7428 7427
7257 2 1 1 7337 7338 7429 7428
7258 2 1 1 7338 7339 7430 7429
7259 2 1 1 7339 7340 7431 7430
7260 2 1 1 7340 7341 7432 7431
7261 2 1 1 7341 7342 7433 7432
7262 2 1 1 7342 7343 7434 7433
7263 2 1 1 7343 7344 7435 7434
7264 2 1 1 7344 7345 7436 7435
7265 2 1 1 7345 7346 7437 7436
7266 2 1 1 7346 7347 7438 7437
7267 2 1 1 7347 7348 7439 7438
7268 2 1 1 7348 7349 7440 7439
7269 2 1 1 7349 7350 7441 7440
7270 2 1 1 7350 7351 7442 7441
7271 2 1 1 7351 7352 7443 7442
7272 2 1 1 7352 7353 7444 7443
7273 2 1 1 7353 7354 7445 7444
7274 2 1 1 7354 7355 7446 7445
7275 2 1 1 7355 7356 7447 7446
7276 2 1 1 7356 7357 7448 7447
7277 2 1 1 7357 7358 7449 7448
7278 2 1 1 7358 7359 7450 7449
7279 2 1 1 7359 7360 7451 7450
7280 2 1 1 7360 7361 7452 7451
7281 2 1 1 7361 7362 7453 7452
7282 2 1 1 7362 7363 7454 7453
7283 2 1 1 7363 7364 7455 7454
7284 2 1 1 7364 7365 7456 7455
7285 2 1 1 7365 7366 7457 7456
7286 2 1 1 7366 7367 7458 7457
7287 2 1 1 7367 7368 7459 7458
7288 2 1 1 7368 7369 7460 7459
7289 2 1 1 7369 7370 7461 7460
7290 2 1 1 7370 7371 7462 7461
7291 2 1 1 7372 7373 7464 7463
7292 2 1 1 7373 7374 7465 7464
7293 2 1 1 7374 7375 7466 7465
7294 2 1 1 7375 7376 7467 7466
7295 2 1 1 7376 7377 7468 7467
7296 2 1 1 7377 7378 7469 7468
7297 2 1 1 7378 7379 7470 7469
7298 2 1 1 7379 7380 7471 7470
7299 2 1 1 7380 7381 7472 7471
7300 2 1 1 7381 7382 7473 7472
7301 2 1 1 7382 7383 7474 7473
7302 2 1 1 7383 7384 7475 7474
7303 2 1 1 7384 7385 7476 7475
7304 2 1 1 7385 7386 7477 7476
7305 2 1 1 7386 7387 7478 7477
7306 2 1 1 7387 7388 7479 7478
7307 2 1 1 7388 7389 7480 7479
7308 2 1 1 7389 7390 7481 7480
7309 2 1 1 7390 7391 7482 7481
7310 2 1 1 7391 7392 7483 7482
7311 2 1 1 7392 7393 7484 7483
7312 2 1 1 7393 7394 7485 7484
7313 2 1 1 7394 7395 7486 7485
7314 2 1 1 7395 7396 7487 7486
7315 2 1 1 7396 7397 7488 7487
7316 2 1 1 7397 7398 7489 7488
7317 2 1 1 7398 7399 7490 7489
7318 2 1 1 7399 7400 7491 7490
7319 2 1 1 7400 7401 7492 7491
7320 2 1 1 7401 7402 7493 7492
7321 2 1 1 7402 7403 7494 7493
7322 2 1 1 7403 7404 7495 7494
7323 2 1 1 7404 7405 7496 7495
7324 2 1 1 7405 7406 7497 7496
7325 2 1 1 7406 7407 7498 7497
7326 2 1 1 7407 7408 7499 7498
7327 2 1 1 7408 7409 7500 7499
7328 2 1 1 7409 7410 7501 7500
7329 2 1 1 7410 7411 7502 7501
7330 2 1 1 7411 7412 7503 7502
7331 2 1 1 7412 7413 7504 7503
7332 2 1 1 7413 7414 7505 7504
7333 2 1 1 7414 7415 7506 7505
7334 2 1 1 7415 7416 7507 7506
7335 2 1 1 7416 7417 7508 7507
7336 2 1 1 7417 7418 7509 7508
7337 2 1 1 7418 7419 7510 7509
7338 2 1 1 7419 7420 7511 7510
7339 2 1 1 7420 7421 7512 7511
7340 2 1 1 7421 7422 7513 7512
7341 2 1 1 7422 7423 7514 7513
7342 2 1 1 7423 7424 7515 7514
7343 2 1 1 7424 7425 7516 7515
7344 2 1 1 7425 7426 7517 7516
7345 2 1 1 7426 7427 7518 7517
7346 2 1 1 7427 7428 7519 7518
7347 2 1 1 7428 7429 7520 7519
7348 2 1 1 7429 7430 7521 7520
7349 2 1 1 7430 7431 7522 7521
7350 2 1 1 7431 7432 7523 7522
7351 2 1 1 7432 7433 7524 7523
7352 2 1 1 7433 7434 7525 7524
7353 2 1 1 7434 7435 7526 7525
7354 2 1 1 7435 7436 7527 7526
7355 2 1 1 7436 7437 7528 7527
7356 2 1 1 7437 7438 7529 7528
7357 2 1 1 7438 7439 7530 7529
7358 2 1 1 7439 7440 7531 7530
7359 2 1 1 7440 7441 7532 7531
7360 2 1 1 7441 7442 7533 7532
7361 2 1 1 7442 7443 7534 7533
7362 2 1 1 7443 7444 7535 7534
7363 2 1 1 7444 7445 7536 7535
7364 2 1 1 7445 7446 7537 7536
7365 2 1 1 7446 7447 7538 7537
7366 2 1 1 7447 7448 7539 7538
7367 2 1 1 7448 7449 7540 7539
7368 2 1 1 7449 7450 7541 7540
7369 2 1 1 7450 7451 7542 7541
7370 2 1 1 7451 7452 7543 7542
7371 2 1 1 7452 7453 7544 7543
7372 2 1 1 7453 7454 7545 7544
7373 2 1 1 7454 7455 7546 7545
7374 2 1 1 7455 7456 7547 7546
7375 2 1 1 7456 7457 7548 7547
7376 2 1 1 7457 7458 7549 7548
7377 2 1 1 7458 7459 7550 7549
7378 2 1 1 7459 7460 7551 7550
7379 2 1 1 7460 7461 7552 7551
7380 2 1 1 7461 7462 7553 7552
7381 2 1 1 7463 7464 7555 7554
7382 2 1 1 7464 7465 7556 7555
7383 2 1 1 7465 7466 7557 7556
7384 2 1 1 7466 7467 7558 7557
7385 2 1 1 7467 7468 7559 7558
7386 2 1 1 7468 7469 7560 7559
7387 2 1 1 7469 7470 7561 7560
7388 2 1 1 7470 7471 7562 7561
7389 2 1 1 7471 7472 7563 7562
7390 2 1 1 7472 7473 7564 7563
7391 2 1 1 7473 7474 7565 7564
7392 2 1 1 7474 7475 7566 7565
7393 2 1 1 7475 7476 7567 7566
7394 2 1 1 7476 7477 7568 7567
7395 2 1 1 7477 7478 7569 7568
7396 2 1 1 7478 7479 7570 7569
7397 2 1 1 7479 7480 7571 7570
7398 2 1 1 7480 7481 7572 7571
7399 2 1 1 7481 7482 7573 7572
7400 2 1 1 7482 7483 7574 7573
7401 2 1 1 7483 7484 7575 7574
7402 2 1 1 7484 7485 7576 7575
7403 2 1 1 7485 7486 7577 7576
7404 2 1 1 7486 7487 7578 7577
7405 2 1 1 7487 7488 7579 7578
7406 2 1 1 7488 7489 7580 7579
7407 2 1 1 7489 7490 7581 7580
7408 2 1 1 7490 7491 7582 7581
7409 2 1 1 7491 7492 7583 7582
7410 2 1 1 7492 7493 7584 7583
7411 2 1 1 7493 7494 7585 7584
7412 2 1 1 7494 7495 7586 7585
7413 2 1 1 7495 7496 7587 7586
7414 2 1 1 7496 7497 7588 7587
7415 2 1 1 7497 7498 7589 7588
7416 2 1 1 7498 7499 7590 7589
7417 2 1 1 7499 7500 7591 7590
7418 2 1 1 7500 7501 7592 7591
7419 2 1 1 7501 7502 7593 7592
7420 2 1 1 7502 7503 7594 7593
7421 2 1 1 7503 7504 7595 7594
7422 2 1 1 7504 7505 7596 7595
7423 2 1 1 7505 7506 7597 7596
7424 2 1 1 7506 7507 7598 7597
7425 2 1 1 7507 7508 7599 7598
7426 2 1 1 7508 7509 7600 7599
7427 2 1 1 7509 7510 7601 7600
7428 2 1 1 7510 7511 7602 7601
7429 2 1 1 7511 7512 7603 7602
7430 2 1 1 7512 7513 7604 7603
7431 2 1 1 7513 7514 7605 7604
7432 2 1 1 7514 7515 7606 7605
7433 2 1 1 7515 7516 7607 7606
7434 2 1 1 7516 7517 7608 7607
7435 2 1 1 7517 7518 7609 7608
7436 2 1 1 7518 7519 7610 7609
7437 2 1 1 7519 7520 7611 7610
7438 2 1 1 7520 7521 7612 7611
7439 2 1 1 7521 7522 7613 7612
7440 2 1 1 7522 7523 7614 7613
7441 2 1 1 7523 7524 7615 7614
7442 2 1 1 7524 7525 7616 7615
7443 2 1 1 7525 7526 7617 7616
7444 2 1 1 7526 7527 7618 7617
7445 2 1 1 7527 7528 7619 7618
7446 2 1 1 7528 7529 7620 7619
7447 2 1 1 7529 7530 7621 7620
7448 2 1 1 7530 7531 7622 7621
7449 2 1 1 7531 7532 7623 7622
7450 2 1 1 7532 7533 7624 7623
7451 2 1 1 7533 7534 7625 7624
7452 2 1 1 7534 7535 7626 7625
7453 2 1 1 7535 7536 7627 7626
7454 2 1 1 7536 7537 7628 7627
7455 2 1 1 7537 7538 7629 7628
7456 2 1 1 7538 7539 7630 7629
7457 2 1 1 7539 7540 7631 7630
7458 2 1 1 7540 7541 7632 7631
7459 2 1 1 7541 7542 7633 7632
7460 2 1 1 7542 7543 7634 7633
7461 2 1 1 7543 7544 7635 7634
7462 2 1 1 7544 7545 7636 7635
7463 2 1 1 7545 7546 7637 7636
7464 2 1 1 7546 7547 7638 7637
7465 2 1 1 7547 7548 7639 7638
7466 2 1 1 7548 7549 7640 7639
7467 2 1 1 7549 7550 7641 7640
7468 2 1 1 7550 7551 7642 7641
7469 2 1 1 7551 7552 7643 7642
7470 2 1 1 7552 7553 7644 7643
7471 2 1 1 7554 7555 7646 7645
7472 2 1 1 7555 7556 7647 7646
7473 2 1 1 7556 7557 7648 7647
7474 2 1 1 7557 7558 7649 7648
7475 2 1 1 7558 7559 7650 7649
7476 2 1 1 7559 7560 7651 7650
7477 2 1 1 7560 7561 7652 7651
7478 2 1 1 7561 7562 7653 7652
7479 2 1 1 7562 7563 7654 7653
7480 2 1 1 7563 7564 7655 7654
7481 2 1 1 7564 7565 7656 7655
7482 2 1 1 7565 7566 7657 7656
7483 2 1 1 7566 7567 7658 7657
7484 2 1 1 7567 7568 7659 7658
7485 2 1 1 7568 7569 7660 7659
7486 2 1 1 7569 7570 7661 7660
7487 2 1 1 7570 7571 7662 7661
7488 2 1 1 7571 7572 7663 7662
7489 2 1 1 7572 7573 7664 7663
7490 2 1 1 7573 7574 7665 7664
7491 2 1 1 7574 7575 7666 7665
7492 2 1 1 7575 7576 7667 7666
7493 2 1 1 7576 7577 7668 7667
7494 2 1 1 7577 7578 7669 7668
7495 2 1 1 7578 7579 7670 7669
7496 2 1 1 7579 7580 7671 7670
7497 2 1 1 7580 7581 7672 7671
7498 2 1 1 7581 7582 7673 7672
7499 2 1 1 7582 7583 7674 7673
7500 2 1 1 7583 7584 7675 7674
7501 2 1 1 7584 7585 7676 7675
7502 2 1 1 7585 7586 7677 7676
7503 2 1 1 7586 7587 7678 7677
7504 2 1 1 7587 7588 7679 7678
7505 2 1 1 7588 7589 7680 7679
7506 2 1 1 7589 7590 7681 7680
7507 2 1 1 7590 7591 7682 7681
7508 2 1 1 7591 7592 7683 7682
7509 2 1 1 7592 7593 7684 7683
7510 2 1 1 7593 7594 7685 7684
7511 2 1 1 7594 7595 7686 7685
7512 2 1 1 7595 7596 7687 7686
7513 2 1 1 7596 7597 7688 7687
7514 2 1 1 7597 7598 7689 7688
7515 2 1 1 7598 7599 7690 7689
7516 2 1 1 7599 7600 7691 7690
7517 2 1 1 7600 7601 7692 7691
7518 2 1 1 7601 7602 7693 7692
7519 2 1 1 7602 7603 7694 7693
7520 2 1 1 7603 7604 7695 7694
7521 2 1 1 7604 7605 7696 7695
7522 2 1 1 7605 7606 7697 7696
7523 2 1 1 7606 7607 7698 7697
7524 2 1 1 7607 7608 7699 7698
7525 2 1 1 7608 7609 7700 7699
7526 2 1 1 7609 7610 7701 7700
7527 2 1 1 7610 7611 7702 7701
7528 2 1 1 7611 7612 7703 7702
7529 2 1 1 7612 7613 7704 7703
7530 2 1 1 7613 7614 7705 7704
7531 2 1 1 7614 7615 7706 7705
7532 2 1 1 7615 7616 7707 7706
7533 2 1 1 7616 7617 7708 7707
7534 2 1 1 7617 7618 7709 7708
7535 2 1 1 7618 7619 7710 7709
7536 2 1 1 7619 7620 7711 7710
7537 2 1 1 7620 7621 7712 7711
7538 2 1 1 7621 7622 7713 7712
7539 2 1 1 7622 7623 7714 7713
7540 2 1 1 7623 7624 7715 7714
7541 2 1 1 7624 7625 7716 7715
7542 2 1 1 7625 7626 7717 7716
7543 2 1 1 7626 7627 7718 7717
7544 2 1 1 7627 7628 7719 7718
7545 2 1 1 7628 7629 7720 7719
7546 2 1 1 7629 7630 7721 7720
7547 2 1 1 7630 7631 7722 7721
7548 2 1 1 7631 7632 7723 7722
7549 2 1 1 7632 7633 7724 7723
7550 2 1 1 7633 7634 7725 7724
7551 2 1 1 7634 7635 7726 7725
7552 2 1 1 7635 7636 7727 7726
7553 2 1 1 7636 7637 7728 7727
7554 2 1 1 7637 7638 7729 7728
7555 2 1 1 7638 7639 7730 7729
7556 2 1 1 7639 7640 7731 7730
7557 2 1 1 7640 7641 7732 7731
7558 2 1 1 7641 7642 7733 7732
7559 2 1 1 7642 7643 7734 7733
7560 2 1 1 7643 7644 7735 7734
7561 2 1 1 7645 7646 7737 7736
7562 2 1 1 7646 7647 7738 7737
7563 2 1 1 7647 7648 7739 7738
7564 2 1 1 7648 7649 7740 7739
7565 2 1 1 7649 7650 7741 7740
7566 2 1 1 7650 7651 7742 7741
7567 2 1 1 7651 7652 7743 7742
7568 2 1 1 7652 7653 7744 7743
7569 2 1 1 7653 7654 7745 7744
7570 2 1 1 7654 7655 7746 7745
7571 2 1 1 7655 7656 7747 7746
7572 2 1 1 7656 7657 7748 7747
7573 2 1 1 7657 7658 7749 7748
7574 2 1 1 7658 7659 7750 7749
7575 2 1 1 7659 7660 7751 7750
7576 2 1 1 7660 7661 7752 7751
7577 2 1 1 7661 7662 7753 7752
7578 2 1 1 7662 7663 7754 7753
7579 2 1 1 7663 7664 7755 7754
7580 2 1 1 7664 7665 7756 7755
7581 2 1 1 7665 7666 7757 7756
7582 2 1 1 7666 7667 7758 7757
7583 2 1 1 7667 7668 7759 7758
7584 2 1 1 7668 7669 7760 7759
7585 2 1 1 7669 7670 7761 7760
7586 2 1 1 7670 7671 7762 7761
7587 2 1 1 7671 7672 7763 7762
7588 2 1 1 7672 7673 7764 7763
7589 2 1 1 7673 7674 7765 7764
7590 2 1 1 7674 7675 7766 7765
7591 2 1 1 7675 7676 7767 7766
7592 2 1 1 7676 7677 7768 7767
7593 2 1 1 7677 7678 7769 7768
7594 2 1 1 7678 7679 7770 7769
7595 2 1 1 7679 7680 7771 7770
7596 2 1 1 7680 7681 7772 7771
7597 2 1 1 7681 7682 7773 7772
7598 2 1 1 7682 7683 7774 7773
7599 2 1 1 7683 7684 7775 7774
7600 2 1 1 7684 7685 7776 7775
7601 2 1 1 7685 7686 7777 7776
7602 2 1 1 7686 7687 7778 7777
7603 2 1 1 7687 7688 7779 7778
7604 2 1 1 7688 7689 7780 7779
7605 2 1 1 7689 7690 7781 7780
7606 2 1 1 7690 7691 7782 7781
7607 2 1 1 7691 7692 7783 7782
7608 2 1 1 7692 7693 7784 7783
7609 2 1 1 7693 7694 7785 7784
7610 2 1 1 7694 7695 7786 7785
7611 2 1 1 7695 7696 7787 7786
7612 2 1 1 7696 7697 7788 7787
7613 2 1 1 7697 7698 7789 7788
7614 2 1 1 7698 7699 7790 7789
7615 2 1 1 7699 7700 7791 7790
7616 2 1 1 7700 7701 7792 7791
7617 2 1 1 7701 7702 7793 7792
7618 2 1 1 7702 7703 7794 7793
7619 2 1 1 7703 7704 7795 7794
7620 2 1 1 7704 7705 7796 7795
7621 2 1 1 7705 7706 7797 7796
7622 2 1 1 7706 7707 7798 7797
7623 2 1 1 7707 7708 7799 7798
7624 2 1 1 7708 7709 7800 7799
7625 2 1 1 7709 7710 7801 7800
7626 2 1 1 7710 7711 7802 7801
7627 2 1 1 7711 7712 7803 7802
7628 2 1 1 7712 7713 7804 7803
7629 2 1 1 7713 7714 7805 7804
7630 2 1 1 7714 7715 7806 7805
7631 2 1 1 7715 7716 7807 7806
7632 2 1 1 7716 7717 7808 7807
7633 2 1 1 7717 7718 7809 7808
7634 2 1 1 7718 7719 7810 7809
7635 2 1 1 7719 7720 7811 7810
7636 2 1 1 7720 7721 7812 7811
7637 2 1 1 7721 7722 7813 7812
7638 2 1 1 7722 7723 7814 7813
7639 2 1 1 7723 7724 7815 7814
7640 2 1 1 7724 7725 7816 7815
7641 2 1 1 7725 7726 7817 7816
7642 2 1 1 7726 7727 7818 7817
7643 2 1 1 7727 7728 7819 7818
7644 2 1 1 7728 7729 7820 7819
7645 2 1 1 7729 7730 7821 7820
7646 2 1 1 7730 7731 7822 7821
7647 2 1 1 7731 7732 7823 7822
7648 2 1 1 7732 7733 7824 7823
7649 2 1 1 7733 7734 7825 7824
7650 2 1 1 7734 7735 7826 7825
7651 2 1 1 7736 7737 7828 7827
7652 2 1 1 7737 7738 7829 7828
7653 2 1 1 7738 7739 7830 7829
7654 2 1 1 7739 7740 7831 7830
7655 2 1 1 7740 7741 7832 7831
7656 2 1 1 7741 7742 7833 7832
7657 2 1 1 7742 7743 7834 7833
7658 2 1 1 7743 7744 7835 7834
7659 2 1 1 7744 7745 7836 7835
7660 2 1 1 7745 7746 7837 7836
7661 2 1 1 7746 7747 7838 7837
7662 2 1 1 7747 7748 7839 7838
7663 2 1 1 7748 7749 7840 7839
7664 2 1 1 7749 7750 7841 7840
7665 2 1 1 7750 7751 7842 7841
7666 2 1 1 7751 7752 7843 7842
7667 2 1 1 7752 7753 7844 7843
7668 2 1 1 7753 7754 7845 7844
7669 2 1 1 7754 7755 7846 7845
7670 2 1 1 7755 7756 7847 7846
7671 2 1 1 7756 7757 7848 7847
7672 2 1 1 7757 7758 7849 7848
7673 2 1 1 7758 7759 7850 7849
7674 2 1 1 7759 7760 7851 7850
7675 2 1 1 7760 7761 7852 7851
7676 2 1 1 7761 7762 7853 7852
7677 2 1 1 7762 7763 7854 7853
7678 2 1 1 7763 7764 7855 7854
7679 2 1 1 7764 7765 7856 7855
7680 2 1 1 7765 7766 7857 7856
7681 2 1 1 7766 7767 7858 7857
7682 2 1 1 7767 7768 7859 7858
7683 2 1 1 7768 7769 7860 7859
7684 2 1 1 7769 7770 7861 7860
7685 2 1 1 7770 7771 7862 7861
7686 2 1 1 7771 7772 7863 7862
7687 2 1 1 7772 7773 7864 7863
7688 2 1 1 7773 7774 7865 7864
7689 2 1 1 7774 7775 7866 7865
7690 2 1 1 7775 7776 7867 7866
7691 2 1 1 7776 7777 7868 7867
7692 2 1 1 7777 7778 7869 7868
7693 2 1 1 7778 7779 7870 7869
7694 2 1 1 7779 7780 7871 7870
7695 2 1 1 7780 7781 7872 7871
7696 2 1 1 7781 7782 7873 7872
7697 2 1 1 7782 7783 7874 7873
7698 2 1 1 7783 7784 7875 7874
7699 2 1 1 7784 7785 7876 7875
7700 2 1 1 7785 7786 7877 7876
7701 2 1 1 7786 7787 7878 7877
7702 2 1 1 7787 7788 7879 7878
7703 2 1 1 7788 7789 7880 7879
7704 2 1 1 7789 7790 7881 7880
7705 2 1 1 7790 7791 7882 7881
7706 2 1 1 7791 7792 7883 7882
7707 2 1 1 7792 7793 7884 7883
7708 2 1 1 7793 7794 7885 7884
7709 2 1 1 7794 7795 7886 7885
7710 2 1 1 7795 7796 7887 7886
7711 2 1 1 7796 7797 7888 7887
7712 2 1 1 7797 7798 7889 7888
7713 2 1 1 7798 7799 7890 7889
7714 2 1 1 7799 7800 7891 7890
7715 2 1 1 7800 7801 7892 7891
7716 2 1 1 7801 7802 7893 7892
7717 2 1 1 7802 7803 7894 7893
7718 2 1 1 7803 7804 7895 7894
7719 2 1 1 7804 7805 7896 7895
7720 2 1 1 7805 7806 7897 7896
7721 2 1 1 7806 7807 7898 7897
7722 2 1 1 7807 7808 7899 7898
7723 2 1 1 7808 7809 7900 7899
7724 2 1 1 7809 7810 7901 7900
7725 2 1 1 7810 7811 7902 7901
7726 2 1 1 7811 7812 7903 7902
7727 2 1 1 7812 7813 7904 7903
7728 2 1 1 7813 7814 7905 7904
7729 2 1 1 7814 7815 7906 7905
7730 2 1 1 7815 7816 7907 7906
7731 2 1 1 7816 7817 7908 7907
7732 2 1 1 7817 7818 7909 7908
7733 2 1 1 7818 7819 7910 7909
7734 2 1 1 7819 7820 7911 7910
7735 2 1 1 7820 7821 7912 7911
7736 2 1 1 7821 7822 7913 7912
7737 2 1 1 7822 7823 7914 7913
7738 2 1 1 7823 7824 7915 7914
7739 2 1 1 7824 7825 7916 7915
7740 2 1 1 7825 7826 7917 7916
7741 2 1 1 7827 7828 7919 7918
7742 2 1 1 7828 7829 7920 7919
7743 2 1 1 7829 7830 7921 7920
7744 2 1 1 7830 7831 7922 7921
7745 2 1 1 7831 7832 7923 7922
7746 2 1 1 7832 7833 7924 7923
7747 2 1 1 7833 7834 7925 7924
7748 2 1 1 7834 7835 7926 7925
7749 2 1 1 7835 7836 7927 7926
7750 2 1 1 7836 7837 7928 7927
7751 2 1 1 7837 7838 7929 7928
7752 2 1 1 7838 7839 7930 7929
7753 2 1 1 7839 7840 7931 7930
7754 2 1 1 7840 7841 7932 7931
7755 2 1 1 7841 7842 7933 7932
7756 2 1 1 7842 7843 7934 7933
7757 2 1 1 7843 7844 7935 7934
7758 2 1 1 7844 7845 7936 7935
7759 2 1 1 7845 7846 7937 7936
7760 2 1 1 7846 7847 7938 7937
7761 2 1 1 7847 7848 7939 7938
7762 2 1 1 7848 7849 7940 7939
7763 2 1 1 7849 7850 7941 7940
7764 2 1 1 7850 7851 7942 7941
7765 2 1 1 7851 7852 7943 7942
7766 2 1 1 7852 7853 7944 7943
7767 2 1 1 7853 7854 7945 7944
7768 2 1 1 7854 7855 7946 7945
7769 2 1 1 7855 7856 7947 7946
7770 2 1 1 7856 7857 7948 7947
7771 2 1 1 7857 7858 7949 7948
7772 2 1 1 7858 7859 7950 7949
7773 2 1 1 7859 7860 7951 7950
7774 2 1 1 7860 7861 7952 7951
7775 2 1 1 7861 7862 7953 7952
7776 2 1 1 7862 7863 7954 7953
7777 2 1 1 7863 7864 7955 7954
7778 2 1 1 7864 7865 7956 7955
7779 2 1 1 7865 7866 7957 7956
7780 2 1 1 7866 7867 7958 7957
7781 2 1 1 7867 7868 7959 7958
7782 2 1 1 7868 7869 7960 7959
7783 2 1 1 7869 7870 7961 7960
7784 2 1 1 7870 7871 7962 7961
7785 2 1 1 7871 7872 7963 7962
7786 2 1 1 7872 7873 7964 7963
7787 2 1 1 7873 7874 7965 7964
7788 2 1 1 7874 7875 7966 7965
7789 2 1 1 7875 7876 7967 7966
7790 2 1 1 7876 7877 7968 7967
7791 2 1 1 7877 7878 7969 7968
7792 2 1 1 7878 7879 7970 7969
7793 2 1 1 7879 7880 7971 7970
7794 2 1 1 7880 7881 7972 7971
7795 2 1 1 7881 7882 7973 7972
7796 2 1 1 7882 7883 7974 7973
7797 2 1 1 7883 7884 7975 7974
7798 2 1 1 7884 7885 7976 7975
7799 2 1 1 7885 7886 7977 7976
7800 2 1 1 7886 7887 7978 7977
7801 2 1 1 7887 7888 7979 7978
7802 2 1 1 7888 7889 7980 7979
7803 2 1 1 7889 7890 7981 7980
7804 2 1 1 7890 7891 7982 7981
7805 2 1 1 7891 7892 7983 7982
7806 2 1 1 7892 7893 7984 7983
7807 2 1 1 7893 7894 7985 7984
7808 2 1 1 7894 7895 7986 7985
7809 2 1 1 7895 7896 7987 7986
7810 2 1 1 7896 7897 7988 7987
7811 2 1 1 7897 7898 7989 7988
7812 2 1 1 7898 7899 7990 7989
7813 2 1 1 7899 7900 7991 7990
7814 2 1 1 7900 7901 7992 7991
7815 2 1 1 7901 7902 7993 7992
7816 2 1 1 7902 7903 7994 7993
7817 2 1 1 7903 7904 7995 7994
7818 2 1 1 7904 7905 7996 7995
7819 2 1 1 7905 7906 7997 7996
7820 2 1 1 7906 7907 7998 7997
7821 2 1 1 7907 7908 7999 7998
7822 2 1 1 7908 7909 8000 7999
7823 2 1 1 7909 7910 8001 8000
7824 2 1 1 7910 7911 8002 8001
7825 2 1 1 7911 7912 8003 8002
7826 2 1 1 7912 7913 8004 8003
7827 2 1 1 7913 7914 8005 8004
7828 2 1 1 7914 7915 8006 8005
7829 2 1 1 7915 7916 8007 8006
7830 2 1 1 7916 7917 8008 8007
7831 2 1 1 7918 7919 8010 8009
7832 2 1 1 7919 7920 8011 8010
7833 2 1 1 7920 7921 8012 8011
7834 2 1 1 7921 7922 8013 8012
7835 2 1 1 7922 7923 8014 8013
7836 2 1 1 7923 7924 8015 8014
7837 2 1 1 7924 7925 8016 8015
7838 2 1 1 7925 7926 8017 8016
7839 2 1 1 7926 7927 8018 8017
7840 2 1 1 7927 7928 8019 8018
7841 2 1 1 7928 7929 8020 8019
7842 2 1 1 7929 7930 8021 8020
7843 2 1 1 7930 7931 8022 8021
7844 2 1 1 7931 7932 8023 8022
7845 2 1 1 7932 7933 8024 8023
7846 2 1 1 7933 7934 8025 8024
7847 2 1 1 7934 7935 8026 8025
7848 2 1 1 7935 7936 8027 8026
7849 2 1 1 7936 7937 8028 8027
7850 2 1 1 7937 7938 8029 8028
7851 2 1 1 7938 7939 8030 8029
7852 2 1 1 7939 7940 8031 8030
7853 2 1 1 7940 7941 8032 8031
7854 2 1 1 7941 7942 8033 8032
7855 2 1 1 7942 7943 8034 8033
7856 2 1 1 7943 7944 8035 8034
7857 2 1 1 7944 7945 8036 8035
7858 2 1 1 7945 7946 8037 8036
7859 2 1 1 7946 7947 8038 8037
7860 2 1 1 7947 7948 8039 8038
7861 2 1 1 7948 7949 8040 8039
7862 2 1 1 7949 7950 8041 8040
7863 2 1 1 7950 7951 8042 8041
7864 2 1 1 7951 7952 8043 8042
7865 2 1 1 7952 7953 8044 8043
7866 2 1 1 7953 7954 8045 8044
7867 2 1 1 7954 7955 8046 8045
7868 2 1 1 7955 7956 8047 8046
7869 2 1 1 7956 7957 8048 8047
7870 2 1 1 7957 7958 8049 8048
7871 2 1 1 7958 7959 8050 8049
7872 2 1 1 7959 7960 8051 8050
7873 2 1 1 7960 7961 8052 8051
7874 2 1 1 7961 7962 8053 8052
7875 2 1 1 7962 7963 8054 8053
7876 2 1 1 7963 7964 8055 8054
7877 2 1 1 7964 7965 8056 8055
7878 2 1 1 7965 7966 8057 8056
7879 2 1 1 7966 7967 8058 8057
7880 2 1 1 7967 7968 8059 8058
7881 2 1 1 7968 7969 8060 8059
7882 2 1 1 7969 7970 8061 8060
7883 2 1 1 7970 7971 8062 8061
7884 2 1 1 7971 7972 8063 8062
7885 2 1 1 7972 7973 8064 8063
7886 2 1 1 7973 7974 8065 8064
7887 2 1 1 7974 7975 8066 8065
7888 2 1 1 7975 7976 8067 8066
7889 2 1 1 7976 7977 8068 8067
7890 2 1 1 7977 7978 8069 8068
7891 2 1 1 7978 7979 8070 8069
7892 2 1 1 7979 7980 8071 8070
7893 2 1 1 7980 7981 8072 8071
7894 2 1 1 7981 7982 8073 8072
7895 2 1 1 7982 7983 8074 8073
7896 2 1 1 7983 7984 8075 8074
7897 2 1 1 7984 7985 8076 8075
7898 2 1 1 7985 7986 8077 8076
7899 2 1 1 7986 7987 8078 8077
7900 2 1 1 7987 7988 8079 8078
7901 2 1 1 7988 7989 8080 8079
7902 2 1 1 7989 7990 8081 8080
7903 2 1 1 7990 7991 8082 8081
7904 2 1 1 7991 7992 8083 8082
7905 2 1 1 7992 7993 8084 8083
7906 2 1 1 7993 7994 8085 8084
7907 2 1 1 7994 7995 8086 8085
7908 2 1 1 7995 7996 8087 8086
7909 2 1 1 7996 7997 8088 8087
7910 2 1 1 7997 7998 8089 8088
7911 2 1 1 7998 7999 8090 8089
7912 2 1 1 7999 8000 8091 8090
7913 2 1 1 8000 8001 8092 8091
7914 2 1 1 8001 8002 8093 8092
7915 2 1 1 8002 8003 8094 8093
7916 2 1 1 8003 8004 8095 8094
7917 2 1 1 8004 8005 8096 8095
7918 2 1 1 8005 8006 8097 8096
7919 2 1 1 8006 8007 8098 8097
7920 2 1 1 8007 8008 8099 8098
7921 2 1 1 8009 8010 8101 8100
7922 2 1 1 8010 8011 8102 8101
7923 2 1 1 8011 8012 8103 8102
7924 2 1 1 8012 8013 8104 8103
7925 2 1 1 8013 8014 8105 8104
7926 2 1 1 8014 8015 8106 8105
7927 2 1 1 8015 8016 8107 8106
7928 2 1 1 8016 8017 8108 8107
7929 2 1 1 8017 8018 8109 8108
7930 2 1 1 8018 8019 8110 8109
7931 2 1 1 8019 8020 8111 8110
7932 2 1 1 8020 8021 8112 8111
7933 2 1 1 8021 8022 8113 8112
7934 2 1 1 8022 8023 8114 8113
7935 2 1 1 8023 8024 8115 8114
7936 2 1 1 8024 8025 8116 8115
7937 2 1 1 8025 8026 8117 8116
7938 2 1 1 8026 8027 8118 8117
7939 2 1 1 8027 8028 8119 8118
7940 2 1 1 8028 8029 8120 8119
7941 2 1 1 8029 8030 8121 8120
7942 2 1 1 8030 8031 8122 8121
7943 2 1 1 8031 8032 8123 8122
7944 2 1 1 8032 8033 8124 8123
7945 2 1 1 8033 8034 8125 8124
7946 2 1 1 8034 8035 8126 8125
7947 2 1 1 8035 8036 8127 8126
7948 2 1 1 8036 8037 8128 8127
7949 2 1 1 8037 8038 8129 8128
7950 2 1 1 8038 8039 8130 8129
7951 2 1 1 8039 8040 8131 8130
7952 2 1 1 8040 8041 8132 8131
7953 2 1 1 8041 8042 8133 8132
7954 2 1 1 8042 8043 8134 8133
7955 2 1 1 8043 8044 8135 8134
7956 2 1 1 8044 8045 8136 8135
7957 2 1 1 8045 8046 8137 8136
7958 2 1 1 8046 8047 8138 8137
7959 2 1 1 8047 8048 8139 8138
7960 2 1 1 8048 8049 8140 8139
7961 2 1 1 8049 8050 8141 8140
7962 2 1 1 8050 8051 8142 8141
7963 2 1 1 8051 8052 8143 8142
7964 2 1 1 8052 8053 8144 8143
7965 2 1 1 8053 8054 8145 8144
7966 2 1 1 8054 8055 8146 8145
7967 2 1 1 8055 8056 8147 8146
7968 2 1 1 8056 8057 8148 8147
7969 2 1 1 8057 8058 8149 8148
7970 2 1 1 8058 8059 8150 8149
7971 2 1 1 8059 8060 8151 8150
7972 2 1 1 8060 8061 8152 8151
7973 2 1 1 8061 8062 8153 8152
7974 2 1 1 8062 8063 8154 8153
7975 2 1 1 8063 8064 8155 8154
7976 2 1 1 8064 8065 8156 8155
7977 2 1 1 8065 8066 8157 8156
7978 2 1 1 8066 8067 8158 8157
7979 2 1 1 8067 8068 8159 8158
7980 2 1 1 8068 8069 8160 8159
7981 2 1 1 8069 8070 8161 8160
7982 2 1 1 8070 8071 8162 8161
7983 2 1 1 8071 8072 8163 8162
7984 2 1 1 8072 8073 8164 8163
7985 2 1 1 8073 8074 8165 8164
7986 2 1 1 8074 8075 8166 8165
7987 2 1 1 8075 8076 8167 8166
7988 2 1 1 8076 8077 8168 8167
7989 2 1 1 8077 8078 8169 8168
7990 2 1 1 8078 8079 8170 8169
7991 2 1 1 8079 8080 8171 8170
7992 2 1 1 8080 8081 8172 8171
7993 2 1 1 8081 8082 8173 8172
7994 2 1 1 8082 8083 8174 8173
7995 2 1 1 8083 8084 8175 8174
7996 2 1 1 8084 8085 8176 8175
7997 2 1 1 8085 8086 8177 8176
7998 2 1 1 8086 8087 8178 8177
7999 2 1 1 8087 8088 8179 8178
8000 2 1 1 8088 8089 8180 8179
8001 2 1 1 8089 8090 8181 8180
8002 2 1 1 8090 8091 8182 8181
8003 2 1 1 8091 8092 8183 8182
8004 2 1 1 8092 8093 8184 8183
8005 2 1 1 8093 8094 8185 8184
8006 2 1 1 8094 8095 8186 8185
8007 2 1 1 8095 8096 8187 8186
8008 2 1 1 8096 8097 8188 8187
8009 2 1 1 8097 8098 8189 8188
8010 2 1 1 8098 8099 8190 8189
8011 2 1 1 8100 8101 8192 8191
8012 2 1 1 8101 8102 8193 8192
8013 2 1 1 8102 8103 8194 8193
8014 2 1 1 8103 8104 8195 8194
8015 2 1 1 8104 8105 8196 8195
8016 2 1 1 8105 8106 8197 8196
8017 2 1 1 8106 8107 8198 8197
8018 2 1 1 8107 8108 8199 8198
8019 2 1 1 8108 8109 8200 8199
8020 2 1 1 8109 8110 8201 8200
8021 2 1 1 8110 8111 8202 8201
8022 2 1 1 8111 8112 8203 8202
8023 2 1 1 8112 8113 8204 8203
8024 2 1 1 8113 8114 8205 8204
8025 2 1 1 8114 8115 8206 8205
8026 2 1 1 8115 8116 8207 8206
8027 2 1 1 8116 8117 8208 8207
8028 2 1 1 8117 8118 8209 8208
8029 2 1 1 8118 8119 8210 8209
8030 2 1 1 8119 8120 8211 8210
8031 2 1 1 8120 8121 8212 8211
8032 2 1 1 8121 8122 8213 8212
8033 2 1 1 8122 8123 8214 8213
8034 2 1 1 8123 8124 8215 8214
8035 2 1 1 8124 8125 8216 8215
8036 2 1 1 8125 8126 8217 8216
8037 2 1 1 8126 8127 8218 8217
8038 2 1 1 8127 8128 8219 8218
8039 2 1 1 8128 8129 8220 8219
8040 2 1 1 8129 8130 8221 8220
8041 2 1 1 8130 8131 8222 8221
8042 2 1 1 8131 8132 8223 8222
8043 2 1 1 8132 8133 8224 8223
8044 2 1 1 8133 8134 8225 8224
8045 2 1 1 8134 8135 8226 8225
8046 2 1 1 8135 8136 8227 8226
8047 2 1 1 8136 8137 8228 8227
8048 2 1 1 8137 8138 8229 8228
8049 2 1 1 8138 8139 8230 8229
8050 2 1 1 8139 8140 8231 8230
8051 2 1 1 8140 8141 8232 8231
8052 2 1 1 8141 8142 8233 8232
8053 2 1 1 8142 8143 8234 8233
8054 2 1 1 8143 8144 8235 8234
8055 2 1 1 8144 8145 8236 8235
8056 2 1 1 8145 8146 8237 8236
8057 2 1 1 8146 8147 8238 8237
8058 2 1 1 8147 8148 8239 8238
8059 2 1 1 8148 8149 8240 8239
8060 2 1 1 8149 8150 8241 8240
8061 2 1 1 8150 8151 8242 8241
8062 2 1 1 8151 8152 8243 8242
8063 2 1 1 8152 8153 8244 8243
8064 2 1 1 8153 8154 8245 8244
8065 2 1 1 8154 8155 8246 8245
8066 2 1 1 8155 8156 8247 8246
8067 2 1 1 8156 8157 8248 8247
8068 2 1 1 8157 8158 8249 8248
8069 2 1 1 8158 8159 8250 8249
8070 2 1 1 8159 8160 8251 8250
8071 2 1 1 8160 8161 8252 8251
8072 2 1 1 8161 8162 8253 8252
8073 2 1 1 8162 8163 8254 8253
8074 2 1 1 8163 8164 8255 8254
8075 2 1 1 8164 8165 8256 8255
8076 2 1 1 8165 8166 8257 8256
8077 2 1 1 8166 8167 8258 8257
8078 2 1 1 8167 8168 8259 8258
8079 2 1 1 8168 8169 8260 8259
8080 2 1 1 8169 8170 8261 8260
8081 2 1 1 8170 8171 8262 8261
8082 2 1 1 8171 8172 8263 8262
8083 2 1 1 8172 8173 8264 8263
8084 2 1 1 8173 8174 8265 8264
8085 2 1 1 8174 8175 8266 8265
8086 2 1 1 8175 8176 8267 8266
8087 2 1 1 8176 8177 8268 8267
8088 2 1 1 8177 8178 8269 8268
8089 2 1 1 8178 8179 8270 8269
8090 2 1 1 8179 8180 8271 8270
8091 2 1 1 8180 8181 8272 8271
8092 2 1 1 8181 8182 8273 8272
8093 2 1 1 8182 8183 8274 8273
8094 2 1 1 8183 8184 8275 8274
8095 2 1 1 8184 8185 8276 8275
8096 2 1 1 8185 8186 8277 8276
8097 2 1 1 8186 8187 8278 8277
8098 2 1 1 8187 8188 8279 8278
8099 2 1 1 8188 8189 8280 8279
8100 2 1 1 8189 8190 8281 8280