10011
1 0.00000000000 0.00000000000
2 0.01428571429 0.00000000000
3 0.02857142857 0.00000000000
4 0.04285714286 0.00000000000
5 0.05714285714 0.00000000000
6 0.07142857143 0.00000000000
7 0.08571428571 0.00000000000
8 0.10000000000 0.00000000000
9 0.11428571429 0.00000000000
10 0.12857142857 0.00000000000
11 0.14285714286 0.00000000000
12 0.15714285714 0.00000000000
13 0.17142857143 0.00000000000
14 0.18571428571 0.00000000000
15 0.20000000000 0.00000000000
16 0.21428571429 0.00000000000
17 0.22857142857 0.00000000000
18 0.24285714286 0.00000000000
19 0.25714285714 0.00000000000
20 0.27142857143 0.00000000000
21 0.28571428571 0.00000000000
22 0.30000000000 0.00000000000
23 0.31428571429 0.00000000000
24 0.32857142857 0.00000000000
25 0.34285714286 0.00000000000
26 0.35714285714 0.00000000000
27 0.37142857143 0.00000000000
28 0.38571428571 0.00000000000
29 0.40000000000 0.00000000000
30 0.41428571429 0.00000000000
31 0.42857142857 0.00000000000
32 0.44285714286 0.00000000000
33 0.45714285714 0.00000000000
34 0.47142857143 0.00000000000
35 0.48571428571 0.00000000000
36 0.50000000000 0.00000000000
37 0.51428571429 0.00000000000
38 0.52857142857 0.00000000000
39 0.54285714286 0.00000000000
40 0.55714285714 0.00000000000
41 0.57142857143 0.00000000000
42 0.58571428571 0.00000000000
43 0.60000000000 0.00000000000
44 0.61428571429 0.00000000000
45 0.62857142857 0.00000000000
46 0.64285714286 0.00000000000
47 0.65714285714 0.00000000000
48 0.67142857143 0.00000000000
49 0.68571428571 0.00000000000
50 0.70000000000 0.00000000000
51 0.71428571429 0.00000000000
52 0.72857142857 0.00000000000
53 0.74285714286 0.00000000000
54 0.75714285714 0.00000000000
55 0.77142857143 0.00000000000
56 0.78571428571 0.00000000000
57 0.80000000000 0.00000000000
58 0.81428571429 0.00000000000
59 0.82857142857 0.00000000000
60 0.84285714286 0.00000000000
61 0.85714285714 0.00000000000
62 0.87142857143 0.00000000000
63 0.88571428571 0.00000000000
64 0.90000000000 0.00000000000
65 0.91428571429 0.00000000000
66 0.92857142857 0.00000000000
67 0.94285714286 0.00000000000
68 0.95714285714 0.00000000000
69 0.97142857143 0.00000000000
70 0.98571428571 0.00000000000
71 1.00000000000 0.00000000000
72 1.01428571429 0.00000000000
73 1.02857142857 0.00000000000
74 1.04285714286 0.00000000000
75 1.05714285714 0.00000000000
76 1.07142857143 0.00000000000
77 1.08571428571 0.00000000000
78 1.10000000000 0.00000000000
79 1.11428571429 0.00000000000
80 1.12857142857 0.00000000000
81 1.14285714286 0.00000000000
82 1.15714285714 0.00000000000
83 1.17142857143 0.00000000000
84 1.18571428571 0.00000000000
85 1.20000000000 0.00000000000
86 1.21428571429 0.00000000000
87 1.22857142857 0.00000000000
88 1.24285714286 0.00000000000
89 1.25714285714 0.00000000000
90 1.27142857143 0.00000000000
91 1.28571428571 0.00000000000
92 1.30000000000 0.00000000000
93 1.31428571429 0.00000000000
94 1.32857142857 0.00000000000
95 1.34285714286 0.00000000000
96 1.35714285714 0.00000000000
97 1.37142857143 0.00000000000
98 1.38571428571 0.00000000000
99 1.40000000000 0.00000000000
100 1.41428571429 0.00000000000
101 1.42857142857 0.00000000000
102 1.44285714286 0.00000000000
103 1.45714285714 0.00000000000
104 1.47142857143 0.00000000000
105 1.48571428571 0.00000000000
106 1.50000000000 0.00000000000
107 1.51428571429 0.00000000000
108 1.52857142857 0.00000000000
109 1.54285714286 0.00000000000
110 1.55714285714 0.00000000000
111 1.57142857143 0.00000000000
112 1.58571428571 0.00000000000
113 1.60000000000 0.00000000000
114 1.61428571429 0.00000000000
115 1.62857142857 0.00000000000
116 1.64285714286 0.00000000000
117 1.65714285714 0.00000000000
118 1.67142857143 0.00000000000
119 1.68571428571 0.00000000000
120 1.70000000000 0.00000000000
121 1.71428571429 0.00000000000
122 1.72857142857 0.00000000000
123 1.74285714286 0.00000000000
124 1.75714285714 0.00000000000
125 1.77142857143 0.00000000000
126 1.78571428571 0.00000000000
127 1.80000000000 0.00000000000
128 1.81428571429 0.00000000000
129 1.82857142857 0.00000000000
130 1.84285714286 0.00000000000
131 1.85714285714 0.00000000000
132 1.87142857143 0.00000000000
133 1.88571428571 0.00000000000
134 1.90000000000 0.00000000000
135 1.91428571429 0.00000000000
136 1.92857142857 0.00000000000
137 1.94285714286 0.00000000000
138 1.95714285714 0.00000000000
139 1.97142857143 0.00000000000
140 1.98571428571 0.00000000000
141 2.00000000000 0.00000000000
142 0.00000000000 0.01428571429
143 0.01428571429 0.01428571429
144 0.02857142857 0.01428571429
145 0.04285714286 0.01428571429
146 0.05714285714 0.01428571429
147 0.07142857143 0.01428571429
148 0.08571428571 0.01428571429
149 0.10000000000 0.01428571429
150 0.11428571429 0.01428571429
151 0.12857142857 0.01428571429
152 0.14285714286 0.01428571429
153 0.15714285714 0.01428571429
154 0.17142857143 0.01428571429
155 0.18571428571 0.01428571429
156 0.20000000000 0.01428571429
157 0.21428571429 0.01428571429
158 0.22857142857 0.01428571429
159 0.24285714286 0.01428571429
160 0.25714285714 0.01428571429
161 0.27142857143 0.01428571429
162 0.28571428571 0.01428571429
163 0.30000000000 0.01428571429
164 0.31428571429 0.01428571429
165 0.32857142857 0.01428571429
166 0.34285714286 0.01428571429
167 0.35714285714 0.01428571429
168 0.37142857143 0.01428571429
169 0.38571428571 0.01428571429
170 0.40000000000 0.01428571429
171 0.41428571429 0.01428571429
172 0.42857142857 0.01428571429
173 0.44285714286 0.01428571429
174 0.45714285714 0.01428571429
175 0.47142857143 0.01428571429
176 0.48571428571 0.01428571429
177 0.50000000000 0.01428571429
178 0.51428571429 0.01428571429
179 0.52857142857 0.01428571429
180 0.54285714286 0.01428571429
181 0.55714285714 0.01428571429
182 0.57142857143 0.01428571429
183 0.58571428571 0.01428571429
184 0.60000000000 0.01428571429
185 0.61428571429 0.01428571429
186 0.62857142857 0.01428571429
187 0.64285714286 0.01428571429
188 0.65714285714 0.01428571429
189 0.67142857143 0.01428571429
190 0.68571428571 0.01428571429
191 0.70000000000 0.01428571429
192 0.71428571429 0.01428571429
193 0.72857142857 0.01428571429
194 0.74285714286 0.01428571429
195 0.75714285714 0.01428571429
196 0.77142857143 0.01428571429
197 0.78571428571 0.01428571429
198 0.80000000000 0.01428571429
199 0.81428571429 0.01428571429
200 0.82857142857 0.01428571429
201 0.84285714286 0.01428571429
202 0.85714285714 0.01428571429
203 0.87142857143 0.01428571429
204 0.88571428571 0.01428571429
205 0.90000000000 0.01428571429
206 0.91428571429 0.01428571429
207 0.92857142857 0.01428571429
208 0.94285714286 0.01428571429
209 0.95714285714 0.01428571429
210 0.97142857143 0.01428571429
211 0.98571428571 0.01428571429
212 1.00000000000 0.01428571429
213 1.01428571429 0.01428571429
214 1.02857142857 0.01428571429
215 1.04285714286 0.01428571429
216 1.05714285714 0.01428571429
217 1.07142857143 0.01428571429
218 1.08571428571 0.01428571429
219 1.10000000000 0.01428571429
220 1.11428571429 0.01428571429
221 1.12857142857 0.01428571429
222 1.14285714286 0.01428571429
223 1.15714285714 0.01428571429
224 1.17142857143 0.01428571429
225 1.18571428571 0.01428571429
226 1.20000000000 0.01428571429
227 1.21428571429 0.01428571429
228 1.22857142857 0.01428571429
229 1.24285714286 0.01428571429
230 1.25714285714 0.01428571429
231 1.27142857143 0.01428571429
232 1.28571428571 0.01428571429
233 1.30000000000 0.01428571429
234 1.31428571429 0.01428571429
235 1.32857142857 0.01428571429
236 1.34285714286 0.01428571429
237 1.35714285714 0.01428571429
238 1.37142857143 0.01428571429
239 1.38571428571 0.01428571429
240 1.40000000000 0.01428571429
241 1.41428571429 0.01428571429
242 1.42857142857 0.01428571429
243 1.44285714286 0.01428571429
244 1.45714285714 0.01428571429
245 1.47142857143 0.01428571429
246 1.48571428571 0.01428571429
247 1.50000000000 0.01428571429
248 1.51428571429 0.01428571429
249 1.52857142857 0.01428571429
250 1.54285714286 0.01428571429
251 1.55714285714 0.01428571429
252 1.57142857143 0.01428571429
253 1.58571428571 0.01428571429
254 1.60000000000 0.01428571429
255 1.61428571429 0.01428571429
256 1.62857142857 0.01428571429
257 1.64285714286 0.01428571429
258 1.65714285714 0.01428571429
259 1.67142857143 0.01428571429
260 1.68571428571 0.01428571429
261 1.70000000000 0.01428571429
262 1.71428571429 0.01428571429
263 1.72857142857 0.01428571429
264 1.74285714286 0.01428571429
265 1.75714285714 0.01428571429
266 1.77142857143 0.01428571429
267 1.78571428571 0.01428571429
268 1.80000000000 0.01428571429
269 1.81428571429 0.01428571429
270 1.82857142857 0.01428571429
271 1.84285714286 0.01428571429
272 1.85714285714 0.01428571429
273 1.87142857143 0.01428571429
274 1.88571428571 0.01428571429
275 1.90000000000 0.01428571429
276 1.91428571429 0.01428571429
277 1.92857142857 0.01428571429
278 1.94285714286 0.01428571429
279 1.95714285714 0.01428571429
280 1.97142857143 0.01428571429
281 1.98571428571 0.01428571429
282 2.00000000000 0.01428571429
283 0.00000000000 0.02857142857
284 0.01428571429 0.02857142857
285 0.02857142857 0.02857142857
286 0.04285714286 0.02857142857
287 0.05714285714 0.02857142857
288 0.07142857143 0.02857142857
289 0.08571428571 0.02857142857
290 0.10000000000 0.02857142857
291 0.11428571429 0.02857142857
292 0.12857142857 0.02857142857
293 0.14285714286 0.02857142857
294 0.15714285714 0.02857142857
295 0.17142857143 0.02857142857
296 0.18571428571 0.02857142857
297 0.20000000000 0.02857142857
298 0.21428571429 0.02857142857
299 0.22857142857 0.02857142857
300 0.24285714286 0.02857142857
301 0.25714285714 0.02857142857
302 0.27142857143 0.02857142857
303 0.28571428571 0.02857142857
304 0.30000000000 0.02857142857
305 0.31428571429 0.02857142857
306 0.32857142857 0.02857142857
307 0.34285714286 0.02857142857
308 0.35714285714 0.02857142857
309 0.37142857143 0.02857142857
310 0.38571428571 0.02857142857
311 0.40000000000 0.02857142857
312 0.41428571429 0.02857142857
313 0.42857142857 0.02857142857
314 0.44285714286 0.02857142857
315 0.45714285714 0.02857142857
316 0.47142857143 0.02857142857
317 0.48571428571 0.02857142857
318 0.50000000000 0.02857142857
319 0.51428571429 0.02857142857
320 0.52857142857 0.02857142857
321 0.54285714286 0.02857142857
322 0.55714285714 0.02857142857
323 0.57142857143 0.02857142857
324 0.58571428571 0.02857142857
325 0.60000000000 0.02857142857
326 0.61428571429 0.02857142857
327 0.62857142857 0.02857142857
328 0.64285714286 0.02857142857
329 0.65714285714 0.02857142857
330 0.67142857143 0.02857142857
331 0.68571428571 0.02857142857
332 0.70000000000 0.02857142857
333 0.71428571429 0.02857142857
334 0.72857142857 0.02857142857
335 0.74285714286 0.02857142857
336 0.75714285714 0.02857142857
337 0.77142857143 0.02857142857
338 0.78571428571 0.02857142857
339 0.80000000000 0.02857142857
340 0.81428571429 0.02857142857
341 0.82857142857 0.02857142857
342 0.84285714286 0.02857142857
343 0.85714285714 0.02857142857
344 0.87142857143 0.02857142857
345 0.88571428571 0.02857142857
346 0.90000000000 0.02857142857
347 0.91428571429 0.02857142857
348 0.92857142857 0.02857142857
349 0.94285714286 0.02857142857
350 0.95714285714 0.02857142857
351 0.97142857143 0.02857142857
352 0.98571428571 0.02857142857
353 1.00000000000 0.02857142857
354 1.01428571429 0.02857142857
355 1.02857142857 0.02857142857
356 1.04285714286 0.02857142857
357 1.05714285714 0.02857142857
358 1.07142857143 0.02857142857
359 1.08571428571 0.02857142857
360 1.10000000000 0.02857142857
361 1.11428571429 0.02857142857
362 1.12857142857 0.02857142857
363 1.14285714286 0.02857142857
364 1.15714285714 0.02857142857
365 1.17142857143 0.02857142857
366 1.18571428571 0.02857142857
367 1.20000000000 0.02857142857
368 1.21428571429 0.02857142857
369 1.22857142857 0.02857142857
370 1.24285714286 0.02857142857
371 1.25714285714 0.02857142857
372 1.27142857143 0.02857142857
373 1.28571428571 0.02857142857
374 1.30000000000 0.02857142857
375 1.31428571429 0.02857142857
376 1.32857142857 0.02857142857
377 1.34285714286 0.02857142857
378 1.35714285714 0.02857142857
379 1.37142857143 0.02857142857
380 1.38571428571 0.02857142857
381 1.40000000000 0.02857142857
382 1.41428571429 0.02857142857
383 1.42857142857 0.02857142857
384 1.44285714286 0.02857142857
385 1.45714285714 0.02857142857
386 1.47142857143 0.02857142857
387 1.48571428571 0.02857142857
388 1.50000000000 0.02857142857
389 1.51428571429 0.02857142857
390 1.52857142857 0.02857142857
391 1.54285714286 0.02857142857
392 1.55714285714 0.02857142857
393 1.57142857143 0.02857142857
394 1.58571428571 0.02857142857
395 1.60000000000 0.02857142857
396 1.61428571429 0.02857142857
397 1.62857142857 0.02857142857
398 1.64285714286 0.02857142857
399 1.65714285714 0.02857142857
400 1.67142857143 0.02857142857
401 1.68571428571 0.02857142857
402 1.70000000000 0.02857142857
403 1.71428571429 0.02857142857
404 1.72857142857 0.02857142857
405 1.74285714286 0.02857142857
406 1.75714285714 0.02857142857
407 1.77142857143 0.02857142857
408 1.78571428571 0.02857142857
409 1.80000000000 0.02857142857
410 1.81428571429 0.02857142857
411 1.82857142857 0.02857142857
412 1.84285714286 0.02857142857
413 1.85714285714 0.02857142857
414 1.87142857143 0.02857142857
415 1.88571428571 0.02857142857
416 1.90000000000 0.02857142857
417 1.91428571429 0.02857142857
418 1.92857142857 0.02857142857
419 1.94285714286 0.02857142857
420 1.95714285714 0.02857142857
421 1.97142857143 0.02857142857
422 1.98571428571 0.02857142857
423 2.00000000000 0.02857142857
424 0.00000000000 0.04285714286
425 0.01428571429 0.04285714286
426 0.02857142857 0.04285714286
427 0.04285714286 0.04285714286
428 0.05714285714 0.04285714286
429 0.07142857143 0.04285714286
430 0.08571428571 0.04285714286
431 0.10000000000 0.04285714286
432 0.11428571429 0.04285714286
433 0.12857142857 0.04285714286
434 0.14285714286 0.04285714286
435 0.15714285714 0.04285714286
436 0.17142857143 0.04285714286
437 0.18571428571 0.04285714286
438 0.20000000000 0.04285714286
439 0.21428571429 0.04285714286
440 0.22857142857 0.04285714286
441 0.24285714286 0.04285714286
442 0.25714285714 0.04285714286
443 0.27142857143 0.04285714286
444 0.28571428571 0.04285714286
445 0.30000000000 0.04285714286
446 0.31428571429 0.04285714286
447 0.32857142857 0.04285714286
448 0.34285714286 0.04285714286
449 0.35714285714 0.04285714286
450 0.37142857143 0.04285714286
451 0.38571428571 0.04285714286
452 0.40000000000 0.04285714286
453 0.41428571429 0.04285714286
454 0.42857142857 0.04285714286
455 0.44285714286 0.04285714286
456 0.45714285714 0.04285714286
457 0.47142857143 0.04285714286
458 0.48571428571 0.04285714286
459 0.50000000000 0.04285714286
460 0.51428571429 0.04285714286
461 0.52857142857 0.04285714286
462 0.54285714286 0.04285714286
463 0.55714285714 0.04285714286
464 0.57142857143 0.04285714286
465 0.58571428571 0.04285714286
466 0.60000000000 0.04285714286
467 0.61428571429 0.04285714286
468 0.62857142857 0.04285714286
469 0.64285714286 0.04285714286
470 0.65714285714 0.04285714286
471 0.67142857143 0.04285714286
472 0.68571428571 0.04285714286
473 0.70000000000 0.04285714286
474 0.71428571429 0.04285714286
475 0.72857142857 0.04285714286
476 0.74285714286 0.04285714286
477 0.75714285714 0.04285714286
478 0.77142857143 0.04285714286
479 0.78571428571 0.04285714286
480 0.80000000000 0.04285714286
481 0.81428571429 0.04285714286
482 0.82857142857 0.04285714286
483 0.84285714286 0.04285714286
484 0.85714285714 0.04285714286
485 0.87142857143 0.04285714286
486 0.88571428571 0.04285714286
487 0.90000000000 0.04285714286
488 0.91428571429 0.04285714286
489 0.92857142857 0.04285714286
490 0.94285714286 0.04285714286
491 0.95714285714 0.04285714286
492 0.97142857143 0.04285714286
493 0.98571428571 0.04285714286
494 1.00000000000 0.04285714286
495 1.01428571429 0.04285714286
496 1.02857142857 0.04285714286
497 1.04285714286 0.04285714286
498 1.05714285714 0.04285714286
499 1.07142857143 0.04285714286
500 1.08571428571 0.04285714286
501 1.10000000000 0.04285714286
502 1.11428571429 0.04285714286
503 1.12857142857 0.04285714286
504 1.14285714286 0.04285714286
505 1.15714285714 0.04285714286
506 1.17142857143 0.04285714286
507 1.18571428571 0.04285714286
508 1.20000000000 0.04285714286
509 1.21428571429 0.04285714286
510 1.22857142857 0.04285714286
511 1.24285714286 0.04285714286
512 1.25714285714 0.04285714286
513 1.27142857143 0.04285714286
514 1.28571428571 0.04285714286
515 1.30000000000 0.04285714286
516 1.31428571429 0.04285714286
517 1.32857142857 0.04285714286
518 1.34285714286 0.04285714286
519 1.35714285714 0.04285714286
520 1.37142857143 0.04285714286
521 1.38571428571 0.04285714286
522 1.40000000000 0.04285714286
523 1.41428571429 0.04285714286
524 1.42857142857 0.04285714286
525 1.44285714286 0.04285714286
526 1.45714285714 0.04285714286
527 1.47142857143 0.04285714286
528 1.48571428571 0.04285714286
529 1.50000000000 0.04285714286
530 1.51428571429 0.04285714286
531 1.52857142857 0.04285714286
532 1.54285714286 0.04285714286
533 1.55714285714 0.04285714286
534 1.57142857143 0.04285714286
535 1.58571428571 0.04285714286
536 1.60000000000 0.04285714286
537 1.61428571429 0.04285714286
538 1.62857142857 0.04285714286
539 1.64285714286 0.04285714286
540 1.65714285714 0.04285714286
541 1.67142857143 0.04285714286
542 1.68571428571 0.04285714286
543 1.70000000000 0.04285714286
544 1.71428571429 0.04285714286
545 1.72857142857 0.04285714286
546 1.74285714286 0.04285714286
547 1.75714285714 0.04285714286
548 1.77142857143 0.04285714286
549 1.78571428571 0.04285714286
550 1.80000000000 0.04285714286
551 1.81428571429 0.04285714286
552 1.82857142857 0.04285714286
553 1.84285714286 0.04285714286
554 1.85714285714 0.04285714286
555 1.87142857143 0.04285714286
556 1.88571428571 0.04285714286
557 1.90000000000 0.04285714286
558 1.91428571429 0.04285714286
559 1.92857142857 0.04285714286
560 1.94285714286 0.04285714286
561 1.95714285714 0.04285714286
562 1.97142857143 0.04285714286
563 1.98571428571 0.04285714286
564 2.00000000000 0.04285714286
565 0.00000000000 0.05714285714
566 0.01428571429 0.05714285714
567 0.02857142857 0.05714285714
568 0.04285714286 0.05714285714
569 0.05714285714 0.05714285714
570 0.07142857143 0.05714285714
571 0.08571428571 0.05714285714
572 0.10000000000 0.05714285714
573 0.11428571429 0.05714285714
574 0.12857142857 0.05714285714
575 0.14285714286 0.05714285714
576 0.15714285714 0.05714285714
577 0.17142857143 0.05714285714
578 0.18571428571 0.05714285714
579 0.20000000000 0.05714285714
580 0.21428571429 0.05714285714
581 0.22857142857 0.05714285714
582 0.24285714286 0.05714285714
583 0.25714285714 0.05714285714
584 0.27142857143 0.05714285714
585 0.28571428571 0.05714285714
586 0.30000000000 0.05714285714
587 0.31428571429 0.05714285714
588 0.32857142857 0.05714285714
589 0.34285714286 0.05714285714
590 0.35714285714 0.05714285714
591 0.37142857143 0.05714285714
592 0.38571428571 0.05714285714
593 0.40000000000 0.05714285714
594 0.41428571429 0.05714285714
595 0.42857142857 0.05714285714
596 0.44285714286 0.05714285714
597 0.45714285714 0.05714285714
598 0.47142857143 0.05714285714
599 0.48571428571 0.05714285714
600 0.50000000000 0.05714285714
601 0.51428571429 0.05714285714
602 0.52857142857 0.05714285714
603 0.54285714286 0.05714285714
604 0.55714285714 0.05714285714
605 0.57142857143 0.05714285714
606 0.58571428571 0.05714285714
607 0.60000000000 0.05714285714
608 0.61428571429 0.05714285714
609 0.62857142857 0.05714285714
610 0.64285714286 0.05714285714
611 0.65714285714 0.05714285714
612 0.67142857143 0.05714285714
613 0.68571428571 0.05714285714
614 0.70000000000 0.05714285714
615 0.71428571429 0.05714285714
616 0.72857142857 0.05714285714
617 0.74285714286 0.05714285714
618 0.75714285714 0.05714285714
619 0.77142857143 0.05714285714
620 0.78571428571 0.05714285714
621 0.80000000000 0.05714285714
622 0.81428571429 0.05714285714
623 0.82857142857 0.05714285714
624 0.84285714286 0.05714285714
625 0.85714285714 0.05714285714
626 0.87142857143 0.05714285714
627 0.88571428571 0.05714285714
628 0.90000000000 0.05714285714
629 0.91428571429 0.05714285714
630 0.92857142857 0.05714285714
631 0.94285714286 0.05714285714
632 0.95714285714 0.05714285714
633 0.97142857143 0.05714285714
634 0.98571428571 0.05714285714
635 1.00000000000 0.05714285714
636 1.01428571429 0.05714285714
637 1.02857142857 0.05714285714
638 1.04285714286 0.05714285714
639 1.05714285714 0.05714285714
640 1.07142857143 0.05714285714
641 1.08571428571 0.05714285714
642 1.10000000000 0.05714285714
643 1.11428571429 0.05714285714
644 1.12857142857 0.05714285714
645 1.14285714286 0.05714285714
646 1.15714285714 0.05714285714
647 1.17142857143 0.05714285714
648 1.18571428571 0.05714285714
649 1.20000000000 0.05714285714
650 1.21428571429 0.05714285714
651 1.22857142857 0.05714285714
652 1.24285714286 0.05714285714
653 1.25714285714 0.05714285714
654 1.27142857143 0.05714285714
655 1.28571428571 0.05714285714
656 1.30000000000 0.05714285714
657 1.31428571429 0.05714285714
658 1.32857142857 0.05714285714
659 1.34285714286 0.05714285714
660 1.35714285714 0.05714285714
661 1.37142857143 0.05714285714
662 1.38571428571 0.05714285714
663 1.40000000000 0.05714285714
664 1.41428571429 0.05714285714
665 1.42857142857 0.05714285714
666 1.44285714286 0.05714285714
667 1.45714285714 0.05714285714
668 1.47142857143 0.05714285714
669 1.48571428571 0.05714285714
670 1.50000000000 0.05714285714
671 1.51428571429 0.05714285714
672 1.52857142857 0.05714285714
673 1.54285714286 0.05714285714
674 1.55714285714 0.05714285714
675 1.57142857143 0.05714285714
676 1.58571428571 0.05714285714
677 1.60000000000 0.05714285714
678 1.61428571429 0.05714285714
679 1.62857142857 0.05714285714
680 1.64285714286 0.05714285714
681 1.65714285714 0.05714285714
682 1.67142857143 0.05714285714
683 1.68571428571 0.05714285714
684 1.70000000000 0.05714285714
685 1.71428571429 0.05714285714
686 1.72857142857 0.05714285714
687 1.74285714286 0.05714285714
688 1.75714285714 0.05714285714
689 1.77142857143 0.05714285714
690 1.78571428571 0.05714285714
691 1.80000000000 0.05714285714
692 1.81428571429 0.05714285714
693 1.82857142857 0.05714285714
694 1.84285714286 0.05714285714
695 1.85714285714 0.05714285714
696 1.87142857143 0.05714285714
697 1.88571428571 0.05714285714
698 1.90000000000 0.05714285714
699 1.91428571429 0.05714285714
700 1.92857142857 0.05714285714
701 1.94285714286 0.05714285714
702 1.95714285714 0.05714285714
703 1.97142857143 0.05714285714
704 1.98571428571 0.05714285714
705 2.00000000000 0.05714285714
706 0.00000000000 0.07142857143
707 0.01428571429 0.07142857143
708 0.02857142857 0.07142857143
709 0.04285714286 0.07142857143
710 0.05714285714 0.07142857143
711 0.07142857143 0.07142857143
712 0.08571428571 0.07142857143
713 0.10000000000 0.07142857143
714 0.11428571429 0.07142857143
715 0.12857142857 0.07142857143
716 0.14285714286 0.07142857143
717 0.15714285714 0.07142857143
718 0.17142857143 0.07142857143
719 0.18571428571 0.07142857143
720 0.20000000000 0.07142857143
721 0.21428571429 0.07142857143
722 0.22857142857 0.07142857143
723 0.24285714286 0.07142857143
724 0.25714285714 0.07142857143
725 0.27142857143 0.07142857143
726 0.28571428571 0.07142857143
727 0.30000000000 0.07142857143
728 0.31428571429 0.07142857143
729 0.32857142857 0.07142857143
730 0.34285714286 0.07142857143
731 0.35714285714 0.07142857143
732 0.37142857143 0.07142857143
733 0.38571428571 0.07142857143
734 0.40000000000 0.07142857143
735 0.41428571429 0.07142857143
736 0.42857142857 0.07142857143
737 0.44285714286 0.07142857143
738 0.45714285714 0.07142857143
739 0.47142857143 0.07142857143
740 0.48571428571 0.07142857143
741 0.50000000000 0.07142857143
742 0.51428571429 0.07142857143
743 0.52857142857 0.07142857143
744 0.54285714286 0.07142857143
745 0.55714285714 0.07142857143
746 0.57142857143 0.07142857143
747 0.58571428571 0.07142857143
748 0.60000000000 0.07142857143
749 0.61428571429 0.07142857143
750 0.62857142857 0.07142857143
751 0.64285714286 0.07142857143
752 0.65714285714 0.07142857143
753 0.67142857143 0.07142857143
754 0.68571428571 0.07142857143
755 0.70000000000 0.07142857143
756 0.71428571429 0.07142857143
757 0.72857142857 0.07142857143
758 0.74285714286 0.07142857143
759 0.75714285714 0.07142857143
760 0.77142857143 0.07142857143
761 0.78571428571 0.07142857143
762 0.80000000000 0.07142857143
763 0.81428571429 0.07142857143
764 0.82857142857 0.07142857143
765 0.84285714286 0.07142857143
766 0.85714285714 0.07142857143
767 0.87142857143 0.07142857143
768 0.88571428571 0.07142857143
769 0.90000000000 0.07142857143
770 0.91428571429 0.07142857143
771 0.92857142857 0.07142857143
772 0.94285714286 0.07142857143
773 0.95714285714 0.07142857143
774 0.97142857143 0.07142857143
775 0.98571428571 0.07142857143
776 1.00000000000 0.07142857143
777 1.01428571429 0.07142857143
778 1.02857142857 0.07142857143
779 1.04285714286 0.07142857143
780 1.05714285714 0.07142857143
781 1.07142857143 0.07142857143
782 1.08571428571 0.07142857143
783 1.10000000000 0.07142857143
784 1.11428571429 0.07142857143
785 1.12857142857 0.07142857143
786 1.14285714286 0.07142857143
787 1.15714285714 0.07142857143
788 1.17142857143 0.07142857143
789 1.18571428571 0.07142857143
790 1.20000000000 0.07142857143
791 1.21428571429 0.07142857143
792 1.22857142857 0.07142857143
793 1.24285714286 0.07142857143
794 1.25714285714 0.07142857143
795 1.27142857143 0.07142857143
796 1.28571428571 0.07142857143
797 1.30000000000 0.07142857143
798 1.31428571429 0.07142857143
799 1.32857142857 0.07142857143
800 1.34285714286 0.07142857143
801 1.35714285714 0.07142857143
802 1.37142857143 0.07142857143
803 1.38571428571 0.07142857143
804 1.40000000000 0.07142857143
805 1.41428571429 0.07142857143
806 1.42857142857 0.07142857143
807 1.44285714286 0.07142857143
808 1.45714285714 0.07142857143
809 1.47142857143 0.07142857143
810 1.48571428571 0.07142857143
811 1.50000000000 0.07142857143
812 1.51428571429 0.07142857143
813 1.52857142857 0.07142857143
814 1.54285714286 0.07142857143
815 1.55714285714 0.07142857143
816 1.57142857143 0.07142857143
817 1.58571428571 0.07142857143
818 1.60000000000 0.07142857143
819 1.61428571429 0.07142857143
820 1.62857142857 0.07142857143
821 1.64285714286 0.07142857143
822 1.65714285714 0.07142857143
823 1.67142857143 0.07142857143
824 1.68571428571 0.07142857143
825 1.70000000000 0.07142857143
826 1.71428571429 0.07142857143
827 1.72857142857 0.07142857143
828 1.74285714286 0.07142857143
829 1.75714285714 0.07142857143
830 1.77142857143 0.07142857143
831 1.78571428571 0.07142857143
832 1.80000000000 0.07142857143
833 1.81428571429 0.07142857143
834 1.82857142857 0.07142857143
835 1.84285714286 0.07142857143
836 1.85714285714 0.07142857143
837 1.87142857143 0.07142857143
838 1.88571428571 0.07142857143
839 1.90000000000 0.07142857143
840 1.91428571429 0.07142857143
841 1.92857142857 0.07142857143
842 1.94285714286 0.07142857143
843 1.95714285714 0.07142857143
844 1.97142857143 0.07142857143
845 1.98571428571 0.07142857143
846 2.00000000000 0.07142857143
847 0.00000000000 0.08571428571
848 0.01428571429 0.08571428571
849 0.02857142857 0.08571428571
850 0.04285714286 0.08571428571
851 0.05714285714 0.08571428571
852 0.07142857143 0.08571428571
853 0.08571428571 0.08571428571
854 0.10000000000 0.08571428571
855 0.11428571429 0.08571428571
856 0.12857142857 0.08571428571
857 0.14285714286 0.08571428571
858 0.15714285714 0.08571428571
859 0.17142857143 0.08571428571
860 0.18571428571 0.08571428571
861 0.20000000000 0.08571428571
862 0.21428571429 0.08571428571
863 0.22857142857 0.08571428571
864 0.24285714286 0.08571428571
865 0.25714285714 0.08571428571
866 0.27142857143 0.08571428571
867 0.28571428571 0.08571428571
868 0.30000000000 0.08571428571
869 0.31428571429 0.08571428571
870 0.32857142857 0.08571428571
871 0.34285714286 0.08571428571
872 0.35714285714 0.08571428571
873 0.37142857143 0.08571428571
874 0.38571428571 0.08571428571
875 0.40000000000 0.08571428571
876 0.41428571429 0.08571428571
877 0.42857142857 0.08571428571
878 0.44285714286 0.08571428571
879 0.45714285714 0.08571428571
880 0.47142857143 0.08571428571
881 0.48571428571 0.08571428571
882 0.50000000000 0.08571428571
883 0.51428571429 0.08571428571
884 0.52857142857 0.08571428571
885 0.54285714286 0.08571428571
886 0.55714285714 0.08571428571
887 0.57142857143 0.08571428571
888 0.58571428571 0.08571428571
889 0.60000000000 0.08571428571
890 0.61428571429 0.08571428571
891 0.62857142857 0.08571428571
892 0.64285714286 0.08571428571
893 0.65714285714 0.08571428571
894 0.67142857143 0.08571428571
895 0.68571428571 0.08571428571
896 0.70000000000 0.08571428571
897 0.71428571429 0.08571428571
898 0.72857142857 0.08571428571
899 0.74285714286 0.08571428571
900 0.75714285714 0.08571428571
901 0.77142857143 0.08571428571
902 0.78571428571 0.08571428571
903 0.80000000000 0.08571428571
904 0.81428571429 0.08571428571
905 0.82857142857 0.08571428571
906 0.84285714286 0.08571428571
907 0.85714285714 0.08571428571
908 0.87142857143 0.08571428571
909 0.88571428571 0.08571428571
910 0.90000000000 0.08571428571
911 0.91428571429 0.08571428571
912 0.92857142857 0.08571428571
913 0.94285714286 0.08571428571
914 0.95714285714 0.08571428571
915 0.97142857143 0.08571428571
916 0.98571428571 0.08571428571
917 1.00000000000 0.08571428571
918 1.01428571429 0.08571428571
919 1.02857142857 0.08571428571
920 1.04285714286 0.08571428571
921 1.05714285714 0.08571428571
922 1.07142857143 0.08571428571
923 1.08571428571 0.08571428571
924 1.10000000000 0.08571428571
925 1.11428571429 0.08571428571
926 1.12857142857 0.08571428571
927 1.14285714286 0.08571428571
928 1.15714285714 0.08571428571
929 1.17142857143 0.08571428571
930 1.18571428571 0.08571428571
931 1.20000000000 0.08571428571
932 1.21428571429 0.08571428571
933 1.22857142857 0.08571428571
934 1.24285714286 0.08571428571
935 1.25714285714 0.08571428571
936 1.27142857143 0.08571428571
937 1.28571428571 0.08571428571
938 1.30000000000 0.08571428571
939 1.31428571429 0.08571428571
940 1.32857142857 0.08571428571
941 1.34285714286 0.08571428571
942 1.35714285714 0.08571428571
943 1.37142857143 0.08571428571
944 1.38571428571 0.08571428571
945 1.40000000000 0.08571428571
946 1.41428571429 0.08571428571
947 1.42857142857 0.08571428571
948 1.44285714286 0.08571428571
949 1.45714285714 0.08571428571
950 1.47142857143 0.08571428571
951 1.48571428571 0.08571428571
952 1.50000000000 0.08571428571
953 1.51428571429 0.08571428571
954 1.52857142857 0.08571428571
955 1.54285714286 0.08571428571
956 1.55714285714 0.08571428571
957 1.57142857143 0.08571428571
958 1.58571428571 0.08571428571
959 1.60000000000 0.08571428571
960 1.61428571429 0.08571428571
961 1.62857142857 0.08571428571
962 1.64285714286 0.08571428571
963 1.65714285714 0.08571428571
964 1.67142857143 0.08571428571
965 1.68571428571 0.08571428571
966 1.70000000000 0.08571428571
967 1.71428571429 0.08571428571
968 1.72857142857 0.08571428571
969 1.74285714286 0.08571428571
970 1.75714285714 0.08571428571
971 1.77142857143 0.08571428571
972 1.78571428571 0.08571428571
973 1.80000000000 0.08571428571
974 1.81428571429 0.08571428571
975 1.82857142857 0.08571428571
976 1.84285714286 0.08571428571
977 1.85714285714 0.08571428571
978 1.87142857143 0.08571428571
979 1.88571428571 0.08571428571
980 1.90000000000 0.08571428571
981 1.91428571429 0.08571428571
982 1.92857142857 0.08571428571
983 1.94285714286 0.08571428571
984 1.95714285714 0.08571428571
985 1.97142857143 0.08571428571
986 1.98571428571 0.08571428571
987 2.00000000000 0.08571428571
988 0.00000000000 0.10000000000
989 0.01428571429 0.10000000000
990 0.02857142857 0.10000000000
991 0.04285714286 0.10000000000
992 0.05714285714 0.10000000000
993 0.07142857143 0.10000000000
994 0.08571428571 0.10000000000
995 0.10000000000 0.10000000000
996 0.11428571429 0.10000000000
997 0.12857142857 0.10000000000
998 0.14285714286 0.10000000000
999 0.15714285714 0.10000000000
1000 0.17142857143 0.10000000000
1001 0.18571428571 0.10000000000
1002 0.20000000000 0.10000000000
1003 0.21428571429 0.10000000000
1004 0.22857142857 0.10000000000
1005 0.24285714286 0.10000000000
1006 0.25714285714 0.10000000000
1007 0.27142857143 0.10000000000
1008 0.28571428571 0.10000000000
1009 0.30000000000 0.10000000000
1010 0.31428571429 0.10000000000
1011 0.32857142857 0.10000000000
1012 0.34285714286 0.10000000000
1013 0.35714285714 0.10000000000
1014 0.37142857143 0.10000000000
1015 0.38571428571 0.10000000000
1016 0.40000000000 0.10000000000
1017 0.41428571429 0.10000000000
1018 0.42857142857 0.10000000000
1019 0.44285714286 0.10000000000
1020 0.45714285714 0.10000000000
1021 0.47142857143 0.10000000000
1022 0.48571428571 0.10000000000
1023 0.50000000000 0.10000000000
1024 0.51428571429 0.10000000000
1025 0.52857142857 0.10000000000
1026 0.54285714286 0.10000000000
1027 0.55714285714 0.10000000000
1028 0.57142857143 0.10000000000
1029 0.58571428571 0.10000000000
1030 0.60000000000 0.10000000000
1031 0.61428571429 0.10000000000
1032 0.62857142857 0.10000000000
1033 0.64285714286 0.10000000000
1034 0.65714285714 0.10000000000
1035 0.67142857143 0.10000000000
1036 0.68571428571 0.10000000000
1037 0.70000000000 0.10000000000
1038 0.71428571429 0.10000000000
1039 0.72857142857 0.10000000000
1040 0.74285714286 0.10000000000
1041 0.75714285714 0.10000000000
1042 0.77142857143 0.10000000000
1043 0.78571428571 0.10000000000
1044 0.80000000000 0.10000000000
1045 0.81428571429 0.10000000000
1046 0.82857142857 0.10000000000
1047 0.84285714286 0.10000000000
1048 0.85714285714 0.10000000000
1049 0.87142857143 0.10000000000
1050 0.88571428571 0.10000000000
1051 0.90000000000 0.10000000000
1052 0.91428571429 0.10000000000
1053 0.92857142857 0.10000000000
1054 0.94285714286 0.10000000000
1055 0.95714285714 0.10000000000
1056 0.97142857143 0.10000000000
1057 0.98571428571 0.10000000000
1058 1.00000000000 0.10000000000
1059 1.01428571429 0.10000000000
1060 1.02857142857 0.10000000000
1061 1.04285714286 0.10000000000
1062 1.05714285714 0.10000000000
1063 1.07142857143 0.10000000000
1064 1.08571428571 0.10000000000
1065 1.10000000000 0.10000000000
1066 1.11428571429 0.10000000000
1067 1.12857142857 0.10000000000
1068 1.14285714286 0.10000000000
1069 1.15714285714 0.10000000000
1070 1.17142857143 0.10000000000
1071 1.18571428571 0.10000000000
1072 1.20000000000 0.10000000000
1073 1.21428571429 0.10000000000
1074 1.22857142857 0.10000000000
1075 1.24285714286 0.10000000000
1076 1.25714285714 0.10000000000
1077 1.27142857143 0.10000000000
1078 1.28571428571 0.10000000000
1079 1.30000000000 0.10000000000
1080 1.31428571429 0.10000000000
1081 1.32857142857 0.10000000000
1082 1.34285714286 0.10000000000
1083 1.35714285714 0.10000000000
1084 1.37142857143 0.10000000000
1085 1.38571428571 0.10000000000
1086 1.40000000000 0.10000000000
1087 1.41428571429 0.10000000000
1088 1.42857142857 0.10000000000
1089 1.44285714286 0.10000000000
1090 1.45714285714 0.10000000000
1091 1.47142857143 0.10000000000
1092 1.48571428571 0.10000000000
1093 1.50000000000 0.10000000000
1094 1.51428571429 0.10000000000
1095 1.52857142857 0.10000000000
1096 1.54285714286 0.10000000000
1097 1.55714285714 0.10000000000
1098 1.57142857143 0.10000000000
1099 1.58571428571 0.10000000000
1100 1.60000000000 0.10000000000
1101 1.61428571429 0.10000000000
1102 1.62857142857 0.10000000000
1103 1.64285714286 0.10000000000
1104 1.65714285714 0.10000000000
1105 1.67142857143 0.10000000000
1106 1.68571428571 0.10000000000
1107 1.70000000000 0.10000000000
1108 1.71428571429 0.10000000000
1109 1.72857142857 0.10000000000
1110 1.74285714286 0.10000000000
1111 1.75714285714 0.10000000000
1112 1.77142857143 0.10000000000
1113 1.78571428571 0.10000000000
1114 1.80000000000 0.10000000000
1115 1.81428571429 0.10000000000
1116 1.82857142857 0.10000000000
1117 1.84285714286 0.10000000000
1118 1.85714285714 0.10000000000
1119 1.87142857143 0.10000000000
1120 1.88571428571 0.10000000000
1121 1.90000000000 0.10000000000
1122 1.91428571429 0.10000000000
1123 1.92857142857 0.10000000000
1124 1.94285714286 0.10000000000
1125 1.95714285714 0.10000000000
1126 1.97142857143 0.10000000000
1127 1.98571428571 0.10000000000
1128 2.00000000000 0.10000000000
1129 0.00000000000 0.11428571429
1130 0.01428571429 0.11428571429
1131 0.02857142857 0.11428571429
1132 0.04285714286 0.11428571429
1133 0.05714285714 0.11428571429
1134 0.07142857143 0.11428571429
1135 0.08571428571 0.11428571429
1136 0.10000000000 0.11428571429
1137 0.11428571429 0.11428571429
1138 0.12857142857 0.11428571429
1139 0.14285714286 0.11428571429
1140 0.15714285714 0.11428571429
1141 0.17142857143 0.11428571429
1142 0.18571428571 0.11428571429
1143 0.20000000000 0.11428571429
1144 0.21428571429 0.11428571429
1145 0.22857142857 0.11428571429
1146 0.24285714286 0.11428571429
1147 0.25714285714 0.11428571429
1148 0.27142857143 0.11428571429
1149 0.28571428571 0.11428571429
1150 0.30000000000 0.11428571429
1151 0.31428571429 0.11428571429
1152 0.32857142857 0.11428571429
1153 0.34285714286 0.11428571429
1154 0.35714285714 0.11428571429
1155 0.37142857143 0.11428571429
1156 0.38571428571 0.11428571429
1157 0.40000000000 0.11428571429
1158 0.41428571429 0.11428571429
1159 0.42857142857 0.11428571429
1160 0.44285714286 0.11428571429
1161 0.45714285714 0.11428571429
1162 0.47142857143 0.11428571429
1163 0.48571428571 0.11428571429
1164 0.50000000000 0.11428571429
1165 0.51428571429 0.11428571429
1166 0.52857142857 0.11428571429
1167 0.54285714286 0.11428571429
1168 0.55714285714 0.11428571429
1169 0.57142857143 0.11428571429
1170 0.58571428571 0.11428571429
1171 0.60000000000 0.11428571429
1172 0.61428571429 0.11428571429
1173 0.62857142857 0.11428571429
1174 0.64285714286 0.11428571429
1175 0.65714285714 0.11428571429
1176 0.67142857143 0.11428571429
1177 0.68571428571 0.11428571429
1178 0.70000000000 0.11428571429
1179 0.71428571429 0.11428571429
1180 0.72857142857 0.11428571429
1181 0.74285714286 0.11428571429
1182 0.75714285714 0.11428571429
1183 0.77142857143 0.11428571429
1184 0.78571428571 0.11428571429
1185 0.80000000000 0.11428571429
1186 0.81428571429 0.11428571429
1187 0.82857142857 0.11428571429
1188 0.84285714286 0.11428571429
1189 0.85714285714 0.11428571429
1190 0.87142857143 0.11428571429
1191 0.88571428571 0.11428571429
1192 0.90000000000 0.11428571429
1193 0.91428571429 0.11428571429
1194 0.92857142857 0.11428571429
1195 0.94285714286 0.11428571429
1196 0.95714285714 0.11428571429
1197 0.97142857143 0.11428571429
1198 0.98571428571 0.11428571429
1199 1.00000000000 0.11428571429
1200 1.01428571429 0.11428571429
1201 1.02857142857 0.11428571429
1202 1.04285714286 0.11428571429
1203 1.05714285714 0.11428571429
1204 1.07142857143 0.11428571429
1205 1.08571428571 0.11428571429
1206 1.10000000000 0.11428571429
1207 1.11428571429 0.11428571429
1208 1.12857142857 0.11428571429
1209 1.14285714286 0.11428571429
1210 1.15714285714 0.11428571429
1211 1.17142857143 0.11428571429
1212 1.18571428571 0.11428571429
1213 1.20000000000 0.11428571429
1214 1.21428571429 0.11428571429
1215 1.22857142857 0.11428571429
1216 1.24285714286 0.11428571429
1217 1.25714285714 0.11428571429
1218 1.27142857143 0.11428571429
1219 1.28571428571 0.11428571429
1220 1.30000000000 0.11428571429
1221 1.31428571429 0.11428571429
1222 1.32857142857 0.11428571429
1223 1.34285714286 0.11428571429
1224 1.35714285714 0.11428571429
1225 1.37142857143 0.11428571429
1226 1.38571428571 0.11428571429
1227 1.40000000000 0.11428571429
1228 1.41428571429 0.11428571429
1229 1.42857142857 0.11428571429
1230 1.44285714286 0.11428571429
1231 1.45714285714 0.11428571429
1232 1.47142857143 0.11428571429
1233 1.48571428571 0.11428571429
1234 1.50000000000 0.11428571429
1235 1.51428571429 0.11428571429
1236 1.52857142857 0.11428571429
1237 1.54285714286 0.11428571429
1238 1.55714285714 0.11428571429
1239 1.57142857143 0.11428571429
1240 1.58571428571 0.11428571429
1241 1.60000000000 0.11428571429
1242 1.61428571429 0.11428571429
1243 1.62857142857 0.11428571429
1244 1.64285714286 0.11428571429
1245 1.65714285714 0.11428571429
1246 1.67142857143 0.11428571429
1247 1.68571428571 0.11428571429
1248 1.70000000000 0.11428571429
1249 1.71428571429 0.11428571429
1250 1.72857142857 0.11428571429
1251 1.74285714286 0.11428571429
1252 1.75714285714 0.11428571429
1253 1.77142857143 0.11428571429
1254 1.78571428571 0.11428571429
1255 1.80000000000 0.11428571429
1256 1.81428571429 0.11428571429
1257 1.82857142857 0.11428571429
1258 1.84285714286 0.11428571429
1259 1.85714285714 0.11428571429
1260 1.87142857143 0.11428571429
1261 1.88571428571 0.11428571429
1262 1.90000000000 0.11428571429
1263 1.91428571429 0.11428571429
1264 1.92857142857 0.11428571429
1265 1.94285714286 0.11428571429
1266 1.95714285714 0.11428571429
1267 1.97142857143 0.11428571429
1268 1.98571428571 0.11428571429
1269 2.00000000000 0.11428571429
1270 0.00000000000 0.12857142857
1271 0.01428571429 0.12857142857
1272 0.02857142857 0.12857142857
1273 0.04285714286 0.12857142857
1274 0.05714285714 0.12857142857
1275 0.07142857143 0.12857142857
1276 0.08571428571 0.12857142857
1277 0.10000000000 0.12857142857
1278 0.11428571429 0.12857142857
1279 0.12857142857 0.12857142857
1280 0.14285714286 0.12857142857
1281 0.15714285714 0.12857142857
1282 0.17142857143 0.12857142857
1283 0.18571428571 0.12857142857
1284 0.20000000000 0.12857142857
1285 0.21428571429 0.12857142857
1286 0.22857142857 0.12857142857
1287 0.24285714286 0.12857142857
1288 0.25714285714 0.12857142857
1289 0.27142857143 0.12857142857
1290 0.28571428571 0.12857142857
1291 0.30000000000 0.12857142857
1292 0.31428571429 0.12857142857
1293 0.32857142857 0.12857142857
1294 0.34285714286 0.12857142857
1295 0.35714285714 0.12857142857
1296 0.37142857143 0.12857142857
1297 0.38571428571 0.12857142857
1298 0.40000000000 0.12857142857
1299 0.41428571429 0.12857142857
1300 0.42857142857 0.12857142857
1301 0.44285714286 0.12857142857
1302 0.45714285714 0.12857142857
1303 0.47142857143 0.12857142857
1304 0.48571428571 0.12857142857
1305 0.50000000000 0.12857142857
1306 0.51428571429 0.12857142857
1307 0.52857142857 0.12857142857
1308 0.54285714286 0.12857142857
1309 0.55714285714 0.12857142857
1310 0.57142857143 0.12857142857
1311 0.58571428571 0.12857142857
1312 0.60000000000 0.12857142857
1313 0.61428571429 0.12857142857
1314 0.62857142857 0.12857142857
1315 0.64285714286 0.12857142857
1316 0.65714285714 0.12857142857
1317 0.67142857143 0.12857142857
1318 0.68571428571 0.12857142857
1319 0.70000000000 0.12857142857
1320 0.71428571429 0.12857142857
1321 0.72857142857 0.12857142857
1322 0.74285714286 0.12857142857
1323 0.75714285714 0.12857142857
1324 0.77142857143 0.12857142857
1325 0.78571428571 0.12857142857
1326 0.80000000000 0.12857142857
1327 0.81428571429 0.12857142857
1328 0.82857142857 0.12857142857
1329 0.84285714286 0.12857142857
1330 0.85714285714 0.12857142857
1331 0.87142857143 0.12857142857
1332 0.88571428571 0.12857142857
1333 0.90000000000 0.12857142857
1334 0.91428571429 0.12857142857
1335 0.92857142857 0.12857142857
1336 0.94285714286 0.12857142857
1337 0.95714285714 0.12857142857
1338 0.97142857143 0.12857142857
1339 0.98571428571 0.12857142857
1340 1.00000000000 0.12857142857
1341 1.01428571429 0.12857142857
1342 1.02857142857 0.12857142857
1343 1.04285714286 0.12857142857
1344 1.05714285714 0.12857142857
1345 1.07142857143 0.12857142857
1346 1.08571428571 0.12857142857
1347 1.10000000000 0.12857142857
1348 1.11428571429 0.12857142857
1349 1.12857142857 0.12857142857
1350 1.14285714286 0.12857142857
1351 1.15714285714 0.12857142857
1352 1.17142857143 0.12857142857
1353 1.18571428571 0.12857142857
1354 1.20000000000 0.12857142857
1355 1.21428571429 0.12857142857
1356 1.22857142857 0.12857142857
1357 1.24285714286 0.12857142857
1358 1.25714285714 0.12857142857
1359 1.27142857143 0.12857142857
1360 1.28571428571 0.12857142857
1361 1.30000000000 0.12857142857
1362 1.31428571429 0.12857142857
1363 1.32857142857 0.12857142857
1364 1.34285714286 0.12857142857
1365 1.35714285714 0.12857142857
1366 1.37142857143 0.12857142857
1367 1.38571428571 0.12857142857
1368 1.40000000000 0.12857142857
1369 1.41428571429 0.12857142857
1370 1.42857142857 0.12857142857
1371 1.44285714286 0.12857142857
1372 1.45714285714 0.12857142857
1373 1.47142857143 0.12857142857
1374 1.48571428571 0.12857142857
1375 1.50000000000 0.12857142857
1376 1.51428571429 0.12857142857
1377 1.52857142857 0.12857142857
1378 1.54285714286 0.12857142857
1379 1.55714285714 0.12857142857
1380 1.57142857143 0.12857142857
1381 1.58571428571 0.12857142857
1382 1.60000000000 0.12857142857
1383 1.61428571429 0.12857142857
1384 1.62857142857 0.12857142857
1385 1.64285714286 0.12857142857
1386 1.65714285714 0.12857142857
1387 1.67142857143 0.12857142857
1388 1.68571428571 0.12857142857
1389 1.70000000000 0.12857142857
1390 1.71428571429 0.12857142857
1391 1.72857142857 0.12857142857
1392 1.74285714286 0.12857142857
1393 1.75714285714 0.12857142857
1394 1.77142857143 0.12857142857
1395 1.78571428571 0.12857142857
1396 1.80000000000 0.12857142857
1397 1.81428571429 0.12857142857
1398 1.82857142857 0.12857142857
1399 1.84285714286 0.12857142857
1400 1.85714285714 0.12857142857
1401 1.87142857143 0.12857142857
1402 1.88571428571 0.12857142857
1403 1.90000000000 0.12857142857
1404 1.91428571429 0.12857142857
1405 1.92857142857 0.12857142857
1406 1.94285714286 0.12857142857
1407 1.95714285714 0.12857142857
1408 1.97142857143 0.12857142857
1409 1.98571428571 0.12857142857
1410 2.00000000000 0.12857142857
1411 0.00000000000 0.14285714286
1412 0.01428571429 0.14285714286
1413 0.02857142857 0.14285714286
1414 0.04285714286 0.14285714286
1415 0.05714285714 0.14285714286
1416 0.07142857143 0.14285714286
1417 0.08571428571 0.14285714286
1418 0.10000000000 0.14285714286
1419 0.11428571429 0.14285714286
1420 0.12857142857 0.14285714286
1421 0.14285714286 0.14285714286
1422 0.15714285714 0.14285714286
1423 0.17142857143 0.14285714286
1424 0.18571428571 0.14285714286
1425 0.20000000000 0.14285714286
1426 0.21428571429 0.14285714286
1427 0.22857142857 0.14285714286
1428 0.24285714286 0.14285714286
1429 0.25714285714 0.14285714286
1430 0.27142857143 0.14285714286
1431 0.28571428571 0.14285714286
1432 0.30000000000 0.14285714286
1433 0.31428571429 0.14285714286
1434 0.32857142857 0.14285714286
1435 0.34285714286 0.14285714286
1436 0.35714285714 0.14285714286
1437 0.37142857143 0.14285714286
1438 0.38571428571 0.14285714286
1439 0.40000000000 0.14285714286
1440 0.41428571429 0.14285714286
1441 0.42857142857 0.14285714286
1442 0.44285714286 0.14285714286
1443 0.45714285714 0.14285714286
1444 0.47142857143 0.14285714286
1445 0.48571428571 0.14285714286
1446 0.50000000000 0.14285714286
1447 0.51428571429 0.14285714286
1448 0.52857142857 0.14285714286
1449 0.54285714286 0.14285714286
1450 0.55714285714 0.14285714286
1451 0.57142857143 0.14285714286
1452 0.58571428571 0.14285714286
1453 0.60000000000 0.14285714286
1454 0.61428571429 0.14285714286
1455 0.62857142857 0.14285714286
1456 0.64285714286 0.14285714286
1457 0.65714285714 0.14285714286
1458 0.67142857143 0.14285714286
1459 0.68571428571 0.14285714286
1460 0.70000000000 0.14285714286
1461 0.71428571429 0.14285714286
1462 0.72857142857 0.14285714286
1463 0.74285714286 0.14285714286
1464 0.75714285714 0.14285714286
1465 0.77142857143 0.14285714286
1466 0.78571428571 0.14285714286
1467 0.80000000000 0.14285714286
1468 0.81428571429 0.14285714286
1469 0.82857142857 0.14285714286
1470 0.84285714286 0.14285714286
1471 0.85714285714 0.14285714286
1472 0.87142857143 0.14285714286
1473 0.88571428571 0.14285714286
1474 0.90000000000 0.14285714286
1475 0.91428571429 0.14285714286
1476 0.92857142857 0.14285714286
1477 0.94285714286 0.14285714286
1478 0.95714285714 0.14285714286
1479 0.97142857143 0.14285714286
1480 0.98571428571 0.14285714286
1481 1.00000000000 0.14285714286
1482 1.01428571429 0.14285714286
1483 1.02857142857 0.14285714286
1484 1.04285714286 0.14285714286
1485 1.05714285714 0.14285714286
1486 1.07142857143 0.14285714286
1487 1.08571428571 0.14285714286
1488 1.10000000000 0.14285714286
1489 1.11428571429 0.14285714286
1490 1.12857142857 0.14285714286
1491 1.14285714286 0.14285714286
1492 1.15714285714 0.14285714286
1493 1.17142857143 0.14285714286
1494 1.18571428571 0.14285714286
1495 1.20000000000 0.14285714286
1496 1.21428571429 0.14285714286
1497 1.22857142857 0.14285714286
1498 1.24285714286 0.14285714286
1499 1.25714285714 0.14285714286
1500 1.27142857143 0.14285714286
1501 1.28571428571 0.14285714286
1502 1.30000000000 0.14285714286
1503 1.31428571429 0.14285714286
1504 1.32857142857 0.14285714286
1505 1.34285714286 0.14285714286
1506 1.35714285714 0.14285714286
1507 1.37142857143 0.14285714286
1508 1.38571428571 0.14285714286
1509 1.40000000000 0.14285714286
1510 1.41428571429 0.14285714286
1511 1.42857142857 0.14285714286
1512 1.44285714286 0.14285714286
1513 1.45714285714 0.14285714286
1514 1.47142857143 0.14285714286
1515 1.48571428571 0.14285714286
1516 1.50000000000 0.14285714286
1517 1.51428571429 0.14285714286
1518 1.52857142857 0.14285714286
1519 1.54285714286 0.14285714286
1520 1.55714285714 0.14285714286
1521 1.57142857143 0.14285714286
1522 1.58571428571 0.14285714286
1523 1.60000000000 0.14285714286
1524 1.61428571429 0.14285714286
1525 1.62857142857 0.14285714286
1526 1.64285714286 0.14285714286
1527 1.65714285714 0.14285714286
1528 1.67142857143 0.14285714286
1529 1.68571428571 0.14285714286
1530 1.70000000000 0.14285714286
1531 1.71428571429 0.14285714286
1532 1.72857142857 0.14285714286
1533 1.74285714286 0.14285714286
1534 1.75714285714 0.14285714286
1535 1.77142857143 0.14285714286
1536 1.78571428571 0.14285714286
1537 1.80000000000 0.14285714286
1538 1.81428571429 0.14285714286
1539 1.82857142857 0.14285714286
1540 1.84285714286 0.14285714286
1541 1.85714285714 0.14285714286
1542 1.87142857143 0.14285714286
1543 1.88571428571 0.14285714286
1544 1.90000000000 0.14285714286
1545 1.91428571429 0.14285714286
1546 1.92857142857 0.14285714286
1547 1.94285714286 0.14285714286
1548 1.95714285714 0.14285714286
1549 1.97142857143 0.14285714286
1550 1.98571428571 0.14285714286
1551 2.00000000000 0.14285714286
1552 0.00000000000 0.15714285714
1553 0.01428571429 0.15714285714
1554 0.02857142857 0.15714285714
1555 0.04285714286 0.15714285714
1556 0.05714285714 0.15714285714
1557 0.07142857143 0.15714285714
1558 0.08571428571 0.15714285714
1559 0.10000000000 0.15714285714
1560 0.11428571429 0.15714285714
1561 0.12857142857 0.15714285714
1562 0.14285714286 0.15714285714
1563 0.15714285714 0.15714285714
1564 0.17142857143 0.15714285714
1565 0.18571428571 0.15714285714
1566 0.20000000000 0.15714285714
1567 0.21428571429 0.15714285714
1568 0.22857142857 0.15714285714
1569 0.24285714286 0.15714285714
1570 0.25714285714 0.15714285714
1571 0.27142857143 0.15714285714
1572 0.28571428571 0.15714285714
1573 0.30000000000 0.15714285714
1574 0.31428571429 0.15714285714
1575 0.32857142857 0.15714285714
1576 0.34285714286 0.15714285714
1577 0.35714285714 0.15714285714
1578 0.37142857143 0.15714285714
1579 0.38571428571 0.15714285714
1580 0.40000000000 0.15714285714
1581 0.41428571429 0.15714285714
1582 0.42857142857 0.15714285714
1583 0.44285714286 0.15714285714
1584 0.45714285714 0.15714285714
1585 0.47142857143 0.15714285714
1586 0.48571428571 0.15714285714
1587 0.50000000000 0.15714285714
1588 0.51428571429 0.15714285714
1589 0.52857142857 0.15714285714
1590 0.54285714286 0.15714285714
1591 0.55714285714 0.15714285714
1592 0.57142857143 0.15714285714
1593 0.58571428571 0.15714285714
1594 0.60000000000 0.15714285714
1595 0.61428571429 0.15714285714
1596 0.62857142857 0.15714285714
1597 0.64285714286 0.15714285714
1598 0.65714285714 0.15714285714
1599 0.67142857143 0.15714285714
1600 0.68571428571 0.15714285714
1601 0.70000000000 0.15714285714
1602 0.71428571429 0.15714285714
1603 0.72857142857 0.15714285714
1604 0.74285714286 0.15714285714
1605 0.75714285714 0.15714285714
1606 0.77142857143 0.15714285714
1607 0.78571428571 0.15714285714
1608 0.80000000000 0.15714285714
1609 0.81428571429 0.15714285714
1610 0.82857142857 0.15714285714
1611 0.84285714286 0.15714285714
1612 0.85714285714 0.15714285714
1613 0.87142857143 0.15714285714
1614 0.88571428571 0.15714285714
1615 0.90000000000 0.15714285714
1616 0.91428571429 0.15714285714
1617 0.92857142857 0.15714285714
1618 0.94285714286 0.15714285714
1619 0.95714285714 0.15714285714
1620 0.97142857143 0.15714285714
1621 0.98571428571 0.15714285714
1622 1.00000000000 0.15714285714
1623 1.01428571429 0.15714285714
1624 1.02857142857 0.15714285714
1625 1.04285714286 0.15714285714
1626 1.05714285714 0.15714285714
1627 1.07142857143 0.15714285714
1628 1.08571428571 0.15714285714
1629 1.10000000000 0.15714285714
1630 1.11428571429 0.15714285714
1631 1.12857142857 0.15714285714
1632 1.14285714286 0.15714285714
1633 1.15714285714 0.15714285714
1634 1.17142857143 0.15714285714
1635 1.18571428571 0.15714285714
1636 1.20000000000 0.15714285714
1637 1.21428571429 0.15714285714
1638 1.22857142857 0.15714285714
1639 1.24285714286 0.15714285714
1640 1.25714285714 0.15714285714
1641 1.27142857143 0.15714285714
1642 1.28571428571 0.15714285714
1643 1.30000000000 0.15714285714
1644 1.31428571429 0.15714285714
1645 1.32857142857 0.15714285714
1646 1.34285714286 0.15714285714
1647 1.35714285714 0.15714285714
1648 1.37142857143 0.15714285714
1649 1.38571428571 0.15714285714
1650 1.40000000000 0.15714285714
1651 1.41428571429 0.15714285714
1652 1.42857142857 0.15714285714
1653 1.44285714286 0.15714285714
1654 1.45714285714 0.15714285714
1655 1.47142857143 0.15714285714
1656 1.48571428571 0.15714285714
1657 1.50000000000 0.15714285714
1658 1.51428571429 0.15714285714
1659 1.52857142857 0.15714285714
1660 1.54285714286 0.15714285714
1661 1.55714285714 0.15714285714
1662 1.57142857143 0.15714285714
1663 1.58571428571 0.15714285714
1664 1.60000000000 0.15714285714
1665 1.61428571429 0.15714285714
1666 1.62857142857 0.15714285714
1667 1.64285714286 0.15714285714
1668 1.65714285714 0.15714285714
1669 1.67142857143 0.15714285714
1670 1.68571428571 0.15714285714
1671 1.70000000000 0.15714285714
1672 1.71428571429 0.15714285714
1673 1.72857142857 0.15714285714
1674 1.74285714286 0.15714285714
1675 1.75714285714 0.15714285714
1676 1.77142857143 0.15714285714
1677 1.78571428571 0.15714285714
1678 1.80000000000 0.15714285714
1679 1.81428571429 0.15714285714
1680 1.82857142857 0.15714285714
1681 1.84285714286 0.15714285714
1682 1.85714285714 0.15714285714
1683 1.87142857143 0.15714285714
1684 1.88571428571 0.15714285714
1685 1.90000000000 0.15714285714
1686 1.91428571429 0.15714285714
1687 1.92857142857 0.15714285714
1688 1.94285714286 0.15714285714
1689 1.95714285714 0.15714285714
1690 1.97142857143 0.15714285714
1691 1.98571428571 0.15714285714
1692 2.00000000000 0.15714285714
1693 0.00000000000 0.17142857143
1694 0.01428571429 0.17142857143
1695 0.02857142857 0.17142857143
1696 0.04285714286 0.17142857143
1697 0.05714285714 0.17142857143
1698 0.07142857143 0.17142857143
1699 0.08571428571 0.17142857143
1700 0.10000000000 0.17142857143
1701 0.11428571429 0.17142857143
1702 0.12857142857 0.17142857143
1703 0.14285714286 0.17142857143
1704 0.15714285714 0.17142857143
1705 0.17142857143 0.17142857143
1706 0.18571428571 0.17142857143
1707 0.20000000000 0.17142857143
1708 0.21428571429 0.17142857143
1709 0.22857142857 0.17142857143
1710 0.24285714286 0.17142857143
1711 0.25714285714 0.17142857143
1712 0.27142857143 0.17142857143
1713 0.28571428571 0.17142857143
1714 0.30000000000 0.17142857143
1715 0.31428571429 0.17142857143
1716 0.32857142857 0.17142857143
1717 0.34285714286 0.17142857143
1718 0.35714285714 0.17142857143
1719 0.37142857143 0.17142857143
1720 0.38571428571 0.17142857143
1721 0.40000000000 0.17142857143
1722 0.41428571429 0.17142857143
1723 0.42857142857 0.17142857143
1724 0.44285714286 0.17142857143
1725 0.45714285714 0.17142857143
1726 0.47142857143 0.17142857143
1727 0.48571428571 0.17142857143
1728 0.50000000000 0.17142857143
1729 0.51428571429 0.17142857143
1730 0.52857142857 0.17142857143
1731 0.54285714286 0.17142857143
1732 0.55714285714 0.17142857143
1733 0.57142857143 0.17142857143
1734 0.58571428571 0.17142857143
1735 0.60000000000 0.17142857143
1736 0.61428571429 0.17142857143
1737 0.62857142857 0.17142857143
1738 0.64285714286 0.17142857143
1739 0.65714285714 0.17142857143
1740 0.67142857143 0.17142857143
1741 0.68571428571 0.17142857143
1742 0.70000000000 0.17142857143
1743 0.71428571429 0.17142857143
1744 0.72857142857 0.17142857143
1745 0.74285714286 0.17142857143
1746 0.75714285714 0.17142857143
1747 0.77142857143 0.17142857143
1748 0.78571428571 0.17142857143
1749 0.80000000000 0.17142857143
1750 0.81428571429 0.17142857143
1751 0.82857142857 0.17142857143
1752 0.84285714286 0.17142857143
1753 0.85714285714 0.17142857143
1754 0.87142857143 0.17142857143
1755 0.88571428571 0.17142857143
1756 0.90000000000 0.17142857143
1757 0.91428571429 0.17142857143
1758 0.92857142857 0.17142857143
1759 0.94285714286 0.17142857143
1760 0.95714285714 0.17142857143
1761 0.97142857143 0.17142857143
1762 0.98571428571 0.17142857143
1763 1.00000000000 0.17142857143
1764 1.01428571429 0.17142857143
1765 1.02857142857 0.17142857143
1766 1.04285714286 0.17142857143
1767 1.05714285714 0.17142857143
1768 1.07142857143 0.17142857143
1769 1.08571428571 0.17142857143
1770 1.10000000000 0.17142857143
1771 1.11428571429 0.17142857143
1772 1.12857142857 0.17142857143
1773 1.14285714286 0.17142857143
1774 1.15714285714 0.17142857143
1775 1.17142857143 0.17142857143
1776 1.18571428571 0.17142857143
1777 1.20000000000 0.17142857143
1778 1.21428571429 0.17142857143
1779 1.22857142857 0.17142857143
1780 1.24285714286 0.17142857143
1781 1.25714285714 0.17142857143
1782 1.27142857143 0.17142857143
1783 1.28571428571 0.17142857143
1784 1.30000000000 0.17142857143
1785 1.31428571429 0.17142857143
1786 1.32857142857 0.17142857143
1787 1.34285714286 0.17142857143
1788 1.35714285714 0.17142857143
1789 1.37142857143 0.17142857143
1790 1.38571428571 0.17142857143
1791 1.40000000000 0.17142857143
1792 1.41428571429 0.17142857143
1793 1.42857142857 0.17142857143
1794 1.44285714286 0.17142857143
1795 1.45714285714 0.17142857143
1796 1.47142857143 0.17142857143
1797 1.48571428571 0.17142857143
1798 1.50000000000 0.17142857143
1799 1.51428571429 0.17142857143
1800 1.52857142857 0.17142857143
1801 1.54285714286 0.17142857143
1802 1.55714285714 0.17142857143
1803 1.57142857143 0.17142857143
1804 1.58571428571 0.17142857143
1805 1.60000000000 0.17142857143
1806 1.61428571429 0.17142857143
1807 1.62857142857 0.17142857143
1808 1.64285714286 0.17142857143
1809 1.65714285714 0.17142857143
1810 1.67142857143 0.17142857143
1811 1.68571428571 0.17142857143
1812 1.70000000000 0.17142857143
1813 1.71428571429 0.17142857143
1814 1.72857142857 0.17142857143
1815 1.74285714286 0.17142857143
1816 1.75714285714 0.17142857143
1817 1.77142857143 0.17142857143
1818 1.78571428571 0.17142857143
1819 1.80000000000 0.17142857143
1820 1.81428571429 0.17142857143
1821 1.82857142857 0.17142857143
1822 1.84285714286 0.17142857143
1823 1.85714285714 0.17142857143
1824 1.87142857143 0.17142857143
1825 1.88571428571 0.17142857143
1826 1.90000000000 0.17142857143
1827 1.91428571429 0.17142857143
1828 1.92857142857 0.17142857143
1829 1.94285714286 0.17142857143
1830 1.95714285714 0.17142857143
1831 1.97142857143 0.17142857143
1832 1.98571428571 0.17142857143
1833 2.00000000000 0.17142857143
1834 0.00000000000 0.18571428571
1835 0.01428571429 0.18571428571
1836 0.02857142857 0.18571428571
1837 0.04285714286 0.18571428571
1838 0.05714285714 0.18571428571
1839 0.07142857143 0.18571428571
1840 0.08571428571 0.18571428571
1841 0.10000000000 0.18571428571
1842 0.11428571429 0.18571428571
1843 0.12857142857 0.18571428571
1844 0.14285714286 0.18571428571
1845 0.15714285714 0.18571428571
1846 0.17142857143 0.18571428571
1847 0.18571428571 0.18571428571
1848 0.20000000000 0.18571428571
1849 0.21428571429 0.18571428571
1850 0.22857142857 0.18571428571
1851 0.24285714286 0.18571428571
1852 0.25714285714 0.18571428571
1853 0.27142857143 0.18571428571
1854 0.28571428571 0.18571428571
1855 0.30000000000 0.18571428571
1856 0.31428571429 0.18571428571
1857 0.32857142857 0.18571428571
1858 0.34285714286 0.18571428571
1859 0.35714285714 0.18571428571
1860 0.37142857143 0.18571428571
1861 0.38571428571 0.18571428571
1862 0.40000000000 0.18571428571
1863 0.41428571429 0.18571428571
1864 0.42857142857 0.18571428571
1865 0.44285714286 0.18571428571
1866 0.45714285714 0.18571428571
1867 0.47142857143 0.18571428571
1868 0.48571428571 0.18571428571
1869 0.50000000000 0.18571428571
1870 0.51428571429 0.18571428571
1871 0.52857142857 0.18571428571
1872 0.54285714286 0.18571428571
1873 0.55714285714 0.18571428571
1874 0.57142857143 0.18571428571
1875 0.58571428571 0.18571428571
1876 0.60000000000 0.18571428571
1877 0.61428571429 0.18571428571
1878 0.62857142857 0.18571428571
1879 0.64285714286 0.18571428571
1880 0.65714285714 0.18571428571
1881 0.67142857143 0.18571428571
1882 0.68571428571 0.18571428571
1883 0.70000000000 0.18571428571
1884 0.71428571429 0.18571428571
1885 0.72857142857 0.18571428571
1886 0.74285714286 0.18571428571
1887 0.75714285714 0.18571428571
1888 0.77142857143 0.18571428571
1889 0.78571428571 0.18571428571
1890 0.80000000000 0.18571428571
1891 0.81428571429 0.18571428571
1892 0.82857142857 0.18571428571
1893 0.84285714286 0.18571428571
1894 0.85714285714 0.18571428571
1895 0.87142857143 0.18571428571
1896 0.88571428571 0.18571428571
1897 0.90000000000 0.18571428571
1898 0.91428571429 0.18571428571
1899 0.92857142857 0.18571428571
1900 0.94285714286 0.18571428571
1901 0.95714285714 0.18571428571
1902 0.97142857143 0.18571428571
1903 0.98571428571 0.18571428571
1904 1.00000000000 0.18571428571
1905 1.01428571429 0.18571428571
1906 1.02857142857 0.18571428571
1907 1.04285714286 0.18571428571
1908 1.05714285714 0.18571428571
1909 1.07142857143 0.18571428571
1910 1.08571428571 0.18571428571
1911 1.10000000000 0.18571428571
1912 1.11428571429 0.18571428571
1913 1.12857142857 0.18571428571
1914 1.14285714286 0.18571428571
1915 1.15714285714 0.18571428571
1916 1.17142857143 0.18571428571
1917 1.18571428571 0.18571428571
1918 1.20000000000 0.18571428571
1919 1.21428571429 0.18571428571
1920 1.22857142857 0.18571428571
1921 1.24285714286 0.18571428571
1922 1.25714285714 0.18571428571
1923 1.27142857143 0.18571428571
1924 1.28571428571 0.18571428571
1925 1.30000000000 0.18571428571
1926 1.31428571429 0.18571428571
1927 1.32857142857 0.18571428571
1928 1.34285714286 0.18571428571
1929 1.35714285714 0.18571428571
1930 1.37142857143 0.18571428571
1931 1.38571428571 0.18571428571
1932 1.40000000000 0.18571428571
1933 1.41428571429 0.18571428571
1934 1.42857142857 0.18571428571
1935 1.44285714286 0.18571428571
1936 1.45714285714 0.18571428571
1937 1.47142857143 0.18571428571
1938 1.48571428571 0.18571428571
1939 1.50000000000 0.18571428571
1940 1.51428571429 0.18571428571
1941 1.52857142857 0.18571428571
1942 1.54285714286 0.18571428571
1943 1.55714285714 0.18571428571
1944 1.57142857143 0.18571428571
1945 1.58571428571 0.18571428571
1946 1.60000000000 0.18571428571
1947 1.61428571429 0.18571428571
1948 1.62857142857 0.18571428571
1949 1.64285714286 0.18571428571
1950 1.65714285714 0.18571428571
1951 1.67142857143 0.18571428571
1952 1.68571428571 0.18571428571
1953 1.70000000000 0.18571428571
1954 1.71428571429 0.18571428571
1955 1.72857142857 0.18571428571
1956 1.74285714286 0.18571428571
1957 1.75714285714 0.18571428571
1958 1.77142857143 0.18571428571
1959 1.78571428571 0.18571428571
1960 1.80000000000 0.18571428571
1961 1.81428571429 0.18571428571
1962 1.82857142857 0.18571428571
1963 1.84285714286 0.18571428571
1964 1.85714285714 0.18571428571
1965 1.87142857143 0.18571428571
1966 1.88571428571 0.18571428571
1967 1.90000000000 0.18571428571
1968 1.91428571429 0.18571428571
1969 1.92857142857 0.18571428571
1970 1.94285714286 0.18571428571
1971 1.95714285714 0.18571428571
1972 1.97142857143 0.18571428571
1973 1.98571428571 0.18571428571
1974 2.00000000000 0.18571428571
1975 0.00000000000 0.20000000000
1976 0.01428571429 0.20000000000
1977 0.02857142857 0.20000000000
1978 0.04285714286 0.20000000000
1979 0.05714285714 0.20000000000
1980 0.07142857143 0.20000000000
1981 0.08571428571 0.20000000000
1982 0.10000000000 0.20000000000
1983 0.11428571429 0.20000000000
1984 0.12857142857 0.20000000000
1985 0.14285714286 0.20000000000
1986 0.15714285714 0.20000000000
1987 0.17142857143 0.20000000000
1988 0.18571428571 0.20000000000
1989 0.20000000000 0.20000000000
1990 0.21428571429 0.20000000000
1991 0.22857142857 0.20000000000
1992 0.24285714286 0.20000000000
1993 0.25714285714 0.20000000000
1994 0.27142857143 0.20000000000
1995 0.28571428571 0.20000000000
1996 0.30000000000 0.20000000000
1997 0.31428571429 0.20000000000
1998 0.32857142857 0.20000000000
1999 0.34285714286 0.20000000000
2000 0.35714285714 0.20000000000
2001 0.37142857143 0.20000000000
2002 0.38571428571 0.20000000000
2003 0.40000000000 0.20000000000
2004 0.41428571429 0.20000000000
2005 0.42857142857 0.20000000000
2006 0.44285714286 0.20000000000
2007 0.45714285714 0.20000000000
2008 0.47142857143 0.20000000000
2009 0.48571428571 0.20000000000
2010 0.50000000000 0.20000000000
2011 0.51428571429 0.20000000000
2012 0.52857142857 0.20000000000
2013 0.54285714286 0.20000000000
2014 0.55714285714 0.20000000000
2015 0.57142857143 0.20000000000
2016 0.58571428571 0.20000000000
2017 0.60000000000 0.20000000000
2018 0.61428571429 0.20000000000
2019 0.62857142857 0.20000000000
2020 0.64285714286 0.20000000000
2021 0.65714285714 0.20000000000
2022 0.67142857143 0.20000000000
2023 0.68571428571 0.20000000000
2024 0.70000000000 0.20000000000
2025 0.71428571429 0.20000000000
2026 0.72857142857 0.20000000000
2027 0.74285714286 0.20000000000
2028 0.75714285714 0.20000000000
2029 0.77142857143 0.20000000000
2030 0.78571428571 0.20000000000
2031 0.80000000000 0.20000000000
2032 0.81428571429 0.20000000000
2033 0.82857142857 0.20000000000
2034 0.84285714286 0.20000000000
2035 0.85714285714 0.20000000000
2036 0.87142857143 0.20000000000
2037 0.88571428571 0.20000000000
2038 0.90000000000 0.20000000000
2039 0.91428571429 0.20000000000
2040 0.92857142857 0.20000000000
2041 0.94285714286 0.20000000000
2042 0.95714285714 0.20000000000
2043 0.97142857143 0.20000000000
2044 0.98571428571 0.20000000000
2045 1.00000000000 0.20000000000
2046 1.01428571429 0.20000000000
2047 1.02857142857 0.20000000000
2048 1.04285714286 0.20000000000
2049 1.05714285714 0.20000000000
2050 1.07142857143 0.20000000000
2051 1.08571428571 0.20000000000
2052 1.10000000000 0.20000000000
2053 1.11428571429 0.20000000000
2054 1.12857142857 0.20000000000
2055 1.14285714286 0.20000000000
2056 1.15714285714 0.20000000000
2057 1.17142857143 0.20000000000
2058 1.18571428571 0.20000000000
2059 1.20000000000 0.20000000000
2060 1.21428571429 0.20000000000
2061 1.22857142857 0.20000000000
2062 1.24285714286 0.20000000000
2063 1.25714285714 0.20000000000
2064 1.27142857143 0.20000000000
2065 1.28571428571 0.20000000000
2066 1.30000000000 0.20000000000
2067 1.31428571429 0.20000000000
2068 1.32857142857 0.20000000000
2069 1.34285714286 0.20000000000
2070 1.35714285714 0.20000000000
2071 1.37142857143 0.20000000000
2072 1.38571428571 0.20000000000
2073 1.40000000000 0.20000000000
2074 1.41428571429 0.20000000000
2075 1.42857142857 0.20000000000
2076 1.44285714286 0.20000000000
2077 1.45714285714 0.20000000000
2078 1.47142857143 0.20000000000
2079 1.48571428571 0.20000000000
2080 1.50000000000 0.20000000000
2081 1.51428571429 0.20000000000
2082 1.52857142857 0.20000000000
2083 1.54285714286 0.20000000000
2084 1.55714285714 0.20000000000
2085 1.57142857143 0.20000000000
2086 1.58571428571 0.20000000000
2087 1.60000000000 0.20000000000
2088 1.61428571429 0.20000000000
2089 1.62857142857 0.20000000000
2090 1.64285714286 0.20000000000
2091 1.65714285714 0.20000000000
2092 1.67142857143 0.20000000000
2093 1.68571428571 0.20000000000
2094 1.70000000000 0.20000000000
2095 1.71428571429 0.20000000000
2096 1.72857142857 0.20000000000
2097 1.74285714286 0.20000000000
2098 1.75714285714 0.20000000000
2099 1.77142857143 0.20000000000
2100 1.78571428571 0.20000000000
2101 1.80000000000 0.20000000000
2102 1.81428571429 0.20000000000
2103 1.82857142857 0.20000000000
2104 1.84285714286 0.20000000000
2105 1.85714285714 0.20000000000
2106 1.87142857143 0.20000000000
2107 1.88571428571 0.20000000000
2108 1.90000000000 0.20000000000
2109 1.91428571429 0.20000000000
2110 1.92857142857 0.20000000000
2111 1.94285714286 0.20000000000
2112 1.95714285714 0.20000000000
2113 1.97142857143 0.20000000000
2114 1.98571428571 0.20000000000
2115 2.00000000000 0.20000000000
2116 0.00000000000 0.21428571429
2117 0.01428571429 0.21428571429
2118 0.02857142857 0.21428571429
2119 0.04285714286 0.21428571429
2120 0.05714285714 0.21428571429
2121 0.07142857143 0.21428571429
2122 0.08571428571 0.21428571429
2123 0.10000000000 0.21428571429
2124 0.11428571429 0.21428571429
2125 0.12857142857 0.21428571429
2126 0.14285714286 0.21428571429
2127 0.15714285714 0.21428571429
2128 0.17142857143 0.21428571429
2129 0.18571428571 0.21428571429
2130 0.20000000000 0.21428571429
2131 0.21428571429 0.21428571429
2132 0.22857142857 0.21428571429
2133 0.24285714286 0.21428571429
2134 0.25714285714 0.21428571429
2135 0.27142857143 0.21428571429
2136 0.28571428571 0.21428571429
2137 0.30000000000 0.21428571429
2138 0.31428571429 0.21428571429
2139 0.32857142857 0.21428571429
2140 0.34285714286 0.21428571429
2141 0.35714285714 0.21428571429
2142 0.37142857143 0.21428571429
2143 0.38571428571 0.21428571429
2144 0.40000000000 0.21428571429
2145 0.41428571429 0.21428571429
2146 0.42857142857 0.21428571429
2147 0.44285714286 0.21428571429
2148 0.45714285714 0.21428571429
2149 0.47142857143 0.21428571429
2150 0.48571428571 0.21428571429
2151 0.50000000000 0.21428571429
2152 0.51428571429 0.21428571429
2153 0.52857142857 0.21428571429
2154 0.54285714286 0.21428571429
2155 0.55714285714 0.21428571429
2156 0.57142857143 0.21428571429
2157 0.58571428571 0.21428571429
2158 0.60000000000 0.21428571429
2159 0.61428571429 0.21428571429
2160 0.62857142857 0.21428571429
2161 0.64285714286 0.21428571429
2162 0.65714285714 0.21428571429
2163 0.67142857143 0.21428571429
2164 0.68571428571 0.21428571429
2165 0.70000000000 0.21428571429
2166 0.71428571429 0.21428571429
2167 0.72857142857 0.21428571429
2168 0.74285714286 0.21428571429
2169 0.75714285714 0.21428571429
2170 0.77142857143 0.21428571429
2171 0.78571428571 0.21428571429
2172 0.80000000000 0.21428571429
2173 0.81428571429 0.21428571429
2174 0.82857142857 0.21428571429
2175 0.84285714286 0.21428571429
2176 0.85714285714 0.21428571429
2177 0.87142857143 0.21428571429
2178 0.88571428571 0.21428571429
2179 0.90000000000 0.21428571429
2180 0.91428571429 0.21428571429
2181 0.92857142857 0.21428571429
2182 0.94285714286 0.21428571429
2183 0.95714285714 0.21428571429
2184 0.97142857143 0.21428571429
2185 0.98571428571 0.21428571429
2186 1.00000000000 0.21428571429
2187 1.01428571429 0.21428571429
2188 1.02857142857 0.21428571429
2189 1.04285714286 0.21428571429
2190 1.05714285714 0.21428571429
2191 1.07142857143 0.21428571429
2192 1.08571428571 0.21428571429
2193 1.10000000000 0.21428571429
2194 1.11428571429 0.21428571429
2195 1.12857142857 0.21428571429
2196 1.14285714286 0.21428571429
2197 1.15714285714 0.21428571429
2198 1.17142857143 0.21428571429
2199 1.18571428571 0.21428571429
2200 1.20000000000 0.21428571429
2201 1.21428571429 0.21428571429
2202 1.22857142857 0.21428571429
2203 1.24285714286 0.21428571429
2204 1.25714285714 0.21428571429
2205 1.27142857143 0.21428571429
2206 1.28571428571 0.21428571429
2207 1.30000000000 0.21428571429
2208 1.31428571429 0.21428571429
2209 1.32857142857 0.21428571429
2210 1.34285714286 0.21428571429
2211 1.35714285714 0.21428571429
2212 1.37142857143 0.21428571429
2213 1.38571428571 0.21428571429
2214 1.40000000000 0.21428571429
2215 1.41428571429 0.21428571429
2216 1.42857142857 0.21428571429
2217 1.44285714286 0.21428571429
2218 1.45714285714 0.21428571429
2219 1.47142857143 0.21428571429
2220 1.48571428571 0.21428571429
2221 1.50000000000 0.21428571429
2222 1.51428571429 0.21428571429
2223 1.52857142857 0.21428571429
2224 1.54285714286 0.21428571429
2225 1.55714285714 0.21428571429
2226 1.57142857143 0.21428571429
2227 1.58571428571 0.21428571429
2228 1.60000000000 0.21428571429
2229 1.61428571429 0.21428571429
2230 1.62857142857 0.21428571429
2231 1.64285714286 0.21428571429
2232 1.65714285714 0.21428571429
2233 1.67142857143 0.21428571429
2234 1.68571428571 0.21428571429
2235 1.70000000000 0.21428571429
2236 1.71428571429 0.21428571429
2237 1.72857142857 0.21428571429
2238 1.74285714286 0.21428571429
2239 1.75714285714 0.21428571429
2240 1.77142857143 0.21428571429
2241 1.78571428571 0.21428571429
2242 1.80000000000 0.21428571429
2243 1.81428571429 0.21428571429
2244 1.82857142857 0.21428571429
2245 1.84285714286 0.21428571429
2246 1.85714285714 0.21428571429
2247 1.87142857143 0.21428571429
2248 1.88571428571 0.21428571429
2249 1.90000000000 0.21428571429
2250 1.91428571429 0.21428571429
2251 1.92857142857 0.21428571429
2252 1.94285714286 0.21428571429
2253 1.95714285714 0.21428571429
2254 1.97142857143 0.21428571429
2255 1.98571428571 0.21428571429
2256 2.00000000000 0.21428571429
2257 0.00000000000 0.22857142857
2258 0.01428571429 0.22857142857
2259 0.02857142857 0.22857142857
2260 0.04285714286 0.22857142857
2261 0.05714285714 0.22857142857
2262 0.07142857143 0.22857142857
2263 0.08571428571 0.22857142857
2264 0.10000000000 0.22857142857
2265 0.11428571429 0.22857142857
2266 0.12857142857 0.22857142857
2267 0.14285714286 0.22857142857
2268 0.15714285714 0.22857142857
2269 0.17142857143 0.22857142857
2270 0.18571428571 0.22857142857
2271 0.20000000000 0.22857142857
2272 0.21428571429 0.22857142857
2273 0.22857142857 0.22857142857
2274 0.24285714286 0.22857142857
2275 0.25714285714 0.22857142857
2276 0.27142857143 0.22857142857
2277 0.28571428571 0.22857142857
2278 0.30000000000 0.22857142857
2279 0.31428571429 0.22857142857
2280 0.32857142857 0.22857142857
2281 0.34285714286 0.22857142857
2282 0.35714285714 0.22857142857
2283 0.37142857143 0.22857142857
2284 0.38571428571 0.22857142857
2285 0.40000000000 0.22857142857
2286 0.41428571429 0.22857142857
2287 0.42857142857 0.22857142857
2288 0.44285714286 0.22857142857
2289 0.45714285714 0.22857142857
2290 0.47142857143 0.22857142857
2291 0.48571428571 0.22857142857
2292 0.50000000000 0.22857142857
2293 0.51428571429 0.22857142857
2294 0.52857142857 0.22857142857
2295 0.54285714286 0.22857142857
2296 0.55714285714 0.22857142857
2297 0.57142857143 0.22857142857
2298 0.58571428571 0.22857142857
2299 0.60000000000 0.22857142857
2300 0.61428571429 0.22857142857
2301 0.62857142857 0.22857142857
2302 0.64285714286 0.22857142857
2303 0.65714285714 0.22857142857
2304 0.67142857143 0.22857142857
2305 0.68571428571 0.22857142857
2306 0.70000000000 0.22857142857
2307 0.71428571429 0.22857142857
2308 0.72857142857 0.22857142857
2309 0.74285714286 0.22857142857
2310 0.75714285714 0.22857142857
2311 0.77142857143 0.22857142857
2312 0.78571428571 0.22857142857
2313 0.80000000000 0.22857142857
2314 0.81428571429 0.22857142857
2315 0.82857142857 0.22857142857
2316 0.84285714286 0.22857142857
2317 0.85714285714 0.22857142857
2318 0.87142857143 0.22857142857
2319 0.88571428571 0.22857142857
2320 0.90000000000 0.22857142857
2321 0.91428571429 0.22857142857
2322 0.92857142857 0.22857142857
2323 0.94285714286 0.22857142857
2324 0.95714285714 0.22857142857
2325 0.97142857143 0.22857142857
2326 0.98571428571 0.22857142857
2327 1.00000000000 0.22857142857
2328 1.01428571429 0.22857142857
2329 1.02857142857 0.22857142857
2330 1.04285714286 0.22857142857
2331 1.05714285714 0.22857142857
2332 1.07142857143 0.22857142857
2333 1.08571428571 0.22857142857
2334 1.10000000000 0.22857142857
2335 1.11428571429 0.22857142857
2336 1.12857142857 0.22857142857
2337 1.14285714286 0.22857142857
2338 1.15714285714 0.22857142857
2339 1.17142857143 0.22857142857
2340 1.18571428571 0.22857142857
2341 1.20000000000 0.22857142857
2342 1.21428571429 0.22857142857
2343 1.22857142857 0.22857142857
2344 1.24285714286 0.22857142857
2345 1.25714285714 0.22857142857
2346 1.27142857143 0.22857142857
2347 1.28571428571 0.22857142857
2348 1.30000000000 0.22857142857
2349 1.31428571429 0.22857142857
2350 1.32857142857 0.22857142857
2351 1.34285714286 0.22857142857
2352 1.35714285714 0.22857142857
2353 1.37142857143 0.22857142857
2354 1.38571428571 0.22857142857
2355 1.40000000000 0.22857142857
2356 1.41428571429 0.22857142857
2357 1.42857142857 0.22857142857
2358 1.44285714286 0.22857142857
2359 1.45714285714 0.22857142857
2360 1.47142857143 0.22857142857
2361 1.48571428571 0.22857142857
2362 1.50000000000 0.22857142857
2363 1.51428571429 0.22857142857
2364 1.52857142857 0.22857142857
2365 1.54285714286 0.22857142857
2366 1.55714285714 0.22857142857
2367 1.57142857143 0.22857142857
2368 1.58571428571 0.22857142857
2369 1.60000000000 0.22857142857
2370 1.61428571429 0.22857142857
2371 1.62857142857 0.22857142857
2372 1.64285714286 0.22857142857
2373 1.65714285714 0.22857142857
2374 1.67142857143 0.22857142857
2375 1.68571428571 0.22857142857
2376 1.70000000000 0.22857142857
2377 1.71428571429 0.22857142857
2378 1.72857142857 0.22857142857
2379 1.74285714286 0.22857142857
2380 1.75714285714 0.22857142857
2381 1.77142857143 0.22857142857
2382 1.78571428571 0.22857142857
2383 1.80000000000 0.22857142857
2384 1.81428571429 0.22857142857
2385 1.82857142857 0.22857142857
2386 1.84285714286 0.22857142857
2387 1.85714285714 0.22857142857
2388 1.87142857143 0.22857142857
2389 1.88571428571 0.22857142857
2390 1.90000000000 0.22857142857
2391 1.91428571429 0.22857142857
2392 1.92857142857 0.22857142857
2393 1.94285714286 0.22857142857
2394 1.95714285714 0.22857142857
2395 1.97142857143 0.22857142857
2396 1.98571428571 0.22857142857
2397 2.00000000000 0.22857142857
2398 0.00000000000 0.24285714286
2399 0.01428571429 0.24285714286
2400 0.02857142857 0.24285714286
2401 0.04285714286 0.24285714286
2402 0.05714285714 0.24285714286
2403 0.07142857143 0.24285714286
2404 0.08571428571 0.24285714286
2405 0.10000000000 0.24285714286
2406 0.11428571429 0.24285714286
2407 0.12857142857 0.24285714286
2408 0.14285714286 0.24285714286
2409 0.15714285714 0.24285714286
2410 0.17142857143 0.24285714286
2411 0.18571428571 0.24285714286
2412 0.20000000000 0.24285714286
2413 0.21428571429 0.24285714286
2414 0.22857142857 0.24285714286
2415 0.24285714286 0.24285714286
2416 0.25714285714 0.24285714286
2417 0.27142857143 0.24285714286
2418 0.28571428571 0.24285714286
2419 0.30000000000 0.24285714286
2420 0.31428571429 0.24285714286
2421 0.32857142857 0.24285714286
2422 0.34285714286 0.24285714286
2423 0.35714285714 0.24285714286
2424 0.37142857143 0.24285714286
2425 0.38571428571 0.24285714286
2426 0.40000000000 0.24285714286
2427 0.41428571429 0.24285714286
2428 0.42857142857 0.24285714286
2429 0.44285714286 0.24285714286
2430 0.45714285714 0.24285714286
2431 0.47142857143 0.24285714286
2432 0.48571428571 0.24285714286
2433 0.50000000000 0.24285714286
2434 0.51428571429 0.24285714286
2435 0.52857142857 0.24285714286
2436 0.54285714286 0.24285714286
2437 0.55714285714 0.24285714286
2438 0.57142857143 0.24285714286
2439 0.58571428571 0.24285714286
2440 0.60000000000 0.24285714286
2441 0.61428571429 0.24285714286
2442 0.62857142857 0.24285714286
2443 0.64285714286 0.24285714286
2444 0.65714285714 0.24285714286
2445 0.67142857143 0.24285714286
2446 0.68571428571 0.24285714286
2447 0.70000000000 0.24285714286
2448 0.71428571429 0.24285714286
2449 0.72857142857 0.24285714286
2450 0.74285714286 0.24285714286
2451 0.75714285714 0.24285714286
2452 0.77142857143 0.24285714286
2453 0.78571428571 0.24285714286
2454 0.80000000000 0.24285714286
2455 0.81428571429 0.24285714286
2456 0.82857142857 0.24285714286
2457 0.84285714286 0.24285714286
2458 0.85714285714 0.24285714286
2459 0.87142857143 0.24285714286
2460 0.88571428571 0.24285714286
2461 0.90000000000 0.24285714286
2462 0.91428571429 0.24285714286
2463 0.92857142857 0.24285714286
2464 0.94285714286 0.24285714286
2465 0.95714285714 0.24285714286
2466 0.97142857143 0.24285714286
2467 0.98571428571 0.24285714286
2468 1.00000000000 0.24285714286
2469 1.01428571429 0.24285714286
2470 1.02857142857 0.24285714286
2471 1.04285714286 0.24285714286
2472 1.05714285714 0.24285714286
2473 1.07142857143 0.24285714286
2474 1.08571428571 0.24285714286
2475 1.10000000000 0.24285714286
2476 1.11428571429 0.24285714286
2477 1.12857142857 0.24285714286
2478 1.14285714286 0.24285714286
2479 1.15714285714 0.24285714286
2480 1.17142857143 0.24285714286
2481 1.18571428571 0.24285714286
2482 1.20000000000 0.24285714286
2483 1.21428571429 0.24285714286
2484 1.22857142857 0.24285714286
2485 1.24285714286 0.24285714286
2486 1.25714285714 0.24285714286
2487 1.27142857143 0.24285714286
2488 1.28571428571 0.24285714286
2489 1.30000000000 0.24285714286
2490 1.31428571429 0.24285714286
2491 1.32857142857 0.24285714286
2492 1.34285714286 0.24285714286
2493 1.35714285714 0.24285714286
2494 1.37142857143 0.24285714286
2495 1.38571428571 0.24285714286
2496 1.40000000000 0.24285714286
2497 1.41428571429 0.24285714286
2498 1.42857142857 0.24285714286
2499 1.44285714286 0.24285714286
2500 1.45714285714 0.24285714286
2501 1.47142857143 0.24285714286
2502 1.48571428571 0.24285714286
2503 1.50000000000 0.24285714286
2504 1.51428571429 0.24285714286
2505 1.52857142857 0.24285714286
2506 1.54285714286 0.24285714286
2507 1.55714285714 0.24285714286
2508 1.57142857143 0.24285714286
2509 1.58571428571 0.24285714286
2510 1.60000000000 0.24285714286
2511 1.61428571429 0.24285714286
2512 1.62857142857 0.24285714286
2513 1.64285714286 0.24285714286
2514 1.65714285714 0.24285714286
2515 1.67142857143 0.24285714286
2516 1.68571428571 0.24285714286
2517 1.70000000000 0.24285714286
2518 1.71428571429 0.24285714286
2519 1.72857142857 0.24285714286
2520 1.74285714286 0.24285714286
2521 1.75714285714 0.24285714286
2522 1.77142857143 0.24285714286
2523 1.78571428571 0.24285714286
2524 1.80000000000 0.24285714286
2525 1.81428571429 0.24285714286
2526 1.82857142857 0.24285714286
2527 1.84285714286 0.24285714286
2528 1.85714285714 0.24285714286
2529 1.87142857143 0.24285714286
2530 1.88571428571 0.24285714286
2531 1.90000000000 0.24285714286
2532 1.91428571429 0.24285714286
2533 1.92857142857 0.24285714286
2534 1.94285714286 0.24285714286
2535 1.95714285714 0.24285714286
2536 1.97142857143 0.24285714286
2537 1.98571428571 0.24285714286
2538 2.00000000000 0.24285714286
2539 0.00000000000 0.25714285714
2540 0.01428571429 0.25714285714
2541 0.02857142857 0.25714285714
2542 0.04285714286 0.25714285714
2543 0.05714285714 0.25714285714
2544 0.07142857143 0.25714285714
2545 0.08571428571 0.25714285714
2546 0.10000000000 0.25714285714
2547 0.11428571429 0.25714285714
2548 0.12857142857 0.25714285714
2549 0.14285714286 0.25714285714
2550 0.15714285714 0.25714285714
2551 0.17142857143 0.25714285714
2552 0.18571428571 0.25714285714
2553 0.20000000000 0.25714285714
2554 0.21428571429 0.25714285714
2555 0.22857142857 0.25714285714
2556 0.24285714286 0.25714285714
2557 0.25714285714 0.25714285714
2558 0.27142857143 0.25714285714
2559 0.28571428571 0.25714285714
2560 0.30000000000 0.25714285714
2561 0.31428571429 0.25714285714
2562 0.32857142857 0.25714285714
2563 0.34285714286 0.25714285714
2564 0.35714285714 0.25714285714
2565 0.37142857143 0.25714285714
2566 0.38571428571 0.25714285714
2567 0.40000000000 0.25714285714
2568 0.41428571429 0.25714285714
2569 0.42857142857 0.25714285714
2570 0.44285714286 0.25714285714
2571 0.45714285714 0.25714285714
2572 0.47142857143 0.25714285714
2573 0.48571428571 0.25714285714
2574 0.50000000000 0.25714285714
2575 0.51428571429 0.25714285714
2576 0.52857142857 0.25714285714
2577 0.54285714286 0.25714285714
2578 0.55714285714 0.25714285714
2579 0.57142857143 0.25714285714
2580 0.58571428571 0.25714285714
2581 0.60000000000 0.25714285714
2582 0.61428571429 0.25714285714
2583 0.62857142857 0.25714285714
2584 0.64285714286 0.25714285714
2585 0.65714285714 0.25714285714
2586 0.67142857143 0.25714285714
2587 0.68571428571 0.25714285714
2588 0.70000000000 0.25714285714
2589 0.71428571429 0.25714285714
2590 0.72857142857 0.25714285714
2591 0.74285714286 0.25714285714
2592 0.75714285714 0.25714285714
2593 0.77142857143 0.25714285714
2594 0.78571428571 0.25714285714
2595 0.80000000000 0.25714285714
2596 0.81428571429 0.25714285714
2597 0.82857142857 0.25714285714
2598 0.84285714286 0.25714285714
2599 0.85714285714 0.25714285714
2600 0.87142857143 0.25714285714
2601 0.88571428571 0.25714285714
2602 0.90000000000 0.25714285714
2603 0.91428571429 0.25714285714
2604 0.92857142857 0.25714285714
2605 0.94285714286 0.25714285714
2606 0.95714285714 0.25714285714
2607 0.97142857143 0.25714285714
2608 0.98571428571 0.25714285714
2609 1.00000000000 0.25714285714
2610 1.01428571429 0.25714285714
2611 1.02857142857 0.25714285714
2612 1.04285714286 0.25714285714
2613 1.05714285714 0.25714285714
2614 1.07142857143 0.25714285714
2615 1.08571428571 0.25714285714
2616 1.10000000000 0.25714285714
2617 1.11428571429 0.25714285714
2618 1.12857142857 0.25714285714
2619 1.14285714286 0.25714285714
2620 1.15714285714 0.25714285714
2621 1.17142857143 0.25714285714
2622 1.18571428571 0.25714285714
2623 1.20000000000 0.25714285714
2624 1.21428571429 0.25714285714
2625 1.22857142857 0.25714285714
2626 1.24285714286 0.25714285714
2627 1.25714285714 0.25714285714
2628 1.27142857143 0.25714285714
2629 1.28571428571 0.25714285714
2630 1.30000000000 0.25714285714
2631 1.31428571429 0.25714285714
2632 1.32857142857 0.25714285714
2633 1.34285714286 0.25714285714
2634 1.35714285714 0.25714285714
2635 1.37142857143 0.25714285714
2636 1.38571428571 0.25714285714
2637 1.40000000000 0.25714285714
2638 1.41428571429 0.25714285714
2639 1.42857142857 0.25714285714
2640 1.44285714286 0.25714285714
2641 1.45714285714 0.25714285714
2642 1.47142857143 0.25714285714
2643 1.48571428571 0.25714285714
2644 1.50000000000 0.25714285714
2645 1.51428571429 0.25714285714
2646 1.52857142857 0.25714285714
2647 1.54285714286 0.25714285714
2648 1.55714285714 0.25714285714
2649 1.57142857143 0.25714285714
2650 1.58571428571 0.25714285714
2651 1.60000000000 0.25714285714
2652 1.61428571429 0.25714285714
2653 1.62857142857 0.25714285714
2654 1.64285714286 0.25714285714
2655 1.65714285714 0.25714285714
2656 1.67142857143 0.25714285714
2657 1.68571428571 0.25714285714
2658 1.70000000000 0.25714285714
2659 1.71428571429 0.25714285714
2660 1.72857142857 0.25714285714
2661 1.74285714286 0.25714285714
2662 1.75714285714 0.25714285714
2663 1.77142857143 0.25714285714
2664 1.78571428571 0.25714285714
2665 1.80000000000 0.25714285714
2666 1.81428571429 0.25714285714
2667 1.82857142857 0.25714285714
2668 1.84285714286 0.25714285714
2669 1.85714285714 0.25714285714
2670 1.87142857143 0.25714285714
2671 1.88571428571 0.25714285714
2672 1.90000000000 0.25714285714
2673 1.91428571429 0.25714285714
2674 1.92857142857 0.25714285714
2675 1.94285714286 0.25714285714
2676 1.95714285714 0.25714285714
2677 1.97142857143 0.25714285714
2678 1.98571428571 0.25714285714
2679 2.00000000000 0.25714285714
2680 0.00000000000 0.27142857143
2681 0.01428571429 0.27142857143
2682 0.02857142857 0.27142857143
2683 0.04285714286 0.27142857143
2684 0.05714285714 0.27142857143
2685 0.07142857143 0.27142857143
2686 0.08571428571 0.27142857143
2687 0.10000000000 0.27142857143
2688 0.11428571429 0.27142857143
2689 0.12857142857 0.27142857143
2690 0.14285714286 0.27142857143
2691 0.15714285714 0.27142857143
2692 0.17142857143 0.27142857143
2693 0.18571428571 0.27142857143
2694 0.20000000000 0.27142857143
2695 0.21428571429 0.27142857143
2696 0.22857142857 0.27142857143
2697 0.24285714286 0.27142857143
2698 0.25714285714 0.27142857143
2699 0.27142857143 0.27142857143
2700 0.28571428571 0.27142857143
2701 0.30000000000 0.27142857143
2702 0.31428571429 0.27142857143
2703 0.32857142857 0.27142857143
2704 0.34285714286 0.27142857143
2705 0.35714285714 0.27142857143
2706 0.37142857143 0.27142857143
2707 0.38571428571 0.27142857143
2708 0.40000000000 0.27142857143
2709 0.41428571429 0.27142857143
2710 0.42857142857 0.27142857143
2711 0.44285714286 0.27142857143
2712 0.45714285714 0.27142857143
2713 0.47142857143 0.27142857143
2714 0.48571428571 0.27142857143
2715 0.50000000000 0.27142857143
2716 0.51428571429 0.27142857143
2717 0.52857142857 0.27142857143
2718 0.54285714286 0.27142857143
2719 0.55714285714 0.27142857143
2720 0.57142857143 0.27142857143
2721 0.58571428571 0.27142857143
2722 0.60000000000 0.27142857143
2723 0.61428571429 0.27142857143
2724 0.62857142857 0.27142857143
2725 0.64285714286 0.27142857143
2726 0.65714285714 0.27142857143
2727 0.67142857143 0.27142857143
2728 0.68571428571 0.27142857143
2729 0.70000000000 0.27142857143
2730 0.71428571429 0.27142857143
2731 0.72857142857 0.27142857143
2732 0.74285714286 0.27142857143
2733 0.75714285714 0.27142857143
2734 0.77142857143 0.27142857143
2735 0.78571428571 0.27142857143
2736 0.80000000000 0.27142857143
2737 0.81428571429 0.27142857143
2738 0.82857142857 0.27142857143
2739 0.84285714286 0.27142857143
2740 0.85714285714 0.27142857143
2741 0.87142857143 0.27142857143
2742 0.88571428571 0.27142857143
2743 0.90000000000 0.27142857143
2744 0.91428571429 0.27142857143
2745 0.92857142857 0.27142857143
2746 0.94285714286 0.27142857143
2747 0.95714285714 0.27142857143
2748 0.97142857143 0.27142857143
2749 0.98571428571 0.27142857143
2750 1.00000000000 0.27142857143
2751 1.01428571429 0.27142857143
2752 1.02857142857 0.27142857143
2753 1.04285714286 0.27142857143
2754 1.05714285714 0.27142857143
2755 1.07142857143 0.27142857143
2756 1.08571428571 0.27142857143
2757 1.10000000000 0.27142857143
2758 1.11428571429 0.27142857143
2759 1.12857142857 0.27142857143
2760 1.14285714286 0.27142857143
2761 1.15714285714 0.27142857143
2762 1.17142857143 0.27142857143
2763 1.18571428571 0.27142857143
2764 1.20000000000 0.27142857143
2765 1.21428571429 0.27142857143
2766 1.22857142857 0.27142857143
2767 1.24285714286 0.27142857143
2768 1.25714285714 0.27142857143
2769 1.27142857143 0.27142857143
2770 1.28571428571 0.27142857143
2771 1.30000000000 0.27142857143
2772 1.31428571429 0.27142857143
2773 1.32857142857 0.27142857143
2774 1.34285714286 0.27142857143
2775 1.35714285714 0.27142857143
2776 1.37142857143 0.27142857143
2777 1.38571428571 0.27142857143
2778 1.40000000000 0.27142857143
2779 1.41428571429 0.27142857143
2780 1.42857142857 0.27142857143
2781 1.44285714286 0.27142857143
2782 1.45714285714 0.27142857143
2783 1.47142857143 0.27142857143
2784 1.48571428571 0.27142857143
2785 1.50000000000 0.27142857143
2786 1.51428571429 0.27142857143
2787 1.52857142857 0.27142857143
2788 1.54285714286 0.27142857143
2789 1.55714285714 0.27142857143
2790 1.57142857143 0.27142857143
2791 1.58571428571 0.27142857143
2792 1.60000000000 0.27142857143
2793 1.61428571429 0.27142857143
2794 1.62857142857 0.27142857143
2795 1.64285714286 0.27142857143
2796 1.65714285714 0.27142857143
2797 1.67142857143 0.27142857143
2798 1.68571428571 0.27142857143
2799 1.70000000000 0.27142857143
2800 1.71428571429 0.27142857143
2801 1.72857142857 0.27142857143
2802 1.74285714286 0.27142857143
2803 1.75714285714 0.27142857143
2804 1.77142857143 0.27142857143
2805 1.78571428571 0.27142857143
2806 1.80000000000 0.27142857143
2807 1.81428571429 0.27142857143
2808 1.82857142857 0.27142857143
2809 1.84285714286 0.27142857143
2810 1.85714285714 0.27142857143
2811 1.87142857143 0.27142857143
2812 1.88571428571 0.27142857143
2813 1.90000000000 0.27142857143
2814 1.91428571429 0.27142857143
2815 1.92857142857 0.27142857143
2816 1.94285714286 0.27142857143
2817 1.95714285714 0.27142857143
2818 1.97142857143 0.27142857143
2819 1.98571428571 0.27142857143
2820 2.00000000000 0.27142857143
2821 0.00000000000 0.28571428571
2822 0.01428571429 0.28571428571
2823 0.02857142857 0.28571428571
2824 0.04285714286 0.28571428571
2825 0.05714285714 0.28571428571
2826 0.07142857143 0.28571428571
2827 0.08571428571 0.28571428571
2828 0.10000000000 0.28571428571
2829 0.11428571429 0.28571428571
2830 0.12857142857 0.28571428571
2831 0.14285714286 0.28571428571
2832 0.15714285714 0.28571428571
2833 0.17142857143 0.28571428571
2834 0.18571428571 0.28571428571
2835 0.20000000000 0.28571428571
2836 0.21428571429 0.28571428571
2837 0.22857142857 0.28571428571
2838 0.24285714286 0.28571428571
2839 0.25714285714 0.28571428571
2840 0.27142857143 0.28571428571
2841 0.28571428571 0.28571428571
2842 0.30000000000 0.28571428571
2843 0.31428571429 0.28571428571
2844 0.32857142857 0.28571428571
2845 0.34285714286 0.28571428571
2846 0.35714285714 0.28571428571
2847 0.37142857143 0.28571428571
2848 0.38571428571 0.28571428571
2849 0.40000000000 0.28571428571
2850 0.41428571429 0.28571428571
2851 0.42857142857 0.28571428571
2852 0.44285714286 0.28571428571
2853 0.45714285714 0.28571428571
2854 0.47142857143 0.28571428571
2855 0.48571428571 0.28571428571
2856 0.50000000000 0.28571428571
2857 0.51428571429 0.28571428571
2858 0.52857142857 0.28571428571
2859 0.54285714286 0.28571428571
2860 0.55714285714 0.28571428571
2861 0.57142857143 0.28571428571
2862 0.58571428571 0.28571428571
2863 0.60000000000 0.28571428571
2864 0.61428571429 0.28571428571
2865 0.62857142857 0.28571428571
2866 0.64285714286 0.28571428571
2867 0.65714285714 0.28571428571
2868 0.67142857143 0.28571428571
2869 0.68571428571 0.28571428571
2870 0.70000000000 0.28571428571
2871 0.71428571429 0.28571428571
2872 0.72857142857 0.28571428571
2873 0.74285714286 0.28571428571
2874 0.75714285714 0.28571428571
2875 0.77142857143 0.28571428571
2876 0.78571428571 0.28571428571
2877 0.80000000000 0.28571428571
2878 0.81428571429 0.28571428571
2879 0.82857142857 0.28571428571
2880 0.84285714286 0.28571428571
2881 0.85714285714 0.28571428571
2882 0.87142857143 0.28571428571
2883 0.88571428571 0.28571428571
2884 0.90000000000 0.28571428571
2885 0.91428571429 0.28571428571
2886 0.92857142857 0.28571428571
2887 0.94285714286 0.28571428571
2888 0.95714285714 0.28571428571
2889 0.97142857143 0.28571428571
2890 0.98571428571 0.28571428571
2891 1.00000000000 0.28571428571
2892 1.01428571429 0.28571428571
2893 1.02857142857 0.28571428571
2894 1.04285714286 0.28571428571
2895 1.05714285714 0.28571428571
2896 1.07142857143 0.28571428571
2897 1.08571428571 0.28571428571
2898 1.10000000000 0.28571428571
2899 1.11428571429 0.28571428571
2900 1.12857142857 0.28571428571
2901 1.14285714286 0.28571428571
2902 1.15714285714 0.28571428571
2903 1.17142857143 0.28571428571
2904 1.18571428571 0.28571428571
2905 1.20000000000 0.28571428571
2906 1.21428571429 0.28571428571
2907 1.22857142857 0.28571428571
2908 1.24285714286 0.28571428571
2909 1.25714285714 0.28571428571
2910 1.27142857143 0.28571428571
2911 1.28571428571 0.28571428571
2912 1.30000000000 0.28571428571
2913 1.31428571429 0.28571428571
2914 1.32857142857 0.28571428571
2915 1.34285714286 0.28571428571
2916 1.35714285714 0.28571428571
2917 1.37142857143 0.28571428571
2918 1.38571428571 0.28571428571
2919 1.40000000000 0.28571428571
2920 1.41428571429 0.28571428571
2921 1.42857142857 0.28571428571
2922 1.44285714286 0.28571428571
2923 1.45714285714 0.28571428571
2924 1.47142857143 0.28571428571
2925 1.48571428571 0.28571428571
2926 1.50000000000 0.28571428571
2927 1.51428571429 0.28571428571
2928 1.52857142857 0.28571428571
2929 1.54285714286 0.28571428571
2930 1.55714285714 0.28571428571
2931 1.57142857143 0.28571428571
2932 1.58571428571 0.28571428571
2933 1.60000000000 0.28571428571
2934 1.61428571429 0.28571428571
2935 1.62857142857 0.28571428571
2936 1.64285714286 0.28571428571
2937 1.65714285714 0.28571428571
2938 1.67142857143 0.28571428571
2939 1.68571428571 0.28571428571
2940 1.70000000000 0.28571428571
2941 1.71428571429 0.28571428571
2942 1.72857142857 0.28571428571
2943 1.74285714286 0.28571428571
2944 1.75714285714 0.28571428571
2945 1.77142857143 0.28571428571
2946 1.78571428571 0.28571428571
2947 1.80000000000 0.28571428571
2948 1.81428571429 0.28571428571
2949 1.82857142857 0.28571428571
2950 1.84285714286 0.28571428571
2951 1.85714285714 0.28571428571
2952 1.87142857143 0.28571428571
2953 1.88571428571 0.28571428571
2954 1.90000000000 0.28571428571
2955 1.91428571429 0.28571428571
2956 1.92857142857 0.28571428571
2957 1.94285714286 0.28571428571
2958 1.95714285714 0.28571428571
2959 1.97142857143 0.28571428571
2960 1.98571428571 0.28571428571
2961 2.00000000000 0.28571428571
2962 0.00000000000 0.30000000000
2963 0.01428571429 0.30000000000
2964 0.02857142857 0.30000000000
2965 0.04285714286 0.30000000000
2966 0.05714285714 0.30000000000
2967 0.07142857143 0.30000000000
2968 0.08571428571 0.30000000000
2969 0.10000000000 0.30000000000
2970 0.11428571429 0.30000000000
2971 0.12857142857 0.30000000000
2972 0.14285714286 0.30000000000
2973 0.15714285714 0.30000000000
2974 0.17142857143 0.30000000000
2975 0.18571428571 0.30000000000
2976 0.20000000000 0.30000000000
2977 0.21428571429 0.30000000000
2978 0.22857142857 0.30000000000
2979 0.24285714286 0.30000000000
2980 0.25714285714 0.30000000000
2981 0.27142857143 0.30000000000
2982 0.28571428571 0.30000000000
2983 0.30000000000 0.30000000000
2984 0.31428571429 0.30000000000
2985 0.32857142857 0.30000000000
2986 0.34285714286 0.30000000000
2987 0.35714285714 0.30000000000
2988 0.37142857143 0.30000000000
2989 0.38571428571 0.30000000000
2990 0.40000000000 0.30000000000
2991 0.41428571429 0.30000000000
2992 0.42857142857 0.30000000000
2993 0.44285714286 0.30000000000
2994 0.45714285714 0.30000000000
2995 0.47142857143 0.30000000000
2996 0.48571428571 0.30000000000
2997 0.50000000000 0.30000000000
2998 0.51428571429 0.30000000000
2999 0.52857142857 0.30000000000
3000 0.54285714286 0.30000000000
3001 0.55714285714 0.30000000000
3002 0.57142857143 0.30000000000
3003 0.58571428571 0.30000000000
3004 0.60000000000 0.30000000000
3005 0.61428571429 0.30000000000
3006 0.62857142857 0.30000000000
3007 0.64285714286 0.30000000000
3008 0.65714285714 0.30000000000
3009 0.67142857143 0.30000000000
3010 0.68571428571 0.30000000000
3011 0.70000000000 0.30000000000
3012 0.71428571429 0.30000000000
3013 0.72857142857 0.30000000000
3014 0.74285714286 0.30000000000
3015 0.75714285714 0.30000000000
3016 0.77142857143 0.30000000000
3017 0.78571428571 0.30000000000
3018 0.80000000000 0.30000000000
3019 0.81428571429 0.30000000000
3020 0.82857142857 0.30000000000
3021 0.84285714286 0.30000000000
3022 0.85714285714 0.30000000000
3023 0.87142857143 0.30000000000
3024 0.88571428571 0.30000000000
3025 0.90000000000 0.30000000000
3026 0.91428571429 0.30000000000
3027 0.92857142857 0.30000000000
3028 0.94285714286 0.30000000000
3029 0.95714285714 0.30000000000
3030 0.97142857143 0.30000000000
3031 0.98571428571 0.30000000000
3032 1.00000000000 0.30000000000
3033 1.01428571429 0.30000000000
3034 1.02857142857 0.30000000000
3035 1.04285714286 0.30000000000
3036 1.05714285714 0.30000000000
3037 1.07142857143 0.30000000000
3038 1.08571428571 0.30000000000
3039 1.10000000000 0.30000000000
3040 1.11428571429 0.30000000000
3041 1.12857142857 0.30000000000
3042 1.14285714286 0.30000000000
3043 1.15714285714 0.30000000000
3044 1.17142857143 0.30000000000
3045 1.18571428571 0.30000000000
3046 1.20000000000 0.30000000000
3047 1.21428571429 0.30000000000
3048 1.22857142857 0.30000000000
3049 1.24285714286 0.30000000000
3050 1.25714285714 0.30000000000
3051 1.27142857143 0.30000000000
3052 1.28571428571 0.30000000000
3053 1.30000000000 0.30000000000
3054 1.31428571429 0.30000000000
3055 1.32857142857 0.30000000000
3056 1.34285714286 0.30000000000
3057 1.35714285714 0.30000000000
3058 1.37142857143 0.30000000000
3059 1.38571428571 0.30000000000
3060 1.40000000000 0.30000000000
3061 1.41428571429 0.30000000000
3062 1.42857142857 0.30000000000
3063 1.44285714286 0.30000000000
3064 1.45714285714 0.30000000000
3065 1.47142857143 0.30000000000
3066 1.48571428571 0.30000000000
3067 1.50000000000 0.30000000000
3068 1.51428571429 0.30000000000
3069 1.52857142857 0.30000000000
3070 1.54285714286 0.30000000000
3071 1.55714285714 0.30000000000
3072 1.57142857143 0.30000000000
3073 1.58571428571 0.30000000000
3074 1.60000000000 0.30000000000
3075 1.61428571429 0.30000000000
3076 1.62857142857 0.30000000000
3077 1.64285714286 0.30000000000
3078 1.65714285714 0.30000000000
3079 1.67142857143 0.30000000000
3080 1.68571428571 0.30000000000
3081 1.70000000000 0.30000000000
3082 1.71428571429 0.30000000000
3083 1.72857142857 0.30000000000
3084 1.74285714286 0.30000000000
3085 1.75714285714 0.30000000000
3086 1.77142857143 0.30000000000
3087 1.78571428571 0.30000000000
3088 1.80000000000 0.30000000000
3089 1.81428571429 0.30000000000
3090 1.82857142857 0.30000000000
3091 1.84285714286 0.30000000000
3092 1.85714285714 0.30000000000
3093 1.87142857143 0.30000000000
3094 1.88571428571 0.30000000000
3095 1.90000000000 0.30000000000
3096 1.91428571429 0.30000000000
3097 1.92857142857 0.30000000000
3098 1.94285714286 0.30000000000
3099 1.95714285714 0.30000000000
3100 1.97142857143 0.30000000000
3101 1.98571428571 0.30000000000
3102 2.00000000000 0.30000000000
3103 0.00000000000 0.31428571429
3104 0.01428571429 0.31428571429
3105 0.02857142857 0.31428571429
3106 0.04285714286 0.31428571429
3107 0.05714285714 0.31428571429
3108 0.07142857143 0.31428571429
3109 0.08571428571 0.31428571429
3110 0.10000000000 0.31428571429
3111 0.11428571429 0.31428571429
3112 0.12857142857 0.31428571429
3113 0.14285714286 0.31428571429
3114 0.15714285714 0.31428571429
3115 0.17142857143 0.31428571429
3116 0.18571428571 0.31428571429
3117 0.20000000000 0.31428571429
3118 0.21428571429 0.31428571429
3119 0.22857142857 0.31428571429
3120 0.24285714286 0.31428571429
3121 0.25714285714 0.31428571429
3122 0.27142857143 0.31428571429
3123 0.28571428571 0.31428571429
3124 0.30000000000 0.31428571429
3125 0.31428571429 0.31428571429
3126 0.32857142857 0.31428571429
3127 0.34285714286 0.31428571429
3128 0.35714285714 0.31428571429
3129 0.37142857143 0.31428571429
3130 0.38571428571 0.31428571429
3131 0.40000000000 0.31428571429
3132 0.41428571429 0.31428571429
3133 0.42857142857 0.31428571429
3134 0.44285714286 0.31428571429
3135 0.45714285714 0.31428571429
3136 0.47142857143 0.31428571429
3137 0.48571428571 0.31428571429
3138 0.50000000000 0.31428571429
3139 0.51428571429 0.31428571429
3140 0.52857142857 0.31428571429
3141 0.54285714286 0.31428571429
3142 0.55714285714 0.31428571429
3143 0.57142857143 0.31428571429
3144 0.58571428571 0.31428571429
3145 0.60000000000 0.31428571429
3146 0.61428571429 0.31428571429
3147 0.62857142857 0.31428571429
3148 0.64285714286 0.31428571429
3149 0.65714285714 0.31428571429
3150 0.67142857143 0.31428571429
3151 0.68571428571 0.31428571429
3152 0.70000000000 0.31428571429
3153 0.71428571429 0.31428571429
3154 0.72857142857 0.31428571429
3155 0.74285714286 0.31428571429
3156 0.75714285714 0.31428571429
3157 0.77142857143 0.31428571429
3158 0.78571428571 0.31428571429
3159 0.80000000000 0.31428571429
3160 0.81428571429 0.31428571429
3161 0.82857142857 0.31428571429
3162 0.84285714286 0.31428571429
3163 0.85714285714 0.31428571429
3164 0.87142857143 0.31428571429
3165 0.88571428571 0.31428571429
3166 0.90000000000 0.31428571429
3167 0.91428571429 0.31428571429
3168 0.92857142857 0.31428571429
3169 0.94285714286 0.31428571429
3170 0.95714285714 0.31428571429
3171 0.97142857143 0.31428571429
3172 0.98571428571 0.31428571429
3173 1.00000000000 0.31428571429
3174 1.01428571429 0.31428571429
3175 1.02857142857 0.31428571429
3176 1.04285714286 0.31428571429
3177 1.05714285714 0.31428571429
3178 1.07142857143 0.31428571429
3179 1.08571428571 0.31428571429
3180 1.10000000000 0.31428571429
3181 1.11428571429 0.31428571429
3182 1.12857142857 0.31428571429
3183 1.14285714286 0.31428571429
3184 1.15714285714 0.31428571429
3185 1.17142857143 0.31428571429
3186 1.18571428571 0.31428571429
3187 1.20000000000 0.31428571429
3188 1.21428571429 0.31428571429
3189 1.22857142857 0.31428571429
3190 1.24285714286 0.31428571429
3191 1.25714285714 0.31428571429
3192 1.27142857143 0.31428571429
3193 1.28571428571 0.31428571429
3194 1.30000000000 0.31428571429
3195 1.31428571429 0.31428571429
3196 1.32857142857 0.31428571429
3197 1.34285714286 0.31428571429
3198 1.35714285714 0.31428571429
3199 1.37142857143 0.31428571429
3200 1.38571428571 0.31428571429
3201 1.40000000000 0.31428571429
3202 1.41428571429 0.31428571429
3203 1.42857142857 0.31428571429
3204 1.44285714286 0.31428571429
3205 1.45714285714 0.31428571429
3206 1.47142857143 0.31428571429
3207 1.48571428571 0.31428571429
3208 1.50000000000 0.31428571429
3209 1.51428571429 0.31428571429
3210 1.52857142857 0.31428571429
3211 1.54285714286 0.31428571429
3212 1.55714285714 0.31428571429
3213 1.57142857143 0.31428571429
3214 1.58571428571 0.31428571429
3215 1.60000000000 0.31428571429
3216 1.61428571429 0.31428571429
3217 1.62857142857 0.31428571429
3218 1.64285714286 0.31428571429
3219 1.65714285714 0.31428571429
3220 1.67142857143 0.31428571429
3221 1.68571428571 0.31428571429
3222 1.70000000000 0.31428571429
3223 1.71428571429 0.31428571429
3224 1.72857142857 0.31428571429
3225 1.74285714286 0.31428571429
3226 1.75714285714 0.31428571429
3227 1.77142857143 0.31428571429
3228 1.78571428571 0.31428571429
3229 1.80000000000 0.31428571429
3230 1.81428571429 0.31428571429
3231 1.82857142857 0.31428571429
3232 1.84285714286 0.31428571429
3233 1.85714285714 0.31428571429
3234 1.87142857143 0.31428571429
3235 1.88571428571 0.31428571429
3236 1.90000000000 0.31428571429
3237 1.91428571429 0.31428571429
3238 1.92857142857 0.31428571429
3239 1.94285714286 0.31428571429
3240 1.95714285714 0.31428571429
3241 1.97142857143 0.31428571429
3242 1.98571428571 0.31428571429
3243 2.00000000000 0.31428571429
3244 0.00000000000 0.32857142857
3245 0.01428571429 0.32857142857
3246 0.02857142857 0.32857142857
3247 0.04285714286 0.32857142857
3248 0.05714285714 0.32857142857
3249 0.07142857143 0.32857142857
3250 0.08571428571 0.32857142857
3251 0.10000000000 0.32857142857
3252 0.11428571429 0.32857142857
3253 0.12857142857 0.32857142857
3254 0.14285714286 0.32857142857
3255 0.15714285714 0.32857142857
3256 0.17142857143 0.32857142857
3257 0.18571428571 0.32857142857
3258 0.20000000000 0.32857142857
3259 0.21428571429 0.32857142857
3260 0.22857142857 0.32857142857
3261 0.24285714286 0.32857142857
3262 0.25714285714 0.32857142857
3263 0.27142857143 0.32857142857
3264 0.28571428571 0.32857142857
3265 0.30000000000 0.32857142857
3266 0.31428571429 0.32857142857
3267 0.32857142857 0.32857142857
3268 0.34285714286 0.32857142857
3269 0.35714285714 0.32857142857
3270 0.37142857143 0.32857142857
3271 0.38571428571 0.32857142857
3272 0.40000000000 0.32857142857
3273 0.41428571429 0.32857142857
3274 0.42857142857 0.32857142857
3275 0.44285714286 0.32857142857
3276 0.45714285714 0.32857142857
3277 0.47142857143 0.32857142857
3278 0.48571428571 0.32857142857
3279 0.50000000000 0.32857142857
3280 0.51428571429 0.32857142857
3281 0.52857142857 0.32857142857
3282 0.54285714286 0.32857142857
3283 0.55714285714 0.32857142857
3284 0.57142857143 0.32857142857
3285 0.58571428571 0.32857142857
3286 0.60000000000 0.32857142857
3287 0.61428571429 0.32857142857
3288 0.62857142857 0.32857142857
3289 0.64285714286 0.32857142857
3290 0.65714285714 0.32857142857
3291 0.67142857143 0.32857142857
3292 0.68571428571 0.32857142857
3293 0.70000000000 0.32857142857
3294 0.71428571429 0.32857142857
3295 0.72857142857 0.32857142857
3296 0.74285714286 0.32857142857
3297 0.75714285714 0.32857142857
3298 0.77142857143 0.32857142857
3299 0.78571428571 0.32857142857
3300 0.80000000000 0.32857142857
3301 0.81428571429 0.32857142857
3302 0.82857142857 0.32857142857
3303 0.84285714286 0.32857142857
3304 0.85714285714 0.32857142857
3305 0.87142857143 0.32857142857
3306 0.88571428571 0.32857142857
3307 0.90000000000 0.32857142857
3308 0.91428571429 0.32857142857
3309 0.92857142857 0.32857142857
3310 0.94285714286 0.32857142857
3311 0.95714285714 0.32857142857
3312 0.97142857143 0.32857142857
3313 0.98571428571 0.32857142857
3314 1.00000000000 0.32857142857
3315 1.01428571429 0.32857142857
3316 1.02857142857 0.32857142857
3317 1.04285714286 0.32857142857
3318 1.05714285714 0.32857142857
3319 1.07142857143 0.32857142857
3320 1.08571428571 0.32857142857
3321 1.10000000000 0.32857142857
3322 1.11428571429 0.32857142857
3323 1.12857142857 0.32857142857
3324 1.14285714286 0.32857142857
3325 1.15714285714 0.32857142857
3326 1.17142857143 0.32857142857
3327 1.18571428571 0.32857142857
3328 1.20000000000 0.32857142857
3329 1.21428571429 0.32857142857
3330 1.22857142857 0.32857142857
3331 1.24285714286 0.32857142857
3332 1.25714285714 0.32857142857
3333 1.27142857143 0.32857142857
3334 1.28571428571 0.32857142857
3335 1.30000000000 0.32857142857
3336 1.31428571429 0.32857142857
3337 1.32857142857 0.32857142857
3338 1.34285714286 0.32857142857
3339 1.35714285714 0.32857142857
3340 1.37142857143 0.32857142857
3341 1.38571428571 0.32857142857
3342 1.40000000000 0.32857142857
3343 1.41428571429 0.32857142857
3344 1.42857142857 0.32857142857
3345 1.44285714286 0.32857142857
3346 1.45714285714 0.32857142857
3347 1.47142857143 0.32857142857
3348 1.48571428571 0.32857142857
3349 1.50000000000 0.32857142857
3350 1.51428571429 0.32857142857
3351 1.52857142857 0.32857142857
3352 1.54285714286 0.32857142857
3353 1.55714285714 0.32857142857
3354 1.57142857143 0.32857142857
3355 1.58571428571 0.32857142857
3356 1.60000000000 0.32857142857
3357 1.61428571429 0.32857142857
3358 1.62857142857 0.32857142857
3359 1.64285714286 0.32857142857
3360 1.65714285714 0.32857142857
3361 1.67142857143 0.32857142857
3362 1.68571428571 0.32857142857
3363 1.70000000000 0.32857142857
3364 1.71428571429 0.32857142857
3365 1.72857142857 0.32857142857
3366 1.74285714286 0.32857142857
3367 1.75714285714 0.32857142857
3368 1.77142857143 0.32857142857
3369 1.78571428571 0.32857142857
3370 1.80000000000 0.32857142857
3371 1.81428571429 0.32857142857
3372 1.82857142857 0.32857142857
3373 1.84285714286 0.32857142857
3374 1.85714285714 0.32857142857
3375 1.87142857143 0.32857142857
3376 1.88571428571 0.32857142857
3377 1.90000000000 0.32857142857
3378 1.91428571429 0.32857142857
3379 1.92857142857 0.32857142857
3380 1.94285714286 0.32857142857
3381 1.95714285714 0.32857142857
3382 1.97142857143 0.32857142857
3383 1.98571428571 0.32857142857
3384 2.00000000000 0.32857142857
3385 0.00000000000 0.34285714286
3386 0.01428571429 0.34285714286
3387 0.02857142857 0.34285714286
3388 0.04285714286 0.34285714286
3389 0.05714285714 0.34285714286
3390 0.07142857143 0.34285714286
3391 0.08571428571 0.34285714286
3392 0.10000000000 0.34285714286
3393 0.11428571429 0.34285714286
3394 0.12857142857 0.34285714286
3395 0.14285714286 0.34285714286
3396 0.15714285714 0.34285714286
3397 0.17142857143 0.34285714286
3398 0.18571428571 0.34285714286
3399 0.20000000000 0.34285714286
3400 0.21428571429 0.34285714286
3401 0.22857142857 0.34285714286
3402 0.24285714286 0.34285714286
3403 0.25714285714 0.34285714286
3404 0.27142857143 0.34285714286
3405 0.28571428571 0.34285714286
3406 0.30000000000 0.34285714286
3407 0.31428571429 0.34285714286
3408 0.32857142857 0.34285714286
3409 0.34285714286 0.34285714286
3410 0.35714285714 0.34285714286
3411 0.37142857143 0.34285714286
3412 0.38571428571 0.34285714286
3413 0.40000000000 0.34285714286
3414 0.41428571429 0.34285714286
3415 0.42857142857 0.34285714286
3416 0.44285714286 0.34285714286
3417 0.45714285714 0.34285714286
3418 0.47142857143 0.34285714286
3419 0.48571428571 0.34285714286
3420 0.50000000000 0.34285714286
3421 0.51428571429 0.34285714286
3422 0.52857142857 0.34285714286
3423 0.54285714286 0.34285714286
3424 0.55714285714 0.34285714286
3425 0.57142857143 0.34285714286
3426 0.58571428571 0.34285714286
3427 0.60000000000 0.34285714286
3428 0.61428571429 0.34285714286
3429 0.62857142857 0.34285714286
3430 0.64285714286 0.34285714286
3431 0.65714285714 0.34285714286
3432 0.67142857143 0.34285714286
3433 0.68571428571 0.34285714286
3434 0.70000000000 0.34285714286
3435 0.71428571429 0.34285714286
3436 0.72857142857 0.34285714286
3437 0.74285714286 0.34285714286
3438 0.75714285714 0.34285714286
3439 0.77142857143 0.34285714286
3440 0.78571428571 0.34285714286
3441 0.80000000000 0.34285714286
3442 0.81428571429 0.34285714286
3443 0.82857142857 0.34285714286
3444 0.84285714286 0.34285714286
3445 0.85714285714 0.34285714286
3446 0.87142857143 0.34285714286
3447 0.88571428571 0.34285714286
3448 0.90000000000 0.34285714286
3449 0.91428571429 0.34285714286
3450 0.92857142857 0.34285714286
3451 0.94285714286 0.34285714286
3452 0.95714285714 0.34285714286
3453 0.97142857143 0.34285714286
3454 0.98571428571 0.34285714286
3455 1.00000000000 0.34285714286
3456 1.01428571429 0.34285714286
3457 1.02857142857 0.34285714286
3458 1.04285714286 0.34285714286
3459 1.05714285714 0.34285714286
3460 1.07142857143 0.34285714286
3461 1.08571428571 0.34285714286
3462 1.10000000000 0.34285714286
3463 1.11428571429 0.34285714286
3464 1.12857142857 0.34285714286
3465 1.14285714286 0.34285714286
3466 1.15714285714 0.34285714286
3467 1.17142857143 0.34285714286
3468 1.18571428571 0.34285714286
3469 1.20000000000 0.34285714286
3470 1.21428571429 0.34285714286
3471 1.22857142857 0.34285714286
3472 1.24285714286 0.34285714286
3473 1.25714285714 0.34285714286
3474 1.27142857143 0.34285714286
3475 1.28571428571 0.34285714286
3476 1.30000000000 0.34285714286
3477 1.31428571429 0.34285714286
3478 1.32857142857 0.34285714286
3479 1.34285714286 0.34285714286
3480 1.35714285714 0.34285714286
3481 1.37142857143 0.34285714286
3482 1.38571428571 0.34285714286
3483 1.40000000000 0.34285714286
3484 1.41428571429 0.34285714286
3485 1.42857142857 0.34285714286
3486 1.44285714286 0.34285714286
3487 1.45714285714 0.34285714286
3488 1.47142857143 0.34285714286
3489 1.48571428571 0.34285714286
3490 1.50000000000 0.34285714286
3491 1.51428571429 0.34285714286
3492 1.52857142857 0.34285714286
3493 1.54285714286 0.34285714286
3494 1.55714285714 0.34285714286
3495 1.57142857143 0.34285714286
3496 1.58571428571 0.34285714286
3497 1.60000000000 0.34285714286
3498 1.61428571429 0.34285714286
3499 1.62857142857 0.34285714286
3500 1.64285714286 0.34285714286
3501 1.65714285714 0.34285714286
3502 1.67142857143 0.34285714286
3503 1.68571428571 0.34285714286
3504 1.70000000000 0.34285714286
3505 1.71428571429 0.34285714286
3506 1.72857142857 0.34285714286
3507 1.74285714286 0.34285714286
3508 1.75714285714 0.34285714286
3509 1.77142857143 0.34285714286
3510 1.78571428571 0.34285714286
3511 1.80000000000 0.34285714286
3512 1.81428571429 0.34285714286
3513 1.82857142857 0.34285714286
3514 1.84285714286 0.34285714286
3515 1.85714285714 0.34285714286
3516 1.87142857143 0.34285714286
3517 1.88571428571 0.34285714286
3518 1.90000000000 0.34285714286
3519 1.91428571429 0.34285714286
3520 1.92857142857 0.34285714286
3521 1.94285714286 0.34285714286
3522 1.95714285714 0.34285714286
3523 1.97142857143 0.34285714286
3524 1.98571428571 0.34285714286
3525 2.00000000000 0.34285714286
3526 0.00000000000 0.35714285714
3527 0.01428571429 0.35714285714
3528 0.02857142857 0.35714285714
3529 0.04285714286 0.35714285714
3530 0.05714285714 0.35714285714
3531 0.07142857143 0.35714285714
3532 0.08571428571 0.35714285714
3533 0.10000000000 0.35714285714
3534 0.11428571429 0.35714285714
3535 0.12857142857 0.35714285714
3536 0.14285714286 0.35714285714
3537 0.15714285714 0.35714285714
3538 0.17142857143 0.35714285714
3539 0.18571428571 0.35714285714
3540 0.20000000000 0.35714285714
3541 0.21428571429 0.35714285714
3542 0.22857142857 0.35714285714
3543 0.24285714286 0.35714285714
3544 0.25714285714 0.35714285714
3545 0.27142857143 0.35714285714
3546 0.28571428571 0.35714285714
3547 0.30000000000 0.35714285714
3548 0.31428571429 0.35714285714
3549 0.32857142857 0.35714285714
3550 0.34285714286 0.35714285714
3551 0.35714285714 0.35714285714
3552 0.37142857143 0.35714285714
3553 0.38571428571 0.35714285714
3554 0.40000000000 0.35714285714
3555 0.41428571429 0.35714285714
3556 0.42857142857 0.35714285714
3557 0.44285714286 0.35714285714
3558 0.45714285714 0.35714285714
3559 0.47142857143 0.35714285714
3560 0.48571428571 0.35714285714
3561 0.50000000000 0.35714285714
3562 0.51428571429 0.35714285714
3563 0.52857142857 0.35714285714
3564 0.54285714286 0.35714285714
3565 0.55714285714 0.35714285714
3566 0.57142857143 0.35714285714
3567 0.58571428571 0.35714285714
3568 0.60000000000 0.35714285714
3569 0.61428571429 0.35714285714
3570 0.62857142857 0.35714285714
3571 0.64285714286 0.35714285714
3572 0.65714285714 0.35714285714
3573 0.67142857143 0.35714285714
3574 0.68571428571 0.35714285714
3575 0.70000000000 0.35714285714
3576 0.71428571429 0.35714285714
3577 0.72857142857 0.35714285714
3578 0.74285714286 0.35714285714
3579 0.75714285714 0.35714285714
3580 0.77142857143 0.35714285714
3581 0.78571428571 0.35714285714
3582 0.80000000000 0.35714285714
3583 0.81428571429 0.35714285714
3584 0.82857142857 0.35714285714
3585 0.84285714286 0.35714285714
3586 0.85714285714 0.35714285714
3587 0.87142857143 0.35714285714
3588 0.88571428571 0.35714285714
3589 0.90000000000 0.35714285714
3590 0.91428571429 0.35714285714
3591 0.92857142857 0.35714285714
3592 0.94285714286 0.35714285714
3593 0.95714285714 0.35714285714
3594 0.97142857143 0.35714285714
3595 0.98571428571 0.35714285714
3596 1.00000000000 0.35714285714
3597 1.01428571429 0.35714285714
3598 1.02857142857 0.35714285714
3599 1.04285714286 0.35714285714
3600 1.05714285714 0.35714285714
3601 1.07142857143 0.35714285714
3602 1.08571428571 0.35714285714
3603 1.10000000000 0.35714285714
3604 1.11428571429 0.35714285714
3605 1.12857142857 0.35714285714
3606 1.14285714286 0.35714285714
3607 1.15714285714 0.35714285714
3608 1.17142857143 0.35714285714
3609 1.18571428571 0.35714285714
3610 1.20000000000 0.35714285714
3611 1.21428571429 0.35714285714
3612 1.22857142857 0.35714285714
3613 1.24285714286 0.35714285714
3614 1.25714285714 0.35714285714
3615 1.27142857143 0.35714285714
3616 1.28571428571 0.35714285714
3617 1.30000000000 0.35714285714
3618 1.31428571429 0.35714285714
3619 1.32857142857 0.35714285714
3620 1.34285714286 0.35714285714
3621 1.35714285714 0.35714285714
3622 1.37142857143 0.35714285714
3623 1.38571428571 0.35714285714
3624 1.40000000000 0.35714285714
3625 1.41428571429 0.35714285714
3626 1.42857142857 0.35714285714
3627 1.44285714286 0.35714285714
3628 1.45714285714 0.35714285714
3629 1.47142857143 0.35714285714
3630 1.48571428571 0.35714285714
3631 1.50000000000 0.35714285714
3632 1.51428571429 0.35714285714
3633 1.52857142857 0.35714285714
3634 1.54285714286 0.35714285714
3635 1.55714285714 0.35714285714
3636 1.57142857143 0.35714285714
3637 1.58571428571 0.35714285714
3638 1.60000000000 0.35714285714
3639 1.61428571429 0.35714285714
3640 1.62857142857 0.35714285714
3641 1.64285714286 0.35714285714
3642 1.65714285714 0.35714285714
3643 1.67142857143 0.35714285714
3644 1.68571428571 0.35714285714
3645 1.70000000000 0.35714285714
3646 1.71428571429 0.35714285714
3647 1.72857142857 0.35714285714
3648 1.74285714286 0.35714285714
3649 1.75714285714 0.35714285714
3650 1.77142857143 0.35714285714
3651 1.78571428571 0.35714285714
3652 1.80000000000 0.35714285714
3653 1.81428571429 0.35714285714
3654 1.82857142857 0.35714285714
3655 1.84285714286 0.35714285714
3656 1.85714285714 0.35714285714
3657 1.87142857143 0.35714285714
3658 1.88571428571 0.35714285714
3659 1.90000000000 0.35714285714
3660 1.91428571429 0.35714285714
3661 1.92857142857 0.35714285714
3662 1.94285714286 0.35714285714
3663 1.95714285714 0.35714285714
3664 1.97142857143 0.35714285714
3665 1.98571428571 0.35714285714
3666 2.00000000000 0.35714285714
3667 0.00000000000 0.37142857143
3668 0.01428571429 0.37142857143
3669 0.02857142857 0.37142857143
3670 0.04285714286 0.37142857143
3671 0.05714285714 0.37142857143
3672 0.07142857143 0.37142857143
3673 0.08571428571 0.37142857143
3674 0.10000000000 0.37142857143
3675 0.11428571429 0.37142857143
3676 0.12857142857 0.37142857143
3677 0.14285714286 0.37142857143
3678 0.15714285714 0.37142857143
3679 0.17142857143 0.37142857143
3680 0.18571428571 0.37142857143
3681 0.20000000000 0.37142857143
3682 0.21428571429 0.37142857143
3683 0.22857142857 0.37142857143
3684 0.24285714286 0.37142857143
3685 0.25714285714 0.37142857143
3686 0.27142857143 0.37142857143
3687 0.28571428571 0.37142857143
3688 0.30000000000 0.37142857143
3689 0.31428571429 0.37142857143
3690 0.32857142857 0.37142857143
3691 0.34285714286 0.37142857143
3692 0.35714285714 0.37142857143
3693 0.37142857143 0.37142857143
3694 0.38571428571 0.37142857143
3695 0.40000000000 0.37142857143
3696 0.41428571429 0.37142857143
3697 0.42857142857 0.37142857143
3698 0.44285714286 0.37142857143
3699 0.45714285714 0.37142857143
3700 0.47142857143 0.37142857143
3701 0.48571428571 0.37142857143
3702 0.50000000000 0.37142857143
3703 0.51428571429 0.37142857143
3704 0.52857142857 0.37142857143
3705 0.54285714286 0.37142857143
3706 0.55714285714 0.37142857143
3707 0.57142857143 0.37142857143
3708 0.58571428571 0.37142857143
3709 0.60000000000 0.37142857143
3710 0.61428571429 0.37142857143
3711 0.62857142857 0.37142857143
3712 0.64285714286 0.37142857143
3713 0.65714285714 0.37142857143
3714 0.67142857143 0.37142857143
3715 0.68571428571 0.37142857143
3716 0.70000000000 0.37142857143
3717 0.71428571429 0.37142857143
3718 0.72857142857 0.37142857143
3719 0.74285714286 0.37142857143
3720 0.75714285714 0.37142857143
3721 0.77142857143 0.37142857143
3722 0.78571428571 0.37142857143
3723 0.80000000000 0.37142857143
3724 0.81428571429 0.37142857143
3725 0.82857142857 0.37142857143
3726 0.84285714286 0.37142857143
3727 0.85714285714 0.37142857143
3728 0.87142857143 0.37142857143
3729 0.88571428571 0.37142857143
3730 0.90000000000 0.37142857143
3731 0.91428571429 0.37142857143
3732 0.92857142857 0.37142857143
3733 0.94285714286 0.37142857143
3734 0.95714285714 0.37142857143
3735 0.97142857143 0.37142857143
3736 0.98571428571 0.37142857143
3737 1.00000000000 0.37142857143
3738 1.01428571429 0.37142857143
3739 1.02857142857 0.37142857143
3740 1.04285714286 0.37142857143
3741 1.05714285714 0.37142857143
3742 1.07142857143 0.37142857143
3743 1.08571428571 0.37142857143
3744 1.10000000000 0.37142857143
3745 1.11428571429 0.37142857143
3746 1.12857142857 0.37142857143
3747 1.14285714286 0.37142857143
3748 1.15714285714 0.37142857143
3749 1.17142857143 0.37142857143
3750 1.18571428571 0.37142857143
3751 1.20000000000 0.37142857143
3752 1.21428571429 0.37142857143
3753 1.22857142857 0.37142857143
3754 1.24285714286 0.37142857143
3755 1.25714285714 0.37142857143
3756 1.27142857143 0.37142857143
3757 1.28571428571 0.37142857143
3758 1.30000000000 0.37142857143
3759 1.31428571429 0.37142857143
3760 1.32857142857 0.37142857143
3761 1.34285714286 0.37142857143
3762 1.35714285714 0.37142857143
3763 1.37142857143 0.37142857143
3764 1.38571428571 0.37142857143
3765 1.40000000000 0.37142857143
3766 1.41428571429 0.37142857143
3767 1.42857142857 0.37142857143
3768 1.44285714286 0.37142857143
3769 1.45714285714 0.37142857143
3770 1.47142857143 0.37142857143
3771 1.48571428571 0.37142857143
3772 1.50000000000 0.37142857143
3773 1.51428571429 0.37142857143
3774 1.52857142857 0.37142857143
3775 1.54285714286 0.37142857143
3776 1.55714285714 0.37142857143
3777 1.57142857143 0.37142857143
3778 1.58571428571 0.37142857143
3779 1.60000000000 0.37142857143
3780 1.61428571429 0.37142857143
3781 1.62857142857 0.37142857143
3782 1.64285714286 0.37142857143
3783 1.65714285714 0.37142857143
3784 1.67142857143 0.37142857143
3785 1.68571428571 0.37142857143
3786 1.70000000000 0.37142857143
3787 1.71428571429 0.37142857143
3788 1.72857142857 0.37142857143
3789 1.74285714286 0.37142857143
3790 1.75714285714 0.37142857143
3791 1.77142857143 0.37142857143
3792 1.78571428571 0.37142857143
3793 1.80000000000 0.37142857143
3794 1.81428571429 0.37142857143
3795 1.82857142857 0.37142857143
3796 1.84285714286 0.37142857143
3797 1.85714285714 0.37142857143
3798 1.87142857143 0.37142857143
3799 1.88571428571 0.37142857143
3800 1.90000000000 0.37142857143
3801 1.91428571429 0.37142857143
3802 1.92857142857 0.37142857143
3803 1.94285714286 0.37142857143
3804 1.95714285714 0.37142857143
3805 1.97142857143 0.37142857143
3806 1.98571428571 0.37142857143
3807 2.00000000000 0.37142857143
3808 0.00000000000 0.38571428571
3809 0.01428571429 0.38571428571
3810 0.02857142857 0.38571428571
3811 0.04285714286 0.38571428571
3812 0.05714285714 0.38571428571
3813 0.07142857143 0.38571428571
3814 0.08571428571 0.38571428571
3815 0.10000000000 0.38571428571
3816 0.11428571429 0.38571428571
3817 0.12857142857 0.38571428571
3818 0.14285714286 0.38571428571
3819 0.15714285714 0.38571428571
3820 0.17142857143 0.38571428571
3821 0.18571428571 0.38571428571
3822 0.20000000000 0.38571428571
3823 0.21428571429 0.38571428571
3824 0.22857142857 0.38571428571
3825 0.24285714286 0.38571428571
3826 0.25714285714 0.38571428571
3827 0.27142857143 0.38571428571
3828 0.28571428571 0.38571428571
3829 0.30000000000 0.38571428571
3830 0.31428571429 0.38571428571
3831 0.32857142857 0.38571428571
3832 0.34285714286 0.38571428571
3833 0.35714285714 0.38571428571
3834 0.37142857143 0.38571428571
3835 0.38571428571 0.38571428571
3836 0.40000000000 0.38571428571
3837 0.41428571429 0.38571428571
3838 0.42857142857 0.38571428571
3839 0.44285714286 0.38571428571
3840 0.45714285714 0.38571428571
3841 0.47142857143 0.38571428571
3842 0.48571428571 0.38571428571
3843 0.50000000000 0.38571428571
3844 0.51428571429 0.38571428571
3845 0.52857142857 0.38571428571
3846 0.54285714286 0.38571428571
3847 0.55714285714 0.38571428571
3848 0.57142857143 0.38571428571
3849 0.58571428571 0.38571428571
3850 0.60000000000 0.38571428571
3851 0.61428571429 0.38571428571
3852 0.62857142857 0.38571428571
3853 0.64285714286 0.38571428571
3854 0.65714285714 0.38571428571
3855 0.67142857143 0.38571428571
3856 0.68571428571 0.38571428571
3857 0.70000000000 0.38571428571
3858 0.71428571429 0.38571428571
3859 0.72857142857 0.38571428571
3860 0.74285714286 0.38571428571
3861 0.75714285714 0.38571428571
3862 0.77142857143 0.38571428571
3863 0.78571428571 0.38571428571
3864 0.80000000000 0.38571428571
3865 0.81428571429 0.38571428571
3866 0.82857142857 0.38571428571
3867 0.84285714286 0.38571428571
3868 0.85714285714 0.38571428571
3869 0.87142857143 0.38571428571
3870 0.88571428571 0.38571428571
3871 0.90000000000 0.38571428571
3872 0.91428571429 0.38571428571
3873 0.92857142857 0.38571428571
3874 0.94285714286 0.38571428571
3875 0.95714285714 0.38571428571
3876 0.97142857143 0.38571428571
3877 0.98571428571 0.38571428571
3878 1.00000000000 0.38571428571
3879 1.01428571429 0.38571428571
3880 1.02857142857 0.38571428571
3881 1.04285714286 0.38571428571
3882 1.05714285714 0.38571428571
3883 1.07142857143 0.38571428571
3884 1.08571428571 0.38571428571
3885 1.10000000000 0.38571428571
3886 1.11428571429 0.38571428571
3887 1.12857142857 0.38571428571
3888 1.14285714286 0.38571428571
3889 1.15714285714 0.38571428571
3890 1.17142857143 0.38571428571
3891 1.18571428571 0.38571428571
3892 1.20000000000 0.38571428571
3893 1.21428571429 0.38571428571
3894 1.22857142857 0.38571428571
3895 1.24285714286 0.38571428571
3896 1.25714285714 0.38571428571
3897 1.27142857143 0.38571428571
3898 1.28571428571 0.38571428571
3899 1.30000000000 0.38571428571
3900 1.31428571429 0.38571428571
3901 1.32857142857 0.38571428571
3902 1.34285714286 0.38571428571
3903 1.35714285714 0.38571428571
3904 1.37142857143 0.38571428571
3905 1.38571428571 0.38571428571
3906 1.40000000000 0.38571428571
3907 1.41428571429 0.38571428571
3908 1.42857142857 0.38571428571
3909 1.44285714286 0.38571428571
3910 1.45714285714 0.38571428571
3911 1.47142857143 0.38571428571
3912 1.48571428571 0.38571428571
3913 1.50000000000 0.38571428571
3914 1.51428571429 0.38571428571
3915 1.52857142857 0.38571428571
3916 1.54285714286 0.38571428571
3917 1.55714285714 0.38571428571
3918 1.57142857143 0.38571428571
3919 1.58571428571 0.38571428571
3920 1.60000000000 0.38571428571
3921 1.61428571429 0.38571428571
3922 1.62857142857 0.38571428571
3923 1.64285714286 0.38571428571
3924 1.65714285714 0.38571428571
3925 1.67142857143 0.38571428571
3926 1.68571428571 0.38571428571
3927 1.70000000000 0.38571428571
3928 1.71428571429 0.38571428571
3929 1.72857142857 0.38571428571
3930 1.74285714286 0.38571428571
3931 1.75714285714 0.38571428571
3932 1.77142857143 0.38571428571
3933 1.78571428571 0.38571428571
3934 1.80000000000 0.38571428571
3935 1.81428571429 0.38571428571
3936 1.82857142857 0.38571428571
3937 1.84285714286 0.38571428571
3938 1.85714285714 0.38571428571
3939 1.87142857143 0.38571428571
3940 1.88571428571 0.38571428571
3941 1.90000000000 0.38571428571
3942 1.91428571429 0.38571428571
3943 1.92857142857 0.38571428571
3944 1.94285714286 0.38571428571
3945 1.95714285714 0.38571428571
3946 1.97142857143 0.38571428571
3947 1.98571428571 0.38571428571
3948 2.00000000000 0.38571428571
3949 0.00000000000 0.40000000000
3950 0.01428571429 0.40000000000
3951 0.02857142857 0.40000000000
3952 0.04285714286 0.40000000000
3953 0.05714285714 0.40000000000
3954 0.07142857143 0.40000000000
3955 0.08571428571 0.40000000000
3956 0.10000000000 0.40000000000
3957 0.11428571429 0.40000000000
3958 0.12857142857 0.40000000000
3959 0.14285714286 0.40000000000
3960 0.15714285714 0.40000000000
3961 0.17142857143 0.40000000000
3962 0.18571428571 0.40000000000
3963 0.20000000000 0.40000000000
3964 0.21428571429 0.40000000000
3965 0.22857142857 0.40000000000
3966 0.24285714286 0.40000000000
3967 0.25714285714 0.40000000000
3968 0.27142857143 0.40000000000
3969 0.28571428571 0.40000000000
3970 0.30000000000 0.40000000000
3971 0.31428571429 0.40000000000
3972 0.32857142857 0.40000000000
3973 0.34285714286 0.40000000000
3974 0.35714285714 0.40000000000
3975 0.37142857143 0.40000000000
3976 0.38571428571 0.40000000000
3977 0.40000000000 0.40000000000
3978 0.41428571429 0.40000000000
3979 0.42857142857 0.40000000000
3980 0.44285714286 0.40000000000
3981 0.45714285714 0.40000000000
3982 0.47142857143 0.40000000000
3983 0.48571428571 0.40000000000
3984 0.50000000000 0.40000000000
3985 0.51428571429 0.40000000000
3986 0.52857142857 0.40000000000
3987 0.54285714286 0.40000000000
3988 0.55714285714 0.40000000000
3989 0.57142857143 0.40000000000
3990 0.58571428571 0.40000000000
3991 0.60000000000 0.40000000000
3992 0.61428571429 0.40000000000
3993 0.62857142857 0.40000000000
3994 0.64285714286 0.40000000000
3995 0.65714285714 0.40000000000
3996 0.67142857143 0.40000000000
3997 0.68571428571 0.40000000000
3998 0.70000000000 0.40000000000
3999 0.71428571429 0.40000000000
4000 0.72857142857 0.40000000000
4001 0.74285714286 0.40000000000
4002 0.75714285714 0.40000000000
4003 0.77142857143 0.40000000000
4004 0.78571428571 0.40000000000
4005 0.80000000000 0.40000000000
4006 0.81428571429 0.40000000000
4007 0.82857142857 0.40000000000
4008 0.84285714286 0.40000000000
4009 0.85714285714 0.40000000000
4010 0.87142857143 0.40000000000
4011 0.88571428571 0.40000000000
4012 0.90000000000 0.40000000000
4013 0.91428571429 0.40000000000
4014 0.92857142857 0.40000000000
4015 0.94285714286 0.40000000000
4016 0.95714285714 0.40000000000
4017 0.97142857143 0.40000000000
4018 0.98571428571 0.40000000000
4019 1.00000000000 0.40000000000
4020 1.01428571429 0.40000000000
4021 1.02857142857 0.40000000000
4022 1.04285714286 0.40000000000
4023 1.05714285714 0.40000000000
4024 1.07142857143 0.40000000000
4025 1.08571428571 0.40000000000
4026 1.10000000000 0.40000000000
4027 1.11428571429 0.40000000000
4028 1.12857142857 0.40000000000
4029 1.14285714286 0.40000000000
4030 1.15714285714 0.40000000000
4031 1.17142857143 0.40000000000
4032 1.18571428571 0.40000000000
4033 1.20000000000 0.40000000000
4034 1.21428571429 0.40000000000
4035 1.22857142857 0.40000000000
4036 1.24285714286 0.40000000000
4037 1.25714285714 0.40000000000
4038 1.27142857143 0.40000000000
4039 1.28571428571 0.40000000000
4040 1.30000000000 0.40000000000
4041 1.31428571429 0.40000000000
4042 1.32857142857 0.40000000000
4043 1.34285714286 0.40000000000
4044 1.35714285714 0.40000000000
4045 1.37142857143 0.40000000000
4046 1.38571428571 0.40000000000
4047 1.40000000000 0.40000000000
4048 1.41428571429 0.40000000000
4049 1.42857142857 0.40000000000
4050 1.44285714286 0.40000000000
4051 1.45714285714 0.40000000000
4052 1.47142857143 0.40000000000
4053 1.48571428571 0.40000000000
4054 1.50000000000 0.40000000000
4055 1.51428571429 0.40000000000
4056 1.52857142857 0.40000000000
4057 1.54285714286 0.40000000000
4058 1.55714285714 0.40000000000
4059 1.57142857143 0.40000000000
4060 1.58571428571 0.40000000000
4061 1.60000000000 0.40000000000
4062 1.61428571429 0.40000000000
4063 1.62857142857 0.40000000000
4064 1.64285714286 0.40000000000
4065 1.65714285714 0.40000000000
4066 1.67142857143 0.40000000000
4067 1.68571428571 0.40000000000
4068 1.70000000000 0.40000000000
4069 1.71428571429 0.40000000000
4070 1.72857142857 0.40000000000
4071 1.74285714286 0.40000000000
4072 1.75714285714 0.40000000000
4073 1.77142857143 0.40000000000
4074 1.78571428571 0.40000000000
4075 1.80000000000 0.40000000000
4076 1.81428571429 0.40000000000
4077 1.82857142857 0.40000000000
4078 1.84285714286 0.40000000000
4079 1.85714285714 0.40000000000
4080 1.87142857143 0.40000000000
4081 1.88571428571 0.40000000000
4082 1.90000000000 0.40000000000
4083 1.91428571429 0.40000000000
4084 1.92857142857 0.40000000000
4085 1.94285714286 0.40000000000
4086 1.95714285714 0.40000000000
4087 1.97142857143 0.40000000000
4088 1.98571428571 0.40000000000
4089 2.00000000000 0.40000000000
4090 0.00000000000 0.41428571429
4091 0.01428571429 0.41428571429
4092 0.02857142857 0.41428571429
4093 0.04285714286 0.41428571429
4094 0.05714285714 0.41428571429
4095 0.07142857143 0.41428571429
4096 0.08571428571 0.41428571429
4097 0.10000000000 0.41428571429
4098 0.11428571429 0.41428571429
4099 0.12857142857 0.41428571429
4100 0.14285714286 0.41428571429
4101 0.15714285714 0.41428571429
4102 0.17142857143 0.41428571429
4103 0.18571428571 0.41428571429
4104 0.20000000000 0.41428571429
4105 0.21428571429 0.41428571429
4106 0.22857142857 0.41428571429
4107 0.24285714286 0.41428571429
4108 0.25714285714 0.41428571429
4109 0.27142857143 0.41428571429
4110 0.28571428571 0.41428571429
4111 0.30000000000 0.41428571429
4112 0.31428571429 0.41428571429
4113 0.32857142857 0.41428571429
4114 0.34285714286 0.41428571429
4115 0.35714285714 0.41428571429
4116 0.37142857143 0.41428571429
4117 0.38571428571 0.41428571429
4118 0.40000000000 0.41428571429
4119 0.41428571429 0.41428571429
4120 0.42857142857 0.41428571429
4121 0.44285714286 0.41428571429
4122 0.45714285714 0.41428571429
4123 0.47142857143 0.41428571429
4124 0.48571428571 0.41428571429
4125 0.50000000000 0.41428571429
4126 0.51428571429 0.41428571429
4127 0.52857142857 0.41428571429
4128 0.54285714286 0.41428571429
4129 0.55714285714 0.41428571429
4130 0.57142857143 0.41428571429
4131 0.58571428571 0.41428571429
4132 0.60000000000 0.41428571429
4133 0.61428571429 0.41428571429
4134 0.62857142857 0.41428571429
4135 0.64285714286 0.41428571429
4136 0.65714285714 0.41428571429
4137 0.67142857143 0.41428571429
4138 0.68571428571 0.41428571429
4139 0.70000000000 0.41428571429
4140 0.71428571429 0.41428571429
4141 0.72857142857 0.41428571429
4142 0.74285714286 0.41428571429
4143 0.75714285714 0.41428571429
4144 0.77142857143 0.41428571429
4145 0.78571428571 0.41428571429
4146 0.80000000000 0.41428571429
4147 0.81428571429 0.41428571429
4148 0.82857142857 0.41428571429
4149 0.84285714286 0.41428571429
4150 0.85714285714 0.41428571429
4151 0.87142857143 0.41428571429
4152 0.88571428571 0.41428571429
4153 0.90000000000 0.41428571429
4154 0.91428571429 0.41428571429
4155 0.92857142857 0.41428571429
4156 0.94285714286 0.41428571429
4157 0.95714285714 0.41428571429
4158 0.97142857143 0.41428571429
4159 0.98571428571 0.41428571429
4160 1.00000000000 0.41428571429
4161 1.01428571429 0.41428571429
4162 1.02857142857 0.41428571429
4163 1.04285714286 0.41428571429
4164 1.05714285714 0.41428571429
4165 1.07142857143 0.41428571429
4166 1.08571428571 0.41428571429
4167 1.10000000000 0.41428571429
4168 1.11428571429 0.41428571429
4169 1.12857142857 0.41428571429
4170 1.14285714286 0.41428571429
4171 1.15714285714 0.41428571429
4172 1.17142857143 0.41428571429
4173 1.18571428571 0.41428571429
4174 1.20000000000 0.41428571429
4175 1.21428571429 0.41428571429
4176 1.22857142857 0.41428571429
4177 1.24285714286 0.41428571429
4178 1.25714285714 0.41428571429
4179 1.27142857143 0.41428571429
4180 1.28571428571 0.41428571429
4181 1.30000000000 0.41428571429
4182 1.31428571429 0.41428571429
4183 1.32857142857 0.41428571429
4184 1.34285714286 0.41428571429
4185 1.35714285714 0.41428571429
4186 1.37142857143 0.41428571429
4187 1.38571428571 0.41428571429
4188 1.40000000000 0.41428571429
4189 1.41428571429 0.41428571429
4190 1.42857142857 0.41428571429
4191 1.44285714286 0.41428571429
4192 1.45714285714 0.41428571429
4193 1.47142857143 0.41428571429
4194 1.48571428571 0.41428571429
4195 1.50000000000 0.41428571429
4196 1.51428571429 0.41428571429
4197 1.52857142857 0.41428571429
4198 1.54285714286 0.41428571429
4199 1.55714285714 0.41428571429
4200 1.57142857143 0.41428571429
4201 1.58571428571 0.41428571429
4202 1.60000000000 0.41428571429
4203 1.61428571429 0.41428571429
4204 1.62857142857 0.41428571429
4205 1.64285714286 0.41428571429
4206 1.65714285714 0.41428571429
4207 1.67142857143 0.41428571429
4208 1.68571428571 0.41428571429
4209 1.70000000000 0.41428571429
4210 1.71428571429 0.41428571429
4211 1.72857142857 0.41428571429
4212 1.74285714286 0.41428571429
4213 1.75714285714 0.41428571429
4214 1.77142857143 0.41428571429
4215 1.78571428571 0.41428571429
4216 1.80000000000 0.41428571429
4217 1.81428571429 0.41428571429
4218 1.82857142857 0.41428571429
4219 1.84285714286 0.41428571429
4220 1.85714285714 0.41428571429
4221 1.87142857143 0.41428571429
4222 1.88571428571 0.41428571429
4223 1.90000000000 0.41428571429
4224 1.91428571429 0.41428571429
4225 1.92857142857 0.41428571429
4226 1.94285714286 0.41428571429
4227 1.95714285714 0.41428571429
4228 1.97142857143 0.41428571429
4229 1.98571428571 0.41428571429
4230 2.00000000000 0.41428571429
4231 0.00000000000 0.42857142857
4232 0.01428571429 0.42857142857
4233 0.02857142857 0.42857142857
4234 0.04285714286 0.42857142857
4235 0.05714285714 0.42857142857
4236 0.07142857143 0.42857142857
4237 0.08571428571 0.42857142857
4238 0.10000000000 0.42857142857
4239 0.11428571429 0.42857142857
4240 0.12857142857 0.42857142857
4241 0.14285714286 0.42857142857
4242 0.15714285714 0.42857142857
4243 0.17142857143 0.42857142857
4244 0.18571428571 0.42857142857
4245 0.20000000000 0.42857142857
4246 0.21428571429 0.42857142857
4247 0.22857142857 0.42857142857
4248 0.24285714286 0.42857142857
4249 0.25714285714 0.42857142857
4250 0.27142857143 0.42857142857
4251 0.28571428571 0.42857142857
4252 0.30000000000 0.42857142857
4253 0.31428571429 0.42857142857
4254 0.32857142857 0.42857142857
4255 0.34285714286 0.42857142857
4256 0.35714285714 0.42857142857
4257 0.37142857143 0.42857142857
4258 0.38571428571 0.42857142857
4259 0.40000000000 0.42857142857
4260 0.41428571429 0.42857142857
4261 0.42857142857 0.42857142857
4262 0.44285714286 0.42857142857
4263 0.45714285714 0.42857142857
4264 0.47142857143 0.42857142857
4265 0.48571428571 0.42857142857
4266 0.50000000000 0.42857142857
4267 0.51428571429 0.42857142857
4268 0.52857142857 0.42857142857
4269 0.54285714286 0.42857142857
4270 0.55714285714 0.42857142857
4271 0.57142857143 0.42857142857
4272 0.58571428571 0.42857142857
4273 0.60000000000 0.42857142857
4274 0.61428571429 0.42857142857
4275 0.62857142857 0.42857142857
4276 0.64285714286 0.42857142857
4277 0.65714285714 0.42857142857
4278 0.67142857143 0.42857142857
4279 0.68571428571 0.42857142857
4280 0.70000000000 0.42857142857
4281 0.71428571429 0.42857142857
4282 0.72857142857 0.42857142857
4283 0.74285714286 0.42857142857
4284 0.75714285714 0.42857142857
4285 0.77142857143 0.42857142857
4286 0.78571428571 0.42857142857
4287 0.80000000000 0.42857142857
4288 0.81428571429 0.42857142857
4289 0.82857142857 0.42857142857
4290 0.84285714286 0.42857142857
4291 0.85714285714 0.42857142857
4292 0.87142857143 0.42857142857
4293 0.88571428571 0.42857142857
4294 0.90000000000 0.42857142857
4295 0.91428571429 0.42857142857
4296 0.92857142857 0.42857142857
4297 0.94285714286 0.42857142857
4298 0.95714285714 0.42857142857
4299 0.97142857143 0.42857142857
4300 0.98571428571 0.42857142857
4301 1.00000000000 0.42857142857
4302 1.01428571429 0.42857142857
4303 1.02857142857 0.42857142857
4304 1.04285714286 0.42857142857
4305 1.05714285714 0.42857142857
4306 1.07142857143 0.42857142857
4307 1.08571428571 0.42857142857
4308 1.10000000000 0.42857142857
4309 1.11428571429 0.42857142857
4310 1.12857142857 0.42857142857
4311 1.14285714286 0.42857142857
4312 1.15714285714 0.42857142857
4313 1.17142857143 0.42857142857
4314 1.18571428571 0.42857142857
4315 1.20000000000 0.42857142857
4316 1.21428571429 0.42857142857
4317 1.22857142857 0.42857142857
4318 1.24285714286 0.42857142857
4319 1.25714285714 0.42857142857
4320 1.27142857143 0.42857142857
4321 1.28571428571 0.42857142857
4322 1.30000000000 0.42857142857
4323 1.31428571429 0.42857142857
4324 1.32857142857 0.42857142857
4325 1.34285714286 0.42857142857
4326 1.35714285714 0.42857142857
4327 1.37142857143 0.42857142857
4328 1.38571428571 0.42857142857
4329 1.40000000000 0.42857142857
4330 1.41428571429 0.42857142857
4331 1.42857142857 0.42857142857
4332 1.44285714286 0.42857142857
4333 1.45714285714 0.42857142857
4334 1.47142857143 0.42857142857
4335 1.48571428571 0.42857142857
4336 1.50000000000 0.42857142857
4337 1.51428571429 0.42857142857
4338 1.52857142857 0.42857142857
4339 1.54285714286 0.42857142857
4340 1.55714285714 0.42857142857
4341 1.57142857143 0.42857142857
4342 1.58571428571 0.42857142857
4343 1.60000000000 0.42857142857
4344 1.61428571429 0.42857142857
4345 1.62857142857 0.42857142857
4346 1.64285714286 0.42857142857
4347 1.65714285714 0.42857142857
4348 1.67142857143 0.42857142857
4349 1.68571428571 0.42857142857
4350 1.70000000000 0.42857142857
4351 1.71428571429 0.42857142857
4352 1.72857142857 0.42857142857
4353 1.74285714286 0.42857142857
4354 1.75714285714 0.42857142857
4355 1.77142857143 0.42857142857
4356 1.78571428571 0.42857142857
4357 1.80000000000 0.42857142857
4358 1.81428571429 0.42857142857
4359 1.82857142857 0.42857142857
4360 1.84285714286 0.42857142857
4361 1.85714285714 0.42857142857
4362 1.87142857143 0.42857142857
4363 1.88571428571 0.42857142857
4364 1.90000000000 0.42857142857
4365 1.91428571429 0.42857142857
4366 1.92857142857 0.42857142857
4367 1.94285714286 0.42857142857
4368 1.95714285714 0.42857142857
4369 1.97142857143 0.42857142857
4370 1.98571428571 0.42857142857
4371 2.00000000000 0.42857142857
4372 0.00000000000 0.44285714286
4373 0.01428571429 0.44285714286
4374 0.02857142857 0.44285714286
4375 0.04285714286 0.44285714286
4376 0.05714285714 0.44285714286
4377 0.07142857143 0.44285714286
4378 0.08571428571 0.44285714286
4379 0.10000000000 0.44285714286
4380 0.11428571429 0.44285714286
4381 0.12857142857 0.44285714286
4382 0.14285714286 0.44285714286
4383 0.15714285714 0.44285714286
4384 0.17142857143 0.44285714286
4385 0.18571428571 0.44285714286
4386 0.20000000000 0.44285714286
4387 0.21428571429 0.44285714286
4388 0.22857142857 0.44285714286
4389 0.24285714286 0.44285714286
4390 0.25714285714 0.44285714286
4391 0.27142857143 0.44285714286
4392 0.28571428571 0.44285714286
4393 0.30000000000 0.44285714286
4394 0.31428571429 0.44285714286
4395 0.32857142857 0.44285714286
4396 0.34285714286 0.44285714286
4397 0.35714285714 0.44285714286
4398 0.37142857143 0.44285714286
4399 0.38571428571 0.44285714286
4400 0.40000000000 0.44285714286
4401 0.41428571429 0.44285714286
4402 0.42857142857 0.44285714286
4403 0.44285714286 0.44285714286
4404 0.45714285714 0.44285714286
4405 0.47142857143 0.44285714286
4406 0.48571428571 0.44285714286
4407 0.50000000000 0.44285714286
4408 0.51428571429 0.44285714286
4409 0.52857142857 0.44285714286
4410 0.54285714286 0.44285714286
4411 0.55714285714 0.44285714286
4412 0.57142857143 0.44285714286
4413 0.58571428571 0.44285714286
4414 0.60000000000 0.44285714286
4415 0.61428571429 0.44285714286
4416 0.62857142857 0.44285714286
4417 0.64285714286 0.44285714286
4418 0.65714285714 0.44285714286
4419 0.67142857143 0.44285714286
4420 0.68571428571 0.44285714286
4421 0.70000000000 0.44285714286
4422 0.71428571429 0.44285714286
4423 0.72857142857 0.44285714286
4424 0.74285714286 0.44285714286
4425 0.75714285714 0.44285714286
4426 0.77142857143 0.44285714286
4427 0.78571428571 0.44285714286
4428 0.80000000000 0.44285714286
4429 0.81428571429 0.44285714286
4430 0.82857142857 0.44285714286
4431 0.84285714286 0.44285714286
4432 0.85714285714 0.44285714286
4433 0.87142857143 0.44285714286
4434 0.88571428571 0.44285714286
4435 0.90000000000 0.44285714286
4436 0.91428571429 0.44285714286
4437 0.92857142857 0.44285714286
4438 0.94285714286 0.44285714286
4439 0.95714285714 0.44285714286
4440 0.97142857143 0.44285714286
4441 0.98571428571 0.44285714286
4442 1.00000000000 0.44285714286
4443 1.01428571429 0.44285714286
4444 1.02857142857 0.44285714286
4445 1.04285714286 0.44285714286
4446 1.05714285714 0.44285714286
4447 1.07142857143 0.44285714286
4448 1.08571428571 0.44285714286
4449 1.10000000000 0.44285714286
4450 1.11428571429 0.44285714286
4451 1.12857142857 0.44285714286
4452 1.14285714286 0.44285714286
4453 1.15714285714 0.44285714286
4454 1.17142857143 0.44285714286
4455 1.18571428571 0.44285714286
4456 1.20000000000 0.44285714286
4457 1.21428571429 0.44285714286
4458 1.22857142857 0.44285714286
4459 1.24285714286 0.44285714286
4460 1.25714285714 0.44285714286
4461 1.27142857143 0.44285714286
4462 1.28571428571 0.44285714286
4463 1.30000000000 0.44285714286
4464 1.31428571429 0.44285714286
4465 1.32857142857 0.44285714286
4466 1.34285714286 0.44285714286
4467 1.35714285714 0.44285714286
4468 1.37142857143 0.44285714286
4469 1.38571428571 0.44285714286
4470 1.40000000000 0.44285714286
4471 1.41428571429 0.44285714286
4472 1.42857142857 0.44285714286
4473 1.44285714286 0.44285714286
4474 1.45714285714 0.44285714286
4475 1.47142857143 0.44285714286
4476 1.48571428571 0.44285714286
4477 1.50000000000 0.44285714286
4478 1.51428571429 0.44285714286
4479 1.52857142857 0.44285714286
4480 1.54285714286 0.44285714286
4481 1.55714285714 0.44285714286
4482 1.57142857143 0.44285714286
4483 1.58571428571 0.44285714286
4484 1.60000000000 0.44285714286
4485 1.61428571429 0.44285714286
4486 1.62857142857 0.44285714286
4487 1.64285714286 0.44285714286
4488 1.65714285714 0.44285714286
4489 1.67142857143 0.44285714286
4490 1.68571428571 0.44285714286
4491 1.70000000000 0.44285714286
4492 1.71428571429 0.44285714286
4493 1.72857142857 0.44285714286
4494 1.74285714286 0.44285714286
4495 1.75714285714 0.44285714286
4496 1.77142857143 0.44285714286
4497 1.78571428571 0.44285714286
4498 1.80000000000 0.44285714286
4499 1.81428571429 0.44285714286
4500 1.82857142857 0.44285714286
4501 1.84285714286 0.44285714286
4502 1.85714285714 0.44285714286
4503 1.87142857143 0.44285714286
4504 1.88571428571 0.44285714286
4505 1.90000000000 0.44285714286
4506 1.91428571429 0.44285714286
4507 1.92857142857 0.44285714286
4508 1.94285714286 0.44285714286
4509 1.95714285714 0.44285714286
4510 1.97142857143 0.44285714286
4511 1.98571428571 0.44285714286
4512 2.00000000000 0.44285714286
4513 0.00000000000 0.45714285714
4514 0.01428571429 0.45714285714
4515 0.02857142857 0.45714285714
4516 0.04285714286 0.45714285714
4517 0.05714285714 0.45714285714
4518 0.07142857143 0.45714285714
4519 0.08571428571 0.45714285714
4520 0.10000000000 0.45714285714
4521 0.11428571429 0.45714285714
4522 0.12857142857 0.45714285714
4523 0.14285714286 0.45714285714
4524 0.15714285714 0.45714285714
4525 0.17142857143 0.45714285714
4526 0.18571428571 0.45714285714
4527 0.20000000000 0.45714285714
4528 0.21428571429 0.45714285714
4529 0.22857142857 0.45714285714
4530 0.24285714286 0.45714285714
4531 0.25714285714 0.45714285714
4532 0.27142857143 0.45714285714
4533 0.28571428571 0.45714285714
4534 0.30000000000 0.45714285714
4535 0.31428571429 0.45714285714
4536 0.32857142857 0.45714285714
4537 0.34285714286 0.45714285714
4538 0.35714285714 0.45714285714
4539 0.37142857143 0.45714285714
4540 0.38571428571 0.45714285714
4541 0.40000000000 0.45714285714
4542 0.41428571429 0.45714285714
4543 0.42857142857 0.45714285714
4544 0.44285714286 0.45714285714
4545 0.45714285714 0.45714285714
4546 0.47142857143 0.45714285714
4547 0.48571428571 0.45714285714
4548 0.50000000000 0.45714285714
4549 0.51428571429 0.45714285714
4550 0.52857142857 0.45714285714
4551 0.54285714286 0.45714285714
4552 0.55714285714 0.45714285714
4553 0.57142857143 0.45714285714
4554 0.58571428571 0.45714285714
4555 0.60000000000 0.45714285714
4556 0.61428571429 0.45714285714
4557 0.62857142857 0.45714285714
4558 0.64285714286 0.45714285714
4559 0.65714285714 0.45714285714
4560 0.67142857143 0.45714285714
4561 0.68571428571 0.45714285714
4562 0.70000000000 0.45714285714
4563 0.71428571429 0.45714285714
4564 0.72857142857 0.45714285714
4565 0.74285714286 0.45714285714
4566 0.75714285714 0.45714285714
4567 0.77142857143 0.45714285714
4568 0.78571428571 0.45714285714
4569 0.80000000000 0.45714285714
4570 0.81428571429 0.45714285714
4571 0.82857142857 0.45714285714
4572 0.84285714286 0.45714285714
4573 0.85714285714 0.45714285714
4574 0.87142857143 0.45714285714
4575 0.88571428571 0.45714285714
4576 0.90000000000 0.45714285714
4577 0.91428571429 0.45714285714
4578 0.92857142857 0.45714285714
4579 0.94285714286 0.45714285714
4580 0.95714285714 0.45714285714
4581 0.97142857143 0.45714285714
4582 0.98571428571 0.45714285714
4583 1.00000000000 0.45714285714
4584 1.01428571429 0.45714285714
4585 1.02857142857 0.45714285714
4586 1.04285714286 0.45714285714
4587 1.05714285714 0.45714285714
4588 1.07142857143 0.45714285714
4589 1.08571428571 0.45714285714
4590 1.10000000000 0.45714285714
4591 1.11428571429 0.45714285714
4592 1.12857142857 0.45714285714
4593 1.14285714286 0.45714285714
4594 1.15714285714 0.45714285714
4595 1.17142857143 0.45714285714
4596 1.18571428571 0.45714285714
4597 1.20000000000 0.45714285714
4598 1.21428571429 0.45714285714
4599 1.22857142857 0.45714285714
4600 1.24285714286 0.45714285714
4601 1.25714285714 0.45714285714
4602 1.27142857143 0.45714285714
4603 1.28571428571 0.45714285714
4604 1.30000000000 0.45714285714
4605 1.31428571429 0.45714285714
4606 1.32857142857 0.45714285714
4607 1.34285714286 0.45714285714
4608 1.35714285714 0.45714285714
4609 1.37142857143 0.45714285714
4610 1.38571428571 0.45714285714
4611 1.40000000000 0.45714285714
4612 1.41428571429 0.45714285714
4613 1.42857142857 0.45714285714
4614 1.44285714286 0.45714285714
4615 1.45714285714 0.45714285714
4616 1.47142857143 0.45714285714
4617 1.48571428571 0.45714285714
4618 1.50000000000 0.45714285714
4619 1.51428571429 0.45714285714
4620 1.52857142857 0.45714285714
4621 1.54285714286 0.45714285714
4622 1.55714285714 0.45714285714
4623 1.57142857143 0.45714285714
4624 1.58571428571 0.45714285714
4625 1.60000000000 0.45714285714
4626 1.61428571429 0.45714285714
4627 1.62857142857 0.45714285714
4628 1.64285714286 0.45714285714
4629 1.65714285714 0.45714285714
4630 1.67142857143 0.45714285714
4631 1.68571428571 0.45714285714
4632 1.70000000000 0.45714285714
4633 1.71428571429 0.45714285714
4634 1.72857142857 0.45714285714
4635 1.74285714286 0.45714285714
4636 1.75714285714 0.45714285714
4637 1.77142857143 0.45714285714
4638 1.78571428571 0.45714285714
4639 1.80000000000 0.45714285714
4640 1.81428571429 0.45714285714
4641 1.82857142857 0.45714285714
4642 1.84285714286 0.45714285714
4643 1.85714285714 0.45714285714
4644 1.87142857143 0.45714285714
4645 1.88571428571 0.45714285714
4646 1.90000000000 0.45714285714
4647 1.91428571429 0.45714285714
4648 1.92857142857 0.45714285714
4649 1.94285714286 0.45714285714
4650 1.95714285714 0.45714285714
4651 1.97142857143 0.45714285714
4652 1.98571428571 0.45714285714
4653 2.00000000000 0.45714285714
4654 0.00000000000 0.47142857143
4655 0.01428571429 0.47142857143
4656 0.02857142857 0.47142857143
4657 0.04285714286 0.47142857143
4658 0.05714285714 0.47142857143
4659 0.07142857143 0.47142857143
4660 0.08571428571 0.47142857143
4661 0.10000000000 0.47142857143
4662 0.11428571429 0.47142857143
4663 0.12857142857 0.47142857143
4664 0.14285714286 0.47142857143
4665 0.15714285714 0.47142857143
4666 0.17142857143 0.47142857143
4667 0.18571428571 0.47142857143
4668 0.20000000000 0.47142857143
4669 0.21428571429 0.47142857143
4670 0.22857142857 0.47142857143
4671 0.24285714286 0.47142857143
4672 0.25714285714 0.47142857143
4673 0.27142857143 0.47142857143
4674 0.28571428571 0.47142857143
4675 0.30000000000 0.47142857143
4676 0.31428571429 0.47142857143
4677 0.32857142857 0.47142857143
4678 0.34285714286 0.47142857143
4679 0.35714285714 0.47142857143
4680 0.37142857143 0.47142857143
4681 0.38571428571 0.47142857143
4682 0.40000000000 0.47142857143
4683 0.41428571429 0.47142857143
4684 0.42857142857 0.47142857143
4685 0.44285714286 0.47142857143
4686 0.45714285714 0.47142857143
4687 0.47142857143 0.47142857143
4688 0.48571428571 0.47142857143
4689 0.50000000000 0.47142857143
4690 0.51428571429 0.47142857143
4691 0.52857142857 0.47142857143
4692 0.54285714286 0.47142857143
4693 0.55714285714 0.47142857143
4694 0.57142857143 0.47142857143
4695 0.58571428571 0.47142857143
4696 0.60000000000 0.47142857143
4697 0.61428571429 0.47142857143
4698 0.62857142857 0.47142857143
4699 0.64285714286 0.47142857143
4700 0.65714285714 0.47142857143
4701 0.67142857143 0.47142857143
4702 0.68571428571 0.47142857143
4703 0.70000000000 0.47142857143
4704 0.71428571429 0.47142857143
4705 0.72857142857 0.47142857143
4706 0.74285714286 0.47142857143
4707 0.75714285714 0.47142857143
4708 0.77142857143 0.47142857143
4709 0.78571428571 0.47142857143
4710 0.80000000000 0.47142857143
4711 0.81428571429 0.47142857143
4712 0.82857142857 0.47142857143
4713 0.84285714286 0.47142857143
4714 0.85714285714 0.47142857143
4715 0.87142857143 0.47142857143
4716 0.88571428571 0.47142857143
4717 0.90000000000 0.47142857143
4718 0.91428571429 0.47142857143
4719 0.92857142857 0.47142857143
4720 0.94285714286 0.47142857143
4721 0.95714285714 0.47142857143
4722 0.97142857143 0.47142857143
4723 0.98571428571 0.47142857143
4724 1.00000000000 0.47142857143
4725 1.01428571429 0.47142857143
4726 1.02857142857 0.47142857143
4727 1.04285714286 0.47142857143
4728 1.05714285714 0.47142857143
4729 1.07142857143 0.47142857143
4730 1.08571428571 0.47142857143
4731 1.10000000000 0.47142857143
4732 1.11428571429 0.47142857143
4733 1.12857142857 0.47142857143
4734 1.14285714286 0.47142857143
4735 1.15714285714 0.47142857143
4736 1.17142857143 0.47142857143
4737 1.18571428571 0.47142857143
4738 1.20000000000 0.47142857143
4739 1.21428571429 0.47142857143
4740 1.22857142857 0.47142857143
4741 1.24285714286 0.47142857143
4742 1.25714285714 0.47142857143
4743 1.27142857143 0.47142857143
4744 1.28571428571 0.47142857143
4745 1.30000000000 0.47142857143
4746 1.31428571429 0.47142857143
4747 1.32857142857 0.47142857143
4748 1.34285714286 0.47142857143
4749 1.35714285714 0.47142857143
4750 1.37142857143 0.47142857143
4751 1.38571428571 0.47142857143
4752 1.40000000000 0.47142857143
4753 1.41428571429 0.47142857143
4754 1.42857142857 0.47142857143
4755 1.44285714286 0.47142857143
4756 1.45714285714 0.47142857143
4757 1.47142857143 0.47142857143
4758 1.48571428571 0.47142857143
4759 1.50000000000 0.47142857143
4760 1.51428571429 0.47142857143
4761 1.52857142857 0.47142857143
4762 1.54285714286 0.47142857143
4763 1.55714285714 0.47142857143
4764 1.57142857143 0.47142857143
4765 1.58571428571 0.47142857143
4766 1.60000000000 0.47142857143
4767 1.61428571429 0.47142857143
4768 1.62857142857 0.47142857143
4769 1.64285714286 0.47142857143
4770 1.65714285714 0.47142857143
4771 1.67142857143 0.47142857143
4772 1.68571428571 0.47142857143
4773 1.70000000000 0.47142857143
4774 1.71428571429 0.47142857143
4775 1.72857142857 0.47142857143
4776 1.74285714286 0.47142857143
4777 1.75714285714 0.47142857143
4778 1.77142857143 0.47142857143
4779 1.78571428571 0.47142857143
4780 1.80000000000 0.47142857143
4781 1.81428571429 0.47142857143
4782 1.82857142857 0.47142857143
4783 1.84285714286 0.47142857143
4784 1.85714285714 0.47142857143
4785 1.87142857143 0.47142857143
4786 1.88571428571 0.47142857143
4787 1.90000000000 0.47142857143
4788 1.91428571429 0.47142857143
4789 1.92857142857 0.47142857143
4790 1.94285714286 0.47142857143
4791 1.95714285714 0.47142857143
4792 1.97142857143 0.47142857143
4793 1.98571428571 0.47142857143
4794 2.00000000000 0.47142857143
4795 0.00000000000 0.48571428571
4796 0.01428571429 0.48571428571
4797 0.02857142857 0.48571428571
4798 0.04285714286 0.48571428571
4799 0.05714285714 0.48571428571
4800 0.07142857143 0.48571428571
4801 0.08571428571 0.48571428571
4802 0.10000000000 0.48571428571
4803 0.11428571429 0.48571428571
4804 0.12857142857 0.48571428571
4805 0.14285714286 0.48571428571
4806 0.15714285714 0.48571428571
4807 0.17142857143 0.48571428571
4808 0.18571428571 0.48571428571
4809 0.20000000000 0.48571428571
4810 0.21428571429 0.48571428571
4811 0.22857142857 0.48571428571
4812 0.24285714286 0.48571428571
4813 0.25714285714 0.48571428571
4814 0.27142857143 0.48571428571
4815 0.28571428571 0.48571428571
4816 0.30000000000 0.48571428571
4817 0.31428571429 0.48571428571
4818 0.32857142857 0.48571428571
4819 0.34285714286 0.48571428571
4820 0.35714285714 0.48571428571
4821 0.37142857143 0.48571428571
4822 0.38571428571 0.48571428571
4823 0.40000000000 0.48571428571
4824 0.41428571429 0.48571428571
4825 0.42857142857 0.48571428571
4826 0.44285714286 0.48571428571
4827 0.45714285714 0.48571428571
4828 0.47142857143 0.48571428571
4829 0.48571428571 0.48571428571
4830 0.50000000000 0.48571428571
4831 0.51428571429 0.48571428571
4832 0.52857142857 0.48571428571
4833 0.54285714286 0.48571428571
4834 0.55714285714 0.48571428571
4835 0.57142857143 0.48571428571
4836 0.58571428571 0.48571428571
4837 0.60000000000 0.48571428571
4838 0.61428571429 0.48571428571
4839 0.62857142857 0.48571428571
4840 0.64285714286 0.48571428571
4841 0.65714285714 0.48571428571
4842 0.67142857143 0.48571428571
4843 0.68571428571 0.48571428571
4844 0.70000000000 0.48571428571
4845 0.71428571429 0.48571428571
4846 0.72857142857 0.48571428571
4847 0.74285714286 0.48571428571
4848 0.75714285714 0.48571428571
4849 0.77142857143 0.48571428571
4850 0.78571428571 0.48571428571
4851 0.80000000000 0.48571428571
4852 0.81428571429 0.48571428571
4853 0.82857142857 0.48571428571
4854 0.84285714286 0.48571428571
4855 0.85714285714 0.48571428571
4856 0.87142857143 0.48571428571
4857 0.88571428571 0.48571428571
4858 0.90000000000 0.48571428571
4859 0.91428571429 0.48571428571
4860 0.92857142857 0.48571428571
4861 0.94285714286 0.48571428571
4862 0.95714285714 0.48571428571
4863 0.97142857143 0.48571428571
4864 0.98571428571 0.48571428571
4865 1.00000000000 0.48571428571
4866 1.01428571429 0.48571428571
4867 1.02857142857 0.48571428571
4868 1.04285714286 0.48571428571
4869 1.05714285714 0.48571428571
4870 1.07142857143 0.48571428571
4871 1.08571428571 0.48571428571
4872 1.10000000000 0.48571428571
4873 1.11428571429 0.48571428571
4874 1.12857142857 0.48571428571
4875 1.14285714286 0.48571428571
4876 1.15714285714 0.48571428571
4877 1.17142857143 0.48571428571
4878 1.18571428571 0.48571428571
4879 1.20000000000 0.48571428571
4880 1.21428571429 0.48571428571
4881 1.22857142857 0.48571428571
4882 1.24285714286 0.48571428571
4883 1.25714285714 0.48571428571
4884 1.27142857143 0.48571428571
4885 1.28571428571 0.48571428571
4886 1.30000000000 0.48571428571
4887 1.31428571429 0.48571428571
4888 1.32857142857 0.48571428571
4889 1.34285714286 0.48571428571
4890 1.35714285714 0.48571428571
4891 1.37142857143 0.48571428571
4892 1.38571428571 0.48571428571
4893 1.40000000000 0.48571428571
4894 1.41428571429 0.48571428571
4895 1.42857142857 0.48571428571
4896 1.44285714286 0.48571428571
4897 1.45714285714 0.48571428571
4898 1.47142857143 0.48571428571
4899 1.48571428571 0.48571428571
4900 1.50000000000 0.48571428571
4901 1.51428571429 0.48571428571
4902 1.52857142857 0.48571428571
4903 1.54285714286 0.48571428571
4904 1.55714285714 0.48571428571
4905 1.57142857143 0.48571428571
4906 1.58571428571 0.48571428571
4907 1.60000000000 0.48571428571
4908 1.61428571429 0.48571428571
4909 1.62857142857 0.48571428571
4910 1.64285714286 0.48571428571
4911 1.65714285714 0.48571428571
4912 1.67142857143 0.48571428571
4913 1.68571428571 0.48571428571
4914 1.70000000000 0.48571428571
4915 1.71428571429 0.48571428571
4916 1.72857142857 0.48571428571
4917 1.74285714286 0.48571428571
4918 1.75714285714 0.48571428571
4919 1.77142857143 0.48571428571
4920 1.78571428571 0.48571428571
4921 1.80000000000 0.48571428571
4922 1.81428571429 0.48571428571
4923 1.82857142857 0.48571428571
4924 1.84285714286 0.48571428571
4925 1.85714285714 0.48571428571
4926 1.87142857143 0.48571428571
4927 1.88571428571 0.48571428571
4928 1.90000000000 0.48571428571
4929 1.91428571429 0.48571428571
4930 1.92857142857 0.48571428571
4931 1.94285714286 0.48571428571
4932 1.95714285714 0.48571428571
4933 1.97142857143 0.48571428571
4934 1.98571428571 0.48571428571
4935 2.00000000000 0.48571428571
4936 0.00000000000 0.50000000000
4937 0.01428571429 0.50000000000
4938 0.02857142857 0.50000000000
4939 0.04285714286 0.50000000000
4940 0.05714285714 0.50000000000
4941 0.07142857143 0.50000000000
4942 0.08571428571 0.50000000000
4943 0.10000000000 0.50000000000
4944 0.11428571429 0.50000000000
4945 0.12857142857 0.50000000000
4946 0.14285714286 0.50000000000
4947 0.15714285714 0.50000000000
4948 0.17142857143 0.50000000000
4949 0.18571428571 0.50000000000
4950 0.20000000000 0.50000000000
4951 0.21428571429 0.50000000000
4952 0.22857142857 0.50000000000
4953 0.24285714286 0.50000000000
4954 0.25714285714 0.50000000000
4955 0.27142857143 0.50000000000
4956 0.28571428571 0.50000000000
4957 0.30000000000 0.50000000000
4958 0.31428571429 0.50000000000
4959 0.32857142857 0.50000000000
4960 0.34285714286 0.50000000000
4961 0.35714285714 0.50000000000
4962 0.37142857143 0.50000000000
4963 0.38571428571 0.50000000000
4964 0.40000000000 0.50000000000
4965 0.41428571429 0.50000000000
4966 0.42857142857 0.50000000000
4967 0.44285714286 0.50000000000
4968 0.45714285714 0.50000000000
4969 0.47142857143 0.50000000000
4970 0.48571428571 0.50000000000
4971 0.50000000000 0.50000000000
4972 0.51428571429 0.50000000000
4973 0.52857142857 0.50000000000
4974 0.54285714286 0.50000000000
4975 0.55714285714 0.50000000000
4976 0.57142857143 0.50000000000
4977 0.58571428571 0.50000000000
4978 0.60000000000 0.50000000000
4979 0.61428571429 0.50000000000
4980 0.62857142857 0.50000000000
4981 0.64285714286 0.50000000000
4982 0.65714285714 0.50000000000
4983 0.67142857143 0.50000000000
4984 0.68571428571 0.50000000000
4985 0.70000000000 0.50000000000
4986 0.71428571429 0.50000000000
4987 0.72857142857 0.50000000000
4988 0.74285714286 0.50000000000
4989 0.75714285714 0.50000000000
4990 0.77142857143 0.50000000000
4991 0.78571428571 0.50000000000
4992 0.80000000000 0.50000000000
4993 0.81428571429 0.50000000000
4994 0.82857142857 0.50000000000
4995 0.84285714286 0.50000000000
4996 0.85714285714 0.50000000000
4997 0.87142857143 0.50000000000
4998 0.88571428571 0.50000000000
4999 0.90000000000 0.50000000000
5000 0.91428571429 0.50000000000
5001 0.92857142857 0.50000000000
5002 0.94285714286 0.50000000000
5003 0.95714285714 0.50000000000
5004 0.97142857143 0.50000000000
5005 0.98571428571 0.50000000000
5006 1.00000000000 0.50000000000
5007 1.01428571429 0.50000000000
5008 1.02857142857 0.50000000000
5009 1.04285714286 0.50000000000
5010 1.05714285714 0.50000000000
5011 1.07142857143 0.50000000000
5012 1.08571428571 0.50000000000
5013 1.10000000000 0.50000000000
5014 1.11428571429 0.50000000000
5015 1.12857142857 0.50000000000
5016 1.14285714286 0.50000000000
5017 1.15714285714 0.50000000000
5018 1.17142857143 0.50000000000
5019 1.18571428571 0.50000000000
5020 1.20000000000 0.50000000000
5021 1.21428571429 0.50000000000
5022 1.22857142857 0.50000000000
5023 1.24285714286 0.50000000000
5024 1.25714285714 0.50000000000
5025 1.27142857143 0.50000000000
5026 1.28571428571 0.50000000000
5027 1.30000000000 0.50000000000
5028 1.31428571429 0.50000000000
5029 1.32857142857 0.50000000000
5030 1.34285714286 0.50000000000
5031 1.35714285714 0.50000000000
5032 1.37142857143 0.50000000000
5033 1.38571428571 0.50000000000
5034 1.40000000000 0.50000000000
5035 1.41428571429 0.50000000000
5036 1.42857142857 0.50000000000
5037 1.44285714286 0.50000000000
5038 1.45714285714 0.50000000000
5039 1.47142857143 0.50000000000
5040 1.48571428571 0.50000000000
5041 1.50000000000 0.50000000000
5042 1.51428571429 0.50000000000
5043 1.52857142857 0.50000000000
5044 1.54285714286 0.50000000000
5045 1.55714285714 0.50000000000
5046 1.57142857143 0.50000000000
5047 1.58571428571 0.50000000000
5048 1.60000000000 0.50000000000
5049 1.61428571429 0.50000000000
5050 1.62857142857 0.50000000000
5051 1.64285714286 0.50000000000
5052 1.65714285714 0.50000000000
5053 1.67142857143 0.50000000000
5054 1.68571428571 0.50000000000
5055 1.70000000000 0.50000000000
5056 1.71428571429 0.50000000000
5057 1.72857142857 0.50000000000
5058 1.74285714286 0.50000000000
5059 1.75714285714 0.50000000000
5060 1.77142857143 0.50000000000
5061 1.78571428571 0.50000000000
5062 1.80000000000 0.50000000000
5063 1.81428571429 0.50000000000
5064 1.82857142857 0.50000000000
5065 1.84285714286 0.50000000000
5066 1.85714285714 0.50000000000
5067 1.87142857143 0.50000000000
5068 1.88571428571 0.50000000000
5069 1.90000000000 0.50000000000
5070 1.91428571429 0.50000000000
5071 1.92857142857 0.50000000000
5072 1.94285714286 0.50000000000
5073 1.95714285714 0.50000000000
5074 1.97142857143 0.50000000000
5075 1.98571428571 0.50000000000
5076 2.00000000000 0.50000000000
5077 0.00000000000 0.51428571429
5078 0.01428571429 0.51428571429
5079 0.02857142857 0.51428571429
5080 0.04285714286 0.51428571429
5081 0.05714285714 0.51428571429
5082 0.07142857143 0.51428571429
5083 0.08571428571 0.51428571429
5084 0.10000000000 0.51428571429
5085 0.11428571429 0.51428571429
5086 0.12857142857 0.51428571429
5087 0.14285714286 0.51428571429
5088 0.15714285714 0.51428571429
5089 0.17142857143 0.51428571429
5090 0.18571428571 0.51428571429
5091 0.20000000000 0.51428571429
5092 0.21428571429 0.51428571429
5093 0.22857142857 0.51428571429
5094 0.24285714286 0.51428571429
5095 0.25714285714 0.51428571429
5096 0.27142857143 0.51428571429
5097 0.28571428571 0.51428571429
5098 0.30000000000 0.51428571429
5099 0.31428571429 0.51428571429
5100 0.32857142857 0.51428571429
5101 0.34285714286 0.51428571429
5102 0.35714285714 0.51428571429
5103 0.37142857143 0.51428571429
5104 0.38571428571 0.51428571429
5105 0.40000000000 0.51428571429
5106 0.41428571429 0.51428571429
5107 0.42857142857 0.51428571429
5108 0.44285714286 0.51428571429
5109 0.45714285714 0.51428571429
5110 0.47142857143 0.51428571429
5111 0.48571428571 0.51428571429
5112 0.50000000000 0.51428571429
5113 0.51428571429 0.51428571429
5114 0.52857142857 0.51428571429
5115 0.54285714286 0.51428571429
5116 0.55714285714 0.51428571429
5117 0.57142857143 0.51428571429
5118 0.58571428571 0.51428571429
5119 0.60000000000 0.51428571429
5120 0.61428571429 0.51428571429
5121 0.62857142857 0.51428571429
5122 0.64285714286 0.51428571429
5123 0.65714285714 0.51428571429
5124 0.67142857143 0.51428571429
5125 0.68571428571 0.51428571429
5126 0.70000000000 0.51428571429
5127 0.71428571429 0.51428571429
5128 0.72857142857 0.51428571429
5129 0.74285714286 0.51428571429
5130 0.75714285714 0.51428571429
5131 0.77142857143 0.51428571429
5132 0.78571428571 0.51428571429
5133 0.80000000000 0.51428571429
5134 0.81428571429 0.51428571429
5135 0.82857142857 0.51428571429
5136 0.84285714286 0.51428571429
5137 0.85714285714 0.51428571429
5138 0.87142857143 0.51428571429
5139 0.88571428571 0.51428571429
5140 0.90000000000 0.51428571429
5141 0.91428571429 0.51428571429
5142 0.92857142857 0.51428571429
5143 0.94285714286 0.51428571429
5144 0.95714285714 0.51428571429
5145 0.97142857143 0.51428571429
5146 0.98571428571 0.51428571429
5147 1.00000000000 0.51428571429
5148 1.01428571429 0.51428571429
5149 1.02857142857 0.51428571429
5150 1.04285714286 0.51428571429
5151 1.05714285714 0.51428571429
5152 1.07142857143 0.51428571429
5153 1.08571428571 0.51428571429
5154 1.10000000000 0.51428571429
5155 1.11428571429 0.51428571429
5156 1.12857142857 0.51428571429
5157 1.14285714286 0.51428571429
5158 1.15714285714 0.51428571429
5159 1.17142857143 0.51428571429
5160 1.18571428571 0.51428571429
5161 1.20000000000 0.51428571429
5162 1.21428571429 0.51428571429
5163 1.22857142857 0.51428571429
5164 1.24285714286 0.51428571429
5165 1.25714285714 0.51428571429
5166 1.27142857143 0.51428571429
5167 1.28571428571 0.51428571429
5168 1.30000000000 0.51428571429
5169 1.31428571429 0.51428571429
5170 1.32857142857 0.51428571429
5171 1.34285714286 0.51428571429
5172 1.35714285714 0.51428571429
5173 1.37142857143 0.51428571429
5174 1.38571428571 0.51428571429
5175 1.40000000000 0.51428571429
5176 1.41428571429 0.51428571429
5177 1.42857142857 0.51428571429
5178 1.44285714286 0.51428571429
5179 1.45714285714 0.51428571429
5180 1.47142857143 0.51428571429
5181 1.48571428571 0.51428571429
5182 1.50000000000 0.51428571429
5183 1.51428571429 0.51428571429
5184 1.52857142857 0.51428571429
5185 1.54285714286 0.51428571429
5186 1.55714285714 0.51428571429
5187 1.57142857143 0.51428571429
5188 1.58571428571 0.51428571429
5189 1.60000000000 0.51428571429
5190 1.61428571429 0.51428571429
5191 1.62857142857 0.51428571429
5192 1.64285714286 0.51428571429
5193 1.65714285714 0.51428571429
5194 1.67142857143 0.51428571429
5195 1.68571428571 0.51428571429
5196 1.70000000000 0.51428571429
5197 1.71428571429 0.51428571429
5198 1.72857142857 0.51428571429
5199 1.74285714286 0.51428571429
5200 1.75714285714 0.51428571429
5201 1.77142857143 0.51428571429
5202 1.78571428571 0.51428571429
5203 1.80000000000 0.51428571429
5204 1.81428571429 0.51428571429
5205 1.82857142857 0.51428571429
5206 1.84285714286 0.51428571429
5207 1.85714285714 0.51428571429
5208 1.87142857143 0.51428571429
5209 1.88571428571 0.51428571429
5210 1.90000000000 0.51428571429
5211 1.91428571429 0.51428571429
5212 1.92857142857 0.51428571429
5213 1.94285714286 0.51428571429
5214 1.95714285714 0.51428571429
5215 1.97142857143 0.51428571429
5216 1.98571428571 0.51428571429
5217 2.00000000000 0.51428571429
5218 0.00000000000 0.52857142857
5219 0.01428571429 0.52857142857
5220 0.02857142857 0.52857142857
5221 0.04285714286 0.52857142857
5222 0.05714285714 0.52857142857
5223 0.07142857143 0.52857142857
5224 0.08571428571 0.52857142857
5225 0.10000000000 0.52857142857
5226 0.11428571429 0.52857142857
5227 0.12857142857 0.52857142857
5228 0.14285714286 0.52857142857
5229 0.15714285714 0.52857142857
5230 0.17142857143 0.52857142857
5231 0.18571428571 0.52857142857
5232 0.20000000000 0.52857142857
5233 0.21428571429 0.52857142857
5234 0.22857142857 0.52857142857
5235 0.24285714286 0.52857142857
5236 0.25714285714 0.52857142857
5237 0.27142857143 0.52857142857
5238 0.28571428571 0.52857142857
5239 0.30000000000 0.52857142857
5240 0.31428571429 0.52857142857
5241 0.32857142857 0.52857142857
5242 0.34285714286 0.52857142857
5243 0.35714285714 0.52857142857
5244 0.37142857143 0.52857142857
5245 0.38571428571 0.52857142857
5246 0.40000000000 0.52857142857
5247 0.41428571429 0.52857142857
5248 0.42857142857 0.52857142857
5249 0.44285714286 0.52857142857
5250 0.45714285714 0.52857142857
5251 0.47142857143 0.52857142857
5252 0.48571428571 0.52857142857
5253 0.50000000000 0.52857142857
5254 0.51428571429 0.52857142857
5255 0.52857142857 0.52857142857
5256 0.54285714286 0.52857142857
5257 0.55714285714 0.52857142857
5258 0.57142857143 0.52857142857
5259 0.58571428571 0.52857142857
5260 0.60000000000 0.52857142857
5261 0.61428571429 0.52857142857
5262 0.62857142857 0.52857142857
5263 0.64285714286 0.52857142857
5264 0.65714285714 0.52857142857
5265 0.67142857143 0.52857142857
5266 0.68571428571 0.52857142857
5267 0.70000000000 0.52857142857
5268 0.71428571429 0.52857142857
5269 0.72857142857 0.52857142857
5270 0.74285714286 0.52857142857
5271 0.75714285714 0.52857142857
5272 0.77142857143 0.52857142857
5273 0.78571428571 0.52857142857
5274 0.80000000000 0.52857142857
5275 0.81428571429 0.52857142857
5276 0.82857142857 0.52857142857
5277 0.84285714286 0.52857142857
5278 0.85714285714 0.52857142857
5279 0.87142857143 0.52857142857
5280 0.88571428571 0.52857142857
5281 0.90000000000 0.52857142857
5282 0.91428571429 0.52857142857
5283 0.92857142857 0.52857142857
5284 0.94285714286 0.52857142857
5285 0.95714285714 0.52857142857
5286 0.97142857143 0.52857142857
5287 0.98571428571 0.52857142857
5288 1.00000000000 0.52857142857
5289 1.01428571429 0.52857142857
5290 1.02857142857 0.52857142857
5291 1.04285714286 0.52857142857
5292 1.05714285714 0.52857142857
5293 1.07142857143 0.52857142857
5294 1.08571428571 0.52857142857
5295 1.10000000000 0.52857142857
5296 1.11428571429 0.52857142857
5297 1.12857142857 0.52857142857
5298 1.14285714286 0.52857142857
5299 1.15714285714 0.52857142857
5300 1.17142857143 0.52857142857
5301 1.18571428571 0.52857142857
5302 1.20000000000 0.52857142857
5303 1.21428571429 0.52857142857
5304 1.22857142857 0.52857142857
5305 1.24285714286 0.52857142857
5306 1.25714285714 0.52857142857
5307 1.27142857143 0.52857142857
5308 1.28571428571 0.52857142857
5309 1.30000000000 0.52857142857
5310 1.31428571429 0.52857142857
5311 1.32857142857 0.52857142857
5312 1.34285714286 0.52857142857
5313 1.35714285714 0.52857142857
5314 1.37142857143 0.52857142857
5315 1.38571428571 0.52857142857
5316 1.40000000000 0.52857142857
5317 1.41428571429 0.52857142857
5318 1.42857142857 0.52857142857
5319 1.44285714286 0.52857142857
5320 1.45714285714 0.52857142857
5321 1.47142857143 0.52857142857
5322 1.48571428571 0.52857142857
5323 1.50000000000 0.52857142857
5324 1.51428571429 0.52857142857
5325 1.52857142857 0.52857142857
5326 1.54285714286 0.52857142857
5327 1.55714285714 0.52857142857
5328 1.57142857143 0.52857142857
5329 1.58571428571 0.52857142857
5330 1.60000000000 0.52857142857
5331 1.61428571429 0.52857142857
5332 1.62857142857 0.52857142857
5333 1.64285714286 0.52857142857
5334 1.65714285714 0.52857142857
5335 1.67142857143 0.52857142857
5336 1.68571428571 0.52857142857
5337 1.70000000000 0.52857142857
5338 1.71428571429 0.52857142857
5339 1.72857142857 0.52857142857
5340 1.74285714286 0.52857142857
5341 1.75714285714 0.52857142857
5342 1.77142857143 0.52857142857
5343 1.78571428571 0.52857142857
5344 1.80000000000 0.52857142857
5345 1.81428571429 0.52857142857
5346 1.82857142857 0.52857142857
5347 1.84285714286 0.52857142857
5348 1.85714285714 0.52857142857
5349 1.87142857143 0.52857142857
5350 1.88571428571 0.52857142857
5351 1.90000000000 0.52857142857
5352 1.91428571429 0.52857142857
5353 1.92857142857 0.52857142857
5354 1.94285714286 0.52857142857
5355 1.95714285714 0.52857142857
5356 1.97142857143 0.52857142857
5357 1.98571428571 0.52857142857
5358 2.00000000000 0.52857142857
5359 0.00000000000 0.54285714286
5360 0.01428571429 0.54285714286
5361 0.02857142857 0.54285714286
5362 0.04285714286 0.54285714286
5363 0.05714285714 0.54285714286
5364 0.07142857143 0.54285714286
5365 0.08571428571 0.54285714286
5366 0.10000000000 0.54285714286
5367 0.11428571429 0.54285714286
5368 0.12857142857 0.54285714286
5369 0.14285714286 0.54285714286
5370 0.15714285714 0.54285714286
5371 0.17142857143 0.54285714286
5372 0.18571428571 0.54285714286
5373 0.20000000000 0.54285714286
5374 0.21428571429 0.54285714286
5375 0.22857142857 0.54285714286
5376 0.24285714286 0.54285714286
5377 0.25714285714 0.54285714286
5378 0.27142857143 0.54285714286
5379 0.28571428571 0.54285714286
5380 0.30000000000 0.54285714286
5381 0.31428571429 0.54285714286
5382 0.32857142857 0.54285714286
5383 0.34285714286 0.54285714286
5384 0.35714285714 0.54285714286
5385 0.37142857143 0.54285714286
5386 0.38571428571 0.54285714286
5387 0.40000000000 0.54285714286
5388 0.41428571429 0.54285714286
5389 0.42857142857 0.54285714286
5390 0.44285714286 0.54285714286
5391 0.45714285714 0.54285714286
5392 0.47142857143 0.54285714286
5393 0.48571428571 0.54285714286
5394 0.50000000000 0.54285714286
5395 0.51428571429 0.54285714286
5396 0.52857142857 0.54285714286
5397 0.54285714286 0.54285714286
5398 0.55714285714 0.54285714286
5399 0.57142857143 0.54285714286
5400 0.58571428571 0.54285714286
5401 0.60000000000 0.54285714286
5402 0.61428571429 0.54285714286
5403 0.62857142857 0.54285714286
5404 0.64285714286 0.54285714286
5405 0.65714285714 0.54285714286
5406 0.67142857143 0.54285714286
5407 0.68571428571 0.54285714286
5408 0.70000000000 0.54285714286
5409 0.71428571429 0.54285714286
5410 0.72857142857 0.54285714286
5411 0.74285714286 0.54285714286
5412 0.75714285714 0.54285714286
5413 0.77142857143 0.54285714286
5414 0.78571428571 0.54285714286
5415 0.80000000000 0.54285714286
5416 0.81428571429 0.54285714286
5417 0.82857142857 0.54285714286
5418 0.84285714286 0.54285714286
5419 0.85714285714 0.54285714286
5420 0.87142857143 0.54285714286
5421 0.88571428571 0.54285714286
5422 0.90000000000 0.54285714286
5423 0.91428571429 0.54285714286
5424 0.92857142857 0.54285714286
5425 0.94285714286 0.54285714286
5426 0.95714285714 0.54285714286
5427 0.97142857143 0.54285714286
5428 0.98571428571 0.54285714286
5429 1.00000000000 0.54285714286
5430 1.01428571429 0.54285714286
5431 1.02857142857 0.54285714286
5432 1.04285714286 0.54285714286
5433 1.05714285714 0.54285714286
5434 1.07142857143 0.54285714286
5435 1.08571428571 0.54285714286
5436 1.10000000000 0.54285714286
5437 1.11428571429 0.54285714286
5438 1.12857142857 0.54285714286
5439 1.14285714286 0.54285714286
5440 1.15714285714 0.54285714286
5441 1.17142857143 0.54285714286
5442 1.18571428571 0.54285714286
5443 1.20000000000 0.54285714286
5444 1.21428571429 0.54285714286
5445 1.22857142857 0.54285714286
5446 1.24285714286 0.54285714286
5447 1.25714285714 0.54285714286
5448 1.27142857143 0.54285714286
5449 1.28571428571 0.54285714286
5450 1.30000000000 0.54285714286
5451 1.31428571429 0.54285714286
5452 1.32857142857 0.54285714286
5453 1.34285714286 0.54285714286
5454 1.35714285714 0.54285714286
5455 1.37142857143 0.54285714286
5456 1.38571428571 0.54285714286
5457 1.40000000000 0.54285714286
5458 1.41428571429 0.54285714286
5459 1.42857142857 0.54285714286
5460 1.44285714286 0.54285714286
5461 1.45714285714 0.54285714286
5462 1.47142857143 0.54285714286
5463 1.48571428571 0.54285714286
5464 1.50000000000 0.54285714286
5465 1.51428571429 0.54285714286
5466 1.52857142857 0.54285714286
5467 1.54285714286 0.54285714286
5468 1.55714285714 0.54285714286
5469 1.57142857143 0.54285714286
5470 1.58571428571 0.54285714286
5471 1.60000000000 0.54285714286
5472 1.61428571429 0.54285714286
5473 1.62857142857 0.54285714286
5474 1.64285714286 0.54285714286
5475 1.65714285714 0.54285714286
5476 1.67142857143 0.54285714286
5477 1.68571428571 0.54285714286
5478 1.70000000000 0.54285714286
5479 1.71428571429 0.54285714286
5480 1.72857142857 0.54285714286
5481 1.74285714286 0.54285714286
5482 1.75714285714 0.54285714286
5483 1.77142857143 0.54285714286
5484 1.78571428571 0.54285714286
5485 1.80000000000 0.54285714286
5486 1.81428571429 0.54285714286
5487 1.82857142857 0.54285714286
5488 1.84285714286 0.54285714286
5489 1.85714285714 0.54285714286
5490 1.87142857143 0.54285714286
5491 1.88571428571 0.54285714286
5492 1.90000000000 0.54285714286
5493 1.91428571429 0.54285714286
5494 1.92857142857 0.54285714286
5495 1.94285714286 0.54285714286
5496 1.95714285714 0.54285714286
5497 1.97142857143 0.54285714286
5498 1.98571428571 0.54285714286
5499 2.00000000000 0.54285714286
5500 0.00000000000 0.55714285714
5501 0.01428571429 0.55714285714
5502 0.02857142857 0.55714285714
5503 0.04285714286 0.55714285714
5504 0.05714285714 0.55714285714
5505 0.07142857143 0.55714285714
5506 0.08571428571 0.55714285714
5507 0.10000000000 0.55714285714
5508 0.11428571429 0.55714285714
5509 0.12857142857 0.55714285714
5510 0.14285714286 0.55714285714
5511 0.15714285714 0.55714285714
5512 0.17142857143 0.55714285714
5513 0.18571428571 0.55714285714
5514 0.20000000000 0.55714285714
5515 0.21428571429 0.55714285714
5516 0.22857142857 0.55714285714
5517 0.24285714286 0.55714285714
5518 0.25714285714 0.55714285714
5519 0.27142857143 0.55714285714
5520 0.28571428571 0.55714285714
5521 0.30000000000 0.55714285714
5522 0.31428571429 0.55714285714
5523 0.32857142857 0.55714285714
5524 0.34285714286 0.55714285714
5525 0.35714285714 0.55714285714
5526 0.37142857143 0.55714285714
5527 0.38571428571 0.55714285714
5528 0.40000000000 0.55714285714
5529 0.41428571429 0.55714285714
5530 0.42857142857 0.55714285714
5531 0.44285714286 0.55714285714
5532 0.45714285714 0.55714285714
5533 0.47142857143 0.55714285714
5534 0.48571428571 0.55714285714
5535 0.50000000000 0.55714285714
5536 0.51428571429 0.55714285714
5537 0.52857142857 0.55714285714
5538 0.54285714286 0.55714285714
5539 0.55714285714 0.55714285714
5540 0.57142857143 0.55714285714
5541 0.58571428571 0.55714285714
5542 0.60000000000 0.55714285714
5543 0.61428571429 0.55714285714
5544 0.62857142857 0.55714285714
5545 0.64285714286 0.55714285714
5546 0.65714285714 0.55714285714
5547 0.67142857143 0.55714285714
5548 0.68571428571 0.55714285714
5549 0.70000000000 0.55714285714
5550 0.71428571429 0.55714285714
5551 0.72857142857 0.55714285714
5552 0.74285714286 0.55714285714
5553 0.75714285714 0.55714285714
5554 0.77142857143 0.55714285714
5555 0.78571428571 0.55714285714
5556 0.80000000000 0.55714285714
5557 0.81428571429 0.55714285714
5558 0.82857142857 0.55714285714
5559 0.84285714286 0.55714285714
5560 0.85714285714 0.55714285714
5561 0.87142857143 0.55714285714
5562 0.88571428571 0.55714285714
5563 0.90000000000 0.55714285714
5564 0.91428571429 0.55714285714
5565 0.92857142857 0.55714285714
5566 0.94285714286 0.55714285714
5567 0.95714285714 0.55714285714
5568 0.97142857143 0.55714285714
5569 0.98571428571 0.55714285714
5570 1.00000000000 0.55714285714
5571 1.01428571429 0.55714285714
5572 1.02857142857 0.55714285714
5573 1.04285714286 0.55714285714
5574 1.05714285714 0.55714285714
5575 1.07142857143 0.55714285714
5576 1.08571428571 0.55714285714
5577 1.10000000000 0.55714285714
5578 1.11428571429 0.55714285714
5579 1.12857142857 0.55714285714
5580 1.14285714286 0.55714285714
5581 1.15714285714 0.55714285714
5582 1.17142857143 0.55714285714
5583 1.18571428571 0.55714285714
5584 1.20000000000 0.55714285714
5585 1.21428571429 0.55714285714
5586 1.22857142857 0.55714285714
5587 1.24285714286 0.55714285714
5588 1.25714285714 0.55714285714
5589 1.27142857143 0.55714285714
5590 1.28571428571 0.55714285714
5591 1.30000000000 0.55714285714
5592 1.31428571429 0.55714285714
5593 1.32857142857 0.55714285714
5594 1.34285714286 0.55714285714
5595 1.35714285714 0.55714285714
5596 1.37142857143 0.55714285714
5597 1.38571428571 0.55714285714
5598 1.40000000000 0.55714285714
5599 1.41428571429 0.55714285714
5600 1.42857142857 0.55714285714
5601 1.44285714286 0.55714285714
5602 1.45714285714 0.55714285714
5603 1.47142857143 0.55714285714
5604 1.48571428571 0.55714285714
5605 1.50000000000 0.55714285714
5606 1.51428571429 0.55714285714
5607 1.52857142857 0.55714285714
5608 1.54285714286 0.55714285714
5609 1.55714285714 0.55714285714
5610 1.57142857143 0.55714285714
5611 1.58571428571 0.55714285714
5612 1.60000000000 0.55714285714
5613 1.61428571429 0.55714285714
5614 1.62857142857 0.55714285714
5615 1.64285714286 0.55714285714
5616 1.65714285714 0.55714285714
5617 1.67142857143 0.55714285714
5618 1.68571428571 0.55714285714
5619 1.70000000000 0.55714285714
5620 1.71428571429 0.55714285714
5621 1.72857142857 0.55714285714
5622 1.74285714286 0.55714285714
5623 1.75714285714 0.55714285714
5624 1.77142857143 0.55714285714
5625 1.78571428571 0.55714285714
5626 1.80000000000 0.55714285714
5627 1.81428571429 0.55714285714
5628 1.82857142857 0.55714285714
5629 1.84285714286 0.55714285714
5630 1.85714285714 0.55714285714
5631 1.87142857143 0.55714285714
5632 1.88571428571 0.55714285714
5633 1.90000000000 0.55714285714
5634 1.91428571429 0.55714285714
5635 1.92857142857 0.55714285714
5636 1.94285714286 0.55714285714
5637 1.95714285714 0.55714285714
5638 1.97142857143 0.55714285714
5639 1.98571428571 0.55714285714
5640 2.00000000000 0.55714285714
5641 0.00000000000 0.57142857143
5642 0.01428571429 0.57142857143
5643 0.02857142857 0.57142857143
5644 0.04285714286 0.57142857143
5645 0.05714285714 0.57142857143
5646 0.07142857143 0.57142857143
5647 0.08571428571 0.57142857143
5648 0.10000000000 0.57142857143
5649 0.11428571429 0.57142857143
5650 0.12857142857 0.57142857143
5651 0.14285714286 0.57142857143
5652 0.15714285714 0.57142857143
5653 0.17142857143 0.57142857143
5654 0.18571428571 0.57142857143
5655 0.20000000000 0.57142857143
5656 0.21428571429 0.57142857143
5657 0.22857142857 0.57142857143
5658 0.24285714286 0.57142857143
5659 0.25714285714 0.57142857143
5660 0.27142857143 0.57142857143
5661 0.28571428571 0.57142857143
5662 0.30000000000 0.57142857143
5663 0.31428571429 0.57142857143
5664 0.32857142857 0.57142857143
5665 0.34285714286 0.57142857143
5666 0.35714285714 0.57142857143
5667 0.37142857143 0.57142857143
5668 0.38571428571 0.57142857143
5669 0.40000000000 0.57142857143
5670 0.41428571429 0.57142857143
5671 0.42857142857 0.57142857143
5672 0.44285714286 0.57142857143
5673 0.45714285714 0.57142857143
5674 0.47142857143 0.57142857143
5675 0.48571428571 0.57142857143
5676 0.50000000000 0.57142857143
5677 0.51428571429 0.57142857143
5678 0.52857142857 0.57142857143
5679 0.54285714286 0.57142857143
5680 0.55714285714 0.57142857143
5681 0.57142857143 0.57142857143
5682 0.58571428571 0.57142857143
5683 0.60000000000 0.57142857143
5684 0.61428571429 0.57142857143
5685 0.62857142857 0.57142857143
5686 0.64285714286 0.57142857143
5687 0.65714285714 0.57142857143
5688 0.67142857143 0.57142857143
5689 0.68571428571 0.57142857143
5690 0.70000000000 0.57142857143
5691 0.71428571429 0.57142857143
5692 0.72857142857 0.57142857143
5693 0.74285714286 0.57142857143
5694 0.75714285714 0.57142857143
5695 0.77142857143 0.57142857143
5696 0.78571428571 0.57142857143
5697 0.80000000000 0.57142857143
5698 0.81428571429 0.57142857143
5699 0.82857142857 0.57142857143
5700 0.84285714286 0.57142857143
5701 0.85714285714 0.57142857143
5702 0.87142857143 0.57142857143
5703 0.88571428571 0.57142857143
5704 0.90000000000 0.57142857143
5705 0.91428571429 0.57142857143
5706 0.92857142857 0.57142857143
5707 0.94285714286 0.57142857143
5708 0.95714285714 0.57142857143
5709 0.97142857143 0.57142857143
5710 0.98571428571 0.57142857143
5711 1.00000000000 0.57142857143
5712 1.01428571429 0.57142857143
5713 1.02857142857 0.57142857143
5714 1.04285714286 0.57142857143
5715 1.05714285714 0.57142857143
5716 1.07142857143 0.57142857143
5717 1.08571428571 0.57142857143
5718 1.10000000000 0.57142857143
5719 1.11428571429 0.57142857143
5720 1.12857142857 0.57142857143
5721 1.14285714286 0.57142857143
5722 1.15714285714 0.57142857143
5723 1.17142857143 0.57142857143
5724 1.18571428571 0.57142857143
5725 1.20000000000 0.57142857143
5726 1.21428571429 0.57142857143
5727 1.22857142857 0.57142857143
5728 1.24285714286 0.57142857143
5729 1.25714285714 0.57142857143
5730 1.27142857143 0.57142857143
5731 1.28571428571 0.57142857143
5732 1.30000000000 0.57142857143
5733 1.31428571429 0.57142857143
5734 1.32857142857 0.57142857143
5735 1.34285714286 0.57142857143
5736 1.35714285714 0.57142857143
5737 1.37142857143 0.57142857143
5738 1.38571428571 0.57142857143
5739 1.40000000000 0.57142857143
5740 1.41428571429 0.57142857143
5741 1.42857142857 0.57142857143
5742 1.44285714286 0.57142857143
5743 1.45714285714 0.57142857143
5744 1.47142857143 0.57142857143
5745 1.48571428571 0.57142857143
5746 1.50000000000 0.57142857143
5747 1.51428571429 0.57142857143
5748 1.52857142857 0.57142857143
5749 1.54285714286 0.57142857143
5750 1.55714285714 0.57142857143
5751 1.57142857143 0.57142857143
5752 1.58571428571 0.57142857143
5753 1.60000000000 0.57142857143
5754 1.61428571429 0.57142857143
5755 1.62857142857 0.57142857143
5756 1.64285714286 0.57142857143
5757 1.65714285714 0.57142857143
5758 1.67142857143 0.57142857143
5759 1.68571428571 0.57142857143
5760 1.70000000000 0.57142857143
5761 1.71428571429 0.57142857143
5762 1.72857142857 0.57142857143
5763 1.74285714286 0.57142857143
5764 1.75714285714 0.57142857143
5765 1.77142857143 0.57142857143
5766 1.78571428571 0.57142857143
5767 1.80000000000 0.57142857143
5768 1.81428571429 0.57142857143
5769 1.82857142857 0.57142857143
5770 1.84285714286 0.57142857143
5771 1.85714285714 0.57142857143
5772 1.87142857143 0.57142857143
5773 1.88571428571 0.57142857143
5774 1.90000000000 0.57142857143
5775 1.91428571429 0.57142857143
5776 1.92857142857 0.57142857143
5777 1.94285714286 0.57142857143
5778 1.95714285714 0.57142857143
5779 1.97142857143 0.57142857143
5780 1.98571428571 0.57142857143
5781 2.00000000000 0.57142857143
5782 0.00000000000 0.58571428571
5783 0.01428571429 0.58571428571
5784 0.02857142857 0.58571428571
5785 0.04285714286 0.58571428571
5786 0.05714285714 0.58571428571
5787 0.07142857143 0.58571428571
5788 0.08571428571 0.58571428571
5789 0.10000000000 0.58571428571
5790 0.11428571429 0.58571428571
5791 0.12857142857 0.58571428571
5792 0.14285714286 0.58571428571
5793 0.15714285714 0.58571428571
5794 0.17142857143 0.58571428571
5795 0.18571428571 0.58571428571
5796 0.20000000000 0.58571428571
5797 0.21428571429 0.58571428571
5798 0.22857142857 0.58571428571
5799 0.24285714286 0.58571428571
5800 0.25714285714 0.58571428571
5801 0.27142857143 0.58571428571
5802 0.28571428571 0.58571428571
5803 0.30000000000 0.58571428571
5804 0.31428571429 0.58571428571
5805 0.32857142857 0.58571428571
5806 0.34285714286 0.58571428571
5807 0.35714285714 0.58571428571
5808 0.37142857143 0.58571428571
5809 0.38571428571 0.58571428571
5810 0.40000000000 0.58571428571
5811 0.41428571429 0.58571428571
5812 0.42857142857 0.58571428571
5813 0.44285714286 0.58571428571
5814 0.45714285714 0.58571428571
5815 0.47142857143 0.58571428571
5816 0.48571428571 0.58571428571
5817 0.50000000000 0.58571428571
5818 0.51428571429 0.58571428571
5819 0.52857142857 0.58571428571
5820 0.54285714286 0.58571428571
5821 0.55714285714 0.58571428571
5822 0.57142857143 0.58571428571
5823 0.58571428571 0.58571428571
5824 0.60000000000 0.58571428571
5825 0.61428571429 0.58571428571
5826 0.62857142857 0.58571428571
5827 0.64285714286 0.58571428571
5828 0.65714285714 0.58571428571
5829 0.67142857143 0.58571428571
5830 0.68571428571 0.58571428571
5831 0.70000000000 0.58571428571
5832 0.71428571429 0.58571428571
5833 0.72857142857 0.58571428571
5834 0.74285714286 0.58571428571
5835 0.75714285714 0.58571428571
5836 0.77142857143 0.58571428571
5837 0.78571428571 0.58571428571
5838 0.80000000000 0.58571428571
5839 0.81428571429 0.58571428571
5840 0.82857142857 0.58571428571
5841 0.84285714286 0.58571428571
5842 0.85714285714 0.58571428571
5843 0.87142857143 0.58571428571
5844 0.88571428571 0.58571428571
5845 0.90000000000 0.58571428571
5846 0.91428571429 0.58571428571
5847 0.92857142857 0.58571428571
5848 0.94285714286 0.58571428571
5849 0.95714285714 0.58571428571
5850 0.97142857143 0.58571428571
5851 0.98571428571 0.58571428571
5852 1.00000000000 0.58571428571
5853 1.01428571429 0.58571428571
5854 1.02857142857 0.58571428571
5855 1.04285714286 0.58571428571
5856 1.05714285714 0.58571428571
5857 1.07142857143 0.58571428571
5858 1.08571428571 0.58571428571
5859 1.10000000000 0.58571428571
5860 1.11428571429 0.58571428571
5861 1.12857142857 0.58571428571
5862 1.14285714286 0.58571428571
5863 1.15714285714 0.58571428571
5864 1.17142857143 0.58571428571
5865 1.18571428571 0.58571428571
5866 1.20000000000 0.58571428571
5867 1.21428571429 0.58571428571
5868 1.22857142857 0.58571428571
5869 1.24285714286 0.58571428571
5870 1.25714285714 0.58571428571
5871 1.27142857143 0.58571428571
5872 1.28571428571 0.58571428571
5873 1.30000000000 0.58571428571
5874 1.31428571429 0.58571428571
5875 1.32857142857 0.58571428571
5876 1.34285714286 0.58571428571
5877 1.35714285714 0.58571428571
5878 1.37142857143 0.58571428571
5879 1.38571428571 0.58571428571
5880 1.40000000000 0.58571428571
5881 1.41428571429 0.58571428571
5882 1.42857142857 0.58571428571
5883 1.44285714286 0.58571428571
5884 1.45714285714 0.58571428571
5885 1.47142857143 0.58571428571
5886 1.48571428571 0.58571428571
5887 1.50000000000 0.58571428571
5888 1.51428571429 0.58571428571
5889 1.52857142857 0.58571428571
5890 1.54285714286 0.58571428571
5891 1.55714285714 0.58571428571
5892 1.57142857143 0.58571428571
5893 1.58571428571 0.58571428571
5894 1.60000000000 0.58571428571
5895 1.61428571429 0.58571428571
5896 1.62857142857 0.58571428571
5897 1.64285714286 0.58571428571
5898 1.65714285714 0.58571428571
5899 1.67142857143 0.58571428571
5900 1.68571428571 0.58571428571
5901 1.70000000000 0.58571428571
5902 1.71428571429 0.58571428571
5903 1.72857142857 0.58571428571
5904 1.74285714286 0.58571428571
5905 1.75714285714 0.58571428571
5906 1.77142857143 0.58571428571
5907 1.78571428571 0.58571428571
5908 1.80000000000 0.58571428571
5909 1.81428571429 0.58571428571
5910 1.82857142857 0.58571428571
5911 1.84285714286 0.58571428571
5912 1.85714285714 0.58571428571
5913 1.87142857143 0.58571428571
5914 1.88571428571 0.58571428571
5915 1.90000000000 0.58571428571
5916 1.91428571429 0.58571428571
5917 1.92857142857 0.58571428571
5918 1.94285714286 0.58571428571
5919 1.95714285714 0.58571428571
5920 1.97142857143 0.58571428571
5921 1.98571428571 0.58571428571
5922 2.00000000000 0.58571428571
5923 0.00000000000 0.60000000000
5924 0.01428571429 0.60000000000
5925 0.02857142857 0.60000000000
5926 0.04285714286 0.60000000000
5927 0.05714285714 0.60000000000
5928 0.07142857143 0.60000000000
5929 0.08571428571 0.60000000000
5930 0.10000000000 0.60000000000
5931 0.11428571429 0.60000000000
5932 0.12857142857 0.60000000000
5933 0.14285714286 0.60000000000
5934 0.15714285714 0.60000000000
5935 0.17142857143 0.60000000000
5936 0.18571428571 0.60000000000
5937 0.20000000000 0.60000000000
5938 0.21428571429 0.60000000000
5939 0.22857142857 0.60000000000
5940 0.24285714286 0.60000000000
5941 0.25714285714 0.60000000000
5942 0.27142857143 0.60000000000
5943 0.28571428571 0.60000000000
5944 0.30000000000 0.60000000000
5945 0.31428571429 0.60000000000
5946 0.32857142857 0.60000000000
5947 0.34285714286 0.60000000000
5948 0.35714285714 0.60000000000
5949 0.37142857143 0.60000000000
5950 0.38571428571 0.60000000000
5951 0.40000000000 0.60000000000
5952 0.41428571429 0.60000000000
5953 0.42857142857 0.60000000000
5954 0.44285714286 0.60000000000
5955 0.45714285714 0.60000000000
5956 0.47142857143 0.60000000000
5957 0.48571428571 0.60000000000
5958 0.50000000000 0.60000000000
5959 0.51428571429 0.60000000000
5960 0.52857142857 0.60000000000
5961 0.54285714286 0.60000000000
5962 0.55714285714 0.60000000000
5963 0.57142857143 0.60000000000
5964 0.58571428571 0.60000000000
5965 0.60000000000 0.60000000000
5966 0.61428571429 0.60000000000
5967 0.62857142857 0.60000000000
5968 0.64285714286 0.60000000000
5969 0.65714285714 0.60000000000
5970 0.67142857143 0.60000000000
5971 0.68571428571 0.60000000000
5972 0.70000000000 0.60000000000
5973 0.71428571429 0.60000000000
5974 0.72857142857 0.60000000000
5975 0.74285714286 0.60000000000
5976 0.75714285714 0.60000000000
5977 0.77142857143 0.60000000000
5978 0.78571428571 0.60000000000
5979 0.80000000000 0.60000000000
5980 0.81428571429 0.60000000000
5981 0.82857142857 0.60000000000
5982 0.84285714286 0.60000000000
5983 0.85714285714 0.60000000000
5984 0.87142857143 0.60000000000
5985 0.88571428571 0.60000000000
5986 0.90000000000 0.60000000000
5987 0.91428571429 0.60000000000
5988 0.92857142857 0.60000000000
5989 0.94285714286 0.60000000000
5990 0.95714285714 0.60000000000
5991 0.97142857143 0.60000000000
5992 0.98571428571 0.60000000000
5993 1.00000000000 0.60000000000
5994 1.01428571429 0.60000000000
5995 1.02857142857 0.60000000000
5996 1.04285714286 0.60000000000
5997 1.05714285714 0.60000000000
5998 1.07142857143 0.60000000000
5999 1.08571428571 0.60000000000
6000 1.10000000000 0.60000000000
6001 1.11428571429 0.60000000000
6002 1.12857142857 0.60000000000
6003 1.14285714286 0.60000000000
6004 1.15714285714 0.60000000000
6005 1.17142857143 0.60000000000
6006 1.18571428571 0.60000000000
6007 1.20000000000 0.60000000000
6008 1.21428571429 0.60000000000
6009 1.22857142857 0.60000000000
6010 1.24285714286 0.60000000000
6011 1.25714285714 0.60000000000
6012 1.27142857143 0.60000000000
6013 1.28571428571 0.60000000000
6014 1.30000000000 0.60000000000
6015 1.31428571429 0.60000000000
6016 1.32857142857 0.60000000000
6017 1.34285714286 0.60000000000
6018 1.35714285714 0.60000000000
6019 1.37142857143 0.60000000000
6020 1.38571428571 0.60000000000
6021 1.40000000000 0.60000000000
6022 1.41428571429 0.60000000000
6023 1.42857142857 0.60000000000
6024 1.44285714286 0.60000000000
6025 1.45714285714 0.60000000000
6026 1.47142857143 0.60000000000
6027 1.48571428571 0.60000000000
6028 1.50000000000 0.60000000000
6029 1.51428571429 0.60000000000
6030 1.52857142857 0.60000000000
6031 1.54285714286 0.60000000000
6032 1.55714285714 0.60000000000
6033 1.57142857143 0.60000000000
6034 1.58571428571 0.60000000000
6035 1.60000000000 0.60000000000
6036 1.61428571429 0.60000000000
6037 1.62857142857 0.60000000000
6038 1.64285714286 0.60000000000
6039 1.65714285714 0.60000000000
6040 1.67142857143 0.60000000000
6041 1.68571428571 0.60000000000
6042 1.70000000000 0.60000000000
6043 1.71428571429 0.60000000000
6044 1.72857142857 0.60000000000
6045 1.74285714286 0.60000000000
6046 1.75714285714 0.60000000000
6047 1.77142857143 0.60000000000
6048 1.78571428571 0.60000000000
6049 1.80000000000 0.60000000000
6050 1.81428571429 0.60000000000
6051 1.82857142857 0.60000000000
6052 1.84285714286 0.60000000000
6053 1.85714285714 0.60000000000
6054 1.87142857143 0.60000000000
6055 1.88571428571 0.60000000000
6056 1.90000000000 0.60000000000
6057 1.91428571429 0.60000000000
6058 1.92857142857 0.60000000000
6059 1.94285714286 0.60000000000
6060 1.95714285714 0.60000000000
6061 1.97142857143 0.60000000000
6062 1.98571428571 0.60000000000
6063 2.00000000000 0.60000000000
6064 0.00000000000 0.61428571429
6065 0.01428571429 0.61428571429
6066 0.02857142857 0.61428571429
6067 0.04285714286 0.61428571429
6068 0.05714285714 0.61428571429
6069 0.07142857143 0.61428571429
6070 0.08571428571 0.61428571429
6071 0.10000000000 0.61428571429
6072 0.11428571429 0.61428571429
6073 0.12857142857 0.61428571429
6074 0.14285714286 0.61428571429
6075 0.15714285714 0.61428571429
6076 0.17142857143 0.61428571429
6077 0.18571428571 0.61428571429
6078 0.20000000000 0.61428571429
6079 0.21428571429 0.61428571429
6080 0.22857142857 0.61428571429
6081 0.24285714286 0.61428571429
6082 0.25714285714 0.61428571429
6083 0.27142857143 0.61428571429
6084 0.28571428571 0.61428571429
6085 0.30000000000 0.61428571429
6086 0.31428571429 0.61428571429
6087 0.32857142857 0.61428571429
6088 0.34285714286 0.61428571429
6089 0.35714285714 0.61428571429
6090 0.37142857143 0.61428571429
6091 0.38571428571 0.61428571429
6092 0.40000000000 0.61428571429
6093 0.41428571429 0.61428571429
6094 0.42857142857 0.61428571429
6095 0.44285714286 0.61428571429
6096 0.45714285714 0.61428571429
6097 0.47142857143 0.61428571429
6098 0.48571428571 0.61428571429
6099 0.50000000000 0.61428571429
6100 0.51428571429 0.61428571429
6101 0.52857142857 0.61428571429
6102 0.54285714286 0.61428571429
6103 0.55714285714 0.61428571429
6104 0.57142857143 0.61428571429
6105 0.58571428571 0.61428571429
6106 0.60000000000 0.61428571429
6107 0.61428571429 0.61428571429
6108 0.62857142857 0.61428571429
6109 0.64285714286 0.61428571429
6110 0.65714285714 0.61428571429
6111 0.67142857143 0.61428571429
6112 0.68571428571 0.61428571429
6113 0.70000000000 0.61428571429
6114 0.71428571429 0.61428571429
6115 0.72857142857 0.61428571429
6116 0.74285714286 0.61428571429
6117 0.75714285714 0.61428571429
6118 0.77142857143 0.61428571429
6119 0.78571428571 0.61428571429
6120 0.80000000000 0.61428571429
6121 0.81428571429 0.61428571429
6122 0.82857142857 0.61428571429
6123 0.84285714286 0.61428571429
6124 0.85714285714 0.61428571429
6125 0.87142857143 0.61428571429
6126 0.88571428571 0.61428571429
6127 0.90000000000 0.61428571429
6128 0.91428571429 0.61428571429
6129 0.92857142857 0.61428571429
6130 0.94285714286 0.61428571429
6131 0.95714285714 0.61428571429
6132 0.97142857143 0.61428571429
6133 0.98571428571 0.61428571429
6134 1.00000000000 0.61428571429
6135 1.01428571429 0.61428571429
6136 1.02857142857 0.61428571429
6137 1.04285714286 0.61428571429
6138 1.05714285714 0.61428571429
6139 1.07142857143 0.61428571429
6140 1.08571428571 0.61428571429
6141 1.10000000000 0.61428571429
6142 1.11428571429 0.61428571429
6143 1.12857142857 0.61428571429
6144 1.14285714286 0.61428571429
6145 1.15714285714 0.61428571429
6146 1.17142857143 0.61428571429
6147 1.18571428571 0.61428571429
6148 1.20000000000 0.61428571429
6149 1.21428571429 0.61428571429
6150 1.22857142857 0.61428571429
6151 1.24285714286 0.61428571429
6152 1.25714285714 0.61428571429
6153 1.27142857143 0.61428571429
6154 1.28571428571 0.61428571429
6155 1.30000000000 0.61428571429
6156 1.31428571429 0.61428571429
6157 1.32857142857 0.61428571429
6158 1.34285714286 0.61428571429
6159 1.35714285714 0.61428571429
6160 1.37142857143 0.61428571429
6161 1.38571428571 0.61428571429
6162 1.40000000000 0.61428571429
6163 1.41428571429 0.61428571429
6164 1.42857142857 0.61428571429
6165 1.44285714286 0.61428571429
6166 1.45714285714 0.61428571429
6167 1.47142857143 0.61428571429
6168 1.48571428571 0.61428571429
6169 1.50000000000 0.61428571429
6170 1.51428571429 0.61428571429
6171 1.52857142857 0.61428571429
6172 1.54285714286 0.61428571429
6173 1.55714285714 0.61428571429
6174 1.57142857143 0.61428571429
6175 1.58571428571 0.61428571429
6176 1.60000000000 0.61428571429
6177 1.61428571429 0.61428571429
6178 1.62857142857 0.61428571429
6179 1.64285714286 0.61428571429
6180 1.65714285714 0.61428571429
6181 1.67142857143 0.61428571429
6182 1.68571428571 0.61428571429
6183 1.70000000000 0.61428571429
6184 1.71428571429 0.61428571429
6185 1.72857142857 0.61428571429
6186 1.74285714286 0.61428571429
6187 1.75714285714 0.61428571429
6188 1.77142857143 0.61428571429
6189 1.78571428571 0.61428571429
6190 1.80000000000 0.61428571429
6191 1.81428571429 0.61428571429
6192 1.82857142857 0.61428571429
6193 1.84285714286 0.61428571429
6194 1.85714285714 0.61428571429
6195 1.87142857143 0.61428571429
6196 1.88571428571 0.61428571429
6197 1.90000000000 0.61428571429
6198 1.91428571429 0.61428571429
6199 1.92857142857 0.61428571429
6200 1.94285714286 0.61428571429
6201 1.95714285714 0.61428571429
6202 1.97142857143 0.61428571429
6203 1.98571428571 0.61428571429
6204 2.00000000000 0.61428571429
6205 0.00000000000 0.62857142857
6206 0.01428571429 0.62857142857
6207 0.02857142857 0.62857142857
6208 0.04285714286 0.62857142857
6209 0.05714285714 0.62857142857
6210 0.07142857143 0.62857142857
6211 0.08571428571 0.62857142857
6212 0.10000000000 0.62857142857
6213 0.11428571429 0.62857142857
6214 0.12857142857 0.62857142857
6215 0.14285714286 0.62857142857
6216 0.15714285714 0.62857142857
6217 0.17142857143 0.62857142857
6218 0.18571428571 0.62857142857
6219 0.20000000000 0.62857142857
6220 0.21428571429 0.62857142857
6221 0.22857142857 0.62857142857
6222 0.24285714286 0.62857142857
6223 0.25714285714 0.62857142857
6224 0.27142857143 0.62857142857
6225 0.28571428571 0.62857142857
6226 0.30000000000 0.62857142857
6227 0.31428571429 0.62857142857
6228 0.32857142857 0.62857142857
6229 0.34285714286 0.62857142857
6230 0.35714285714 0.62857142857
6231 0.37142857143 0.62857142857
6232 0.38571428571 0.62857142857
6233 0.40000000000 0.62857142857
6234 0.41428571429 0.62857142857
6235 0.42857142857 0.62857142857
6236 0.44285714286 0.62857142857
6237 0.45714285714 0.62857142857
6238 0.47142857143 0.62857142857
6239 0.48571428571 0.62857142857
6240 0.50000000000 0.62857142857
6241 0.51428571429 0.62857142857
6242 0.52857142857 0.62857142857
6243 0.54285714286 0.62857142857
6244 0.55714285714 0.62857142857
6245 0.57142857143 0.62857142857
6246 0.58571428571 0.62857142857
6247 0.60000000000 0.62857142857
6248 0.61428571429 0.62857142857
6249 0.62857142857 0.62857142857
6250 0.64285714286 0.62857142857
6251 0.65714285714 0.62857142857
6252 0.67142857143 0.62857142857
6253 0.68571428571 0.62857142857
6254 0.70000000000 0.62857142857
6255 0.71428571429 0.62857142857
6256 0.72857142857 0.62857142857
6257 0.74285714286 0.62857142857
6258 0.75714285714 0.62857142857
6259 0.77142857143 0.62857142857
6260 0.78571428571 0.62857142857
6261 0.80000000000 0.62857142857
6262 0.81428571429 0.62857142857
6263 0.82857142857 0.62857142857
6264 0.84285714286 0.62857142857
6265 0.85714285714 0.62857142857
6266 0.87142857143 0.62857142857
6267 0.88571428571 0.62857142857
6268 0.90000000000 0.62857142857
6269 0.91428571429 0.62857142857
6270 0.92857142857 0.62857142857
6271 0.94285714286 0.62857142857
6272 0.95714285714 0.62857142857
6273 0.97142857143 0.62857142857
6274 0.98571428571 0.62857142857
6275 1.00000000000 0.62857142857
6276 1.01428571429 0.62857142857
6277 1.02857142857 0.62857142857
6278 1.04285714286 0.62857142857
6279 1.05714285714 0.62857142857
6280 1.07142857143 0.62857142857
6281 1.08571428571 0.62857142857
6282 1.10000000000 0.62857142857
6283 1.11428571429 0.62857142857
6284 1.12857142857 0.62857142857
6285 1.14285714286 0.62857142857
6286 1.15714285714 0.62857142857
6287 1.17142857143 0.62857142857
6288 1.18571428571 0.62857142857
6289 1.20000000000 0.62857142857
6290 1.21428571429 0.62857142857
6291 1.22857142857 0.62857142857
6292 1.24285714286 0.62857142857
6293 1.25714285714 0.62857142857
6294 1.27142857143 0.62857142857
6295 1.28571428571 0.62857142857
6296 1.30000000000 0.62857142857
6297 1.31428571429 0.62857142857
6298 1.32857142857 0.62857142857
6299 1.34285714286 0.62857142857
6300 1.35714285714 0.62857142857
6301 1.37142857143 0.62857142857
6302 1.38571428571 0.62857142857
6303 1.40000000000 0.62857142857
6304 1.41428571429 0.62857142857
6305 1.42857142857 0.62857142857
6306 1.44285714286 0.62857142857
6307 1.45714285714 0.62857142857
6308 1.47142857143 0.62857142857
6309 1.48571428571 0.62857142857
6310 1.50000000000 0.62857142857
6311 1.51428571429 0.62857142857
6312 1.52857142857 0.62857142857
6313 1.54285714286 0.62857142857
6314 1.55714285714 0.62857142857
6315 1.57142857143 0.62857142857
6316 1.58571428571 0.62857142857
6317 1.60000000000 0.62857142857
6318 1.61428571429 0.62857142857
6319 1.62857142857 0.62857142857
6320 1.64285714286 0.62857142857
6321 1.65714285714 0.62857142857
6322 1.67142857143 0.62857142857
6323 1.68571428571 0.62857142857
6324 1.70000000000 0.62857142857
6325 1.71428571429 0.62857142857
6326 1.72857142857 0.62857142857
6327 1.74285714286 0.62857142857
6328 1.75714285714 0.62857142857
6329 1.77142857143 0.62857142857
6330 1.78571428571 0.62857142857
6331 1.80000000000 0.62857142857
6332 1.81428571429 0.62857142857
6333 1.82857142857 0.62857142857
6334 1.84285714286 0.62857142857
6335 1.85714285714 0.62857142857
6336 1.87142857143 0.62857142857
6337 1.88571428571 0.62857142857
6338 1.90000000000 0.62857142857
6339 1.91428571429 0.62857142857
6340 1.92857142857 0.62857142857
6341 1.94285714286 0.62857142857
6342 1.95714285714 0.62857142857
6343 1.97142857143 0.62857142857
6344 1.98571428571 0.62857142857
6345 2.00000000000 0.62857142857
6346 0.00000000000 0.64285714286
6347 0.01428571429 0.64285714286
6348 0.02857142857 0.64285714286
6349 0.04285714286 0.64285714286
6350 0.05714285714 0.64285714286
6351 0.07142857143 0.64285714286
6352 0.08571428571 0.64285714286
6353 0.10000000000 0.64285714286
6354 0.11428571429 0.64285714286
6355 0.12857142857 0.64285714286
6356 0.14285714286 0.64285714286
6357 0.15714285714 0.64285714286
6358 0.17142857143 0.64285714286
6359 0.18571428571 0.64285714286
6360 0.20000000000 0.64285714286
6361 0.21428571429 0.64285714286
6362 0.22857142857 0.64285714286
6363 0.24285714286 0.64285714286
6364 0.25714285714 0.64285714286
6365 0.27142857143 0.64285714286
6366 0.28571428571 0.64285714286
6367 0.30000000000 0.64285714286
6368 0.31428571429 0.64285714286
6369 0.32857142857 0.64285714286
6370 0.34285714286 0.64285714286
6371 0.35714285714 0.64285714286
6372 0.37142857143 0.64285714286
6373 0.38571428571 0.64285714286
6374 0.40000000000 0.64285714286
6375 0.41428571429 0.64285714286
6376 0.42857142857 0.64285714286
6377 0.44285714286 0.64285714286
6378 0.45714285714 0.64285714286
6379 0.47142857143 0.64285714286
6380 0.48571428571 0.64285714286
6381 0.50000000000 0.64285714286
6382 0.51428571429 0.64285714286
6383 0.52857142857 0.64285714286
6384 0.54285714286 0.64285714286
6385 0.55714285714 0.64285714286
6386 0.57142857143 0.64285714286
6387 0.58571428571 0.64285714286
6388 0.60000000000 0.64285714286
6389 0.61428571429 0.64285714286
6390 0.62857142857 0.64285714286
6391 0.64285714286 0.64285714286
6392 0.65714285714 0.64285714286
6393 0.67142857143 0.64285714286
6394 0.68571428571 0.64285714286
6395 0.70000000000 0.64285714286
6396 0.71428571429 0.64285714286
6397 0.72857142857 0.64285714286
6398 0.74285714286 0.64285714286
6399 0.75714285714 0.64285714286
6400 0.77142857143 0.64285714286
6401 0.78571428571 0.64285714286
6402 0.80000000000 0.64285714286
6403 0.81428571429 0.64285714286
6404 0.82857142857 0.64285714286
6405 0.84285714286 0.64285714286
6406 0.85714285714 0.64285714286
6407 0.87142857143 0.64285714286
6408 0.88571428571 0.64285714286
6409 0.90000000000 0.64285714286
6410 0.91428571429 0.64285714286
6411 0.92857142857 0.64285714286
6412 0.94285714286 0.64285714286
6413 0.95714285714 0.64285714286
6414 0.97142857143 0.64285714286
6415 0.98571428571 0.64285714286
6416 1.00000000000 0.64285714286
6417 1.01428571429 0.64285714286
6418 1.02857142857 0.64285714286
6419 1.04285714286 0.64285714286
6420 1.05714285714 0.64285714286
6421 1.07142857143 0.64285714286
6422 1.08571428571 0.64285714286
6423 1.10000000000 0.64285714286
6424 1.11428571429 0.64285714286
6425 1.12857142857 0.64285714286
6426 1.14285714286 0.64285714286
6427 1.15714285714 0.64285714286
6428 1.17142857143 0.64285714286
6429 1.18571428571 0.64285714286
6430 1.20000000000 0.64285714286
6431 1.21428571429 0.64285714286
6432 1.22857142857 0.64285714286
6433 1.24285714286 0.64285714286
6434 1.25714285714 0.64285714286
6435 1.27142857143 0.64285714286
6436 1.28571428571 0.64285714286
6437 1.30000000000 0.64285714286
6438 1.31428571429 0.64285714286
6439 1.32857142857 0.64285714286
6440 1.34285714286 0.64285714286
6441 1.35714285714 0.64285714286
6442 1.37142857143 0.64285714286
6443 1.38571428571 0.64285714286
6444 1.40000000000 0.64285714286
6445 1.41428571429 0.64285714286
6446 1.42857142857 0.64285714286
6447 1.44285714286 0.64285714286
6448 1.45714285714 0.64285714286
6449 1.47142857143 0.64285714286
6450 1.48571428571 0.64285714286
6451 1.50000000000 0.64285714286
6452 1.51428571429 0.64285714286
6453 1.52857142857 0.64285714286
6454 1.54285714286 0.64285714286
6455 1.55714285714 0.64285714286
6456 1.57142857143 0.64285714286
6457 1.58571428571 0.64285714286
6458 1.60000000000 0.64285714286
6459 1.61428571429 0.64285714286
6460 1.62857142857 0.64285714286
6461 1.64285714286 0.64285714286
6462 1.65714285714 0.64285714286
6463 1.67142857143 0.64285714286
6464 1.68571428571 0.64285714286
6465 1.70000000000 0.64285714286
6466 1.71428571429 0.64285714286
6467 1.72857142857 0.64285714286
6468 1.74285714286 0.64285714286
6469 1.75714285714 0.64285714286
6470 1.77142857143 0.64285714286
6471 1.78571428571 0.64285714286
6472 1.80000000000 0.64285714286
6473 1.81428571429 0.64285714286
6474 1.82857142857 0.64285714286
6475 1.84285714286 0.64285714286
6476 1.85714285714 0.64285714286
6477 1.87142857143 0.64285714286
6478 1.88571428571 0.64285714286
6479 1.90000000000 0.64285714286
6480 1.91428571429 0.64285714286
6481 1.92857142857 0.64285714286
6482 1.94285714286 0.64285714286
6483 1.95714285714 0.64285714286
6484 1.97142857143 0.64285714286
6485 1.98571428571 0.64285714286
6486 2.00000000000 0.64285714286
6487 0.00000000000 0.65714285714
6488 0.01428571429 0.65714285714
6489 0.02857142857 0.65714285714
6490 0.04285714286 0.65714285714
6491 0.05714285714 0.65714285714
6492 0.07142857143 0.65714285714
6493 0.08571428571 0.65714285714
6494 0.10000000000 0.65714285714
6495 0.11428571429 0.65714285714
6496 0.12857142857 0.65714285714
6497 0.14285714286 0.65714285714
6498 0.15714285714 0.65714285714
6499 0.17142857143 0.65714285714
6500 0.18571428571 0.65714285714
6501 0.20000000000 0.65714285714
6502 0.21428571429 0.65714285714
6503 0.22857142857 0.65714285714
6504 0.24285714286 0.65714285714
6505 0.25714285714 0.65714285714
6506 0.27142857143 0.65714285714
6507 0.28571428571 0.65714285714
6508 0.30000000000 0.65714285714
6509 0.31428571429 0.65714285714
6510 0.32857142857 0.65714285714
6511 0.34285714286 0.65714285714
6512 0.35714285714 0.65714285714
6513 0.37142857143 0.65714285714
6514 0.38571428571 0.65714285714
6515 0.40000000000 0.65714285714
6516 0.41428571429 0.65714285714
6517 0.42857142857 0.65714285714
6518 0.44285714286 0.65714285714
6519 0.45714285714 0.65714285714
6520 0.47142857143 0.65714285714
6521 0.48571428571 0.65714285714
6522 0.50000000000 0.65714285714
6523 0.51428571429 0.65714285714
6524 0.52857142857 0.65714285714
6525 0.54285714286 0.65714285714
6526 0.55714285714 0.65714285714
6527 0.57142857143 0.65714285714
6528 0.58571428571 0.65714285714
6529 0.60000000000 0.65714285714
6530 0.61428571429 0.65714285714
6531 0.62857142857 0.65714285714
6532 0.64285714286 0.65714285714
6533 0.65714285714 0.65714285714
6534 0.67142857143 0.65714285714
6535 0.68571428571 0.65714285714
6536 0.70000000000 0.65714285714
6537 0.71428571429 0.65714285714
6538 0.72857142857 0.65714285714
6539 0.74285714286 0.65714285714
6540 0.75714285714 0.65714285714
6541 0.77142857143 0.65714285714
6542 0.78571428571 0.65714285714
6543 0.80000000000 0.65714285714
6544 0.81428571429 0.65714285714
6545 0.82857142857 0.65714285714
6546 0.84285714286 0.65714285714
6547 0.85714285714 0.65714285714
6548 0.87142857143 0.65714285714
6549 0.88571428571 0.65714285714
6550 0.90000000000 0.65714285714
6551 0.91428571429 0.65714285714
6552 0.92857142857 0.65714285714
6553 0.94285714286 0.65714285714
6554 0.95714285714 0.65714285714
6555 0.97142857143 0.65714285714
6556 0.98571428571 0.65714285714
6557 1.00000000000 0.65714285714
6558 1.01428571429 0.65714285714
6559 1.02857142857 0.65714285714
6560 1.04285714286 0.65714285714
6561 1.05714285714 0.65714285714
6562 1.07142857143 0.65714285714
6563 1.08571428571 0.65714285714
6564 1.10000000000 0.65714285714
6565 1.11428571429 0.65714285714
6566 1.12857142857 0.65714285714
6567 1.14285714286 0.65714285714
6568 1.15714285714 0.65714285714
6569 1.17142857143 0.65714285714
6570 1.18571428571 0.65714285714
6571 1.20000000000 0.65714285714
6572 1.21428571429 0.65714285714
6573 1.22857142857 0.65714285714
6574 1.24285714286 0.65714285714
6575 1.25714285714 0.65714285714
6576 1.27142857143 0.65714285714
6577 1.28571428571 0.65714285714
6578 1.30000000000 0.65714285714
6579 1.31428571429 0.65714285714
6580 1.32857142857 0.65714285714
6581 1.34285714286 0.65714285714
6582 1.35714285714 0.65714285714
6583 1.37142857143 0.65714285714
6584 1.38571428571 0.65714285714
6585 1.40000000000 0.65714285714
6586 1.41428571429 0.65714285714
6587 1.42857142857 0.65714285714
6588 1.44285714286 0.65714285714
6589 1.45714285714 0.65714285714
6590 1.47142857143 0.65714285714
6591 1.48571428571 0.65714285714
6592 1.50000000000 0.65714285714
6593 1.51428571429 0.65714285714
6594 1.52857142857 0.65714285714
6595 1.54285714286 0.65714285714
6596 1.55714285714 0.65714285714
6597 1.57142857143 0.65714285714
6598 1.58571428571 0.65714285714
6599 1.60000000000 0.65714285714
6600 1.61428571429 0.65714285714
6601 1.62857142857 0.65714285714
6602 1.64285714286 0.65714285714
6603 1.65714285714 0.65714285714
6604 1.67142857143 0.65714285714
6605 1.68571428571 0.65714285714
6606 1.70000000000 0.65714285714
6607 1.71428571429 0.65714285714
6608 1.72857142857 0.65714285714
6609 1.74285714286 0.65714285714
6610 1.75714285714 0.65714285714
6611 1.77142857143 0.65714285714
6612 1.78571428571 0.65714285714
6613 1.80000000000 0.65714285714
6614 1.81428571429 0.65714285714
6615 1.82857142857 0.65714285714
6616 1.84285714286 0.65714285714
6617 1.85714285714 0.65714285714
6618 1.87142857143 0.65714285714
6619 1.88571428571 0.65714285714
6620 1.90000000000 0.65714285714
6621 1.91428571429 0.65714285714
6622 1.92857142857 0.65714285714
6623 1.94285714286 0.65714285714
6624 1.95714285714 0.65714285714
6625 1.97142857143 0.65714285714
6626 1.98571428571 0.65714285714
6627 2.00000000000 0.65714285714
6628 0.00000000000 0.67142857143
6629 0.01428571429 0.67142857143
6630 0.02857142857 0.67142857143
6631 0.04285714286 0.67142857143
6632 0.05714285714 0.67142857143
6633 0.07142857143 0.67142857143
6634 0.08571428571 0.67142857143
6635 0.10000000000 0.67142857143
6636 0.11428571429 0.67142857143
6637 0.12857142857 0.67142857143
6638 0.14285714286 0.67142857143
6639 0.15714285714 0.67142857143
6640 0.17142857143 0.67142857143
6641 0.18571428571 0.67142857143
6642 0.20000000000 0.67142857143
6643 0.21428571429 0.67142857143
6644 0.22857142857 0.67142857143
6645 0.24285714286 0.67142857143
6646 0.25714285714 0.67142857143
6647 0.27142857143 0.67142857143
6648 0.28571428571 0.67142857143
6649 0.30000000000 0.67142857143
6650 0.31428571429 0.67142857143
6651 0.32857142857 0.67142857143
6652 0.34285714286 0.67142857143
6653 0.35714285714 0.67142857143
6654 0.37142857143 0.67142857143
6655 0.38571428571 0.67142857143
6656 0.40000000000 0.67142857143
6657 0.41428571429 0.67142857143
6658 0.42857142857 0.67142857143
6659 0.44285714286 0.67142857143
6660 0.45714285714 0.67142857143
6661 0.47142857143 0.67142857143
6662 0.48571428571 0.67142857143
6663 0.50000000000 0.67142857143
6664 0.51428571429 0.67142857143
6665 0.52857142857 0.67142857143
6666 0.54285714286 0.67142857143
6667 0.55714285714 0.67142857143
6668 0.57142857143 0.67142857143
6669 0.58571428571 0.67142857143
6670 0.60000000000 0.67142857143
6671 0.61428571429 0.67142857143
6672 0.62857142857 0.67142857143
6673 0.64285714286 0.67142857143
6674 0.65714285714 0.67142857143
6675 0.67142857143 0.67142857143
6676 0.68571428571 0.67142857143
6677 0.70000000000 0.67142857143
6678 0.71428571429 0.67142857143
6679 0.72857142857 0.67142857143
6680 0.74285714286 0.67142857143
6681 0.75714285714 0.67142857143
6682 0.77142857143 0.67142857143
6683 0.78571428571 0.67142857143
6684 0.80000000000 0.67142857143
6685 0.81428571429 0.67142857143
6686 0.82857142857 0.67142857143
6687 0.84285714286 0.67142857143
6688 0.85714285714 0.67142857143
6689 0.87142857143 0.67142857143
6690 0.88571428571 0.67142857143
6691 0.90000000000 0.67142857143
6692 0.91428571429 0.67142857143
6693 0.92857142857 0.67142857143
6694 0.94285714286 0.67142857143
6695 0.95714285714 0.67142857143
6696 0.97142857143 0.67142857143
6697 0.98571428571 0.67142857143
6698 1.00000000000 0.67142857143
6699 1.01428571429 0.67142857143
6700 1.02857142857 0.67142857143
6701 1.04285714286 0.67142857143
6702 1.05714285714 0.67142857143
6703 1.07142857143 0.67142857143
6704 1.08571428571 0.67142857143
6705 1.10000000000 0.67142857143
6706 1.11428571429 0.67142857143
6707 1.12857142857 0.67142857143
6708 1.14285714286 0.67142857143
6709 1.15714285714 0.67142857143
6710 1.17142857143 0.67142857143
6711 1.18571428571 0.67142857143
6712 1.20000000000 0.67142857143
6713 1.21428571429 0.67142857143
6714 1.22857142857 0.67142857143
6715 1.24285714286 0.67142857143
6716 1.25714285714 0.67142857143
6717 1.27142857143 0.67142857143
6718 1.28571428571 0.67142857143
6719 1.30000000000 0.67142857143
6720 1.31428571429 0.67142857143
6721 1.32857142857 0.67142857143
6722 1.34285714286 0.67142857143
6723 1.35714285714 0.67142857143
6724 1.37142857143 0.67142857143
6725 1.38571428571 0.67142857143
6726 1.40000000000 0.67142857143
6727 1.41428571429 0.67142857143
6728 1.42857142857 0.67142857143
6729 1.44285714286 0.67142857143
6730 1.45714285714 0.67142857143
6731 1.47142857143 0.67142857143
6732 1.48571428571 0.67142857143
6733 1.50000000000 0.67142857143
6734 1.51428571429 0.67142857143
6735 1.52857142857 0.67142857143
6736 1.54285714286 0.67142857143
6737 1.55714285714 0.67142857143
6738 1.57142857143 0.67142857143
6739 1.58571428571 0.67142857143
6740 1.60000000000 0.67142857143
6741 1.61428571429 0.67142857143
6742 1.62857142857 0.67142857143
6743 1.64285714286 0.67142857143
6744 1.65714285714 0.67142857143
6745 1.67142857143 0.67142857143
6746 1.68571428571 0.67142857143
6747 1.70000000000 0.67142857143
6748 1.71428571429 0.67142857143
6749 1.72857142857 0.67142857143
6750 1.74285714286 0.67142857143
6751 1.75714285714 0.67142857143
6752 1.77142857143 0.67142857143
6753 1.78571428571 0.67142857143
6754 1.80000000000 0.67142857143
6755 1.81428571429 0.67142857143
6756 1.82857142857 0.67142857143
6757 1.84285714286 0.67142857143
6758 1.85714285714 0.67142857143
6759 1.87142857143 0.67142857143
6760 1.88571428571 0.67142857143
6761 1.90000000000 0.67142857143
6762 1.91428571429 0.67142857143
6763 1.92857142857 0.67142857143
6764 1.94285714286 0.67142857143
6765 1.95714285714 0.67142857143
6766 1.97142857143 0.67142857143
6767 1.98571428571 0.67142857143
6768 2.00000000000 0.67142857143
6769 0.00000000000 0.68571428571
6770 0.01428571429 0.68571428571
6771 0.02857142857 0.68571428571
6772 0.04285714286 0.68571428571
6773 0.05714285714 0.68571428571
6774 0.07142857143 0.68571428571
6775 0.08571428571 0.68571428571
6776 0.10000000000 0.68571428571
6777 0.11428571429 0.68571428571
6778 0.12857142857 0.68571428571
6779 0.14285714286 0.68571428571
6780 0.15714285714 0.68571428571
6781 0.17142857143 0.68571428571
6782 0.18571428571 0.68571428571
6783 0.20000000000 0.68571428571
6784 0.21428571429 0.68571428571
6785 0.22857142857 0.68571428571
6786 0.24285714286 0.68571428571
6787 0.25714285714 0.68571428571
6788 0.27142857143 0.68571428571
6789 0.28571428571 0.68571428571
6790 0.30000000000 0.68571428571
6791 0.31428571429 0.68571428571
6792 0.32857142857 0.68571428571
6793 0.34285714286 0.68571428571
6794 0.35714285714 0.68571428571
6795 0.37142857143 0.68571428571
6796 0.38571428571 0.68571428571
6797 0.40000000000 0.68571428571
6798 0.41428571429 0.68571428571
6799 0.42857142857 0.68571428571
6800 0.44285714286 0.68571428571
6801 0.45714285714 0.68571428571
6802 0.47142857143 0.68571428571
6803 0.48571428571 0.68571428571
6804 0.50000000000 0.68571428571
6805 0.51428571429 0.68571428571
6806 0.52857142857 0.68571428571
6807 0.54285714286 0.68571428571
6808 0.55714285714 0.68571428571
6809 0.57142857143 0.68571428571
6810 0.58571428571 0.68571428571
6811 0.60000000000 0.68571428571
6812 0.61428571429 0.68571428571
6813 0.62857142857 0.68571428571
6814 0.64285714286 0.68571428571
6815 0.65714285714 0.68571428571
6816 0.67142857143 0.68571428571
6817 0.68571428571 0.68571428571
6818 0.70000000000 0.68571428571
6819 0.71428571429 0.68571428571
6820 0.72857142857 0.68571428571
6821 0.74285714286 0.68571428571
6822 0.75714285714 0.68571428571
6823 0.77142857143 0.68571428571
6824 0.78571428571 0.68571428571
6825 0.80000000000 0.68571428571
6826 0.81428571429 0.68571428571
6827 0.82857142857 0.68571428571
6828 0.84285714286 0.68571428571
6829 0.85714285714 0.68571428571
6830 0.87142857143 0.68571428571
6831 0.88571428571 0.68571428571
6832 0.90000000000 0.68571428571
6833 0.91428571429 0.68571428571
6834 0.92857142857 0.68571428571
6835 0.94285714286 0.68571428571
6836 0.95714285714 0.68571428571
6837 0.97142857143 0.68571428571
6838 0.98571428571 0.68571428571
6839 1.00000000000 0.68571428571
6840 1.01428571429 0.68571428571
6841 1.02857142857 0.68571428571
6842 1.04285714286 0.68571428571
6843 1.05714285714 0.68571428571
6844 1.07142857143 0.68571428571
6845 1.08571428571 0.68571428571
6846 1.10000000000 0.68571428571
6847 1.11428571429 0.68571428571
6848 1.12857142857 0.68571428571
6849 1.14285714286 0.68571428571
6850 1.15714285714 0.68571428571
6851 1.17142857143 0.68571428571
6852 1.18571428571 0.68571428571
6853 1.20000000000 0.68571428571
6854 1.21428571429 0.68571428571
6855 1.22857142857 0.68571428571
6856 1.24285714286 0.68571428571
6857 1.25714285714 0.68571428571
6858 1.27142857143 0.68571428571
6859 1.28571428571 0.68571428571
6860 1.30000000000 0.68571428571
6861 1.31428571429 0.68571428571
6862 1.32857142857 0.68571428571
6863 1.34285714286 0.68571428571
6864 1.35714285714 0.68571428571
6865 1.37142857143 0.68571428571
6866 1.38571428571 0.68571428571
6867 1.40000000000 0.68571428571
6868 1.41428571429 0.68571428571
6869 1.42857142857 0.68571428571
6870 1.44285714286 0.68571428571
6871 1.45714285714 0.68571428571
6872 1.47142857143 0.68571428571
6873 1.48571428571 0.68571428571
6874 1.50000000000 0.68571428571
6875 1.51428571429 0.68571428571
6876 1.52857142857 0.68571428571
6877 1.54285714286 0.68571428571
6878 1.55714285714 0.68571428571
6879 1.57142857143 0.68571428571
6880 1.58571428571 0.68571428571
6881 1.60000000000 0.68571428571
6882 1.61428571429 0.68571428571
6883 1.62857142857 0.68571428571
6884 1.64285714286 0.68571428571
6885 1.65714285714 0.68571428571
6886 1.67142857143 0.68571428571
6887 1.68571428571 0.68571428571
6888 1.70000000000 0.68571428571
6889 1.71428571429 0.68571428571
6890 1.72857142857 0.68571428571
6891 1.74285714286 0.68571428571
6892 1.75714285714 0.68571428571
6893 1.77142857143 0.68571428571
6894 1.78571428571 0.68571428571
6895 1.80000000000 0.68571428571
6896 1.81428571429 0.68571428571
6897 1.82857142857 0.68571428571
6898 1.84285714286 0.68571428571
6899 1.85714285714 0.68571428571
6900 1.87142857143 0.68571428571
6901 1.88571428571 0.68571428571
6902 1.90000000000 0.68571428571
6903 1.91428571429 0.68571428571
6904 1.92857142857 0.68571428571
6905 1.94285714286 0.68571428571
6906 1.95714285714 0.68571428571
6907 1.97142857143 0.68571428571
6908 1.98571428571 0.68571428571
6909 2.00000000000 0.68571428571
6910 0.00000000000 0.70000000000
6911 0.01428571429 0.70000000000
6912 0.02857142857 0.70000000000
6913 0.04285714286 0.70000000000
6914 0.05714285714 0.70000000000
6915 0.07142857143 0.70000000000
6916 0.08571428571 0.70000000000
6917 0.10000000000 0.70000000000
6918 0.11428571429 0.70000000000
6919 0.12857142857 0.70000000000
6920 0.14285714286 0.70000000000
6921 0.15714285714 0.70000000000
6922 0.17142857143 0.70000000000
6923 0.18571428571 0.70000000000
6924 0.20000000000 0.70000000000
6925 0.21428571429 0.70000000000
6926 0.22857142857 0.70000000000
6927 0.24285714286 0.70000000000
6928 0.25714285714 0.70000000000
6929 0.27142857143 0.70000000000
6930 0.28571428571 0.70000000000
6931 0.30000000000 0.70000000000
6932 0.31428571429 0.70000000000
6933 0.32857142857 0.70000000000
6934 0.34285714286 0.70000000000
6935 0.35714285714 0.70000000000
6936 0.37142857143 0.70000000000
6937 0.38571428571 0.70000000000
6938 0.40000000000 0.70000000000
6939 0.41428571429 0.70000000000
6940 0.42857142857 0.70000000000
6941 0.44285714286 0.70000000000
6942 0.45714285714 0.70000000000
6943 0.47142857143 0.70000000000
6944 0.48571428571 0.70000000000
6945 0.50000000000 0.70000000000
6946 0.51428571429 0.70000000000
6947 0.52857142857 0.70000000000
6948 0.54285714286 0.70000000000
6949 0.55714285714 0.70000000000
6950 0.57142857143 0.70000000000
6951 0.58571428571 0.70000000000
6952 0.60000000000 0.70000000000
6953 0.61428571429 0.70000000000
6954 0.62857142857 0.70000000000
6955 0.64285714286 0.70000000000
6956 0.65714285714 0.70000000000
6957 0.67142857143 0.70000000000
6958 0.68571428571 0.70000000000
6959 0.70000000000 0.70000000000
6960 0.71428571429 0.70000000000
6961 0.72857142857 0.70000000000
6962 0.74285714286 0.70000000000
6963 0.75714285714 0.70000000000
6964 0.77142857143 0.70000000000
6965 0.78571428571 0.70000000000
6966 0.80000000000 0.70000000000
6967 0.81428571429 0.70000000000
6968 0.82857142857 0.70000000000
6969 0.84285714286 0.70000000000
6970 0.85714285714 0.70000000000
6971 0.87142857143 0.70000000000
6972 0.88571428571 0.70000000000
6973 0.90000000000 0.70000000000
6974 0.91428571429 0.70000000000
6975 0.92857142857 0.70000000000
6976 0.94285714286 0.70000000000
6977 0.95714285714 0.70000000000
6978 0.97142857143 0.70000000000
6979 0.98571428571 0.70000000000
6980 1.00000000000 0.70000000000
6981 1.01428571429 0.70000000000
6982 1.02857142857 0.70000000000
6983 1.04285714286 0.70000000000
6984 1.05714285714 0.70000000000
6985 1.07142857143 0.70000000000
6986 1.08571428571 0.70000000000
6987 1.10000000000 0.70000000000
6988 1.11428571429 0.70000000000
6989 1.12857142857 0.70000000000
6990 1.14285714286 0.70000000000
6991 1.15714285714 0.70000000000
6992 1.17142857143 0.70000000000
6993 1.18571428571 0.70000000000
6994 1.20000000000 0.70000000000
6995 1.21428571429 0.70000000000
6996 1.22857142857 0.70000000000
6997 1.24285714286 0.70000000000
6998 1.25714285714 0.70000000000
6999 1.27142857143 0.70000000000
7000 1.28571428571 0.70000000000
7001 1.30000000000 0.70000000000
7002 1.31428571429 0.70000000000
7003 1.32857142857 0.70000000000
7004 1.34285714286 0.70000000000
7005 1.35714285714 0.70000000000
7006 1.37142857143 0.70000000000
7007 1.38571428571 0.70000000000
7008 1.40000000000 0.70000000000
7009 1.41428571429 0.70000000000
7010 1.42857142857 0.70000000000
7011 1.44285714286 0.70000000000
7012 1.45714285714 0.70000000000
7013 1.47142857143 0.70000000000
7014 1.48571428571 0.70000000000
7015 1.50000000000 0.70000000000
7016 1.51428571429 0.70000000000
7017 1.52857142857 0.70000000000
7018 1.54285714286 0.70000000000
7019 1.55714285714 0.70000000000
7020 1.57142857143 0.70000000000
7021 1.58571428571 0.70000000000
7022 1.60000000000 0.70000000000
7023 1.61428571429 0.70000000000
7024 1.62857142857 0.70000000000
7025 1.64285714286 0.70000000000
7026 1.65714285714 0.70000000000
7027 1.67142857143 0.70000000000
7028 1.68571428571 0.70000000000
7029 1.70000000000 0.70000000000
7030 1.71428571429 0.70000000000
7031 1.72857142857 0.70000000000
7032 1.74285714286 0.70000000000
7033 1.75714285714 0.70000000000
7034 1.77142857143 0.70000000000
7035 1.78571428571 0.70000000000
7036 1.80000000000 0.70000000000
7037 1.81428571429 0.70000000000
7038 1.82857142857 0.70000000000
7039 1.84285714286 0.70000000000
7040 1.85714285714 0.70000000000
7041 1.87142857143 0.70000000000
7042 1.88571428571 0.70000000000
7043 1.90000000000 0.70000000000
7044 1.91428571429 0.70000000000
7045 1.92857142857 0.70000000000
7046 1.94285714286 0.70000000000
7047 1.95714285714 0.70000000000
7048 1.97142857143 0.70000000000
7049 1.98571428571 0.70000000000
7050 2.00000000000 0.70000000000
7051 0.00000000000 0.71428571429
7052 0.01428571429 0.71428571429
7053 0.02857142857 0.71428571429
7054 0.04285714286 0.71428571429
7055 0.05714285714 0.71428571429
7056 0.07142857143 0.71428571429
7057 0.08571428571 0.71428571429
7058 0.10000000000 0.71428571429
7059 0.11428571429 0.71428571429
7060 0.12857142857 0.71428571429
7061 0.14285714286 0.71428571429
7062 0.15714285714 0.71428571429
7063 0.17142857143 0.71428571429
7064 0.18571428571 0.71428571429
7065 0.20000000000 0.71428571429
7066 0.21428571429 0.71428571429
7067 0.22857142857 0.71428571429
7068 0.24285714286 0.71428571429
7069 0.25714285714 0.71428571429
7070 0.27142857143 0.71428571429
7071 0.28571428571 0.71428571429
7072 0.30000000000 0.71428571429
7073 0.31428571429 0.71428571429
7074 0.32857142857 0.71428571429
7075 0.34285714286 0.71428571429
7076 0.35714285714 0.71428571429
7077 0.37142857143 0.71428571429
7078 0.38571428571 0.71428571429
7079 0.40000000000 0.71428571429
7080 0.41428571429 0.71428571429
7081 0.42857142857 0.71428571429
7082 0.44285714286 0.71428571429
7083 0.45714285714 0.71428571429
7084 0.47142857143 0.71428571429
7085 0.48571428571 0.71428571429
7086 0.50000000000 0.71428571429
7087 0.51428571429 0.71428571429
7088 0.52857142857 0.71428571429
7089 0.54285714286 0.71428571429
7090 0.55714285714 0.71428571429
7091 0.57142857143 0.71428571429
7092 0.58571428571 0.71428571429
7093 0.60000000000 0.71428571429
7094 0.61428571429 0.71428571429
7095 0.62857142857 0.71428571429
7096 0.64285714286 0.71428571429
7097 0.65714285714 0.71428571429
7098 0.67142857143 0.71428571429
7099 0.68571428571 0.71428571429
7100 0.70000000000 0.71428571429
7101 0.71428571429 0.71428571429
7102 0.72857142857 0.71428571429
7103 0.74285714286 0.71428571429
7104 0.75714285714 0.71428571429
7105 0.77142857143 0.71428571429
7106 0.78571428571 0.71428571429
7107 0.80000000000 0.71428571429
7108 0.81428571429 0.71428571429
7109 0.82857142857 0.71428571429
7110 0.84285714286 0.71428571429
7111 0.85714285714 0.71428571429
7112 0.87142857143 0.71428571429
7113 0.88571428571 0.71428571429
7114 0.90000000000 0.71428571429
7115 0.91428571429 0.71428571429
7116 0.92857142857 0.71428571429
7117 0.94285714286 0.71428571429
7118 0.95714285714 0.71428571429
7119 0.97142857143 0.71428571429
7120 0.98571428571 0.71428571429
7121 1.00000000000 0.71428571429
7122 1.01428571429 0.71428571429
7123 1.02857142857 0.71428571429
7124 1.04285714286 0.71428571429
7125 1.05714285714 0.71428571429
7126 1.07142857143 0.71428571429
7127 1.08571428571 0.71428571429
7128 1.10000000000 0.71428571429
7129 1.11428571429 0.71428571429
7130 1.12857142857 0.71428571429
7131 1.14285714286 0.71428571429
7132 1.15714285714 0.71428571429
7133 1.17142857143 0.71428571429
7134 1.18571428571 0.71428571429
7135 1.20000000000 0.71428571429
7136 1.21428571429 0.71428571429
7137 1.22857142857 0.71428571429
7138 1.24285714286 0.71428571429
7139 1.25714285714 0.71428571429
7140 1.27142857143 0.71428571429
7141 1.28571428571 0.71428571429
7142 1.30000000000 0.71428571429
7143 1.31428571429 0.71428571429
7144 1.32857142857 0.71428571429
7145 1.34285714286 0.71428571429
7146 1.35714285714 0.71428571429
7147 1.37142857143 0.71428571429
7148 1.38571428571 0.71428571429
7149 1.40000000000 0.71428571429
7150 1.41428571429 0.71428571429
7151 1.42857142857 0.71428571429
7152 1.44285714286 0.71428571429
7153 1.45714285714 0.71428571429
7154 1.47142857143 0.71428571429
7155 1.48571428571 0.71428571429
7156 1.50000000000 0.71428571429
7157 1.51428571429 0.71428571429
7158 1.52857142857 0.71428571429
7159 1.54285714286 0.71428571429
7160 1.55714285714 0.71428571429
7161 1.57142857143 0.71428571429
7162 1.58571428571 0.71428571429
7163 1.60000000000 0.71428571429
7164 1.61428571429 0.71428571429
7165 1.62857142857 0.71428571429
7166 1.64285714286 0.71428571429
7167 1.65714285714 0.71428571429
7168 1.67142857143 0.71428571429
7169 1.68571428571 0.71428571429
7170 1.70000000000 0.71428571429
7171 1.71428571429 0.71428571429
7172 1.72857142857 0.71428571429
7173 1.74285714286 0.71428571429
7174 1.75714285714 0.71428571429
7175 1.77142857143 0.71428571429
7176 1.78571428571 0.71428571429
7177 1.80000000000 0.71428571429
7178 1.81428571429 0.71428571429
7179 1.82857142857 0.71428571429
7180 1.84285714286 0.71428571429
7181 1.85714285714 0.71428571429
7182 1.87142857143 0.71428571429
7183 1.88571428571 0.71428571429
7184 1.90000000000 0.71428571429
7185 1.91428571429 0.71428571429
7186 1.92857142857 0.71428571429
7187 1.94285714286 0.71428571429
7188 1.95714285714 0.71428571429
7189 1.97142857143 0.71428571429
7190 1.98571428571 0.71428571429
7191 2.00000000000 0.71428571429
7192 0.00000000000 0.72857142857
7193 0.01428571429 0.72857142857
7194 0.02857142857 0.72857142857
7195 0.04285714286 0.72857142857
7196 0.05714285714 0.72857142857
7197 0.07142857143 0.72857142857
7198 0.08571428571 0.72857142857
7199 0.10000000000 0.72857142857
7200 0.11428571429 0.72857142857
7201 0.12857142857 0.72857142857
7202 0.14285714286 0.72857142857
7203 0.15714285714 0.72857142857
7204 0.17142857143 0.72857142857
7205 0.18571428571 0.72857142857
7206 0.20000000000 0.72857142857
7207 0.21428571429 0.72857142857
7208 0.22857142857 0.72857142857
7209 0.24285714286 0.72857142857
7210 0.25714285714 0.72857142857
7211 0.27142857143 0.72857142857
7212 0.28571428571 0.72857142857
7213 0.30000000000 0.72857142857
7214 0.31428571429 0.72857142857
7215 0.32857142857 0.72857142857
7216 0.34285714286 0.72857142857
7217 0.35714285714 0.72857142857
7218 0.37142857143 0.72857142857
7219 0.38571428571 0.72857142857
7220 0.40000000000 0.72857142857
7221 0.41428571429 0.72857142857
7222 0.42857142857 0.72857142857
7223 0.44285714286 0.72857142857
7224 0.45714285714 0.72857142857
7225 0.47142857143 0.72857142857
7226 0.48571428571 0.72857142857
7227 0.50000000000 0.72857142857
7228 0.51428571429 0.72857142857
7229 0.52857142857 0.72857142857
7230 0.54285714286 0.72857142857
7231 0.55714285714 0.72857142857
7232 0.57142857143 0.72857142857
7233 0.58571428571 0.72857142857
7234 0.60000000000 0.72857142857
7235 0.61428571429 0.72857142857
7236 0.62857142857 0.72857142857
7237 0.64285714286 0.72857142857
7238 0.65714285714 0.72857142857
7239 0.67142857143 0.72857142857
7240 0.68571428571 0.72857142857
7241 0.70000000000 0.72857142857
7242 0.71428571429 0.72857142857
7243 0.72857142857 0.72857142857
7244 0.74285714286 0.72857142857
7245 0.75714285714 0.72857142857
7246 0.77142857143 0.72857142857
7247 0.78571428571 0.72857142857
7248 0.80000000000 0.72857142857
7249 0.81428571429 0.72857142857
7250 0.82857142857 0.72857142857
7251 0.84285714286 0.72857142857
7252 0.85714285714 0.72857142857
7253 0.87142857143 0.72857142857
7254 0.88571428571 0.72857142857
7255 0.90000000000 0.72857142857
7256 0.91428571429 0.72857142857
7257 0.92857142857 0.72857142857
7258 0.94285714286 0.72857142857
7259 0.95714285714 0.72857142857
7260 0.97142857143 0.72857142857
7261 0.98571428571 0.72857142857
7262 1.00000000000 0.72857142857
7263 1.01428571429 0.72857142857
7264 1.02857142857 0.72857142857
7265 1.04285714286 0.72857142857
7266 1.05714285714 0.72857142857
7267 1.07142857143 0.72857142857
7268 1.08571428571 0.72857142857
7269 1.10000000000 0.72857142857
7270 1.11428571429 0.72857142857
7271 1.12857142857 0.72857142857
7272 1.14285714286 0.72857142857
7273 1.15714285714 0.72857142857
7274 1.17142857143 0.72857142857
7275 1.18571428571 0.72857142857
7276 1.20000000000 0.72857142857
7277 1.21428571429 0.72857142857
7278 1.22857142857 0.72857142857
7279 1.24285714286 0.72857142857
7280 1.25714285714 0.72857142857
7281 1.27142857143 0.72857142857
7282 1.28571428571 0.72857142857
7283 1.30000000000 0.72857142857
7284 1.31428571429 0.72857142857
7285 1.32857142857 0.72857142857
7286 1.34285714286 0.72857142857
7287 1.35714285714 0.72857142857
7288 1.37142857143 0.72857142857
7289 1.38571428571 0.72857142857
7290 1.40000000000 0.72857142857
7291 1.41428571429 0.72857142857
7292 1.42857142857 0.72857142857
7293 1.44285714286 0.72857142857
7294 1.45714285714 0.72857142857
7295 1.47142857143 0.72857142857
7296 1.48571428571 0.72857142857
7297 1.50000000000 0.72857142857
7298 1.51428571429 0.72857142857
7299 1.52857142857 0.72857142857
7300 1.54285714286 0.72857142857
7301 1.55714285714 0.72857142857
7302 1.57142857143 0.72857142857
7303 1.58571428571 0.72857142857
7304 1.60000000000 0.72857142857
7305 1.61428571429 0.72857142857
7306 1.62857142857 0.72857142857
7307 1.64285714286 0.72857142857
7308 1.65714285714 0.72857142857
7309 1.67142857143 0.72857142857
7310 1.68571428571 0.72857142857
7311 1.70000000000 0.72857142857
7312 1.71428571429 0.72857142857
7313 1.72857142857 0.72857142857
7314 1.74285714286 0.72857142857
7315 1.75714285714 0.72857142857
7316 1.77142857143 0.72857142857
7317 1.78571428571 0.72857142857
7318 1.80000000000 0.72857142857
7319 1.81428571429 0.72857142857
7320 1.82857142857 0.72857142857
7321 1.84285714286 0.72857142857
7322 1.85714285714 0.72857142857
7323 1.87142857143 0.72857142857
7324 1.88571428571 0.72857142857
7325 1.90000000000 0.72857142857
7326 1.91428571429 0.72857142857
7327 1.92857142857 0.72857142857
7328 1.94285714286 0.72857142857
7329 1.95714285714 0.72857142857
7330 1.97142857143 0.72857142857
7331 1.98571428571 0.72857142857
7332 2.00000000000 0.72857142857
7333 0.00000000000 0.74285714286
7334 0.01428571429 0.74285714286
7335 0.02857142857 0.74285714286
7336 0.04285714286 0.74285714286
7337 0.05714285714 0.74285714286
7338 0.07142857143 0.74285714286
7339 0.08571428571 0.74285714286
7340 0.10000000000 0.74285714286
7341 0.11428571429 0.74285714286
7342 0.12857142857 0.74285714286
7343 0.14285714286 0.74285714286
7344 0.15714285714 0.74285714286
7345 0.17142857143 0.74285714286
7346 0.18571428571 0.74285714286
7347 0.20000000000 0.74285714286
7348 0.21428571429 0.74285714286
7349 0.22857142857 0.74285714286
7350 0.24285714286 0.74285714286
7351 0.25714285714 0.74285714286
7352 0.27142857143 0.74285714286
7353 0.28571428571 0.74285714286
7354 0.30000000000 0.74285714286
7355 0.31428571429 0.74285714286
7356 0.32857142857 0.74285714286
7357 0.34285714286 0.74285714286
7358 0.35714285714 0.74285714286
7359 0.37142857143 0.74285714286
7360 0.38571428571 0.74285714286
7361 0.40000000000 0.74285714286
7362 0.41428571429 0.74285714286
7363 0.42857142857 0.74285714286
7364 0.44285714286 0.74285714286
7365 0.45714285714 0.74285714286
7366 0.47142857143 0.74285714286
7367 0.48571428571 0.74285714286
7368 0.50000000000 0.74285714286
7369 0.51428571429 0.74285714286
7370 0.52857142857 0.74285714286
7371 0.54285714286 0.74285714286
7372 0.55714285714 0.74285714286
7373 0.57142857143 0.74285714286
7374 0.58571428571 0.74285714286
7375 0.60000000000 0.74285714286
7376 0.61428571429 0.74285714286
7377 0.62857142857 0.74285714286
7378 0.64285714286 0.74285714286
7379 0.65714285714 0.74285714286
7380 0.67142857143 0.74285714286
7381 0.68571428571 0.74285714286
7382 0.70000000000 0.74285714286
7383 0.71428571429 0.74285714286
7384 0.72857142857 0.74285714286
7385 0.74285714286 0.74285714286
7386 0.75714285714 0.74285714286
7387 0.77142857143 0.74285714286
7388 0.78571428571 0.74285714286
7389 0.80000000000 0.74285714286
7390 0.81428571429 0.74285714286
7391 0.82857142857 0.74285714286
7392 0.84285714286 0.74285714286
7393 0.85714285714 0.74285714286
7394 0.87142857143 0.74285714286
7395 0.88571428571 0.74285714286
7396 0.90000000000 0.74285714286
7397 0.91428571429 0.74285714286
7398 0.92857142857 0.74285714286
7399 0.94285714286 0.74285714286
7400 0.95714285714 0.74285714286
7401 0.97142857143 0.74285714286
7402 0.98571428571 0.74285714286
7403 1.00000000000 0.74285714286
7404 1.01428571429 0.74285714286
7405 1.02857142857 0.74285714286
7406 1.04285714286 0.74285714286
7407 1.05714285714 0.74285714286
7408 1.07142857143 0.74285714286
7409 1.08571428571 0.74285714286
7410 1.10000000000 0.74285714286
7411 1.11428571429 0.74285714286
7412 1.12857142857 0.74285714286
7413 1.14285714286 0.74285714286
7414 1.15714285714 0.74285714286
7415 1.17142857143 0.74285714286
7416 1.18571428571 0.74285714286
7417 1.20000000000 0.74285714286
7418 1.21428571429 0.74285714286
7419 1.22857142857 0.74285714286
7420 1.24285714286 0.74285714286
7421 1.25714285714 0.74285714286
7422 1.27142857143 0.74285714286
7423 1.28571428571 0.74285714286
7424 1.30000000000 0.74285714286
7425 1.31428571429 0.74285714286
7426 1.32857142857 0.74285714286
7427 1.34285714286 0.74285714286
7428 1.35714285714 0.74285714286
7429 1.37142857143 0.74285714286
7430 1.38571428571 0.74285714286
7431 1.40000000000 0.74285714286
7432 1.41428571429 0.74285714286
7433 1.42857142857 0.74285714286
7434 1.44285714286 0.74285714286
7435 1.45714285714 0.74285714286
7436 1.47142857143 0.74285714286
7437 1.48571428571 0.74285714286
7438 1.50000000000 0.74285714286
7439 1.51428571429 0.74285714286
7440 1.52857142857 0.74285714286
7441 1.54285714286 0.74285714286
7442 1.55714285714 0.74285714286
7443 1.57142857143 0.74285714286
7444 1.58571428571 0.74285714286
7445 1.60000000000 0.74285714286
7446 1.61428571429 0.74285714286
7447 1.62857142857 0.74285714286
7448 1.64285714286 0.74285714286
7449 1.65714285714 0.74285714286
7450 1.67142857143 0.74285714286
7451 1.68571428571 0.74285714286
7452 1.70000000000 0.74285714286
7453 1.71428571429 0.74285714286
7454 1.72857142857 0.74285714286
7455 1.74285714286 0.74285714286
7456 1.75714285714 0.74285714286
7457 1.77142857143 0.74285714286
7458 1.78571428571 0.74285714286
7459 1.80000000000 0.74285714286
7460 1.81428571429 0.74285714286
7461 1.82857142857 0.74285714286
7462 1.84285714286 0.74285714286
7463 1.85714285714 0.74285714286
7464 1.87142857143 0.74285714286
7465 1.88571428571 0.74285714286
7466 1.90000000000 0.74285714286
7467 1.91428571429 0.74285714286
7468 1.92857142857 0.74285714286
7469 1.94285714286 0.74285714286
7470 1.95714285714 0.74285714286
7471 1.97142857143 0.74285714286
7472 1.98571428571 0.74285714286
7473 2.00000000000 0.74285714286
7474 0.00000000000 0.75714285714
7475 0.01428571429 0.75714285714
7476 0.02857142857 0.75714285714
7477 0.04285714286 0.75714285714
7478 0.05714285714 0.75714285714
7479 0.07142857143 0.75714285714
7480 0.08571428571 0.75714285714
7481 0.10000000000 0.75714285714
7482 0.11428571429 0.75714285714
7483 0.12857142857 0.75714285714
7484 0.14285714286 0.75714285714
7485 0.15714285714 0.75714285714
7486 0.17142857143 0.75714285714
7487 0.18571428571 0.75714285714
7488 0.20000000000 0.75714285714
7489 0.21428571429 0.75714285714
7490 0.22857142857 0.75714285714
7491 0.24285714286 0.75714285714
7492 0.25714285714 0.75714285714
7493 0.27142857143 0.75714285714
7494 0.28571428571 0.75714285714
7495 0.30000000000 0.75714285714
7496 0.31428571429 0.75714285714
7497 0.32857142857 0.75714285714
7498 0.34285714286 0.75714285714
7499 0.35714285714 0.75714285714
7500 0.37142857143 0.75714285714
7501 0.38571428571 0.75714285714
7502 0.40000000000 0.75714285714
7503 0.41428571429 0.75714285714
7504 0.42857142857 0.75714285714
7505 0.44285714286 0.75714285714
7506 0.45714285714 0.75714285714
7507 0.47142857143 0.75714285714
7508 0.48571428571 0.75714285714
7509 0.50000000000 0.75714285714
7510 0.51428571429 0.75714285714
7511 0.52857142857 0.75714285714
7512 0.54285714286 0.75714285714
7513 0.55714285714 0.75714285714
7514 0.57142857143 0.75714285714
7515 0.58571428571 0.75714285714
7516 0.60000000000 0.75714285714
7517 0.61428571429 0.75714285714
7518 0.62857142857 0.75714285714
7519 0.64285714286 0.75714285714
7520 0.65714285714 0.75714285714
7521 0.67142857143 0.75714285714
7522 0.68571428571 0.75714285714
7523 0.70000000000 0.75714285714
7524 0.71428571429 0.75714285714
7525 0.72857142857 0.75714285714
7526 0.74285714286 0.75714285714
7527 0.75714285714 0.75714285714
7528 0.77142857143 0.75714285714
7529 0.78571428571 0.75714285714
7530 0.80000000000 0.75714285714
7531 0.81428571429 0.75714285714
7532 0.82857142857 0.75714285714
7533 0.84285714286 0.75714285714
7534 0.85714285714 0.75714285714
7535 0.87142857143 0.75714285714
7536 0.88571428571 0.75714285714
7537 0.90000000000 0.75714285714
7538 0.91428571429 0.75714285714
7539 0.92857142857 0.75714285714
7540 0.94285714286 0.75714285714
7541 0.95714285714 0.75714285714
7542 0.97142857143 0.75714285714
7543 0.98571428571 0.75714285714
7544 1.00000000000 0.75714285714
7545 1.01428571429 0.75714285714
7546 1.02857142857 0.75714285714
7547 1.04285714286 0.75714285714
7548 1.05714285714 0.75714285714
7549 1.07142857143 0.75714285714
7550 1.08571428571 0.75714285714
7551 1.10000000000 0.75714285714
7552 1.11428571429 0.75714285714
7553 1.12857142857 0.75714285714
7554 1.14285714286 0.75714285714
7555 1.15714285714 0.75714285714
7556 1.17142857143 0.75714285714
7557 1.18571428571 0.75714285714
7558 1.20000000000 0.75714285714
7559 1.21428571429 0.75714285714
7560 1.22857142857 0.75714285714
7561 1.24285714286 0.75714285714
7562 1.25714285714 0.75714285714
7563 1.27142857143 0.75714285714
7564 1.28571428571 0.75714285714
7565 1.30000000000 0.75714285714
7566 1.31428571429 0.75714285714
7567 1.32857142857 0.75714285714
7568 1.34285714286 0.75714285714
7569 1.35714285714 0.75714285714
7570 1.37142857143 0.75714285714
7571 1.38571428571 0.75714285714
7572 1.40000000000 0.75714285714
7573 1.41428571429 0.75714285714
7574 1.42857142857 0.75714285714
7575 1.44285714286 0.75714285714
7576 1.45714285714 0.75714285714
7577 1.47142857143 0.75714285714
7578 1.48571428571 0.75714285714
7579 1.50000000000 0.75714285714
7580 1.51428571429 0.75714285714
7581 1.52857142857 0.75714285714
7582 1.54285714286 0.75714285714
7583 1.55714285714 0.75714285714
7584 1.57142857143 0.75714285714
7585 1.58571428571 0.75714285714
7586 1.60000000000 0.75714285714
7587 1.61428571429 0.75714285714
7588 1.62857142857 0.75714285714
7589 1.64285714286 0.75714285714
7590 1.65714285714 0.75714285714
7591 1.67142857143 0.75714285714
7592 1.68571428571 0.75714285714
7593 1.70000000000 0.75714285714
7594 1.71428571429 0.75714285714
7595 1.72857142857 0.75714285714
7596 1.74285714286 0.75714285714
7597 1.75714285714 0.75714285714
7598 1.77142857143 0.75714285714
7599 1.78571428571 0.75714285714
7600 1.80000000000 0.75714285714
7601 1.81428571429 0.75714285714
7602 1.82857142857 0.75714285714
7603 1.84285714286 0.75714285714
7604 1.85714285714 0.75714285714
7605 1.87142857143 0.75714285714
7606 1.88571428571 0.75714285714
7607 1.90000000000 0.75714285714
7608 1.91428571429 0.75714285714
7609 1.92857142857 0.75714285714
7610 1.94285714286 0.75714285714
7611 1.95714285714 0.75714285714
7612 1.97142857143 0.75714285714
7613 1.98571428571 0.75714285714
7614 2.00000000000 0.75714285714
7615 0.00000000000 0.77142857143
7616 0.01428571429 0.77142857143
7617 0.02857142857 0.77142857143
7618 0.04285714286 0.77142857143
7619 0.05714285714 0.77142857143
7620 0.07142857143 0.77142857143
7621 0.08571428571 0.77142857143
7622 0.10000000000 0.77142857143
7623 0.11428571429 0.77142857143
7624 0.12857142857 0.77142857143
7625 0.14285714286 0.77142857143
7626 0.15714285714 0.77142857143
7627 0.17142857143 0.77142857143
7628 0.18571428571 0.77142857143
7629 0.20000000000 0.77142857143
7630 0.21428571429 0.77142857143
7631 0.22857142857 0.77142857143
7632 0.24285714286 0.77142857143
7633 0.25714285714 0.77142857143
7634 0.27142857143 0.77142857143
7635 0.28571428571 0.77142857143
7636 0.30000000000 0.77142857143
7637 0.31428571429 0.77142857143
7638 0.32857142857 0.77142857143
7639 0.34285714286 0.77142857143
7640 0.35714285714 0.77142857143
7641 0.37142857143 0.77142857143
7642 0.38571428571 0.77142857143
7643 0.40000000000 0.77142857143
7644 0.41428571429 0.77142857143
7645 0.42857142857 0.77142857143
7646 0.44285714286 0.77142857143
7647 0.45714285714 0.77142857143
7648 0.47142857143 0.77142857143
7649 0.48571428571 0.77142857143
7650 0.50000000000 0.77142857143
7651 0.51428571429 0.77142857143
7652 0.52857142857 0.77142857143
7653 0.54285714286 0.77142857143
7654 0.55714285714 0.77142857143
7655 0.57142857143 0.77142857143
7656 0.58571428571 0.77142857143
7657 0.60000000000 0.77142857143
7658 0.61428571429 0.77142857143
7659 0.62857142857 0.77142857143
7660 0.64285714286 0.77142857143
7661 0.65714285714 0.77142857143
7662 0.67142857143 0.77142857143
7663 0.68571428571 0.77142857143
7664 0.70000000000 0.77142857143
7665 0.71428571429 0.77142857143
7666 0.72857142857 0.77142857143
7667 0.74285714286 0.77142857143
7668 0.75714285714 0.77142857143
7669 0.77142857143 0.77142857143
7670 0.78571428571 0.77142857143
7671 0.80000000000 0.77142857143
7672 0.81428571429 0.77142857143
7673 0.82857142857 0.77142857143
7674 0.84285714286 0.77142857143
7675 0.85714285714 0.77142857143
7676 0.87142857143 0.77142857143
7677 0.88571428571 0.77142857143
7678 0.90000000000 0.77142857143
7679 0.91428571429 0.77142857143
7680 0.92857142857 0.77142857143
7681 0.94285714286 0.77142857143
7682 0.95714285714 0.77142857143
7683 0.97142857143 0.77142857143
7684 0.98571428571 0.77142857143
7685 1.00000000000 0.77142857143
7686 1.01428571429 0.77142857143
7687 1.02857142857 0.77142857143
7688 1.04285714286 0.77142857143
7689 1.05714285714 0.77142857143
7690 1.07142857143 0.77142857143
7691 1.08571428571 0.77142857143
7692 1.10000000000 0.77142857143
7693 1.11428571429 0.77142857143
7694 1.12857142857 0.77142857143
7695 1.14285714286 0.77142857143
7696 1.15714285714 0.77142857143
7697 1.17142857143 0.77142857143
7698 1.18571428571 0.77142857143
7699 1.20000000000 0.77142857143
7700 1.21428571429 0.77142857143
7701 1.22857142857 0.77142857143
7702 1.24285714286 0.77142857143
7703 1.25714285714 0.77142857143
7704 1.27142857143 0.77142857143
7705 1.28571428571 0.77142857143
7706 1.30000000000 0.77142857143
7707 1.31428571429 0.77142857143
7708 1.32857142857 0.77142857143
7709 1.34285714286 0.77142857143
7710 1.35714285714 0.77142857143
7711 1.37142857143 0.77142857143
7712 1.38571428571 0.77142857143
7713 1.40000000000 0.77142857143
7714 1.41428571429 0.77142857143
7715 1.42857142857 0.77142857143
7716 1.44285714286 0.77142857143
7717 1.45714285714 0.77142857143
7718 1.47142857143 0.77142857143
7719 1.48571428571 0.77142857143
7720 1.50000000000 0.77142857143
7721 1.51428571429 0.77142857143
7722 1.52857142857 0.77142857143
7723 1.54285714286 0.77142857143
7724 1.55714285714 0.77142857143
7725 1.57142857143 0.77142857143
7726 1.58571428571 0.77142857143
7727 1.60000000000 0.77142857143
7728 1.61428571429 0.77142857143
7729 1.62857142857 0.77142857143
7730 1.64285714286 0.77142857143
7731 1.65714285714 0.77142857143
7732 1.67142857143 0.77142857143
7733 1.68571428571 0.77142857143
7734 1.70000000000 0.77142857143
7735 1.71428571429 0.77142857143
7736 1.72857142857 0.77142857143
7737 1.74285714286 0.77142857143
7738 1.75714285714 0.77142857143
7739 1.77142857143 0.77142857143
7740 1.78571428571 0.77142857143
7741 1.80000000000 0.77142857143
7742 1.81428571429 0.77142857143
7743 1.82857142857 0.77142857143
7744 1.84285714286 0.77142857143
7745 1.85714285714 0.77142857143
7746 1.87142857143 0.77142857143
7747 1.88571428571 0.77142857143
7748 1.90000000000 0.77142857143
7749 1.91428571429 0.77142857143
7750 1.92857142857 0.77142857143
7751 1.94285714286 0.77142857143
7752 1.95714285714 0.77142857143
7753 1.97142857143 0.77142857143
7754 1.98571428571 0.77142857143
7755 2.00000000000 0.77142857143
7756 0.00000000000 0.78571428571
7757 0.01428571429 0.78571428571
7758 0.02857142857 0.78571428571
7759 0.04285714286 0.78571428571
7760 0.05714285714 0.78571428571
7761 0.07142857143 0.78571428571
7762 0.08571428571 0.78571428571
7763 0.10000000000 0.78571428571
7764 0.11428571429 0.78571428571
7765 0.12857142857 0.78571428571
7766 0.14285714286 0.78571428571
7767 0.15714285714 0.78571428571
7768 0.17142857143 0.78571428571
7769 0.18571428571 0.78571428571
7770 0.20000000000 0.78571428571
7771 0.21428571429 0.78571428571
7772 0.22857142857 0.78571428571
7773 0.24285714286 0.78571428571
7774 0.25714285714 0.78571428571
7775 0.27142857143 0.78571428571
7776 0.28571428571 0.78571428571
7777 0.30000000000 0.78571428571
7778 0.31428571429 0.78571428571
7779 0.32857142857 0.78571428571
7780 0.34285714286 0.78571428571
7781 0.35714285714 0.78571428571
7782 0.37142857143 0.78571428571
7783 0.38571428571 0.78571428571
7784 0.40000000000 0.78571428571
7785 0.41428571429 0.78571428571
7786 0.42857142857 0.78571428571
7787 0.44285714286 0.78571428571
7788 0.45714285714 0.78571428571
7789 0.47142857143 0.78571428571
7790 0.48571428571 0.78571428571
7791 0.50000000000 0.78571428571
7792 0.51428571429 0.78571428571
7793 0.52857142857 0.78571428571
7794 0.54285714286 0.78571428571
7795 0.55714285714 0.78571428571
7796 0.57142857143 0.78571428571
7797 0.58571428571 0.78571428571
7798 0.60000000000 0.78571428571
7799 0.61428571429 0.78571428571
7800 0.62857142857 0.78571428571
7801 0.64285714286 0.78571428571
7802 0.65714285714 0.78571428571
7803 0.67142857143 0.78571428571
7804 0.68571428571 0.78571428571
7805 0.70000000000 0.78571428571
7806 0.71428571429 0.78571428571
7807 0.72857142857 0.78571428571
7808 0.74285714286 0.78571428571
7809 0.75714285714 0.78571428571
7810 0.77142857143 0.78571428571
7811 0.78571428571 0.78571428571
7812 0.80000000000 0.78571428571
7813 0.81428571429 0.78571428571
7814 0.82857142857 0.78571428571
7815 0.84285714286 0.78571428571
7816 0.85714285714 0.78571428571
7817 0.87142857143 0.78571428571
7818 0.88571428571 0.78571428571
7819 0.90000000000 0.78571428571
7820 0.91428571429 0.78571428571
7821 0.92857142857 0.78571428571
7822 0.94285714286 0.78571428571
7823 0.95714285714 0.78571428571
7824 0.97142857143 0.78571428571
7825 0.98571428571 0.78571428571
7826 1.00000000000 0.78571428571
7827 1.01428571429 0.78571428571
7828 1.02857142857 0.78571428571
7829 1.04285714286 0.78571428571
7830 1.05714285714 0.78571428571
7831 1.07142857143 0.78571428571
7832 1.08571428571 0.78571428571
7833 1.10000000000 0.78571428571
7834 1.11428571429 0.78571428571
7835 1.12857142857 0.78571428571
7836 1.14285714286 0.78571428571
7837 1.15714285714 0.78571428571
7838 1.17142857143 0.78571428571
7839 1.18571428571 0.78571428571
7840 1.20000000000 0.78571428571
7841 1.21428571429 0.78571428571
7842 1.22857142857 0.78571428571
7843 1.24285714286 0.78571428571
7844 1.25714285714 0.78571428571
7845 1.27142857143 0.78571428571
7846 1.28571428571 0.78571428571
7847 1.30000000000 0.78571428571
7848 1.31428571429 0.78571428571
7849 1.32857142857 0.78571428571
7850 1.34285714286 0.78571428571
7851 1.35714285714 0.78571428571
7852 1.37142857143 0.78571428571
7853 1.38571428571 0.78571428571
7854 1.40000000000 0.78571428571
7855 1.41428571429 0.78571428571
7856 1.42857142857 0.78571428571
7857 1.44285714286 0.78571428571
7858 1.45714285714 0.78571428571
7859 1.47142857143 0.78571428571
7860 1.48571428571 0.78571428571
7861 1.50000000000 0.78571428571
7862 1.51428571429 0.78571428571
7863 1.52857142857 0.78571428571
7864 1.54285714286 0.78571428571
7865 1.55714285714 0.78571428571
7866 1.57142857143 0.78571428571
7867 1.58571428571 0.78571428571
7868 1.60000000000 0.78571428571
7869 1.61428571429 0.78571428571
7870 1.62857142857 0.78571428571
7871 1.64285714286 0.78571428571
7872 1.65714285714 0.78571428571
7873 1.67142857143 0.78571428571
7874 1.68571428571 0.78571428571
7875 1.70000000000 0.78571428571
7876 1.71428571429 0.78571428571
7877 1.72857142857 0.78571428571
7878 1.74285714286 0.78571428571
7879 1.75714285714 0.78571428571
7880 1.77142857143 0.78571428571
7881 1.78571428571 0.78571428571
7882 1.80000000000 0.78571428571
7883 1.81428571429 0.78571428571
7884 1.82857142857 0.78571428571
7885 1.84285714286 0.78571428571
7886 1.85714285714 0.78571428571
7887 1.87142857143 0.78571428571
7888 1.88571428571 0.78571428571
7889 1.90000000000 0.78571428571
7890 1.91428571429 0.78571428571
7891 1.92857142857 0.78571428571
7892 1.94285714286 0.78571428571
7893 1.95714285714 0.78571428571
7894 1.97142857143 0.78571428571
7895 1.98571428571 0.78571428571
7896 2.00000000000 0.78571428571
7897 0.00000000000 0.80000000000
7898 0.01428571429 0.80000000000
7899 0.02857142857 0.80000000000
7900 0.04285714286 0.80000000000
7901 0.05714285714 0.80000000000
7902 0.07142857143 0.80000000000
7903 0.08571428571 0.80000000000
7904 0.10000000000 0.80000000000
7905 0.11428571429 0.80000000000
7906 0.12857142857 0.80000000000
7907 0.14285714286 0.80000000000
7908 0.15714285714 0.80000000000
7909 0.17142857143 0.80000000000
7910 0.18571428571 0.80000000000
7911 0.20000000000 0.80000000000
7912 0.21428571429 0.80000000000
7913 0.22857142857 0.80000000000
7914 0.24285714286 0.80000000000
7915 0.25714285714 0.80000000000
7916 0.27142857143 0.80000000000
7917 0.28571428571 0.80000000000
7918 0.30000000000 0.80000000000
7919 0.31428571429 0.80000000000
7920 0.32857142857 0.80000000000
7921 0.34285714286 0.80000000000
7922 0.35714285714 0.80000000000
7923 0.37142857143 0.80000000000
7924 0.38571428571 0.80000000000
7925 0.40000000000 0.80000000000
7926 0.41428571429 0.80000000000
7927 0.42857142857 0.80000000000
7928 0.44285714286 0.80000000000
7929 0.45714285714 0.80000000000
7930 0.47142857143 0.80000000000
7931 0.48571428571 0.80000000000
7932 0.50000000000 0.80000000000
7933 0.51428571429 0.80000000000
7934 0.52857142857 0.80000000000
7935 0.54285714286 0.80000000000
7936 0.55714285714 0.80000000000
7937 0.57142857143 0.80000000000
7938 0.58571428571 0.80000000000
7939 0.60000000000 0.80000000000
7940 0.61428571429 0.80000000000
7941 0.62857142857 0.80000000000
7942 0.64285714286 0.80000000000
7943 0.65714285714 0.80000000000
7944 0.67142857143 0.80000000000
7945 0.68571428571 0.80000000000
7946 0.70000000000 0.80000000000
7947 0.71428571429 0.80000000000
7948 0.72857142857 0.80000000000
7949 0.74285714286 0.80000000000
7950 0.75714285714 0.80000000000
7951 0.77142857143 0.80000000000
7952 0.78571428571 0.80000000000
7953 0.80000000000 0.80000000000
7954 0.81428571429 0.80000000000
7955 0.82857142857 0.80000000000
7956 0.84285714286 0.80000000000
7957 0.85714285714 0.80000000000
7958 0.87142857143 0.80000000000
7959 0.88571428571 0.80000000000
7960 0.90000000000 0.80000000000
7961 0.91428571429 0.80000000000
7962 0.92857142857 0.80000000000
7963 0.94285714286 0.80000000000
7964 0.95714285714 0.80000000000
7965 0.97142857143 0.80000000000
7966 0.98571428571 0.80000000000
7967 1.00000000000 0.80000000000
7968 1.01428571429 0.80000000000
7969 1.02857142857 0.80000000000
7970 1.04285714286 0.80000000000
7971 1.05714285714 0.80000000000
7972 1.07142857143 0.80000000000
7973 1.08571428571 0.80000000000
7974 1.10000000000 0.80000000000
7975 1.11428571429 0.80000000000
7976 1.12857142857 0.80000000000
7977 1.14285714286 0.80000000000
7978 1.15714285714 0.80000000000
7979 1.17142857143 0.80000000000
7980 1.18571428571 0.80000000000
7981 1.20000000000 0.80000000000
7982 1.21428571429 0.80000000000
7983 1.22857142857 0.80000000000
7984 1.24285714286 0.80000000000
7985 1.25714285714 0.80000000000
7986 1.27142857143 0.80000000000
7987 1.28571428571 0.80000000000
7988 1.30000000000 0.80000000000
7989 1.31428571429 0.80000000000
7990 1.32857142857 0.80000000000
7991 1.34285714286 0.80000000000
7992 1.35714285714 0.80000000000
7993 1.37142857143 0.80000000000
7994 1.38571428571 0.80000000000
7995 1.40000000000 0.80000000000
7996 1.41428571429 0.80000000000
7997 1.42857142857 0.80000000000
7998 1.44285714286 0.80000000000
7999 1.45714285714 0.80000000000
8000 1.47142857143 0.80000000000
8001 1.48571428571 0.80000000000
8002 1.50000000000 0.80000000000
8003 1.51428571429 0.80000000000
8004 1.52857142857 0.80000000000
8005 1.54285714286 0.80000000000
8006 1.55714285714 0.80000000000
8007 1.57142857143 0.80000000000
8008 1.58571428571 0.80000000000
8009 1.60000000000 0.80000000000
8010 1.61428571429 0.80000000000
8011 1.62857142857 0.80000000000
8012 1.64285714286 0.80000000000
8013 1.65714285714 0.80000000000
8014 1.67142857143 0.80000000000
8015 1.68571428571 0.80000000000
8016 1.70000000000 0.80000000000
8017 1.71428571429 0.80000000000
8018 1.72857142857 0.80000000000
8019 1.74285714286 0.80000000000
8020 1.75714285714 0.80000000000
8021 1.77142857143 0.80000000000
8022 1.78571428571 0.80000000000
8023 1.80000000000 0.80000000000
8024 1.81428571429 0.80000000000
8025 1.82857142857 0.80000000000
8026 1.84285714286 0.80000000000
8027 1.85714285714 0.80000000000
8028 1.87142857143 0.80000000000
8029 1.88571428571 0.80000000000
8030 1.90000000000 0.80000000000
8031 1.91428571429 0.80000000000
8032 1.92857142857 0.80000000000
8033 1.94285714286 0.80000000000
8034 1.95714285714 0.80000000000
8035 1.97142857143 0.80000000000
8036 1.98571428571 0.80000000000
8037 2.00000000000 0.80000000000
8038 0.00000000000 0.81428571429
8039 0.01428571429 0.81428571429
8040 0.02857142857 0.81428571429
8041 0.04285714286 0.81428571429
8042 0.05714285714 0.81428571429
8043 0.07142857143 0.81428571429
8044 0.08571428571 0.81428571429
8045 0.10000000000 0.81428571429
8046 0.11428571429 0.81428571429
8047 0.12857142857 0.81428571429
8048 0.14285714286 0.81428571429
8049 0.15714285714 0.81428571429
8050 0.17142857143 0.81428571429
8051 0.18571428571 0.81428571429
8052 0.20000000000 0.81428571429
8053 0.21428571429 0.81428571429
8054 0.22857142857 0.81428571429
8055 0.24285714286 0.81428571429
8056 0.25714285714 0.81428571429
8057 0.27142857143 0.81428571429
8058 0.28571428571 0.81428571429
8059 0.30000000000 0.81428571429
8060 0.31428571429 0.81428571429
8061 0.32857142857 0.81428571429
8062 0.34285714286 0.81428571429
8063 0.35714285714 0.81428571429
8064 0.37142857143 0.81428571429
8065 0.38571428571 0.81428571429
8066 0.40000000000 0.81428571429
8067 0.41428571429 0.81428571429
8068 0.42857142857 0.81428571429
8069 0.44285714286 0.81428571429
8070 0.45714285714 0.81428571429
8071 0.47142857143 0.81428571429
8072 0.48571428571 0.81428571429
8073 0.50000000000 0.81428571429
8074 0.51428571429 0.81428571429
8075 0.52857142857 0.81428571429
8076 0.54285714286 0.81428571429
8077 0.55714285714 0.81428571429
8078 0.57142857143 0.81428571429
8079 0.58571428571 0.81428571429
8080 0.60000000000 0.81428571429
8081 0.61428571429 0.81428571429
8082 0.62857142857 0.81428571429
8083 0.64285714286 0.81428571429
8084 0.65714285714 0.81428571429
8085 0.67142857143 0.81428571429
8086 0.68571428571 0.81428571429
8087 0.70000000000 0.81428571429
8088 0.71428571429 0.81428571429
8089 0.72857142857 0.81428571429
8090 0.74285714286 0.81428571429
8091 0.75714285714 0.81428571429
8092 0.77142857143 0.81428571429
8093 0.78571428571 0.81428571429
8094 0.80000000000 0.81428571429
8095 0.81428571429 0.81428571429
8096 0.82857142857 0.81428571429
8097 0.84285714286 0.81428571429
8098 0.85714285714 0.81428571429
8099 0.87142857143 0.81428571429
8100 0.88571428571 0.81428571429
8101 0.90000000000 0.81428571429
8102 0.91428571429 0.81428571429
8103 0.92857142857 0.81428571429
8104 0.94285714286 0.81428571429
8105 0.95714285714 0.81428571429
8106 0.97142857143 0.81428571429
8107 0.98571428571 0.81428571429
8108 1.00000000000 0.81428571429
8109 1.01428571429 0.81428571429
8110 1.02857142857 0.81428571429
8111 1.04285714286 0.81428571429
8112 1.05714285714 0.81428571429
8113 1.07142857143 0.81428571429
8114 1.08571428571 0.81428571429
8115 1.10000000000 0.81428571429
8116 1.11428571429 0.81428571429
8117 1.12857142857 0.81428571429
8118 1.14285714286 0.81428571429
8119 1.15714285714 0.81428571429
8120 1.17142857143 0.81428571429
8121 1.18571428571 0.81428571429
8122 1.20000000000 0.81428571429
8123 1.21428571429 0.81428571429
8124 1.22857142857 0.81428571429
8125 1.24285714286 0.81428571429
8126 1.25714285714 0.81428571429
8127 1.27142857143 0.81428571429
8128 1.28571428571 0.81428571429
8129 1.30000000000 0.81428571429
8130 1.31428571429 0.81428571429
8131 1.32857142857 0.81428571429
8132 1.34285714286 0.81428571429
8133 1.35714285714 0.81428571429
8134 1.37142857143 0.81428571429
8135 1.38571428571 0.81428571429
8136 1.40000000000 0.81428571429
8137 1.41428571429 0.81428571429
8138 1.42857142857 0.81428571429
8139 1.44285714286 0.81428571429
8140 1.45714285714 0.81428571429
8141 1.47142857143 0.81428571429
8142 1.48571428571 0.81428571429
8143 1.50000000000 0.81428571429
8144 1.51428571429 0.81428571429
8145 1.52857142857 0.81428571429
8146 1.54285714286 0.81428571429
8147 1.55714285714 0.81428571429
8148 1.57142857143 0.81428571429
8149 1.58571428571 0.81428571429
8150 1.60000000000 0.81428571429
8151 1.61428571429 0.81428571429
8152 1.62857142857 0.81428571429
8153 1.64285714286 0.81428571429
8154 1.65714285714 0.81428571429
8155 1.67142857143 0.81428571429
8156 1.68571428571 0.81428571429
8157 1.70000000000 0.81428571429
8158 1.71428571429 0.81428571429
8159 1.72857142857 0.81428571429
8160 1.74285714286 0.81428571429
8161 1.75714285714 0.81428571429
8162 1.77142857143 0.81428571429
8163 1.78571428571 0.81428571429
8164 1.80000000000 0.81428571429
8165 1.81428571429 0.81428571429
8166 1.82857142857 0.81428571429
8167 1.84285714286 0.81428571429
8168 1.85714285714 0.81428571429
8169 1.87142857143 0.81428571429
8170 1.88571428571 0.81428571429
8171 1.90000000000 0.81428571429
8172 1.91428571429 0.81428571429
8173 1.92857142857 0.81428571429
8174 1.94285714286 0.81428571429
8175 1.95714285714 0.81428571429
8176 1.97142857143 0.81428571429
8177 1.98571428571 0.81428571429
8178 2.00000000000 0.81428571429
8179 0.00000000000 0.82857142857
8180 0.01428571429 0.82857142857
8181 0.02857142857 0.82857142857
8182 0.04285714286 0.82857142857
8183 0.05714285714 0.82857142857
8184 0.07142857143 0.82857142857
8185 0.08571428571 0.82857142857
8186 0.10000000000 0.82857142857
8187 0.11428571429 0.82857142857
8188 0.12857142857 0.82857142857
8189 0.14285714286 0.82857142857
8190 0.15714285714 0.82857142857
8191 0.17142857143 0.82857142857
8192 0.18571428571 0.82857142857
8193 0.20000000000 0.82857142857
8194 0.21428571429 0.82857142857
8195 0.22857142857 0.82857142857
8196 0.24285714286 0.82857142857
8197 0.25714285714 0.82857142857
8198 0.27142857143 0.82857142857
8199 0.28571428571 0.82857142857
8200 0.30000000000 0.82857142857
8201 0.31428571429 0.82857142857
8202 0.32857142857 0.82857142857
8203 0.34285714286 0.82857142857
8204 0.35714285714 0.82857142857
8205 0.37142857143 0.82857142857
8206 0.38571428571 0.82857142857
8207 0.40000000000 0.82857142857
8208 0.41428571429 0.82857142857
8209 0.42857142857 0.82857142857
8210 0.44285714286 0.82857142857
8211 0.45714285714 0.82857142857
8212 0.47142857143 0.82857142857
8213 0.48571428571 0.82857142857
8214 0.50000000000 0.82857142857
8215 0.51428571429 0.82857142857
8216 0.52857142857 0.82857142857
8217 0.54285714286 0.82857142857
8218 0.55714285714 0.82857142857
8219 0.57142857143 0.82857142857
8220 0.58571428571 0.82857142857
8221 0.60000000000 0.82857142857
8222 0.61428571429 0.82857142857
8223 0.62857142857 0.82857142857
8224 0.64285714286 0.82857142857
8225 0.65714285714 0.82857142857
8226 0.67142857143 0.82857142857
8227 0.68571428571 0.82857142857
8228 0.70000000000 0.82857142857
8229 0.71428571429 0.82857142857
8230 0.72857142857 0.82857142857
8231 0.74285714286 0.82857142857
8232 0.75714285714 0.82857142857
8233 0.77142857143 0.82857142857
8234 0.78571428571 0.82857142857
8235 0.80000000000 0.82857142857
8236 0.81428571429 0.82857142857
8237 0.82857142857 0.82857142857
8238 0.84285714286 0.82857142857
8239 0.85714285714 0.82857142857
8240 0.87142857143 0.82857142857
8241 0.88571428571 0.82857142857
8242 0.90000000000 0.82857142857
8243 0.91428571429 0.82857142857
8244 0.92857142857 0.82857142857
8245 0.94285714286 0.82857142857
8246 0.95714285714 0.82857142857
8247 0.97142857143 0.82857142857
8248 0.98571428571 0.82857142857
8249 1.00000000000 0.82857142857
8250 1.01428571429 0.82857142857
8251 1.02857142857 0.82857142857
8252 1.04285714286 0.82857142857
8253 1.05714285714 0.82857142857
8254 1.07142857143 0.82857142857
8255 1.08571428571 0.82857142857
8256 1.10000000000 0.82857142857
8257 1.11428571429 0.82857142857
8258 1.12857142857 0.82857142857
8259 1.14285714286 0.82857142857
8260 1.15714285714 0.82857142857
8261 1.17142857143 0.82857142857
8262 1.18571428571 0.82857142857
8263 1.20000000000 0.82857142857
8264 1.21428571429 0.82857142857
8265 1.22857142857 0.82857142857
8266 1.24285714286 0.82857142857
8267 1.25714285714 0.82857142857
8268 1.27142857143 0.82857142857
8269 1.28571428571 0.82857142857
8270 1.30000000000 0.82857142857
8271 1.31428571429 0.82857142857
8272 1.32857142857 0.82857142857
8273 1.34285714286 0.82857142857
8274 1.35714285714 0.82857142857
8275 1.37142857143 0.82857142857
8276 1.38571428571 0.82857142857
8277 1.40000000000 0.82857142857
8278 1.41428571429 0.82857142857
8279 1.42857142857 0.82857142857
8280 1.44285714286 0.82857142857
8281 1.45714285714 0.82857142857
8282 1.47142857143 0.82857142857
8283 1.48571428571 0.82857142857
8284 1.50000000000 0.82857142857
8285 1.51428571429 0.82857142857
8286 1.52857142857 0.82857142857
8287 1.54285714286 0.82857142857
8288 1.55714285714 0.82857142857
8289 1.57142857143 0.82857142857
8290 1.58571428571 0.82857142857
8291 1.60000000000 0.82857142857
8292 1.61428571429 0.82857142857
8293 1.62857142857 0.82857142857
8294 1.64285714286 0.82857142857
8295 1.65714285714 0.82857142857
8296 1.67142857143 0.82857142857
8297 1.68571428571 0.82857142857
8298 1.70000000000 0.82857142857
8299 1.71428571429 0.82857142857
8300 1.72857142857 0.82857142857
8301 1.74285714286 0.82857142857
8302 1.75714285714 0.82857142857
8303 1.77142857143 0.82857142857
8304 1.78571428571 0.82857142857
8305 1.80000000000 0.82857142857
8306 1.81428571429 0.82857142857
8307 1.82857142857 0.82857142857
8308 1.84285714286 0.82857142857
8309 1.85714285714 0.82857142857
8310 1.87142857143 0.82857142857
8311 1.88571428571 0.82857142857
8312 1.90000000000 0.82857142857
8313 1.91428571429 0.82857142857
8314 1.92857142857 0.82857142857
8315 1.94285714286 0.82857142857
8316 1.95714285714 0.82857142857
8317 1.97142857143 0.82857142857
8318 1.98571428571 0.82857142857
8319 2.00000000000 0.82857142857
8320 0.00000000000 0.84285714286
8321 0.01428571429 0.84285714286
8322 0.02857142857 0.84285714286
8323 0.04285714286 0.84285714286
8324 0.05714285714 0.84285714286
8325 0.07142857143 0.84285714286
8326 0.08571428571 0.84285714286
8327 0.10000000000 0.84285714286
8328 0.11428571429 0.84285714286
8329 0.12857142857 0.84285714286
8330 0.14285714286 0.84285714286
8331 0.15714285714 0.84285714286
8332 0.17142857143 0.84285714286
8333 0.18571428571 0.84285714286
8334 0.20000000000 0.84285714286
8335 0.21428571429 0.84285714286
8336 0.22857142857 0.84285714286
8337 0.24285714286 0.84285714286
8338 0.25714285714 0.84285714286
8339 0.27142857143 0.84285714286
8340 0.28571428571 0.84285714286
8341 0.30000000000 0.84285714286
8342 0.31428571429 0.84285714286
8343 0.32857142857 0.84285714286
8344 0.34285714286 0.84285714286
8345 0.35714285714 0.84285714286
8346 0.37142857143 0.84285714286
8347 0.38571428571 0.84285714286
8348 0.40000000000 0.84285714286
8349 0.41428571429 0.84285714286
8350 0.42857142857 0.84285714286
8351 0.44285714286 0.84285714286
8352 0.45714285714 0.84285714286
8353 0.47142857143 0.84285714286
8354 0.48571428571 0.84285714286
8355 0.50000000000 0.84285714286
8356 0.51428571429 0.84285714286
8357 0.52857142857 0.84285714286
8358 0.54285714286 0.84285714286
8359 0.55714285714 0.84285714286
8360 0.57142857143 0.84285714286
8361 0.58571428571 0.84285714286
8362 0.60000000000 0.84285714286
8363 0.61428571429 0.84285714286
8364 0.62857142857 0.84285714286
8365 0.64285714286 0.84285714286
8366 0.65714285714 0.84285714286
8367 0.67142857143 0.84285714286
8368 0.68571428571 0.84285714286
8369 0.70000000000 0.84285714286
8370 0.71428571429 0.84285714286
8371 0.72857142857 0.84285714286
8372 0.74285714286 0.84285714286
8373 0.75714285714 0.84285714286
8374 0.77142857143 0.84285714286
8375 0.78571428571 0.84285714286
8376 0.80000000000 0.84285714286
8377 0.81428571429 0.84285714286
8378 0.82857142857 0.84285714286
8379 0.84285714286 0.84285714286
8380 0.85714285714 0.84285714286
8381 0.87142857143 0.84285714286
8382 0.88571428571 0.84285714286
8383 0.90000000000 0.84285714286
8384 0.91428571429 0.84285714286
8385 0.92857142857 0.84285714286
8386 0.94285714286 0.84285714286
8387 0.95714285714 0.84285714286
8388 0.97142857143 0.84285714286
8389 0.98571428571 0.84285714286
8390 1.00000000000 0.84285714286
8391 1.01428571429 0.84285714286
8392 1.02857142857 0.84285714286
8393 1.04285714286 0.84285714286
8394 1.05714285714 0.84285714286
8395 1.07142857143 0.84285714286
8396 1.08571428571 0.84285714286
8397 1.10000000000 0.84285714286
8398 1.11428571429 0.84285714286
8399 1.12857142857 0.84285714286
8400 1.14285714286 0.84285714286
8401 1.15714285714 0.84285714286
8402 1.17142857143 0.84285714286
8403 1.18571428571 0.84285714286
8404 1.20000000000 0.84285714286
8405 1.21428571429 0.84285714286
8406 1.22857142857 0.84285714286
8407 1.24285714286 0.84285714286
8408 1.25714285714 0.84285714286
8409 1.27142857143 0.84285714286
8410 1.28571428571 0.84285714286
8411 1.30000000000 0.84285714286
8412 1.31428571429 0.84285714286
8413 1.32857142857 0.84285714286
8414 1.34285714286 0.84285714286
8415 1.35714285714 0.84285714286
8416 1.37142857143 0.84285714286
8417 1.38571428571 0.84285714286
8418 1.40000000000 0.84285714286
8419 1.41428571429 0.84285714286
8420 1.42857142857 0.84285714286
8421 1.44285714286 0.84285714286
8422 1.45714285714 0.84285714286
8423 1.47142857143 0.84285714286
8424 1.48571428571 0.84285714286
8425 1.50000000000 0.84285714286
8426 1.51428571429 0.84285714286
8427 1.52857142857 0.84285714286
8428 1.54285714286 0.84285714286
8429 1.55714285714 0.84285714286
8430 1.57142857143 0.84285714286
8431 1.58571428571 0.84285714286
8432 1.60000000000 0.84285714286
8433 1.61428571429 0.84285714286
8434 1.62857142857 0.84285714286
8435 1.64285714286 0.84285714286
8436 1.65714285714 0.84285714286
8437 1.67142857143 0.84285714286
8438 1.68571428571 0.84285714286
8439 1.70000000000 0.84285714286
8440 1.71428571429 0.84285714286
8441 1.72857142857 0.84285714286
8442 1.74285714286 0.84285714286
8443 1.75714285714 0.84285714286
8444 1.77142857143 0.84285714286
8445 1.78571428571 0.84285714286
8446 1.80000000000 0.84285714286
8447 1.81428571429 0.84285714286
8448 1.82857142857 0.84285714286
8449 1.84285714286 0.84285714286
8450 1.85714285714 0.84285714286
8451 1.87142857143 0.84285714286
8452 1.88571428571 0.84285714286
8453 1.90000000000 0.84285714286
8454 1.91428571429 0.84285714286
8455 1.92857142857 0.84285714286
8456 1.94285714286 0.84285714286
8457 1.95714285714 0.84285714286
8458 1.97142857143 0.84285714286
8459 1.98571428571 0.84285714286
8460 2.00000000000 0.84285714286
8461 0.00000000000 0.85714285714
8462 0.01428571429 0.85714285714
8463 0.02857142857 0.85714285714
8464 0.04285714286 0.85714285714
8465 0.05714285714 0.85714285714
8466 0.07142857143 0.85714285714
8467 0.08571428571 0.85714285714
8468 0.10000000000 0.85714285714
8469 0.11428571429 0.85714285714
8470 0.12857142857 0.85714285714
8471 0.14285714286 0.85714285714
8472 0.15714285714 0.85714285714
8473 0.17142857143 0.85714285714
8474 0.18571428571 0.85714285714
8475 0.20000000000 0.85714285714
8476 0.21428571429 0.85714285714
8477 0.22857142857 0.85714285714
8478 0.24285714286 0.85714285714
8479 0.25714285714 0.85714285714
8480 0.27142857143 0.85714285714
8481 0.28571428571 0.85714285714
8482 0.30000000000 0.85714285714
8483 0.31428571429 0.85714285714
8484 0.32857142857 0.85714285714
8485 0.34285714286 0.85714285714
8486 0.35714285714 0.85714285714
8487 0.37142857143 0.85714285714
8488 0.38571428571 0.85714285714
8489 0.40000000000 0.85714285714
8490 0.41428571429 0.85714285714
8491 0.42857142857 0.85714285714
8492 0.44285714286 0.85714285714
8493 0.45714285714 0.85714285714
8494 0.47142857143 0.85714285714
8495 0.48571428571 0.85714285714
8496 0.50000000000 0.85714285714
8497 0.51428571429 0.85714285714
8498 0.52857142857 0.85714285714
8499 0.54285714286 0.85714285714
8500 0.55714285714 0.85714285714
8501 0.57142857143 0.85714285714
8502 0.58571428571 0.85714285714
8503 0.60000000000 0.85714285714
8504 0.61428571429 0.85714285714
8505 0.62857142857 0.85714285714
8506 0.64285714286 0.85714285714
8507 0.65714285714 0.85714285714
8508 0.67142857143 0.85714285714
8509 0.68571428571 0.85714285714
8510 0.70000000000 0.85714285714
8511 0.71428571429 0.85714285714
8512 0.72857142857 0.85714285714
8513 0.74285714286 0.85714285714
8514 0.75714285714 0.85714285714
8515 0.77142857143 0.85714285714
8516 0.78571428571 0.85714285714
8517 0.80000000000 0.85714285714
8518 0.81428571429 0.85714285714
8519 0.82857142857 0.85714285714
8520 0.84285714286 0.85714285714
8521 0.85714285714 0.85714285714
8522 0.87142857143 0.85714285714
8523 0.88571428571 0.85714285714
8524 0.90000000000 0.85714285714
8525 0.91428571429 0.85714285714
8526 0.92857142857 0.85714285714
8527 0.94285714286 0.85714285714
8528 0.95714285714 0.85714285714
8529 0.97142857143 0.85714285714
8530 0.98571428571 0.85714285714
8531 1.00000000000 0.85714285714
8532 1.01428571429 0.85714285714
8533 1.02857142857 0.85714285714
8534 1.04285714286 0.85714285714
8535 1.05714285714 0.85714285714
8536 1.07142857143 0.85714285714
8537 1.08571428571 0.85714285714
8538 1.10000000000 0.85714285714
8539 1.11428571429 0.85714285714
8540 1.12857142857 0.85714285714
8541 1.14285714286 0.85714285714
8542 1.15714285714 0.85714285714
8543 1.17142857143 0.85714285714
8544 1.18571428571 0.85714285714
8545 1.20000000000 0.85714285714
8546 1.21428571429 0.85714285714
8547 1.22857142857 0.85714285714
8548 1.24285714286 0.85714285714
8549 1.25714285714 0.85714285714
8550 1.27142857143 0.85714285714
8551 1.28571428571 0.85714285714
8552 1.30000000000 0.85714285714
8553 1.31428571429 0.85714285714
8554 1.32857142857 0.85714285714
8555 1.34285714286 0.85714285714
8556 1.35714285714 0.85714285714
8557 1.37142857143 0.85714285714
8558 1.38571428571 0.85714285714
8559 1.40000000000 0.85714285714
8560 1.41428571429 0.85714285714
8561 1.42857142857 0.85714285714
8562 1.44285714286 0.85714285714
8563 1.45714285714 0.85714285714
8564 1.47142857143 0.85714285714
8565 1.48571428571 0.85714285714
8566 1.50000000000 0.85714285714
8567 1.51428571429 0.85714285714
8568 1.52857142857 0.85714285714
8569 1.54285714286 0.85714285714
8570 1.55714285714 0.85714285714
8571 1.57142857143 0.85714285714
8572 1.58571428571 0.85714285714
8573 1.60000000000 0.85714285714
8574 1.61428571429 0.85714285714
8575 1.62857142857 0.85714285714
8576 1.64285714286 0.85714285714
8577 1.65714285714 0.85714285714
8578 1.67142857143 0.85714285714
8579 1.68571428571 0.85714285714
8580 1.70000000000 0.85714285714
8581 1.71428571429 0.85714285714
8582 1.72857142857 0.85714285714
8583 1.74285714286 0.85714285714
8584 1.75714285714 0.85714285714
8585 1.77142857143 0.85714285714
8586 1.78571428571 0.85714285714
8587 1.80000000000 0.85714285714
8588 1.81428571429 0.85714285714
8589 1.82857142857 0.85714285714
8590 1.84285714286 0.85714285714
8591 1.85714285714 0.85714285714
8592 1.87142857143 0.85714285714
8593 1.88571428571 0.85714285714
8594 1.90000000000 0.85714285714
8595 1.91428571429 0.85714285714
8596 1.92857142857 0.85714285714
8597 1.94285714286 0.85714285714
8598 1.95714285714 0.85714285714
8599 1.97142857143 0.85714285714
8600 1.98571428571 0.85714285714
8601 2.00000000000 0.85714285714
8602 0.00000000000 0.87142857143
8603 0.01428571429 0.87142857143
8604 0.02857142857 0.87142857143
8605 0.04285714286 0.87142857143
8606 0.05714285714 0.87142857143
8607 0.07142857143 0.87142857143
8608 0.08571428571 0.87142857143
8609 0.10000000000 0.87142857143
8610 0.11428571429 0.87142857143
8611 0.12857142857 0.87142857143
8612 0.14285714286 0.87142857143
8613 0.15714285714 0.87142857143
8614 0.17142857143 0.87142857143
8615 0.18571428571 0.87142857143
8616 0.20000000000 0.87142857143
8617 0.21428571429 0.87142857143
8618 0.22857142857 0.87142857143
8619 0.24285714286 0.87142857143
8620 0.25714285714 0.87142857143
8621 0.27142857143 0.87142857143
8622 0.28571428571 0.87142857143
8623 0.30000000000 0.87142857143
8624 0.31428571429 0.87142857143
8625 0.32857142857 0.87142857143
8626 0.34285714286 0.87142857143
8627 0.35714285714 0.87142857143
8628 0.37142857143 0.87142857143
8629 0.38571428571 0.87142857143
8630 0.40000000000 0.87142857143
8631 0.41428571429 0.87142857143
8632 0.42857142857 0.87142857143
8633 0.44285714286 0.87142857143
8634 0.45714285714 0.87142857143
8635 0.47142857143 0.87142857143
8636 0.48571428571 0.87142857143
8637 0.50000000000 0.87142857143
8638 0.51428571429 0.87142857143
8639 0.52857142857 0.87142857143
8640 0.54285714286 0.87142857143
8641 0.55714285714 0.87142857143
8642 0.57142857143 0.87142857143
8643 0.58571428571 0.87142857143
8644 0.60000000000 0.87142857143
8645 0.61428571429 0.87142857143
8646 0.62857142857 0.87142857143
8647 0.64285714286 0.87142857143
8648 0.65714285714 0.87142857143
8649 0.67142857143 0.87142857143
8650 0.68571428571 0.87142857143
8651 0.70000000000 0.87142857143
8652 0.71428571429 0.87142857143
8653 0.72857142857 0.87142857143
8654 0.74285714286 0.87142857143
8655 0.75714285714 0.87142857143
8656 0.77142857143 0.87142857143
8657 0.78571428571 0.87142857143
8658 0.80000000000 0.87142857143
8659 0.81428571429 0.87142857143
8660 0.82857142857 0.87142857143
8661 0.84285714286 0.87142857143
8662 0.85714285714 0.87142857143
8663 0.87142857143 0.87142857143
8664 0.88571428571 0.87142857143
8665 0.90000000000 0.87142857143
8666 0.91428571429 0.87142857143
8667 0.92857142857 0.87142857143
8668 0.94285714286 0.87142857143
8669 0.95714285714 0.87142857143
8670 0.97142857143 0.87142857143
8671 0.98571428571 0.87142857143
8672 1.00000000000 0.87142857143
8673 1.01428571429 0.87142857143
8674 1.02857142857 0.87142857143
8675 1.04285714286 0.87142857143
8676 1.05714285714 0.87142857143
8677 1.07142857143 0.87142857143
8678 1.08571428571 0.87142857143
8679 1.10000000000 0.87142857143
8680 1.11428571429 0.87142857143
8681 1.12857142857 0.87142857143
8682 1.14285714286 0.87142857143
8683 1.15714285714 0.87142857143
8684 1.17142857143 0.87142857143
8685 1.18571428571 0.87142857143
8686 1.20000000000 0.87142857143
8687 1.21428571429 0.87142857143
8688 1.22857142857 0.87142857143
8689 1.24285714286 0.87142857143
8690 1.25714285714 0.87142857143
8691 1.27142857143 0.87142857143
8692 1.28571428571 0.87142857143
8693 1.30000000000 0.87142857143
8694 1.31428571429 0.87142857143
8695 1.32857142857 0.87142857143
8696 1.34285714286 0.87142857143
8697 1.35714285714 0.87142857143
8698 1.37142857143 0.87142857143
8699 1.38571428571 0.87142857143
8700 1.40000000000 0.87142857143
8701 1.41428571429 0.87142857143
8702 1.42857142857 0.87142857143
8703 1.44285714286 0.87142857143
8704 1.45714285714 0.87142857143
8705 1.47142857143 0.87142857143
8706 1.48571428571 0.87142857143
8707 1.50000000000 0.87142857143
8708 1.51428571429 0.87142857143
8709 1.52857142857 0.87142857143
8710 1.54285714286 0.87142857143
8711 1.55714285714 0.87142857143
8712 1.57142857143 0.87142857143
8713 1.58571428571 0.87142857143
8714 1.60000000000 0.87142857143
8715 1.61428571429 0.87142857143
8716 1.62857142857 0.87142857143
8717 1.64285714286 0.87142857143
8718 1.65714285714 0.87142857143
8719 1.67142857143 0.87142857143
8720 1.68571428571 0.87142857143
8721 1.70000000000 0.87142857143
8722 1.71428571429 0.87142857143
8723 1.72857142857 0.87142857143
8724 1.74285714286 0.87142857143
8725 1.75714285714 0.87142857143
8726 1.77142857143 0.87142857143
8727 1.78571428571 0.87142857143
8728 1.80000000000 0.87142857143
8729 1.81428571429 0.87142857143
8730 1.82857142857 0.87142857143
8731 1.84285714286 0.87142857143
8732 1.85714285714 0.87142857143
8733 1.87142857143 0.87142857143
8734 1.88571428571 0.87142857143
8735 1.90000000000 0.87142857143
8736 1.91428571429 0.87142857143
8737 1.92857142857 0.87142857143
8738 1.94285714286 0.87142857143
8739 1.95714285714 0.87142857143
8740 1.97142857143 0.87142857143
8741 1.98571428571 0.87142857143
8742 2.00000000000 0.87142857143
8743 0.00000000000 0.88571428571
8744 0.01428571429 0.88571428571
8745 0.02857142857 0.88571428571
8746 0.04285714286 0.88571428571
8747 0.05714285714 0.88571428571
8748 0.07142857143 0.88571428571
8749 0.08571428571 0.88571428571
8750 0.10000000000 0.88571428571
8751 0.11428571429 0.88571428571
8752 0.12857142857 0.88571428571
8753 0.14285714286 0.88571428571
8754 0.15714285714 0.88571428571
8755 0.17142857143 0.88571428571
8756 0.18571428571 0.88571428571
8757 0.20000000000 0.88571428571
8758 0.21428571429 0.88571428571
8759 0.22857142857 0.88571428571
8760 0.24285714286 0.88571428571
8761 0.25714285714 0.88571428571
8762 0.27142857143 0.88571428571
8763 0.28571428571 0.88571428571
8764 0.30000000000 0.88571428571
8765 0.31428571429 0.88571428571
8766 0.32857142857 0.88571428571
8767 0.34285714286 0.88571428571
8768 0.35714285714 0.88571428571
8769 0.37142857143 0.88571428571
8770 0.38571428571 0.88571428571
8771 0.40000000000 0.88571428571
8772 0.41428571429 0.88571428571
8773 0.42857142857 0.88571428571
8774 0.44285714286 0.88571428571
8775 0.45714285714 0.88571428571
8776 0.47142857143 0.88571428571
8777 0.48571428571 0.88571428571
8778 0.50000000000 0.88571428571
8779 0.51428571429 0.88571428571
8780 0.52857142857 0.88571428571
8781 0.54285714286 0.88571428571
8782 0.55714285714 0.88571428571
8783 0.57142857143 0.88571428571
8784 0.58571428571 0.88571428571
8785 0.60000000000 0.88571428571
8786 0.61428571429 0.88571428571
8787 0.62857142857 0.88571428571
8788 0.64285714286 0.88571428571
8789 0.65714285714 0.88571428571
8790 0.67142857143 0.88571428571
8791 0.68571428571 0.88571428571
8792 0.70000000000 0.88571428571
8793 0.71428571429 0.88571428571
8794 0.72857142857 0.88571428571
8795 0.74285714286 0.88571428571
8796 0.75714285714 0.88571428571
8797 0.77142857143 0.88571428571
8798 0.78571428571 0.88571428571
8799 0.80000000000 0.88571428571
8800 0.81428571429 0.88571428571
8801 0.82857142857 0.88571428571
8802 0.84285714286 0.88571428571
8803 0.85714285714 0.88571428571
8804 0.87142857143 0.88571428571
8805 0.88571428571 0.88571428571
8806 0.90000000000 0.88571428571
8807 0.91428571429 0.88571428571
8808 0.92857142857 0.88571428571
8809 0.94285714286 0.88571428571
8810 0.95714285714 0.88571428571
8811 0.97142857143 0.88571428571
8812 0.98571428571 0.88571428571
8813 1.00000000000 0.88571428571
8814 1.01428571429 0.88571428571
8815 1.02857142857 0.88571428571
8816 1.04285714286 0.88571428571
8817 1.05714285714 0.88571428571
8818 1.07142857143 0.88571428571
8819 1.08571428571 0.88571428571
8820 1.10000000000 0.88571428571
8821 1.11428571429 0.88571428571
8822 1.12857142857 0.88571428571
8823 1.14285714286 0.88571428571
8824 1.15714285714 0.88571428571
8825 1.17142857143 0.88571428571
8826 1.18571428571 0.88571428571
8827 1.20000000000 0.88571428571
8828 1.21428571429 0.88571428571
8829 1.22857142857 0.88571428571
8830 1.24285714286 0.88571428571
8831 1.25714285714 0.88571428571
8832 1.27142857143 0.88571428571
8833 1.28571428571 0.88571428571
8834 1.30000000000 0.88571428571
8835 1.31428571429 0.88571428571
8836 1.32857142857 0.88571428571
8837 1.34285714286 0.88571428571
8838 1.35714285714 0.88571428571
8839 1.37142857143 0.88571428571
8840 1.38571428571 0.88571428571
8841 1.40000000000 0.88571428571
8842 1.41428571429 0.88571428571
8843 1.42857142857 0.88571428571
8844 1.44285714286 0.88571428571
8845 1.45714285714 0.88571428571
8846 1.47142857143 0.88571428571
8847 1.48571428571 0.88571428571
8848 1.50000000000 0.88571428571
8849 1.51428571429 0.88571428571
8850 1.52857142857 0.88571428571
8851 1.54285714286 0.88571428571
8852 1.55714285714 0.88571428571
8853 1.57142857143 0.88571428571
8854 1.58571428571 0.88571428571
8855 1.60000000000 0.88571428571
8856 1.61428571429 0.88571428571
8857 1.62857142857 0.88571428571
8858 1.64285714286 0.88571428571
8859 1.65714285714 0.88571428571
8860 1.67142857143 0.88571428571
8861 1.68571428571 0.88571428571
8862 1.70000000000 0.88571428571
8863 1.71428571429 0.88571428571
8864 1.72857142857 0.88571428571
8865 1.74285714286 0.88571428571
8866 1.75714285714 0.88571428571
8867 1.77142857143 0.88571428571
8868 1.78571428571 0.88571428571
8869 1.80000000000 0.88571428571
8870 1.81428571429 0.88571428571
8871 1.82857142857 0.88571428571
8872 1.84285714286 0.88571428571
8873 1.85714285714 0.88571428571
8874 1.87142857143 0.88571428571
8875 1.88571428571 0.88571428571
8876 1.90000000000 0.88571428571
8877 1.91428571429 0.88571428571
8878 1.92857142857 0.88571428571
8879 1.94285714286 0.88571428571
8880 1.95714285714 0.88571428571
8881 1.97142857143 0.88571428571
8882 1.98571428571 0.88571428571
8883 2.00000000000 0.88571428571
8884 0.00000000000 0.90000000000
8885 0.01428571429 0.90000000000
8886 0.02857142857 0.90000000000
8887 0.04285714286 0.90000000000
8888 0.05714285714 0.90000000000
8889 0.07142857143 0.90000000000
8890 0.08571428571 0.90000000000
8891 0.10000000000 0.90000000000
8892 0.11428571429 0.90000000000
8893 0.12857142857 0.90000000000
8894 0.14285714286 0.90000000000
8895 0.15714285714 0.90000000000
8896 0.17142857143 0.90000000000
8897 0.18571428571 0.90000000000
8898 0.20000000000 0.90000000000
8899 0.21428571429 0.90000000000
8900 0.22857142857 0.90000000000
8901 0.24285714286 0.90000000000
8902 0.25714285714 0.90000000000
8903 0.27142857143 0.90000000000
8904 0.28571428571 0.90000000000
8905 0.30000000000 0.90000000000
8906 0.31428571429 0.90000000000
8907 0.32857142857 0.90000000000
8908 0.34285714286 0.90000000000
8909 0.35714285714 0.90000000000
8910 0.37142857143 0.90000000000
8911 0.38571428571 0.90000000000
8912 0.40000000000 0.90000000000
8913 0.41428571429 0.90000000000
8914 0.42857142857 0.90000000000
8915 0.44285714286 0.90000000000
8916 0.45714285714 0.90000000000
8917 0.47142857143 0.90000000000
8918 0.48571428571 0.90000000000
8919 0.50000000000 0.90000000000
8920 0.51428571429 0.90000000000
8921 0.52857142857 0.90000000000
8922 0.54285714286 0.90000000000
8923 0.55714285714 0.90000000000
8924 0.57142857143 0.90000000000
8925 0.58571428571 0.90000000000
8926 0.60000000000 0.90000000000
8927 0.61428571429 0.90000000000
8928 0.62857142857 0.90000000000
8929 0.64285714286 0.90000000000
8930 0.65714285714 0.90000000000
8931 0.67142857143 0.90000000000
8932 0.68571428571 0.90000000000
8933 0.70000000000 0.90000000000
8934 0.71428571429 0.90000000000
8935 0.72857142857 0.90000000000
8936 0.74285714286 0.90000000000
8937 0.75714285714 0.90000000000
8938 0.77142857143 0.90000000000
8939 0.78571428571 0.90000000000
8940 0.80000000000 0.90000000000
8941 0.81428571429 0.90000000000
8942 0.82857142857 0.90000000000
8943 0.84285714286 0.90000000000
8944 0.85714285714 0.90000000000
8945 0.87142857143 0.90000000000
8946 0.88571428571 0.90000000000
8947 0.90000000000 0.90000000000
8948 0.91428571429 0.90000000000
8949 0.92857142857 0.90000000000
8950 0.94285714286 0.90000000000
8951 0.95714285714 0.90000000000
8952 0.97142857143 0.90000000000
8953 0.98571428571 0.90000000000
8954 1.00000000000 0.90000000000
8955 1.01428571429 0.90000000000
8956 1.02857142857 0.90000000000
8957 1.04285714286 0.90000000000
8958 1.05714285714 0.90000000000
8959 1.07142857143 0.90000000000
8960 1.08571428571 0.90000000000
8961 1.10000000000 0.90000000000
8962 1.11428571429 0.90000000000
8963 1.12857142857 0.90000000000
8964 1.14285714286 0.90000000000
8965 1.15714285714 0.90000000000
8966 1.17142857143 0.90000000000
8967 1.18571428571 0.90000000000
8968 1.20000000000 0.90000000000
8969 1.21428571429 0.90000000000
8970 1.22857142857 0.90000000000
8971 1.24285714286 0.90000000000
8972 1.25714285714 0.90000000000
8973 1.27142857143 0.90000000000
8974 1.28571428571 0.90000000000
8975 1.30000000000 0.90000000000
8976 1.31428571429 0.90000000000
8977 1.32857142857 0.90000000000
8978 1.34285714286 0.90000000000
8979 1.35714285714 0.90000000000
8980 1.37142857143 0.90000000000
8981 1.38571428571 0.90000000000
8982 1.40000000000 0.90000000000
8983 1.41428571429 0.90000000000
8984 1.42857142857 0.90000000000
8985 1.44285714286 0.90000000000
8986 1.45714285714 0.90000000000
8987 1.47142857143 0.90000000000
8988 1.48571428571 0.90000000000
8989 1.50000000000 0.90000000000
8990 1.51428571429 0.90000000000
8991 1.52857142857 0.90000000000
8992 1.54285714286 0.90000000000
8993 1.55714285714 0.90000000000
8994 1.57142857143 0.90000000000
8995 1.58571428571 0.90000000000
8996 1.60000000000 0.90000000000
8997 1.61428571429 0.90000000000
8998 1.62857142857 0.90000000000
8999 1.64285714286 0.90000000000
9000 1.65714285714 0.90000000000
9001 1.67142857143 0.90000000000
9002 1.68571428571 0.90000000000
9003 1.70000000000 0.90000000000
9004 1.71428571429 0.90000000000
9005 1.72857142857 0.90000000000
9006 1.74285714286 0.90000000000
9007 1.75714285714 0.90000000000
9008 1.77142857143 0.90000000000
9009 1.78571428571 0.90000000000
9010 1.80000000000 0.90000000000
9011 1.81428571429 0.90000000000
9012 1.82857142857 0.90000000000
9013 1.84285714286 0.90000000000
9014 1.85714285714 0.90000000000
9015 1.87142857143 0.90000000000
9016 1.88571428571 0.90000000000
9017 1.90000000000 0.90000000000
9018 1.91428571429 0.90000000000
9019 1.92857142857 0.90000000000
9020 1.94285714286 0.90000000000
9021 1.95714285714 0.90000000000
9022 1.97142857143 0.90000000000
9023 1.98571428571 0.90000000000
9024 2.00000000000 0.90000000000
9025 0.00000000000 0.91428571429
9026 0.01428571429 0.91428571429
9027 0.02857142857 0.91428571429
9028 0.04285714286 0.91428571429
9029 0.05714285714 0.91428571429
9030 0.07142857143 0.91428571429
9031 0.08571428571 0.91428571429
9032 0.10000000000 0.91428571429
9033 0.11428571429 0.91428571429
9034 0.12857142857 0.91428571429
9035 0.14285714286 0.91428571429
9036 0.15714285714 0.91428571429
9037 0.17142857143 0.91428571429
9038 0.18571428571 0.91428571429
9039 0.20000000000 0.91428571429
9040 0.21428571429 0.91428571429
9041 0.22857142857 0.91428571429
9042 0.24285714286 0.91428571429
9043 0.25714285714 0.91428571429
9044 0.27142857143 0.91428571429
9045 0.28571428571 0.91428571429
9046 0.30000000000 0.91428571429
9047 0.31428571429 0.91428571429
9048 0.32857142857 0.91428571429
9049 0.34285714286 0.91428571429
9050 0.35714285714 0.91428571429
9051 0.37142857143 0.91428571429
9052 0.38571428571 0.91428571429
9053 0.40000000000 0.91428571429
9054 0.41428571429 0.91428571429
9055 0.42857142857 0.91428571429
9056 0.44285714286 0.91428571429
9057 0.45714285714 0.91428571429
9058 0.47142857143 0.91428571429
9059 0.48571428571 0.91428571429
9060 0.50000000000 0.91428571429
9061 0.51428571429 0.91428571429
9062 0.52857142857 0.91428571429
9063 0.54285714286 0.91428571429
9064 0.55714285714 0.91428571429
9065 0.57142857143 0.91428571429
9066 0.58571428571 0.91428571429
9067 0.60000000000 0.91428571429
9068 0.61428571429 0.91428571429
9069 0.62857142857 0.91428571429
9070 0.64285714286 0.91428571429
9071 0.65714285714 0.91428571429
9072 0.67142857143 0.91428571429
9073 0.68571428571 0.91428571429
9074 0.70000000000 0.91428571429
9075 0.71428571429 0.91428571429
9076 0.72857142857 0.91428571429
9077 0.74285714286 0.91428571429
9078 0.75714285714 0.91428571429
9079 0.77142857143 0.91428571429
9080 0.78571428571 0.91428571429
9081 0.80000000000 0.91428571429
9082 0.81428571429 0.91428571429
9083 0.82857142857 0.91428571429
9084 0.84285714286 0.91428571429
9085 0.85714285714 0.91428571429
9086 0.87142857143 0.91428571429
9087 0.88571428571 0.91428571429
9088 0.90000000000 0.91428571429
9089 0.91428571429 0.91428571429
9090 0.92857142857 0.91428571429
9091 0.94285714286 0.91428571429
9092 0.95714285714 0.91428571429
9093 0.97142857143 0.91428571429
9094 0.98571428571 0.91428571429
9095 1.00000000000 0.91428571429
9096 1.01428571429 0.91428571429
9097 1.02857142857 0.91428571429
9098 1.04285714286 0.91428571429
9099 1.05714285714 0.91428571429
9100 1.07142857143 0.91428571429
9101 1.08571428571 0.91428571429
9102 1.10000000000 0.91428571429
9103 1.11428571429 0.91428571429
9104 1.12857142857 0.91428571429
9105 1.14285714286 0.91428571429
9106 1.15714285714 0.91428571429
9107 1.17142857143 0.91428571429
9108 1.18571428571 0.91428571429
9109 1.20000000000 0.91428571429
9110 1.21428571429 0.91428571429
9111 1.22857142857 0.91428571429
9112 1.24285714286 0.91428571429
9113 1.25714285714 0.91428571429
9114 1.27142857143 0.91428571429
9115 1.28571428571 0.91428571429
9116 1.30000000000 0.91428571429
9117 1.31428571429 0.91428571429
9118 1.32857142857 0.91428571429
9119 1.34285714286 0.91428571429
9120 1.35714285714 0.91428571429
9121 1.37142857143 0.91428571429
9122 1.38571428571 0.91428571429
9123 1.40000000000 0.91428571429
9124 1.41428571429 0.91428571429
9125 1.42857142857 0.91428571429
9126 1.44285714286 0.91428571429
9127 1.45714285714 0.91428571429
9128 1.47142857143 0.91428571429
9129 1.48571428571 0.91428571429
9130 1.50000000000 0.91428571429
9131 1.51428571429 0.91428571429
9132 1.52857142857 0.91428571429
9133 1.54285714286 0.91428571429
9134 1.55714285714 0.91428571429
9135 1.57142857143 0.91428571429
9136 1.58571428571 0.91428571429
9137 1.60000000000 0.91428571429
9138 1.61428571429 0.91428571429
9139 1.62857142857 0.91428571429
9140 1.64285714286 0.91428571429
9141 1.65714285714 0.91428571429
9142 1.67142857143 0.91428571429
9143 1.68571428571 0.91428571429
9144 1.70000000000 0.91428571429
9145 1.71428571429 0.91428571429
9146 1.72857142857 0.91428571429
9147 1.74285714286 0.91428571429
9148 1.75714285714 0.91428571429
9149 1.77142857143 0.91428571429
9150 1.78571428571 0.91428571429
9151 1.80000000000 0.91428571429
9152 1.81428571429 0.91428571429
9153 1.82857142857 0.91428571429
9154 1.84285714286 0.91428571429
9155 1.85714285714 0.91428571429
9156 1.87142857143 0.91428571429
9157 1.88571428571 0.91428571429
9158 1.90000000000 0.91428571429
9159 1.91428571429 0.91428571429
9160 1.92857142857 0.91428571429
9161 1.94285714286 0.91428571429
9162 1.95714285714 0.91428571429
9163 1.97142857143 0.91428571429
9164 1.98571428571 0.91428571429
9165 2.00000000000 0.91428571429
9166 0.00000000000 0.92857142857
9167 0.01428571429 0.92857142857
9168 0.02857142857 0.92857142857
9169 0.04285714286 0.92857142857
9170 0.05714285714 0.92857142857
9171 0.07142857143 0.92857142857
9172 0.08571428571 0.92857142857
9173 0.10000000000 0.92857142857
9174 0.11428571429 0.92857142857
9175 0.12857142857 0.92857142857
9176 0.14285714286 0.92857142857
9177 0.15714285714 0.92857142857
9178 0.17142857143 0.92857142857
9179 0.18571428571 0.92857142857
9180 0.20000000000 0.92857142857
9181 0.21428571429 0.92857142857
9182 0.22857142857 0.92857142857
9183 0.24285714286 0.92857142857
9184 0.25714285714 0.92857142857
9185 0.27142857143 0.92857142857
9186 0.28571428571 0.92857142857
9187 0.30000000000 0.92857142857
9188 0.31428571429 0.92857142857
9189 0.32857142857 0.92857142857
9190 0.34285714286 0.92857142857
9191 0.35714285714 0.92857142857
9192 0.37142857143 0.92857142857
9193 0.38571428571 0.92857142857
9194 0.40000000000 0.92857142857
9195 0.41428571429 0.92857142857
9196 0.42857142857 0.92857142857
9197 0.44285714286 0.92857142857
9198 0.45714285714 0.92857142857
9199 0.47142857143 0.92857142857
9200 0.48571428571 0.92857142857
9201 0.50000000000 0.92857142857
9202 0.51428571429 0.92857142857
9203 0.52857142857 0.92857142857
9204 0.54285714286 0.92857142857
9205 0.55714285714 0.92857142857
9206 0.57142857143 0.92857142857
9207 0.58571428571 0.92857142857
9208 0.60000000000 0.92857142857
9209 0.61428571429 0.92857142857
9210 0.62857142857 0.92857142857
9211 0.64285714286 0.92857142857
9212 0.65714285714 0.92857142857
9213 0.67142857143 0.92857142857
9214 0.68571428571 0.92857142857
9215 0.70000000000 0.92857142857
9216 0.71428571429 0.92857142857
9217 0.72857142857 0.92857142857
9218 0.74285714286 0.92857142857
9219 0.75714285714 0.92857142857
9220 0.77142857143 0.92857142857
9221 0.78571428571 0.92857142857
9222 0.80000000000 0.92857142857
9223 0.81428571429 0.92857142857
9224 0.82857142857 0.92857142857
9225 0.84285714286 0.92857142857
9226 0.85714285714 0.92857142857
9227 0.87142857143 0.92857142857
9228 0.88571428571 0.92857142857
9229 0.90000000000 0.92857142857
9230 0.91428571429 0.92857142857
9231 0.92857142857 0.92857142857
9232 0.94285714286 0.92857142857
9233 0.95714285714 0.92857142857
9234 0.97142857143 0.92857142857
9235 0.98571428571 0.92857142857
9236 1.00000000000 0.92857142857
9237 1.01428571429 0.92857142857
9238 1.02857142857 0.92857142857
9239 1.04285714286 0.92857142857
9240 1.05714285714 0.92857142857
9241 1.07142857143 0.92857142857
9242 1.08571428571 0.92857142857
9243 1.10000000000 0.92857142857
9244 1.11428571429 0.92857142857
9245 1.12857142857 0.92857142857
9246 1.14285714286 0.92857142857
9247 1.15714285714 0.92857142857
9248 1.17142857143 0.92857142857
9249 1.18571428571 0.92857142857
9250 1.20000000000 0.92857142857
9251 1.21428571429 0.92857142857
9252 1.22857142857 0.92857142857
9253 1.24285714286 0.92857142857
9254 1.25714285714 0.92857142857
9255 1.27142857143 0.92857142857
9256 1.28571428571 0.92857142857
9257 1.30000000000 0.92857142857
9258 1.31428571429 0.92857142857
9259 1.32857142857 0.92857142857
9260 1.34285714286 0.92857142857
9261 1.35714285714 0.92857142857
9262 1.37142857143 0.92857142857
9263 1.38571428571 0.92857142857
9264 1.40000000000 0.92857142857
9265 1.41428571429 0.92857142857
9266 1.42857142857 0.92857142857
9267 1.44285714286 0.92857142857
9268 1.45714285714 0.92857142857
9269 1.47142857143 0.92857142857
9270 1.48571428571 0.92857142857
9271 1.50000000000 0.92857142857
9272 1.51428571429 0.92857142857
9273 1.52857142857 0.92857142857
9274 1.54285714286 0.92857142857
9275 1.55714285714 0.92857142857
9276 1.57142857143 0.92857142857
9277 1.58571428571 0.92857142857
9278 1.60000000000 0.92857142857
9279 1.61428571429 0.92857142857
9280 1.62857142857 0.92857142857
9281 1.64285714286 0.92857142857
9282 1.65714285714 0.92857142857
9283 1.67142857143 0.92857142857
9284 1.68571428571 0.92857142857
9285 1.70000000000 0.92857142857
9286 1.71428571429 0.92857142857
9287 1.72857142857 0.92857142857
9288 1.74285714286 0.92857142857
9289 1.75714285714 0.92857142857
9290 1.77142857143 0.92857142857
9291 1.78571428571 0.92857142857
9292 1.80000000000 0.92857142857
9293 1.81428571429 0.92857142857
9294 1.82857142857 0.92857142857
9295 1.84285714286 0.92857142857
9296 1.85714285714 0.92857142857
9297 1.87142857143 0.92857142857
9298 1.88571428571 0.92857142857
9299 1.90000000000 0.92857142857
9300 1.91428571429 0.92857142857
9301 1.92857142857 0.92857142857
9302 1.94285714286 0.92857142857
9303 1.95714285714 0.92857142857
9304 1.97142857143 0.92857142857
9305 1.98571428571 0.92857142857
9306 2.00000000000 0.92857142857
9307 0.00000000000 0.94285714286
9308 0.01428571429 0.94285714286
9309 0.02857142857 0.94285714286
9310 0.04285714286 0.94285714286
9311 0.05714285714 0.94285714286
9312 0.07142857143 0.94285714286
9313 0.08571428571 0.94285714286
9314 0.10000000000 0.94285714286
9315 0.11428571429 0.94285714286
9316 0.12857142857 0.94285714286
9317 0.14285714286 0.94285714286
9318 0.15714285714 0.94285714286
9319 0.17142857143 0.94285714286
9320 0.18571428571 0.94285714286
9321 0.20000000000 0.94285714286
9322 0.21428571429 0.94285714286
9323 0.22857142857 0.94285714286
9324 0.24285714286 0.94285714286
9325 0.25714285714 0.94285714286
9326 0.27142857143 0.94285714286
9327 0.28571428571 0.94285714286
9328 0.30000000000 0.94285714286
9329 0.31428571429 0.94285714286
9330 0.32857142857 0.94285714286
9331 0.34285714286 0.94285714286
9332 0.35714285714 0.94285714286
9333 0.37142857143 0.94285714286
9334 0.38571428571 0.94285714286
9335 0.40000000000 0.94285714286
9336 0.41428571429 0.94285714286
9337 0.42857142857 0.94285714286
9338 0.44285714286 0.94285714286
9339 0.45714285714 0.94285714286
9340 0.47142857143 0.94285714286
9341 0.48571428571 0.94285714286
9342 0.50000000000 0.94285714286
9343 0.51428571429 0.94285714286
9344 0.52857142857 0.94285714286
9345 0.54285714286 0.94285714286
9346 0.55714285714 0.94285714286
9347 0.57142857143 0.94285714286
9348 0.58571428571 0.94285714286
9349 0.60000000000 0.94285714286
9350 0.61428571429 0.94285714286
9351 0.62857142857 0.94285714286
9352 0.64285714286 0.94285714286
9353 0.65714285714 0.94285714286
9354 0.67142857143 0.94285714286
9355 0.68571428571 0.94285714286
9356 0.70000000000 0.94285714286
9357 0.71428571429 0.94285714286
9358 0.72857142857 0.94285714286
9359 0.74285714286 0.94285714286
9360 0.75714285714 0.94285714286
9361 0.77142857143 0.94285714286
9362 0.78571428571 0.94285714286
9363 0.80000000000 0.94285714286
9364 0.81428571429 0.94285714286
9365 0.82857142857 0.94285714286
9366 0.84285714286 0.94285714286
9367 0.85714285714 0.94285714286
9368 0.87142857143 0.94285714286
9369 0.88571428571 0.94285714286
9370 0.90000000000 0.94285714286
9371 0.91428571429 0.94285714286
9372 0.92857142857 0.94285714286
9373 0.94285714286 0.94285714286
9374 0.95714285714 0.94285714286
9375 0.97142857143 0.94285714286
9376 0.98571428571 0.94285714286
9377 1.00000000000 0.94285714286
9378 1.01428571429 0.94285714286
9379 1.02857142857 0.94285714286
9380 1.04285714286 0.94285714286
9381 1.05714285714 0.94285714286
9382 1.07142857143 0.94285714286
9383 1.08571428571 0.94285714286
9384 1.10000000000 0.94285714286
9385 1.11428571429 0.94285714286
9386 1.12857142857 0.94285714286
9387 1.14285714286 0.94285714286
9388 1.15714285714 0.94285714286
9389 1.17142857143 0.94285714286
9390 1.18571428571 0.94285714286
9391 1.20000000000 0.94285714286
9392 1.21428571429 0.94285714286
9393 1.22857142857 0.94285714286
9394 1.24285714286 0.94285714286
9395 1.25714285714 0.94285714286
9396 1.27142857143 0.94285714286
9397 1.28571428571 0.94285714286
9398 1.30000000000 0.94285714286
9399 1.31428571429 0.94285714286
9400 1.32857142857 0.94285714286
9401 1.34285714286 0.94285714286
9402 1.35714285714 0.94285714286
9403 1.37142857143 0.94285714286
9404 1.38571428571 0.94285714286
9405 1.40000000000 0.94285714286
9406 1.41428571429 0.94285714286
9407 1.42857142857 0.94285714286
9408 1.44285714286 0.94285714286
9409 1.45714285714 0.94285714286
9410 1.47142857143 0.94285714286
9411 1.48571428571 0.94285714286
9412 1.50000000000 0.94285714286
9413 1.51428571429 0.94285714286
9414 1.52857142857 0.94285714286
9415 1.54285714286 0.94285714286
9416 1.55714285714 0.94285714286
9417 1.57142857143 0.94285714286
9418 1.58571428571 0.94285714286
9419 1.60000000000 0.94285714286
9420 1.61428571429 0.94285714286
9421 1.62857142857 0.94285714286
9422 1.64285714286 0.94285714286
9423 1.65714285714 0.94285714286
9424 1.67142857143 0.94285714286
9425 1.68571428571 0.94285714286
9426 1.70000000000 0.94285714286
9427 1.71428571429 0.94285714286
9428 1.72857142857 0.94285714286
9429 1.74285714286 0.94285714286
9430 1.75714285714 0.94285714286
9431 1.77142857143 0.94285714286
9432 1.78571428571 0.94285714286
9433 1.80000000000 0.94285714286
9434 1.81428571429 0.94285714286
9435 1.82857142857 0.94285714286
9436 1.84285714286 0.94285714286
9437 1.85714285714 0.94285714286
9438 1.87142857143 0.94285714286
9439 1.88571428571 0.94285714286
9440 1.90000000000 0.94285714286
9441 1.91428571429 0.94285714286
9442 1.92857142857 0.94285714286
9443 1.94285714286 0.94285714286
9444 1.95714285714 0.94285714286
9445 1.97142857143 0.94285714286
9446 1.98571428571 0.94285714286
9447 2.00000000000 0.94285714286
9448 0.00000000000 0.95714285714
9449 0.01428571429 0.95714285714
9450 0.02857142857 0.95714285714
9451 0.04285714286 0.95714285714
9452 0.05714285714 0.95714285714
9453 0.07142857143 0.95714285714
9454 0.08571428571 0.95714285714
9455 0.10000000000 0.95714285714
9456 0.11428571429 0.95714285714
9457 0.12857142857 0.95714285714
9458 0.14285714286 0.95714285714
9459 0.15714285714 0.95714285714
9460 0.17142857143 0.95714285714
9461 0.18571428571 0.95714285714
9462 0.20000000000 0.95714285714
9463 0.21428571429 0.95714285714
9464 0.22857142857 0.95714285714
9465 0.24285714286 0.95714285714
9466 0.25714285714 0.95714285714
9467 0.27142857143 0.95714285714
9468 0.28571428571 0.95714285714
9469 0.30000000000 0.95714285714
9470 0.31428571429 0.95714285714
9471 0.32857142857 0.95714285714
9472 0.34285714286 0.95714285714
9473 0.35714285714 0.95714285714
9474 0.37142857143 0.95714285714
9475 0.38571428571 0.95714285714
9476 0.40000000000 0.95714285714
9477 0.41428571429 0.95714285714
9478 0.42857142857 0.95714285714
9479 0.44285714286 0.95714285714
9480 0.45714285714 0.95714285714
9481 0.47142857143 0.95714285714
9482 0.48571428571 0.95714285714
9483 0.50000000000 0.95714285714
9484 0.51428571429 0.95714285714
9485 0.52857142857 0.95714285714
9486 0.54285714286 0.95714285714
9487 0.55714285714 0.95714285714
9488 0.57142857143 0.95714285714
9489 0.58571428571 0.95714285714
9490 0.60000000000 0.95714285714
9491 0.61428571429 0.95714285714
9492 0.62857142857 0.95714285714
9493 0.64285714286 0.95714285714
9494 0.65714285714 0.95714285714
9495 0.67142857143 0.95714285714
9496 0.68571428571 0.95714285714
9497 0.70000000000 0.95714285714
9498 0.71428571429 0.95714285714
9499 0.72857142857 0.95714285714
9500 0.74285714286 0.95714285714
9501 0.75714285714 0.95714285714
9502 0.77142857143 0.95714285714
9503 0.78571428571 0.95714285714
9504 0.80000000000 0.95714285714
9505 0.81428571429 0.95714285714
9506 0.82857142857 0.95714285714
9507 0.84285714286 0.95714285714
9508 0.85714285714 0.95714285714
9509 0.87142857143 0.95714285714
9510 0.88571428571 0.95714285714
9511 0.90000000000 0.95714285714
9512 0.91428571429 0.95714285714
9513 0.92857142857 0.95714285714
9514 0.94285714286 0.95714285714
9515 0.95714285714 0.95714285714
9516 0.97142857143 0.95714285714
9517 0.98571428571 0.95714285714
9518 1.00000000000 0.95714285714
9519 1.01428571429 0.95714285714
9520 1.02857142857 0.95714285714
9521 1.04285714286 0.95714285714
9522 1.05714285714 0.95714285714
9523 1.07142857143 0.95714285714
9524 1.08571428571 0.95714285714
9525 1.10000000000 0.95714285714
9526 1.11428571429 0.95714285714
9527 1.12857142857 0.95714285714
9528 1.14285714286 0.95714285714
9529 1.15714285714 0.95714285714
9530 1.17142857143 0.95714285714
9531 1.18571428571 0.95714285714
9532 1.20000000000 0.95714285714
9533 1.21428571429 0.95714285714
9534 1.22857142857 0.95714285714
9535 1.24285714286 0.95714285714
9536 1.25714285714 0.95714285714
9537 1.27142857143 0.95714285714
9538 1.28571428571 0.95714285714
9539 1.30000000000 0.95714285714
9540 1.31428571429 0.95714285714
9541 1.32857142857 0.95714285714
9542 1.34285714286 0.95714285714
9543 1.35714285714 0.95714285714
9544 1.37142857143 0.95714285714
9545 1.38571428571 0.95714285714
9546 1.40000000000 0.95714285714
9547 1.41428571429 0.95714285714
9548 1.42857142857 0.95714285714
9549 1.44285714286 0.95714285714
9550 1.45714285714 0.95714285714
9551 1.47142857143 0.95714285714
9552 1.48571428571 0.95714285714
9553 1.50000000000 0.95714285714
9554 1.51428571429 0.95714285714
9555 1.52857142857 0.95714285714
9556 1.54285714286 0.95714285714
9557 1.55714285714 0.95714285714
9558 1.57142857143 0.95714285714
9559 1.58571428571 0.95714285714
9560 1.60000000000 0.95714285714
9561 1.61428571429 0.95714285714
9562 1.62857142857 0.95714285714
9563 1.64285714286 0.95714285714
9564 1.65714285714 0.95714285714
9565 1.67142857143 0.95714285714
9566 1.68571428571 0.95714285714
9567 1.70000000000 0.95714285714
9568 1.71428571429 0.95714285714
9569 1.72857142857 0.95714285714
9570 1.74285714286 0.95714285714
9571 1.75714285714 0.95714285714
9572 1.77142857143 0.95714285714
9573 1.78571428571 0.95714285714
9574 1.80000000000 0.95714285714
9575 1.81428571429 0.95714285714
9576 1.82857142857 0.95714285714
9577 1.84285714286 0.95714285714
9578 1.85714285714 0.95714285714
9579 1.87142857143 0.95714285714
9580 1.88571428571 0.95714285714
9581 1.90000000000 0.95714285714
9582 1.91428571429 0.95714285714
9583 1.92857142857 0.95714285714
9584 1.94285714286 0.95714285714
9585 1.95714285714 0.95714285714
9586 1.97142857143 0.95714285714
9587 1.98571428571 0.95714285714
9588 2.00000000000 0.95714285714
9589 0.00000000000 0.97142857143
9590 0.01428571429 0.97142857143
9591 0.02857142857 0.97142857143
9592 0.04285714286 0.97142857143
9593 0.05714285714 0.97142857143
9594 0.07142857143 0.97142857143
9595 0.08571428571 0.97142857143
9596 0.10000000000 0.97142857143
9597 0.11428571429 0.97142857143
9598 0.12857142857 0.97142857143
9599 0.14285714286 0.97142857143
9600 0.15714285714 0.97142857143
9601 0.17142857143 0.97142857143
9602 0.18571428571 0.97142857143
9603 0.20000000000 0.97142857143
9604 0.21428571429 0.97142857143
9605 0.22857142857 0.97142857143
9606 0.24285714286 0.97142857143
9607 0.25714285714 0.97142857143
9608 0.27142857143 0.97142857143
9609 0.28571428571 0.97142857143
9610 0.30000000000 0.97142857143
9611 0.31428571429 0.97142857143
9612 0.32857142857 0.97142857143
9613 0.34285714286 0.97142857143
9614 0.35714285714 0.97142857143
9615 0.37142857143 0.97142857143
9616 0.38571428571 0.97142857143
9617 0.40000000000 0.97142857143
9618 0.41428571429 0.97142857143
9619 0.42857142857 0.97142857143
9620 0.44285714286 0.97142857143
9621 0.45714285714 0.97142857143
9622 0.47142857143 0.97142857143
9623 0.48571428571 0.97142857143
9624 0.50000000000 0.97142857143
9625 0.51428571429 0.97142857143
9626 0.52857142857 0.97142857143
9627 0.54285714286 0.97142857143
9628 0.55714285714 0.97142857143
9629 0.57142857143 0.97142857143
9630 0.58571428571 0.97142857143
9631 0.60000000000 0.97142857143
9632 0.61428571429 0.97142857143
9633 0.62857142857 0.97142857143
9634 0.64285714286 0.97142857143
9635 0.65714285714 0.97142857143
9636 0.67142857143 0.97142857143
9637 0.68571428571 0.97142857143
9638 0.70000000000 0.97142857143
9639 0.71428571429 0.97142857143
9640 0.72857142857 0.97142857143
9641 0.74285714286 0.97142857143
9642 0.75714285714 0.97142857143
9643 0.77142857143 0.97142857143
9644 0.78571428571 0.97142857143
9645 0.80000000000 0.97142857143
9646 0.81428571429 0.97142857143
9647 0.82857142857 0.97142857143
9648 0.84285714286 0.97142857143
9649 0.85714285714 0.97142857143
9650 0.87142857143 0.97142857143
9651 0.88571428571 0.97142857143
9652 0.90000000000 0.97142857143
9653 0.91428571429 0.97142857143
9654 0.92857142857 0.97142857143
9655 0.94285714286 0.97142857143
9656 0.95714285714 0.97142857143
9657 0.97142857143 0.97142857143
9658 0.98571428571 0.97142857143
9659 1.00000000000 0.97142857143
9660 1.01428571429 0.97142857143
9661 1.02857142857 0.97142857143
9662 1.04285714286 0.97142857143
9663 1.05714285714 0.97142857143
9664 1.07142857143 0.97142857143
9665 1.08571428571 0.97142857143
9666 1.10000000000 0.97142857143
9667 1.11428571429 0.97142857143
9668 1.12857142857 0.97142857143
9669 1.14285714286 0.97142857143
9670 1.15714285714 0.97142857143
9671 1.17142857143 0.97142857143
9672 1.18571428571 0.97142857143
9673 1.20000000000 0.97142857143
9674 1.21428571429 0.97142857143
9675 1.22857142857 0.97142857143
9676 1.24285714286 0.97142857143
9677 1.25714285714 0.97142857143
9678 1.27142857143 0.97142857143
9679 1.28571428571 0.97142857143
9680 1.30000000000 0.97142857143
9681 1.31428571429 0.97142857143
9682 1.32857142857 0.97142857143
9683 1.34285714286 0.97142857143
9684 1.35714285714 0.97142857143
9685 1.37142857143 0.97142857143
9686 1.38571428571 0.97142857143
9687 1.40000000000 0.97142857143
9688 1.41428571429 0.97142857143
9689 1.42857142857 0.97142857143
9690 1.44285714286 0.97142857143
9691 1.45714285714 0.97142857143
9692 1.47142857143 0.97142857143
9693 1.48571428571 0.97142857143
9694 1.50000000000 0.97142857143
9695 1.51428571429 0.97142857143
9696 1.52857142857 0.97142857143
9697 1.54285714286 0.97142857143
9698 1.55714285714 0.97142857143
9699 1.57142857143 0.97142857143
9700 1.58571428571 0.97142857143
9701 1.60000000000 0.97142857143
9702 1.61428571429 0.97142857143
9703 1.62857142857 0.97142857143
9704 1.64285714286 0.97142857143
9705 1.65714285714 0.97142857143
9706 1.67142857143 0.97142857143
9707 1.68571428571 0.97142857143
9708 1.70000000000 0.97142857143
9709 1.71428571429 0.97142857143
9710 1.72857142857 0.97142857143
9711 1.74285714286 0.97142857143
9712 1.75714285714 0.97142857143
9713 1.77142857143 0.97142857143
9714 1.78571428571 0.97142857143
9715 1.80000000000 0.97142857143
9716 1.81428571429 0.97142857143
9717 1.82857142857 0.97142857143
9718 1.84285714286 0.97142857143
9719 1.85714285714 0.97142857143
9720 1.87142857143 0.97142857143
9721 1.88571428571 0.97142857143
9722 1.90000000000 0.97142857143
9723 1.91428571429 0.97142857143
9724 1.92857142857 0.97142857143
9725 1.94285714286 0.97142857143
9726 1.95714285714 0.97142857143
9727 1.97142857143 0.97142857143
9728 1.98571428571 0.97142857143
9729 2.00000000000 0.97142857143
9730 0.00000000000 0.98571428571
9731 0.01428571429 0.98571428571
9732 0.02857142857 0.98571428571
9733 0.04285714286 0.98571428571
9734 0.05714285714 0.98571428571
9735 0.07142857143 0.98571428571
9736 0.08571428571 0.98571428571
9737 0.10000000000 0.98571428571
9738 0.11428571429 0.98571428571
9739 0.12857142857 0.98571428571
9740 0.14285714286 0.98571428571
9741 0.15714285714 0.98571428571
9742 0.17142857143 0.98571428571
9743 0.18571428571 0.98571428571
9744 0.20000000000 0.98571428571
9745 0.21428571429 0.98571428571
9746 0.22857142857 0.98571428571
9747 0.24285714286 0.98571428571
9748 0.25714285714 0.98571428571
9749 0.27142857143 0.98571428571
9750 0.28571428571 0.98571428571
9751 0.30000000000 0.98571428571
9752 0.31428571429 0.98571428571
9753 0.32857142857 0.98571428571
9754 0.34285714286 0.98571428571
9755 0.35714285714 0.98571428571
9756 0.37142857143 0.98571428571
9757 0.38571428571 0.98571428571
9758 0.40000000000 0.98571428571
9759 0.41428571429 0.98571428571
9760 0.42857142857 0.98571428571
9761 0.44285714286 0.98571428571
9762 0.45714285714 0.98571428571
9763 0.47142857143 0.98571428571
9764 0.48571428571 0.98571428571
9765 0.50000000000 0.98571428571
9766 0.51428571429 0.98571428571
9767 0.52857142857 0.98571428571
9768 0.54285714286 0.98571428571
9769 0.55714285714 0.98571428571
9770 0.57142857143 0.98571428571
9771 0.58571428571 0.98571428571
9772 0.60000000000 0.98571428571
9773 0.61428571429 0.98571428571
9774 0.62857142857 0.98571428571
9775 0.64285714286 0.98571428571
9776 0.65714285714 0.98571428571
9777 0.67142857143 0.98571428571
9778 0.68571428571 0.98571428571
9779 0.70000000000 0.98571428571
9780 0.71428571429 0.98571428571
9781 0.72857142857 0.98571428571
9782 0.74285714286 0.98571428571
9783 0.75714285714 0.98571428571
9784 0.77142857143 0.98571428571
9785 0.78571428571 0.98571428571
9786 0.80000000000 0.98571428571
9787 0.81428571429 0.98571428571
9788 0.82857142857 0.98571428571
9789 0.84285714286 0.98571428571
9790 0.85714285714 0.98571428571
9791 0.87142857143 0.98571428571
9792 0.88571428571 0.98571428571
9793 0.90000000000 0.98571428571
9794 0.91428571429 0.98571428571
9795 0.92857142857 0.98571428571
9796 0.94285714286 0.98571428571
9797 0.95714285714 0.98571428571
9798 0.97142857143 0.98571428571
9799 0.98571428571 0.98571428571
9800 1.00000000000 0.98571428571
9801 1.01428571429 0.98571428571
9802 1.02857142857 0.98571428571
9803 1.04285714286 0.98571428571
9804 1.05714285714 0.98571428571
9805 1.07142857143 0.98571428571
9806 1.08571428571 0.98571428571
9807 1.10000000000 0.98571428571
9808 1.11428571429 0.98571428571
9809 1.12857142857 0.98571428571
9810 1.14285714286 0.98571428571
9811 1.15714285714 0.98571428571
9812 1.17142857143 0.98571428571
9813 1.18571428571 0.98571428571
9814 1.20000000000 0.98571428571
9815 1.21428571429 0.98571428571
9816 1.22857142857 0.98571428571
9817 1.24285714286 0.98571428571
9818 1.25714285714 0.98571428571
9819 1.27142857143 0.98571428571
9820 1.28571428571 0.98571428571
9821 1.30000000000 0.98571428571
9822 1.31428571429 0.98571428571
9823 1.32857142857 0.98571428571
9824 1.34285714286 0.98571428571
9825 1.35714285714 0.98571428571
9826 1.37142857143 0.98571428571
9827 1.38571428571 0.98571428571
9828 1.40000000000 0.98571428571
9829 1.41428571429 0.98571428571
9830 1.42857142857 0.98571428571
9831 1.44285714286 0.98571428571
9832 1.45714285714 0.98571428571
9833 1.47142857143 0.98571428571
9834 1.48571428571 0.98571428571
9835 1.50000000000 0.98571428571
9836 1.51428571429 0.98571428571
9837 1.52857142857 0.98571428571
9838 1.54285714286 0.98571428571
9839 1.55714285714 0.98571428571
9840 1.57142857143 0.98571428571
9841 1.58571428571 0.98571428571
9842 1.60000000000 0.98571428571
9843 1.61428571429 0.98571428571
9844 1.62857142857 0.98571428571
9845 1.64285714286 0.98571428571
9846 1.65714285714 0.98571428571
9847 1.67142857143 0.98571428571
9848 1.68571428571 0.98571428571
9849 1.70000000000 0.98571428571
9850 1.71428571429 0.98571428571
9851 1.72857142857 0.98571428571
9852 1.74285714286 0.98571428571
9853 1.75714285714 0.98571428571
9854 1.77142857143 0.98571428571
9855 1.78571428571 0.98571428571
9856 1.80000000000 0.98571428571
9857 1.81428571429 0.98571428571
9858 1.82857142857 0.98571428571
9859 1.84285714286 0.98571428571
9860 1.85714285714 0.98571428571
9861 1.87142857143 0.98571428571
9862 1.88571428571 0.98571428571
9863 1.90000000000 0.98571428571
9864 1.91428571429 0.98571428571
9865 1.92857142857 0.98571428571
9866 1.94285714286 0.98571428571
9867 1.95714285714 0.98571428571
9868 1.97142857143 0.98571428571
9869 1.98571428571 0.98571428571
9870 2.00000000000 0.98571428571
9871 0.00000000000 1.00000000000
9872 0.01428571429 1.00000000000
9873 0.02857142857 1.00000000000
9874 0.04285714286 1.00000000000
9875 0.05714285714 1.00000000000
9876 0.07142857143 1.00000000000
9877 0.08571428571 1.00000000000
9878 0.10000000000 1.00000000000
9879 0.11428571429 1.00000000000
9880 0.12857142857 1.00000000000
9881 0.14285714286 1.00000000000
9882 0.15714285714 1.00000000000
9883 0.17142857143 1.00000000000
9884 0.18571428571 1.00000000000
9885 0.20000000000 1.00000000000
9886 0.21428571429 1.00000000000
9887 0.22857142857 1.00000000000
9888 0.24285714286 1.00000000000
9889 0.25714285714 1.00000000000
9890 0.27142857143 1.00000000000
9891 0.28571428571 1.00000000000
9892 0.30000000000 1.00000000000
9893 0.31428571429 1.00000000000
9894 0.32857142857 1.00000000000
9895 0.34285714286 1.00000000000
9896 0.35714285714 1.00000000000
9897 0.37142857143 1.00000000000
9898 0.38571428571 1.00000000000
9899 0.40000000000 1.00000000000
9900 0.41428571429 1.00000000000
9901 0.42857142857 1.00000000000
9902 0.44285714286 1.00000000000
9903 0.45714285714 1.00000000000
9904 0.47142857143 1.00000000000
9905 0.48571428571 1.00000000000
9906 0.50000000000 1.00000000000
9907 0.51428571429 1.00000000000
9908 0.52857142857 1.00000000000
9909 0.54285714286 1.00000000000
9910 0.55714285714 1.00000000000
9911 0.57142857143 1.00000000000
9912 0.58571428571 1.00000000000
9913 0.60000000000 1.00000000000
9914 0.61428571429 1.00000000000
9915 0.62857142857 1.00000000000
9916 0.64285714286 1.00000000000
9917 0.65714285714 1.00000000000
9918 0.67142857143 1.00000000000
9919 0.68571428571 1.00000000000
9920 0.70000000000 1.00000000000
9921 0.71428571429 1.00000000000
9922 0.72857142857 1.00000000000
9923 0.74285714286 1.00000000000
9924 0.75714285714 1.00000000000
9925 0.77142857143 1.00000000000
9926 0.78571428571 1.00000000000
9927 0.80000000000 1.00000000000
9928 0.81428571429 1.00000000000
9929 0.82857142857 1.00000000000
9930 0.84285714286 1.00000000000
9931 0.85714285714 1.00000000000
9932 0.87142857143 1.00000000000
9933 0.88571428571 1.00000000000
9934 0.90000000000 1.00000000000
9935 0.91428571429 1.00000000000
9936 0.92857142857 1.00000000000
9937 0.94285714286 1.00000000000
9938 0.95714285714 1.00000000000
9939 0.97142857143 1.00000000000
9940 0.98571428571 1.00000000000
9941 1.00000000000 1.00000000000
9942 1.01428571429 1.00000000000
9943 1.02857142857 1.00000000000
9944 1.04285714286 1.00000000000
9945 1.05714285714 1.00000000000
9946 1.07142857143 1.00000000000
9947 1.08571428571 1.00000000000
9948 1.10000000000 1.00000000000
9949 1.11428571429 1.00000000000
9950 1.12857142857 1.00000000000
9951 1.14285714286 1.00000000000
9952 1.15714285714 1.00000000000
9953 1.17142857143 1.00000000000
9954 1.18571428571 1.00000000000
9955 1.20000000000 1.00000000000
9956 1.21428571429 1.00000000000
9957 1.22857142857 1.00000000000
9958 1.24285714286 1.00000000000
9959 1.25714285714 1.00000000000
9960 1.27142857143 1.00000000000
9961 1.28571428571 1.00000000000
9962 1.30000000000 1.00000000000
9963 1.31428571429 1.00000000000
9964 1.32857142857 1.00000000000
9965 1.34285714286 1.00000000000
9966 1.35714285714 1.00000000000
9967 1.37142857143 1.00000000000
9968 1.38571428571 1.00000000000
9969 1.40000000000 1.00000000000
9970 1.41428571429 1.00000000000
9971 1.42857142857 1.00000000000
9972 1.44285714286 1.00000000000
9973 1.45714285714 1.00000000000
9974 1.47142857143 1.00000000000
9975 1.48571428571 1.00000000000
9976 1.50000000000 1.00000000000
9977 1.51428571429 1.00000000000
9978 1.52857142857 1.00000000000
9979 1.54285714286 1.00000000000
9980 1.55714285714 1.00000000000
9981 1.57142857143 1.00000000000
9982 1.58571428571 1.00000000000
9983 1.60000000000 1.00000000000
9984 1.61428571429 1.00000000000
9985 1.62857142857 1.00000000000
9986 1.64285714286 1.00000000000
9987 1.65714285714 1.00000000000
9988 1.67142857143 1.00000000000
9989 1.68571428571 1.00000000000
9990 1.70000000000 1.00000000000
9991 1.71428571429 1.00000000000
9992 1.72857142857 1.00000000000
9993 1.74285714286 1.00000000000
9994 1.75714285714 1.00000000000
9995 1.77142857143 1.00000000000
9996 1.78571428571 1.00000000000
9997 1.80000000000 1.00000000000
9998 1.81428571429 1.00000000000
9999 1.82857142857 1.00000000000
10000 1.84285714286 1.00000000000
10001 1.85714285714 1.00000000000
10002 1.87142857143 1.00000000000
10003 1.88571428571 1.00000000000
10004 1.90000000000 1.00000000000
10005 1.91428571429 1.00000000000
10006 1.92857142857 1.00000000000
10007 1.94285714286 1.00000000000
10008 1.95714285714 1.00000000000
10009 1.97142857143 1.00000000000
10010 1.98571428571 1.00000000000
10011 2.00000000000 1.00000000000
9800
1 2 1 1 1 2 143 142
2 2 1 1 2 3 144 143
3 2 1 1 3 4 145 144
4 2 1 1 4 5 146 145
5 2 1 1 5 6 147 146
6 2 1 1 6 7 148 147
7 2 1 1 7 8 149 148
8 2 1 1 8 9 150 149
9 2 1 1 9 10 151 150
10 2 1 1 10 11 152 151
11 2 1 1 11 12 153 152
12 2 1 1 12 13 154 153
13 2 1 1 13 14 155 154
14 2 1 1 14 15 156 155
15 2 1 1 15 16 157 156
16 2 1 1 16 17 158 157
17 2 1 1 17 18 159 158
18 2 1 1 18 19 160 159
19 2 1 1 19 20 161 160
20 2 1 1 20 21 162 161
21 2 1 1 21 22 163 162
22 2 1 1 22 23 164 163
23 2 1 1 23 24 165 164
24 2 1 1 24 25 166 165
25 2 1 1 25 26 167 166
26 2 1 1 26 27 168 167
27 2 1 1 27 28 169 168
28 2 1 1 28 29 170 169
29 2 1 1 29 30 171 170
30 2 1 1 30 31 172 171
31 2 1 1 31 32 173 172
32 2 1 1 32 33 174 173
33 2 1 1 33 34 175 174
34 2 1 1 34 35 176 175
35 2 1 1 35 36 177 176
36 2 1 1 36 37 178 177
37 2 1 1 37 38 179 178
38 2 1 1 38 39 180 179
39 2 1 1 39 40 181 180
40 2 1 1 40 41 182 181
41 2 1 1 41 42 183 182
42 2 1 1 42 43 184 183
43 2 1 1 43 44 185 184
44 2 1 1 44 45 186 185
45 2 1 1 45 46 187 186
46 2 1 1 46 47 188 187
47 2 1 1 47 48 189 188
48 2 1 1 48 49 190 189
49 2 1 1 49 50 191 190
50 2 1 1 50 51 192 191
51 2 1 1 51 52 193 192
52 2 1 1 52 53 194 193
53 2 1 1 53 54 195 194
54 2 1 1 54 55 196 195
55 2 1 1 55 56 197 196
56 2 1 1 56 57 198 197
57 2 1 1 57 58 199 198
58 2 1 1 58 59 200 199
59 2 1 1 59 60 201 200
60 2 1 1 60 61 202 201
61 2 1 1 61 62 203 202
62 2 1 1 62 63 204 203
63 2 1 1 63 64 205 204
64 2 1 1 64 65 206 205
65 2 1 1 65 66 207 206
66 2 1 1 66 67 208 207
67 2 1 1 67 68 209 208
68 2 1 1 68 69 210 209
69 2 1 1 69 70 211 210
70 2 1 1 70 71 212 211
71 2 1 1 71 72 213 212
72 2 1 1 72 73 214 213
73 2 1 1 73 74 215 214
74 2 1 1 74 75 216 215
75 2 1 1 75 76 217 216
76 2 1 1 76 77 218 217
77 2 1 1 77 78 219 218
78 2 1 1 78 79 220 219
79 2 1 1 79 80 221 220
80 2 1 1 80 81 222 221
81 2 1 1 81 82 223 222
82 2 1 1 82 83 224 223
83 2 1 1 83 84 225 224
84 2 1 1 84 85 226 225
85 2 1 1 85 86 227 226
86 2 1 1 86 87 228 227
87 2 1 1 87 88 229 228
88 2 1 1 88 89 230 229
89 2 1 1 89 90 231 230
90 2 1 1 90 91 232 231
91 2 1 1 91 92 233 232
92 2 1 1 92 93 234 233
93 2 1 1 93 94 235 234
94 2 1 1 94 95 236 235
95 2 1 1 95 96 237 236
96 2 1 1 96 97 238 237
97 2 1 1 97 98 239 238
98 2 1 1 98 99 240 239
99 2 1 1 99 100 241 240
100 2 1 1 100 101 242 241
101 2 1 1 101 102 243 242
102 2 1 1 102 103 244 243
103 2 1 1 103 104 245 244
104 2 1 1 104 105 246 245
105 2 1 1 105 106 247 246
106 2 1 1 106 107 248 247
107 2 1 1 107 108 249 248
108 2 1 1 108 109 250 249
109 2 1 1 109 110 251 250
110 2 1 1 110 111 252 251
111 2 1 1 111 112 253 252
112 2 1 1 112 113 254 253
113 2 1 1 113 114 255 254
114 2 1 1 114 115 256 255
115 2 1 1 115 116 257 256
116 2 1 1 116 117 258 257
117 2 1 1 117 118 259 258
118 2 1 1 118 119 260 259
119 2 1 1 119 120 261 260
120 2 1 1 120 121 262 261
121 2 1 1 121 122 263 262
122 2 1 1 122 123 264 263
123 2 1 1 123 124 265 264
124 2 1 1 124 125 266 265
125 2 1 1 125 126 267 266
126 2 1 1 126 127 268 267
127 2 1 1 127 128 269 268
128 2 1 1 128 129 270 269
129 2 1 1 129 130 271 270
130 2 1 1 130 131 272 271
131 2 1 1 131 132 273 272
132 2 1 1 132 133 274 273
133 2 1 1 133 134 275 274
134 2 1 1 134 135 276 275
135 2 1 1 135 136 277 276
136 2 1 1 136 137 278 277
137 2 1 1 137 138 279 278
138 2 1 1 138 139 280 279
139 2 1 1 139 140 281 280
140 2 1 1 140 141 282 281
141 2 1 1 142 143 284 283
142 2 1 1 143 144 285 284
143 2 1 1 144 145 286 285
144 2 1 1 145 146 287 286
145 2 1 1 146 147 288 287
146 2 1 1 147 148 289 288
147 2 1 1 148 149 290 289
148 2 1 1 149 150 291 290
149 2 1 1 150 151 292 291
150 2 1 1 151 152 293 292
151 2 1 1 152 153 294 293
152 2 1 1 153 154 295 294
153 2 1 1 154 155 296 295
154 2 1 1 155 156 297 296
155 2 1 1 156 157 298 297
156 2 1 1 157 158 299 298
157 2 1 1 158 159 300 299
158 2 1 1 159 160 301 300
159 2 1 1 160 161 302 301
160 2 1 1 161 162 303 302
161 2 1 1 162 163 304 303
162 2 1 1 163 164 305 304
163 2 1 1 164 165 306 305
164 2 1 1 165 166 307 306
165 2 1 1 166 167 308 307
166 2 1 1 167 168 309 308
167 2 1 1 168 169 310 309
168 2 1 1 169 170 311 310
169 2 1 1 170 171 312 311
170 2 1 1 171 172 313 312
171 2 1 1 172 173 314 313
172 2 1 1 173 174 315 314
173 2 1 1 174 175 316 315
174 2 1 1 175 176 317 316
175 2 1 1 176 177 318 317
176 2 1 1 177 178 319 318
177 2 1 1 178 179 320 319
178 2 1 1 179 180 321 320
179 2 1 1 180 181 322 321
180 2 1 1 181 182 323 322
181 2 1 1 182 183 324 323
182 2 1 1 183 184 325 324
183 2 1 1 184 185 326 325
184 2 1 1 185 186 327 326
185 2 1 1 186 187 328 327
186 2 1 1 187 188 329 328
187 2 1 1 188 189 330 329
188 2 1 1 189 190 331 330
189 2 1 1 190 191 332 331
190 2 1 1 191 192 333 332
191 2 1 1 192 193 334 333
192 2 1 1 193 194 335 334
193 2 1 1 194 195 336 335
194 2 1 1 195 196 337 336
195 2 1 1 196 197 338 337
196 2 1 1 197 198 339 338
197 2 1 1 198 199 340 339
198 2 1 1 199 200 341 340
199 2 1 1 200 201 342 341
200 2 1 1 201 202 343 342
201 2 1 1 202 203 344 343
202 2 1 1 203 204 345 344
203 2 1 1 204 205 346 345
204 2 1 1 205 206 347 346
205 2 1 1 206 207 348 347
206 2 1 1 207 208 349 348
207 2 1 1 208 209 350 349
208 2 1 1 209 210 351 350
209 2 1 1 210 211 352 351
210 2 1 1 211 212 353 352
211 2 1 1 212 213 354 353
212 2 1 1 213 214 355 354
213 2 1 1 214 215 356 355
214 2 1 1 215 216 357 356
215 2 1 1 216 217 358 357
216 2 1 1 217 218 359 358
217 2 1 1 218 219 360 359
218 2 1 1 219 220 361 360
219 2 1 1 220 221 362 361
220 2 1 1 221 222 363 362
221 2 1 1 222 223 364 363
222 2 1 1 223 224 365 364
223 2 1 1 224 225 366 365
224 2 1 1 225 226 367 366
225 2 1 1 226 227 368 367
226 2 1 1 227 228 369 368
227 2 1 1 228 229 370 369
228 2 1 1 229 230 371 370
229 2 1 1 230 231 372 371
230 2 1 1 231 232 373 372
231 2 1 1 232 233 374 373
232 2 1 1 233 234 375 374
233 2 1 1 234 235 376 375
234 2 1 1 235 236 377 376
235 2 1 1 236 237 378 377
236 2 1 1 237 238 379 378
237 2 1 1 238 239 380 379
238 2 1 1 239 240 381 380
239 2 1 1 240 241 382 381
240 2 1 1 241 242 383 382
241 2 1 1 242 243 384 383
242 2 1 1 243 244 385 384
243 2 1 1 244 245 386 385
244 2 1 1 245 246 387 386
245 2 1 1 246 247 388 387
246 2 1 1 247 248 389 388
247 2 1 1 248 249 390 389
248 2 1 1 249 250 391 390
249 2 1 1 250 251 392 391
250 2 1 1 251 252 393 392
251 2 1 1 252 253 394 393
252 2 1 1 253 254 395 394
253 2 1 1 254 255 396 395
254 2 1 1 255 256 397 396
255 2 1 1 256 257 398 397
256 2 1 1 257 258 399 398
257 2 1 1 258 259 400 399
258 2 1 1 259 260 401 400
259 2 1 1 260 261 402 401
260 2 1 1 261 262 403 402
261 2 1 1 262 263 404 403
262 2 1 1 263 264 405 404
263 2 1 1 264 265 406 405
264 2 1 1 265 266 407 406
265 2 1 1 266 267 408 407
266 2 1 1 267 268 409 408
267 2 1 1 268 269 410 409
268 2 1 1 269 270 411 410
269 2 1 1 270 271 412 411
270 2 1 1 271 272 413 412
271 2 1 1 272 273 414 413
272 2 1 1 273 274 415 414
273 2 1 1 274 275 416 415
274 2 1 1 275 276 417 416
275 2 1 1 276 277 418 417
276 2 1 1 277 278 419 418
277 2 1 1 278 279 420 419
278 2 1 1 279 280 421 420
279 2 1 1 280 281 422 421
280 2 1 1 281 282 423 422
281 2 1 1 283 284 425 424
282 2 1 1 284 285 426 425
283 2 1 1 285 286 427 426
284 2 1 1 286 287 428 427
285 2 1 1 287 288 429 428
286 2 1 1 288 289 430 429
287 2 1 1 289 290 431 430
288 2 1 1 290 291 432 431
289 2 1 1 291 292 433 432
290 2 1 1 292 293 434 433
291 2 1 1 293 294 435 434
292 2 1 1 294 295 436 435
293 2 1 1 295 296 437 436
294 2 1 1 296 297 438 437
295 2 1 1 297 298 439 438
296 2 1 1 298 299 440 439
297 2 1 1 299 300 441 440
298 2 1 1 300 301 442 441
299 2 1 1 301 302 443 442
300 2 1 1 302 303 444 443
301 2 1 1 303 304 445 444
302 2 1 1 304 305 446 445
303 2 1 1 305 306 447 446
304 2 1 1 306 307 448 447
305 2 1 1 307 308 449 448
306 2 1 1 308 309 450 449
307 2 1 1 309 310 451 450
308 2 1 1 310 311 452 451
309 2 1 1 311 312 453 452
310 2 1 1 312 313 454 453
311 2 1 1 313 314 455 454
312 2 1 1 314 315 456 455
313 2 1 1 315 316 457 456
314 2 1 1 316 317 458 457
315 2 1 1 317 318 459 458
316 2 1 1 318 319 460 459
317 2 1 1 319 320 461 460
318 2 1 1 320 321 462 461
319 2 1 1 321 322 463 462
320 2 1 1 322 323 464 463
321 2 1 1 323 324 465 464
322 2 1 1 324 325 466 465
323 2 1 1 325 326 467 466
324 2 1 1 326 327 468 467
325 2 1 1 327 328 469 468
326 2 1 1 328 329 470 469
327 2 1 1 329 330 471 470
328 2 1 1 330 331 472 471
329 2 1 1 331 332 473 472
330 2 1 1 332 333 474 473
331 2 1 1 333 334 475 474
332 2 1 1 334 335 476 475
333 2 1 1 335 336 477 476
334 2 1 1 336 337 478 477
335 2 1 1 337 338 479 478
336 2 1 1 338 339 480 479
337 2 1 1 339 340 481 480
338 2 1 1 340 341 482 481
339 2 1 1 341 342 483 482
340 2 1 1 342 343 484 483
341 2 1 1 343 344 485 484
342 2 1 1 344 345 486 485
343 2 1 1 345 346 487 486
344 2 1 1 346 347 488 487
345 2 1 1 347 348 489 488
346 2 1 1 348 349 490 489
347 2 1 1 349 350 491 490
348 2 1 1 350 351 492 491
349 2 1 1 351 352 493 492
350 2 1 1 352 353 494 493
351 2 1 1 353 354 495 494
352 2 1 1 354 355 496 495
353 2 1 1 355 356 497 496
354 2 1 1 356 357 498 497
355 2 1 1 357 358 499 498
356 2 1 1 358 359 500 499
357 2 1 1 359 360 501 500
358 2 1 1 360 361 502 501
359 2 1 1 361 362 503 502
360 2 1 1 362 363 504 503
361 2 1 1 363 364 505 504
362 2 1 1 364 365 506 505
363 2 1 1 365 366 507 506
364 2 1 1 366 367 508 507
365 2 1 1 367 368 509 508
366 2 1 1 368 369 510 509
367 2 1 1 369 370 511 510
368 2 1 1 370 371 512 511
369 2 1 1 371 372 513 512
370 2 1 1 372 373 514 513
371 2 1 1 373 374 515 514
372 2 1 1 374 375 516 515
373 2 1 1 375 376 517 516
374 2 1 1 376 377 518 517
375 2 1 1 377 378 519 518
376 2 1 1 378 379 520 519
377 2 1 1 379 380 521 520
378 2 1 1 380 381 522 521
379 2 1 1 381 382 523 522
380 2 1 1 382 383 524 523
381 2 1 1 383 384 525 524
382 2 1 1 384 385 526 525
383 2 1 1 385 386 527 526
384 2 1 1 386 387 528 527
385 2 1 1 387 388 529 528
386 2 1 1 388 389 530 529
387 2 1 1 389 390 531 530
388 2 1 1 390 391 532 531
389 2 1 1 391 392 533 532
390 2 1 1 392 393 534 533
391 2 1 1 393 394 535 534
392 2 1 1 394 395 536 535
393 2 1 1 395 396 537 536
394 2 1 1 396 397 538 537
395 2 1 1 397 398 539 538
396 2 1 1 398 399 540 539
397 2 1 1 399 400 541 540
398 2 1 1 400 401 542 541
399 2 1 1 401 402 543 542
400 2 1 1 402 403 544 543
401 2 1 1 403 404 545 544
402 2 1 1 404 405 546 545
403 2 1 1 405 406 547 546
404 2 1 1 406 407 548 547
405 2 1 1 407 408 549 548
406 2 1 1 408 409 550 549
407 2 1 1 409 410 551 550
408 2 1 1 410 411 552 551
409 2 1 1 411 412 553 552
410 2 1 1 412 413 554 553
411 2 1 1 413 414 555 554
412 2 1 1 414 415 556 555
413 2 1 1 415 416 557 556
414 2 1 1 416 417 558 557
415 2 1 1 417 418 559 558
416 2 1 1 418 419 560 559
417 2 1 1 419 420 561 560
418 2 1 1 420 421 562 561
419 2 1 1 421 422 563 562
420 2 1 1 422 423 564 563
421 2 1 1 424 425 566 565
422 2 1 1 425 426 567 566
423 2 1 1 426 427 568 567
424 2 1 1 427 428 569 568
425 2 1 1 428 429 570 569
426 2 1 1 429 430 571 570
427 2 1 1 430 431 572 571
428 2 1 1 431 432 573 572
429 2 1 1 432 433 574 573
430 2 1 1 433 434 575 574
431 2 1 1 434 435 576 575
432 2 1 1 435 436 577 576
433 2 1 1 436 437 578 577
434 2 1 1 437 438 579 578
435 2 1 1 438 439 580 579
436 2 1 1 439 440 581 580
437 2 1 1 440 441 582 581
438 2 1 1 441 442 583 582
439 2 1 1 442 443 584 583
440 2 1 1 443 444 585 584
441 2 1 1 444 445 586 585
442 2 1 1 445 446 587 586
443 2 1 1 446 447 588 587
444 2 1 1 447 448 589 588
445 2 1 1 448 449 590 589
446 2 1 1 449 450 591 590
447 2 1 1 450 451 592 591
448 2 1 1 451 452 593 592
449 2 1 1 452 453 594 593
450 2 1 1 453 454 595 594
451 2 1 1 454 455 596 595
452 2 1 1 455 456 597 596
453 2 1 1 456 457 598 597
454 2 1 1 457 458 599 598
455 2 1 1 458 459 600 599
456 2 1 1 459 460 601 600
457 2 1 1 460 461 602 601
458 2 1 1 461 462 603 602
459 2 1 1 462 463 604 603
460 2 1 1 463 464 605 604
461 2 1 1 464 465 606 605
462 2 1 1 465 466 607 606
463 2 1 1 466 467 608 607
464 2 1 1 467 468 609 608
465 2 1 1 468 469 610 609
466 2 1 1 469 470 611 610
467 2 1 1 470 471 612 611
468 2 1 1 471 472 613 612
469 2 1 1 472 473 614 613
470 2 1 1 473 474 615 614
471 2 1 1 474 475 616 615
472 2 1 1 475 476 617 616
473 2 1 1 476 477 618 617
474 2 1 1 477 478 619 618
475 2 1 1 478 479 620 619
476 2 1 1 479 480 621 620
477 2 1 1 480 481 622 621
478 2 1 1 481 482 623 622
479 2 1 1 482 483 624 623
480 2 1 1 483 484 625 624
481 2 1 1 484 485 626 625
482 2 1 1 485 486 627 626
483 2 1 1 486 487 628 627
484 2 1 1 487 488 629 628
485 2 1 1 488 489 630 629
486 2 1 1 489 490 631 630
487 2 1 1 490 491 632 631
488 2 1 1 491 492 633 632
489 2 1 1 492 493 634 633
490 2 1 1 493 494 635 634
491 2 1 1 494 495 636 635
492 2 1 1 495 496 637 636
493 2 1 1 496 497 638 637
494 2 1 1 497 498 639 638
495 2 1 1 498 499 640 639
496 2 1 1 499 500 641 640
497 2 1 1 500 501 642 641
498 2 1 1 501 502 643 642
499 2 1 1 502 503 644 643
500 2 1 1 503 504 645 644
501 2 1 1 504 505 646 645
502 2 1 1 505 506 647 646
503 2 1 1 506 507 648 647
504 2 1 1 507 508 649 648
505 2 1 1 508 509 650 649
506 2 1 1 509 510 651 650
507 2 1 1 510 511 652 651
508 2 1 1 511 512 653 652
509 2 1 1 512 513 654 653
510 2 1 1 513 514 655 654
511 2 1 1 514 515 656 655
512 2 1 1 515 516 657 656
513 2 1 1 516 517 658 657
514 2 1 1 517 518 659 658
515 2 1 1 518 519 660 659
516 2 1 1 519 520 661 660
517 2 1 1 520 521 662 661
518 2 1 1 521 522 663 662
519 2 1 1 522 523 664 663
520 2 1 1 523 524 665 664
521 2 1 1 524 525 666 665
522 2 1 1 525 526 667 666
523 2 1 1 526 527 668 667
524 2 1 1 527 528 669 668
525 2 1 1 528 529 670 669
526 2 1 1 529 530 671 670
527 2 1 1 530 531 672 671
528 2 1 1 531 532 673 672
529 2 1 1 532 533 674 673
530 2 1 1 533 534 675 674
531 2 1 1 534 535 676 675
532 2 1 1 535 536 677 676
533 2 1 1 536 537 678 677
534 2 1 1 537 538 679 678
535 2 1 1 538 539 680 679
536 2 1 1 539 540 681 680
537 2 1 1 540 541 682 681
538 2 1 1 541 542 683 682
539 2 1 1 542 543 684 683
540 2 1 1 543 544 685 684
541 2 1 1 544 545 686 685
542 2 1 1 545 546 687 686
543 2 1 1 546 547 688 687
544 2 1 1 547 548 689 688
545 2 1 1 548 549 690 689
546 2 1 1 549 550 691 690
547 2 1 1 550 551 692 691
548 2 1 1 551 552 693 692
549 2 1 1 552 553 694 693
550 2 1 1 553 554 695 694
551 2 1 1 554 555 696 695
552 2 1 1 555 556 697 696
553 2 1 1 556 557 698 697
554 2 1 1 557 558 699 698
555 2 1 1 558 559 700 699
556 2 1 1 559 560 701 700
557 2 1 1 560 561 702 701
558 2 1 1 561 562 703 702
559 2 1 1 562 563 704 703
560 2 1 1 563 564 705 704
561 2 1 1 565 566 707 706
562 2 1 1 566 567 708 707
563 2 1 1 567 568 709 708
564 2 1 1 568 569 710 709
565 2 1 1 569 570 711 710
566 2 1 1 570 571 712 711
567 2 1 1 571 572 713 712
568 2 1 1 572 573 714 713
569 2 1 1 573 574 715 714
570 2 1 1 574 575 716 715
571 2 1 1 575 576 717 716
572 2 1 1 576 577 718 717
573 2 1 1 577 578 719 718
574 2 1 1 578 579 720 719
575 2 1 1 579 580 721 720
576 2 1 1 580 581 722 721
577 2 1 1 581 582 723 722
578 2 1 1 582 583 724 723
579 2 1 1 583 584 725 724
580 2 1 1 584 585 726 725
581 2 1 1 585 586 727 726
582 2 1 1 586 587 728 727
583 2 1 1 587 588 729 728
584 2 1 1 588 589 730 729
585 2 1 1 589 590 731 730
586 2 1 1 590 591 732 731
587 2 1 1 591 592 733 732
588 2 1 1 592 593 734 733
589 2 1 1 593 594 735 734
590 2 1 1 594 595 736 735
591 2 1 1 595 596 737 736
592 2 1 1 596 597 738 737
593 2 1 1 597 598 739 738
594 2 1 1 598 599 740 739
595 2 1 1 599 600 741 740
596 2 1 1 600 601 742 741
597 2 1 1 601 602 743 742
598 2 1 1 602 603 744 743
599 2 1 1 603 604 745 744
600 2 1 1 604 605 746 745
601 2 1 1 605 606 747 746
602 2 1 1 606 607 748 747
603 2 1 1 607 608 749 748
604 2 1 1 608 609 750 749
605 2 1 1 609 610 751 750
606 2 1 1 610 611 752 751
607 2 1 1 611 612 753 752
608 2 1 1 612 613 754 753
609 2 1 1 613 614 755 754
610 2 1 1 614 615 756 755
611 2 1 1 615 616 757 756
612 2 1 1 616 617 758 757
613 2 1 1 617 618 759 758
614 2 1 1 618 619 760 759
615 2 1 1 619 620 761 760
616 2 1 1 620 621 762 761
617 2 1 1 621 622 763 762
618 2 1 1 622 623 764 763
619 2 1 1 623 624 765 764
620 2 1 1 624 625 766 765
621 2 1 1 625 626 767 766
622 2 1 1 626 627 768 767
623 2 1 1 627 628 769 768
624 2 1 1 628 629 770 769
625 2 1 1 629 630 771 770
626 2 1 1 630 631 772 771
627 2 1 1 631 632 773 772
628 2 1 1 632 633 774 773
629 2 1 1 633 634 775 774
630 2 1 1 634 635 776 775
631 2 1 1 635 636 777 776
632 2 1 1 636 637 778 777
633 2 1 1 637 638 779 778
634 2 1 1 638 639 780 779
635 2 1 1 639 640 781 780
636 2 1 1 640 641 782 781
637 2 1 1 641 642 783 782
638 2 1 1 642 643 784 783
639 2 1 1 643 644 785 784
640 2 1 1 644 645 786 785
641 2 1 1 645 646 787 786
642 2 1 1 646 647 788 787
643 2 1 1 647 648 789 788
644 2 1 1 648 649 790 789
645 2 1 1 649 650 791 790
646 2 1 1 650 651 792 791
647 2 1 1 651 652 793 792
648 2 1 1 652 653 794 793
649 2 1 1 653 654 795 794
650 2 1 1 654 655 796 795
651 2 1 1 655 656 797 796
652 2 1 1 656 657 798 797
653 2 1 1 657 658 799 798
654 2 1 1 658 659 800 799
655 2 1 1 659 660 801 800
656 2 1 1 660 661 802 801
657 2 1 1 661 662 803 802
658 2 1 1 662 663 804 803
659 2 1 1 663 664 805 804
660 2 1 1 664 665 806 805
661 2 1 1 665 666 807 806
662 2 1 1 666 667 808 807
663 2 1 1 667 668 809 808
664 2 1 1 668 669 810 809
665 2 1 1 669 670 811 810
666 2 1 1 670 671 812 811
667 2 1 1 671 672 813 812
668 2 1 1 672 673 814 813
669 2 1 1 673 674 815 814
670 2 1 1 674 675 816 815
671 2 1 1 675 676 817 816
672 2 1 1 676 677 818 817
673 2 1 1 677 678 819 818
674 2 1 1 678 679 820 819
675 2 1 1 679 680 821 820
676 2 1 1 680 681 822 821
677 2 1 1 681 682 823 822
678 2 1 1 682 683 824 823
679 2 1 1 683 684 825 824
680 2 1 1 684 685 826 825
681 2 1 1 685 686 827 826
682 2 1 1 686 687 828 827
683 2 1 1 687 688 829 828
684 2 1 1 688 689 830 829
685 2 1 1 689 690 831 830
686 2 1 1 690 691 832 831
687 2 1 1 691 692 833 832
688 2 1 1 692 693 834 833
689 2 1 1 693 694 835 834
690 2 1 1 694 695 836 835
691 2 1 1 695 696 837 836
692 2 1 1 696 697 838 837
693 2 1 1 697 698 839 838
694 2 1 1 698 699 840 839
695 2 1 1 699 700 841 840
696 2 1 1 700 701 842 841
697 2 1 1 701 702 843 842
698 2 1 1 702 703 844 843
699 2 1 1 703 704 845 844
700 2 1 1 704 705 846 845
701 2 1 1 706 707 848 847
702 2 1 1 707 708 849 848
703 2 1 1 708 709 850 849
704 2 1 1 709 710 851 850
705 2 1 1 710 711 852 851
706 2 1 1 711 712 853 852
707 2 1 1 712 713 854 853
708 2 1 1 713 714 855 854
709 2 1 1 714 715 856 855
710 2 1 1 715 716 857 856
711 2 1 1 716 717 858 857
712 2 1 1 717 718 859 858
713 2 1 1 718 719 860 859
714 2 1 1 719 720 861 860
715 2 1 1 720 721 862 861
716 2 1 1 721 722 863 862
717 2 1 1 722 723 864 863
718 2 1 1 723 724 865 864
719 2 1 1 724 725 866 865
720 2 1 1 725 726 867 866
721 2 1 1 726 727 868 867
722 2 1 1 727 728 869 868
723 2 1 1 728 729 870 869
724 2 1 1 729 730 871 870
725 2 1 1 730 731 872 871
726 2 1 1 731 732 873 872
727 2 1 1 732 733 874 873
728 2 1 1 733 734 875 874
729 2 1 1 734 735 876 875
730 2 1 1 735 736 877 876
731 2 1 1 736 737 878 877
732 2 1 1 737 738 879 878
733 2 1 1 738 739 880 879
734 2 1 1 739 740 881 880
735 2 1 1 740 741 882 881
736 2 1 1 741 742 883 882
737 2 1 1 742 743 884 883
738 2 1 1 743 744 885 884
739 2 1 1 744 745 886 885
740 2 1 1 745 746 887 886
741 2 1 1 746 747 888 887
742 2 1 1 747 748 889 888
743 2 1 1 748 749 890 889
744 2 1 1 749 750 891 890
745 2 1 1 750 751 892 891
746 2 1 1 751 752 893 892
747 2 1 1 752 753 894 893
748 2 1 1 753 754 895 894
749 2 1 1 754 755 896 895
750 2 1 1 755 756 897 896
751 2 1 1 756 757 898 897
752 2 1 1 757 758 899 898
753 2 1 1 758 759 900 899
754 2 1 1 759 760 901 900
755 2 1 1 760 761 902 901
756 2 1 1 761 762 903 902
757 2 1 1 762 763 904 903
758 2 1 1 763 764 905 904
759 2 1 1 764 765 906 905
760 2 1 1 765 766 907 906
761 2 1 1 766 767 908 907
762 2 1 1 767 768 909 908
763 2 1 1 768 769 910 909
764 2 1 1 769 770 911 910
765 2 1 1 770 771 912 911
766 2 1 1 771 772 913 912
767 2 1 1 772 773 914 913
768 2 1 1 773 774 915 914
769 2 1 1 774 775 916 915
770 2 1 1 775 776 917 916
771 2 1 1 776 777 918 917
772 2 1 1 777 778 919 918
773 2 1 1 778 779 920 919
774 2 1 1 779 780 921 920
775 2 1 1 780 781 922 921
776 2 1 1 781 782 923 922
777 2 1 1 782 783 924 923
778 2 1 1 783 784 925 924
779 2 1 1 784 785 926 925
780 2 1 1 785 786 927 926
781 2 1 1 786 787 928 927
782 2 1 1 787 788 929 928
783 2 1 1 788 789 930 929
784 2 1 1 789 790 931 930
785 2 1 1 790 791 932 931
786 2 1 1 791 792 933 932
787 2 1 1 792 793 934 933
788 2 1 1 793 794 935 934
789 2 1 1 794 795 936 935
790 2 1 1 795 796 937 936
791 2 1 1 796 797 938 937
792 2 1 1 797 798 939 938
793 2 1 1 798 799 940 939
794 2 1 1 799 800 941 940
795 2 1 1 800 801 942 941
796 2 1 1 801 802 943 942
797 2 1 1 802 803 944 943
798 2 1 1 803 804 945 944
799 2 1 1 804 805 946 945
800 2 1 1 805 806 947 946
801 2 1 1 806 807 948 947
802 2 1 1 807 808 949 948
803 2 1 1 808 809 950 949
804 2 1 1 809 810 951 950
805 2 1 1 810 811 952 951
806 2 1 1 811 812 953 952
807 2 1 1 812 813 954 953
808 2 1 1 813 814 955 954
809 2 1 1 814 815 956 955
810 2 1 1 815 816 957 956
811 2 1 1 816 817 958 957
812 2 1 1 817 818 959 958
813 2 1 1 818 819 960 959
814 2 1 1 819 820 961 960
815 2 1 1 820 821 962 961
816 2 1 1 821 822 963 962
817 2 1 1 822 823 964 963
818 2 1 1 823 824 965 964
819 2 1 1 824 825 966 965
820 2 1 1 825 826 967 966
821 2 1 1 826 827 968 967
822 2 1 1 827 828 969 968
823 2 1 1 828 829 970 969
824 2 1 1 829 830 971 970
825 2 1 1 830 831 972 971
826 2 1 1 831 832 973 972
827 2 1 1 832 833 974 973
828 2 1 1 833 834 975 974
829 2 1 1 834 835 976 975
830 2 1 1 835 836 977 976
831 2 1 1 836 837 978 977
832 2 1 1 837 838 979 978
833 2 1 1 838 839 980 979
834 2 1 1 839 840 981 980
835 2 1 1 840 841 982 981
836 2 1 1 841 842 983 982
837 2 1 1 842 843 984 983
838 2 1 1 843 844 985 984
839 2 1 1 844 845 986 985
840 2 1 1 845 846 987 986
841 2 1 1 847 848 989 988
842 2 1 1 848 849 990 989
843 2 1 1 849 850 991 990
844 2 1 1 850 851 992 991
845 2 1 1 851 852 993 992
846 2 1 1 852 853 994 993
847 2 1 1 853 854 995 994
848 2 1 1 854 855 996 995
849 2 1 1 855 856 997 996
850 2 1 1 856 857 998 997
851 2 1 1 857 858 999 998
852 2 1 1 858 859 1000 999
853 2 1 1 859 860 1001 1000
854 2 1 1 860 861 1002 1001
855 2 1 1 861 862 1003 1002
856 2 1 1 862 863 1004 1003
857 2 1 1 863 864 1005 1004
858 2 1 1 864 865 1006 1005
859 2 1 1 865 866 1007 1006
860 2 1 1 866 867 1008 1007
861 2 1 1 867 868 1009 1008
862 2 1 1 868 869 1010 1009
863 2 1 1 869 870 1011 1010
864 2 1 1 870 871 1012 1011
865 2 1 1 871 872 1013 1012
866 2 1 1 872 873 1014 1013
867 2 1 1 873 874 1015 1014
868 2 1 1 874 875 1016 1015
869 2 1 1 875 876 1017 1016
870 2 1 1 876 877 1018 1017
871 2 1 1 877 878 1019 1018
872 2 1 1 878 879 1020 1019
873 2 1 1 879 880 1021 1020
874 2 1 1 880 881 1022 1021
875 2 1 1 881 882 1023 1022
876 2 1 1 882 883 1024 1023
877 2 1 1 883 884 1025 1024
878 2 1 1 884 885 1026 1025
879 2 1 1 885 886 1027 1026
880 2 1 1 886 887 1028 1027
881 2 1 1 887 888 1029 1028
882 2 1 1 888 889 1030 1029
883 2 1 1 889 890 1031 1030
884 2 1 1 890 891 1032 1031
885 2 1 1 891 892 1033 1032
886 2 1 1 892 893 1034 1033
887 2 1 1 893 894 1035 1034
888 2 1 1 894 895 1036 1035
889 2 1 1 895 896 1037 1036
890 2 1 1 896 897 1038 1037
891 2 1 1 897 898 1039 1038
892 2 1 1 898 899 1040 1039
893 2 1 1 899 900 1041 1040
894 2 1 1 900 901 1042 1041
895 2 1 1 901 902 1043 1042
896 2 1 1 902 903 1044 1043
897 2 1 1 903 904 1045 1044
898 2 1 1 904 905 1046 1045
899 2 1 1 905 906 1047 1046
900 2 1 1 906 907 1048 1047
901 2 1 1 907 908 1049 1048
902 2 1 1 908 909 1050 1049
903 2 1 1 909 910 1051 1050
904 2 1 1 910 911 1052 1051
905 2 1 1 911 912 1053 1052
906 2 1 1 912 913 1054 1053
907 2 1 1 913 914 1055 1054
908 2 1 1 914 915 1056 1055
909 2 1 1 915 916 1057 1056
910 2 1 1 916 917 1058 1057
911 2 1 1 917 918 1059 1058
912 2 1 1 918 919 1060 1059
913 2 1 1 919 920 1061 1060
914 2 1 1 920 921 1062 1061
915 2 1 1 921 922 1063 1062
916 2 1 1 922 923 1064 1063
917 2 1 1 923 924 1065 1064
918 2 1 1 924 925 1066 1065
919 2 1 1 925 926 1067 1066
920 2 1 1 926 927 1068 1067
921 2 1 1 927 928 1069 1068
922 2 1 1 928 929 1070 1069
923 2 1 1 929 930 1071 1070
924 2 1 1 930 931 1072 1071
925 2 1 1 931 932 1073 1072
926 2 1 1 932 933 1074 1073
927 2 1 1 933 934 1075 1074
928 2 1 1 934 935 1076 1075
929 2 1 1 935 936 1077 1076
930 2 1 1 936 937 1078 1077
931 2 1 1 937 938 1079 1078
932 2 1 1 938 939 1080 1079
933 2 1 1 939 940 1081 1080
934 2 1 1 940 941 1082 1081
935 2 1 1 941 942 1083 1082
936 2 1 1 942 943 1084 1083
937 2 1 1 943 944 1085 1084
938 2 1 1 944 945 1086 1085
939 2 1 1 945 946 1087 1086
940 2 1 1 946 947 1088 1087
941 2 1 1 947 948 1089 1088
942 2 1 1 948 949 1090 1089
943 2 1 1 949 950 1091 1090
944 2 1 1 950 951 1092 1091
945 2 1 1 951 952 1093 1092
946 2 1 1 952 953 1094 1093
947 2 1 1 953 954 1095 1094
948 2 1 1 954 955 1096 1095
949 2 1 1 955 956 1097 1096
950 2 1 1 956 957 1098 1097
951 2 1 1 957 958 1099 1098
952 2 1 1 958 959 1100 1099
953 2 1 1 959 960 1101 1100
954 2 1 1 960 961 1102 1101
955 2 1 1 961 962 1103 1102
956 2 1 1 962 963 1104 1103
957 2 1 1 963 964 1105 1104
958 2 1 1 964 965 1106 1105
959 2 1 1 965 966 1107 1106
960 2 1 1 966 967 1108 1107
961 2 1 1 967 968 1109 1108
962 2 1 1 968 969 1110 1109
963 2 1 1 969 970 1111 1110
964 2 1 1 970 971 1112 1111
965 2 1 1 971 972 1113 1112
966 2 1 1 972 973 1114 1113
967 2 1 1 973 974 1115 1114
968 2 1 1 974 975 1116 1115
969 2 1 1 975 976 1117 1116
970 2 1 1 976 977 1118 1117
971 2 1 1 977 978 1119 1118
972 2 1 1 978 979 1120 1119
973 2 1 1 979 980 1121 1120
974 2 1 1 980 981 1122 1121
975 2 1 1 981 982 1123 1122
976 2 1 1 982 983 1124 1123
977 2 1 1 983 984 1125 1124
978 2 1 1 984 985 1126 1125
979 2 1 1 985 986 1127 1126
980 2 1 1 986 987 1128 1127
981 2 1 1 988 989 1130 1129
982 2 1 1 989 990 1131 1130
983 2 1 1 990 991 1132 1131
984 2 1 1 991 992 1133 1132
985 2 1 1 992 993 1134 1133
986 2 1 1 993 994 1135 1134
987 2 1 1 994 995 1136 1135
988 2 1 1 995 996 1137 1136
989 2 1 1 996 997 1138 1137
990 2 1 1 997 998 1139 1138
991 2 1 1 998 999 1140 1139
992 2 1 1 999 1000 1141 1140
993 2 1 1 1000 1001 1142 1141
994 2 1 1 1001 1002 1143 1142
995 2 1 1 1002 1003 1144 1143
996 2 1 1 1003 1004 1145 1144
997 2 1 1 1004 1005 1146 1145
998 2 1 1 1005 1006 1147 1146
999 2 1 1 1006 1007 1148 1147
1000 2 1 1 1007 1008 1149 1148
1001 2 1 1 1008 1009 1150 1149
1002 2 1 1 1009 1010 1151 1150
1003 2 1 1 1010 1011 1152 1151
1004 2 1 1 1011 1012 1153 1152
1005 2 1 1 1012 1013 1154 1153
1006 2 1 1 1013 1014 1155 1154
1007 2 1 1 1014 1015 1156 1155
1008 2 1 1 1015 1016 1157 1156
1009 2 1 1 1016 1017 1158 1157
1010 2 1 1 1017 1018 1159 1158
1011 2 1 1 1018 1019 1160 1159
1012 2 1 1 1019 1020 1161 1160
1013 2 1 1 1020 1021 1162 1161
1014 2 1 1 1021 1022 1163 1162
1015 2 1 1 1022 1023 1164 1163
1016 2 1 1 1023 1024 1165 1164
1017 2 1 1 1024 1025 1166 1165
1018 2 1 1 1025 1026 1167 1166
1019 2 1 1 1026 1027 1168 1167
1020 2 1 1 1027 1028 1169 1168
1021 2 1 1 1028 1029 1170 1169
1022 2 1 1 1029 1030 1171 1170
1023 2 1 1 1030 1031 1172 1171
1024 2 1 1 1031 1032 1173 1172
1025 2 1 1 1032 1033 1174 1173
1026 2 1 1 1033 1034 1175 1174
1027 2 1 1 1034 1035 1176 1175
1028 2 1 1 1035 1036 1177 1176
1029 2 1 1 1036 1037 1178 1177
1030 2 1 1 1037 1038 1179 1178
1031 2 1 1 1038 1039 1180 1179
1032 2 1 1 1039 1040 1181 1180
1033 2 1 1 1040 1041 1182 1181
1034 2 1 1 1041 1042 1183 1182
1035 2 1 1 1042 1043 1184 1183
1036 2 1 1 1043 1044 1185 1184
1037 2 1 1 1044 1045 1186 1185
1038 2 1 1 1045 1046 1187 1186
1039 2 1 1 1046 1047 1188 1187
1040 2 1 1 1047 1048 1189 1188
1041 2 1 1 1048 1049 1190 1189
1042 2 1 1 1049 1050 1191 1190
1043 2 1 1 1050 1051 1192 1191
1044 2 1 1 1051 1052 1193 1192
1045 2 1 1 1052 1053 1194 1193
1046 2 1 1 1053 1054 1195 1194
1047 2 1 1 1054 1055 1196 1195
1048 2 1 1 1055 1056 1197 1196
1049 2 1 1 1056 1057 1198 1197
1050 2 1 1 1057 1058 1199 1198
1051 2 1 1 1058 1059 1200 1199
1052 2 1 1 1059 1060 1201 1200
1053 2 1 1 1060 1061 1202 1201
1054 2 1 1 1061 1062 1203 1202
1055 2 1 1 1062 1063 1204 1203
1056 2 1 1 1063 1064 1205 1204
1057 2 1 1 1064 1065 1206 1205
1058 2 1 1 1065 1066 1207 1206
1059 2 1 1 1066 1067 1208 1207
1060 2 1 1 1067 1068 1209 1208
1061 2 1 1 1068 1069 1210 1209
1062 2 1 1 1069 1070 1211 1210
1063 2 1 1 1070 1071 1212 1211
1064 2 1 1 1071 1072 1213 1212
1065 2 1 1 1072 1073 1214 1213
1066 2 1 1 1073 1074 1215 1214
1067 2 1 1 1074 1075 1216 1215
1068 2 1 1 1075 1076 1217 1216
1069 2 1 1 1076 1077 1218 1217
1070 2 1 1 1077 1078 1219 1218
1071 2 1 1 1078 1079 1220 1219
1072 2 1 1 1079 1080 1221 1220
1073 2 1 1 1080 1081 1222 1221
1074 2 1 1 1081 1082 1223 1222
1075 2 1 1 1082 1083 1224 1223
1076 2 1 1 1083 1084 1225 1224
1077 2 1 1 1084 1085 1226 1225
1078 2 1 1 1085 1086 1227 1226
1079 2 1 1 1086 1087 1228 1227
1080 2 1 1 1087 1088 1229 1228
1081 2 1 1 1088 1089 1230 1229
1082 2 1 1 1089 1090 1231 1230
1083 2 1 1 1090 1091 1232 1231
1084 2 1 1 1091 1092 1233 1232
1085 2 1 1 1092 1093 1234 1233
1086 2 1 1 1093 1094 1235 1234
1087 2 1 1 1094 1095 1236 1235
1088 2 1 1 1095 1096 1237 1236
1089 2 1 1 1096 1097 1238 1237
1090 2 1 1 1097 1098 1239 1238
1091 2 1 1 1098 1099 1240 1239
1092 2 1 1 1099 1100 1241 1240
1093 2 1 1 1100 1101 1242 1241
1094 2 1 1 1101 1102 1243 1242
1095 2 1 1 1102 1103 1244 1243
1096 2 1 1 1103 1104 1245 1244
1097 2 1 1 1104 1105 1246 1245
1098 2 1 1 1105 1106 1247 1246
1099 2 1 1 1106 1107 1248 1247
1100 2 1 1 1107 1108 1249 1248
1101 2 1 1 1108 1109 1250 1249
1102 2 1 1 1109 1110 1251 1250
1103 2 1 1 1110 1111 1252 1251
1104 2 1 1 1111 1112 1253 1252
1105 2 1 1 1112 1113 1254 1253
1106 2 1 1 1113 1114 1255 1254
1107 2 1 1 1114 1115 1256 1255
1108 2 1 1 1115 1116 1257 1256
1109 2 1 1 1116 1117 1258 1257
1110 2 1 1 1117 1118 1259 1258
1111 2 1 1 1118 1119 1260 1259
1112 2 1 1 1119 1120 1261 1260
1113 2 1 1 1120 1121 1262 1261
1114 2 1 1 1121 1122 1263 1262
1115 2 1 1 1122 1123 1264 1263
1116 2 1 1 1123 1124 1265 1264
1117 2 1 1 1124 1125 1266 1265
1118 2 1 1 1125 1126 1267 1266
1119 2 1 1 1126 1127 1268 1267
1120 2 1 1 1127 1128 1269 1268
1121 2 1 1 1129 1130 1271 1270
1122 2 1 1 1130 1131 1272 1271
1123 2 1 1 1131 1132 1273 1272
1124 2 1 1 1132 1133 1274 1273
1125 2 1 1 1133 1134 1275 1274
1126 2 1 1 1134 1135 1276 1275
1127 2 1 1 1135 1136 1277 1276
1128 2 1 1 1136 1137 1278 1277
1129 2 1 1 1137 1138 1279 1278
1130 2 1 1 1138 1139 1280 1279
1131 2 1 1 1139 1140 1281 1280
1132 2 1 1 1140 1141 1282 1281
1133 2 1 1 1141 1142 1283 1282
1134 2 1 1 1142 1143 1284 1283
1135 2 1 1 1143 1144 1285 1284
1136 2 1 1 1144 1145 1286 1285
1137 2 1 1 1145 1146 1287 1286
1138 2 1 1 1146 1147 1288 1287
1139 2 1 1 1147 1148 1289 1288
1140 2 1 1 1148 1149 1290 1289
1141 2 1 1 1149 1150 1291 1290
1142 2 1 1 1150 1151 1292 1291
1143 2 1 1 1151 1152 1293 1292
1144 2 1 1 1152 1153 1294 1293
1145 2 1 1 1153 1154 1295 1294
1146 2 1 1 1154 1155 1296 1295
1147 2 1 1 1155 1156 1297 1296
1148 2 1 1 1156 1157 1298 1297
1149 2 1 1 1157 1158 1299 1298
1150 2 1 1 1158 1159 1300 1299
1151 2 1 1 1159 1160 1301 1300
1152 2 1 1 1160 1161 1302 1301
1153 2 1 1 1161 1162 1303 1302
1154 2 1 1 1162 1163 1304 1303
1155 2 1 1 1163 1164 1305 1304
1156 2 1 1 1164 1165 1306 1305
1157 2 1 1 1165 1166 1307 1306
1158 2 1 1 1166 1167 1308 1307
1159 2 1 1 1167 1168 1309 1308
1160 2 1 1 1168 1169 1310 1309
1161 2 1 1 1169 1170 1311 1310
1162 2 1 1 1170 1171 1312 1311
1163 2 1 1 1171 1172 1313 1312
1164 2 1 1 1172 1173 1314 1313
1165 2 1 1 1173 1174 1315 1314
1166 2 1 1 1174 1175 1316 1315
1167 2 1 1 1175 1176 1317 1316
1168 2 1 1 1176 1177 1318 1317
1169 2 1 1 1177 1178 1319 1318
1170 2 1 1 1178 1179 1320 1319
1171 2 1 1 1179 1180 1321 1320
1172 2 1 1 1180 1181 1322 1321
1173 2 1 1 1181 1182 1323 1322
1174 2 1 1 1182 1183 1324 1323
1175 2 1 1 1183 1184 1325 1324
1176 2 1 1 1184 1185 1326 1325
1177 2 1 1 1185 1186 1327 1326
1178 2 1 1 1186 1187 1328 1327
1179 2 1 1 1187 1188 1329 1328
1180 2 1 1 1188 1189 1330 1329
1181 2 1 1 1189 1190 1331 1330
1182 2 1 1 1190 1191 1332 1331
1183 2 1 1 1191 1192 1333 1332
1184 2 1 1 1192 1193 1334 1333
1185 2 1 1 1193 1194 1335 1334
1186 2 1 1 1194 1195 1336 1335
1187 2 1 1 1195 1196 1337 1336
1188 2 1 1 1196 1197 1338 1337
1189 2 1 1 1197 1198 1339 1338
1190 2 1 1 1198 1199 1340 1339
1191 2 1 1 1199 1200 1341 1340
1192 2 1 1 1200 1201 1342 1341
1193 2 1 1 1201 1202 1343 1342
1194 2 1 1 1202 1203 1344 1343
1195 2 1 1 1203 1204 1345 1344
1196 2 1 1 1204 1205 1346 1345
1197 2 1 1 1205 1206 1347 1346
1198 2 1 1 1206 1207 1348 1347
1199 2 1 1 1207 1208 1349 1348
1200 2 1 1 1208 1209 1350 1349
1201 2 1 1 1209 1210 1351 1350
1202 2 1 1 1210 1211 1352 1351
1203 2 1 1 1211 1212 1353 1352
1204 2 1 1 1212 1213 1354 1353
1205 2 1 1 1213 1214 1355 1354
1206 2 1 1 1214 1215 1356 1355
1207 2 1 1 1215 1216 1357 1356
1208 2 1 1 1216 1217 1358 1357
1209 2 1 1 1217 1218 1359 1358
1210 2 1 1 1218 1219 1360 1359
1211 2 1 1 1219 1220 1361 1360
1212 2 1 1 1220 1221 1362 1361
1213 2 1 1 1221 1222 1363 1362
1214 2 1 1 1222 1223 1364 1363
1215 2 1 1 1223 1224 1365 1364
1216 2 1 1 1224 1225 1366 1365
1217 2 1 1 1225 1226 1367 1366
1218 2 1 1 1226 1227 1368 1367
1219 2 1 1 1227 1228 1369 1368
1220 2 1 1 1228 1229 1370 1369
1221 2 1 1 1229 1230 1371 1370
1222 2 1 1 1230 1231 1372 1371
1223 2 1 1 1231 1232 1373 1372
1224 2 1 1 1232 1233 1374 1373
1225 2 1 1 1233 1234 1375 1374
1226 2 1 1 1234 1235 1376 1375
1227 2 1 1 1235 1236 1377 1376
1228 2 1 1 1236 1237 1378 1377
1229 2 1 1 1237 1238 1379 1378
1230 2 1 1 1238 1239 1380 1379
1231 2 1 1 1239 1240 1381 1380
1232 2 1 1 1240 1241 1382 1381
1233 2 1 1 1241 1242 1383 1382
1234 2 1 1 1242 1243 1384 1383
1235 2 1 1 1243 1244 1385 1384
1236 2 1 1 1244 1245 1386 1385
1237 2 1 1 1245 1246 1387 1386
1238 2 1 1 1246 1247 1388 1387
1239 2 1 1 1247 1248 1389 1388
1240 2 1 1 1248 1249 1390 1389
1241 2 1 1 1249 1250 1391 1390
1242 2 1 1 1250 1251 1392 1391
1243 2 1 1 1251 1252 1393 1392
1244 2 1 1 1252 1253 1394 1393
1245 2 1 1 1253 1254 1395 1394
1246 2 1 1 1254 1255 1396 1395
1247 2 1 1 1255 1256 1397 1396
1248 2 1 1 1256 1257 1398 1397
1249 2 1 1 1257 1258 1399 1398
1250 2 1 1 1258 1259 1400 1399
1251 2 1 1 1259 1260 1401 1400
1252 2 1 1 1260 1261 1402 1401
1253 2 1 1 1261 1262 1403 1402
1254 2 1 1 1262 1263 1404 1403
1255 2 1 1 1263 1264 1405 1404
1256 2 1 1 1264 1265 1406 1405
1257 2 1 1 1265 1266 1407 1406
1258 2 1 1 1266 1267 1408 1407
1259 2 1 1 1267 1268 1409 1408
1260 2 1 1 1268 1269 1410 1409
1261 2 1 1 1270 1271 1412 1411
1262 2 1 1 1271 1272 1413 1412
1263 2 1 1 1272 1273 1414 1413
1264 2 1 1 1273 1274 1415 1414
1265 2 1 1 1274 1275 1416 1415
1266 2 1 1 1275 1276 1417 1416
1267 2 1 1 1276 1277 1418 1417
1268 2 1 1 1277 1278 1419 1418
1269 2 1 1 1278 1279 1420 1419
1270 2 1 1 1279 1280 1421 1420
1271 2 1 1 1280 1281 1422 1421
1272 2 1 1 1281 1282 1423 1422
1273 2 1 1 1282 1283 1424 1423
1274 2 1 1 1283 1284 1425 1424
1275 2 1 1 1284 1285 1426 1425
1276 2 1 1 1285 1286 1427 1426
1277 2 1 1 1286 1287 1428 1427
1278 2 1 1 1287 1288 1429 1428
1279 2 1 1 1288 1289 1430 1429
1280 2 1 1 1289 1290 1431 1430
1281 2 1 1 1290 1291 1432 1431
1282 2 1 1 1291 1292 1433 1432
1283 2 1 1 1292 1293 1434 1433
1284 2 1 1 1293 1294 1435 1434
1285 2 1 1 1294 1295 1436 1435
1286 2 1 1 1295 1296 1437 1436
1287 2 1 1 1296 1297 1438 1437
1288 2 1 1 1297 1298 1439 1438
1289 2 1 1 1298 1299 1440 1439
1290 2 1 1 1299 1300 1441 1440
1291 2 1 1 1300 1301 1442 1441
1292 2 1 1 1301 1302 1443 1442
1293 2 1 1 1302 1303 1444 1443
1294 2 1 1 1303 1304 1445 1444
1295 2 1 1 1304 1305 1446 1445
1296 2 1 1 1305 1306 1447 1446
1297 2 1 1 1306 1307 1448 1447
1298 2 1 1 1307 1308 1449 1448
1299 2 1 1 1308 1309 1450 1449
1300 2 1 1 1309 1310 1451 1450
1301 2 1 1 1310 1311 1452 1451
1302 2 1 1 1311 1312 1453 1452
1303 2 1 1 1312 1313 1454 1453
1304 2 1 1 1313 1314 1455 1454
1305 2 1 1 1314 1315 1456 1455
1306 2 1 1 1315 1316 1457 1456
1307 2 1 1 1316 1317 1458 1457
1308 2 1 1 1317 1318 1459 1458
1309 2 1 1 1318 1319 1460 1459
1310 2 1 1 1319 1320 1461 1460
1311 2 1 1 1320 1321 1462 1461
1312 2 1 1 1321 1322 1463 1462
1313 2 1 1 1322 1323 1464 1463
1314 2 1 1 1323 1324 1465 1464
1315 2 1 1 1324 1325 1466 1465
1316 2 1 1 1325 1326 1467 1466
1317 2 1 1 1326 1327 1468 1467
1318 2 1 1 1327 1328 1469 1468
1319 2 1 1 1328 1329 1470 1469
1320 2 1 1 1329 1330 1471 1470
1321 2 1 1 1330 1331 1472 1471
1322 2 1 1 1331 1332 1473 1472
1323 2 1 1 1332 1333 1474 1473
1324 2 1 1 1333 1334 1475 1474
1325 2 1 1 1334 1335 1476 1475
1326 2 1 1 1335 1336 1477 1476
1327 2 1 1 1336 1337 1478 1477
1328 2 1 1 1337 1338 1479 1478
1329 2 1 1 1338 1339 1480 1479
1330 2 1 1 1339 1340 1481 1480
1331 2 1 1 1340 1341 1482 1481
1332 2 1 1 1341 1342 1483 1482
1333 2 1 1 1342 1343 1484 1483
1334 2 1 1 1343 1344 1485 1484
1335 2 1 1 1344 1345 1486 1485
1336 2 1 1 1345 1346 1487 1486
1337 2 1 1 1346 1347 1488 1487
1338 2 1 1 1347 1348 1489 1488
1339 2 1 1 1348 1349 1490 1489
1340 2 1 1 1349 1350 1491 1490
1341 2 1 1 1350 1351 1492 1491
1342 2 1 1 1351 1352 1493 1492
1343 2 1 1 1352 1353 1494 1493
1344 2 1 1 1353 1354 1495 1494
1345 2 1 1 1354 1355 1496 1495
1346 2 1 1 1355 1356 1497 1496
1347 2 1 1 1356 1357 1498 1497
1348 2 1 1 1357 1358 1499 1498
1349 2 1 1 1358 1359 1500 1499
1350 2 1 1 1359 1360 1501 1500
1351 2 1 1 1360 1361 1502 1501
1352 2 1 1 1361 1362 1503 1502
1353 2 1 1 1362 1363 1504 1503
1354 2 1 1 1363 1364 1505 1504
1355 2 1 1 1364 1365 1506 1505
1356 2 1 1 1365 1366 1507 1506
1357 2 1 1 1366 1367 1508 1507
1358 2 1 1 1367 1368 1509 1508
1359 2 1 1 1368 1369 1510 1509
1360 2 1 1 1369 1370 1511 1510
1361 2 1 1 1370 1371 1512 1511
1362 2 1 1 1371 1372 1513 1512
1363 2 1 1 1372 1373 1514 1513
1364 2 1 1 1373 1374 1515 1514
1365 2 1 1 1374 1375 1516 1515
1366 2 1 1 1375 1376 1517 1516
1367 2 1 1 1376 1377 1518 1517
1368 2 1 1 1377 1378 1519 1518
1369 2 1 1 1378 1379 1520 1519
1370 2 1 1 1379 1380 1521 1520
1371 2 1 1 1380 1381 1522 1521
1372 2 1 1 1381 1382 1523 1522
1373 2 1 1 1382 1383 1524 1523
1374 2 1 1 1383 1384 1525 1524
1375 2 1 1 1384 1385 1526 1525
1376 2 1 1 1385 1386 1527 1526
1377 2 1 1 1386 1387 1528 1527
1378 2 1 1 1387 1388 1529 1528
1379 2 1 1 1388 1389 1530 1529
1380 2 1 1 1389 1390 1531 1530
1381 2 1 1 1390 1391 1532 1531
1382 2 1 1 1391 1392 1533 1532
1383 2 1 1 1392 1393 1534 1533
1384 2 1 1 1393 1394 1535 1534
1385 2 1 1 1394 1395 1536 1535
1386 2 1 1 1395 1396 1537 1536
1387 2 1 1 1396 1397 1538 1537
1388 2 1 1 1397 1398 1539 1538
1389 2 1 1 1398 1399 1540 1539
1390 2 1 1 1399 1400 1541 1540
1391 2 1 1 1400 1401 1542 1541
1392 2 1 1 1401 1402 1543 1542
1393 2 1 1 1402 1403 1544 1543
1394 2 1 1 1403 1404 1545 1544
1395 2 1 1 1404 1405 1546 1545
1396 2 1 1 1405 1406 1547 1546
1397 2 1 1 1406 1407 1548 1547
1398 2 1 1 1407 1408 1549 1548
1399 2 1 1 1408 1409 1550 1549
1400 2 1 1 1409 1410 1551 1550
1401 2 1 1 1411 1412 1553 1552
1402 2 1 1 1412 1413 1554 1553
1403 2 1 1 1413 1414 1555 1554
1404 2 1 1 1414 1415 1556 1555
1405 2 1 1 1415 1416 1557 1556
1406 2 1 1 1416 1417 1558 1557
1407 2 1 1 1417 1418 1559 1558
1408 2 1 1 1418 1419 1560 1559
1409 2 1 1 1419 1420 1561 1560
1410 2 1 1 1420 1421 1562 1561
1411 2 1 1 1421 1422 1563 1562
1412 2 1 1 1422 1423 1564 1563
1413 2 1 1 1423 1424 1565 1564
1414 2 1 1 1424 1425 1566 1565
1415 2 1 1 1425 1426 1567 1566
1416 2 1 1 1426 1427 1568 1567
1417 2 1 1 1427 1428 1569 1568
1418 2 1 1 1428 1429 1570 1569
1419 2 1 1 1429 1430 1571 1570
1420 2 1 1 1430 1431 1572 1571
1421 2 1 1 1431 1432 1573 1572
1422 2 1 1 1432 1433 1574 1573
1423 2 1 1 1433 1434 1575 1574
1424 2 1 1 1434 1435 1576 1575
1425 2 1 1 1435 1436 1577 1576
1426 2 1 1 1436 1437 1578 1577
1427 2 1 1 1437 1438 1579 1578
1428 2 1 1 1438 1439 1580 1579
1429 2 1 1 1439 1440 1581 1580
1430 2 1 1 1440 1441 1582 1581
1431 2 1 1 1441 1442 1583 1582
1432 2 1 1 1442 1443 1584 1583
1433 2 1 1 1443 1444 1585 1584
1434 2 1 1 1444 1445 1586 1585
1435 2 1 1 1445 1446 1587 1586
1436 2 1 1 1446 1447 1588 1587
1437 2 1 1 1447 1448 1589 1588
1438 2 1 1 1448 1449 1590 1589
1439 2 1 1 1449 1450 1591 1590
1440 2 1 1 1450 1451 1592 1591
1441 2 1 1 1451 1452 1593 1592
1442 2 1 1 1452 1453 1594 1593
1443 2 1 1 1453 1454 1595 1594
1444 2 1 1 1454 1455 1596 1595
1445 2 1 1 1455 1456 1597 1596
1446 2 1 1 1456 1457 1598 1597
1447 2 1 1 1457 1458 1599 1598
1448 2 1 1 1458 1459 1600 1599
1449 2 1 1 1459 1460 1601 1600
1450 2 1 1 1460 1461 1602 1601
1451 2 1 1 1461 1462 1603 1602
1452 2 1 1 1462 1463 1604 1603
1453 2 1 1 1463 1464 1605 1604
1454 2 1 1 1464 1465 1606 1605
1455 2 1 1 1465 1466 1607 1606
1456 2 1 1 1466 1467 1608 1607
1457 2 1 1 1467 1468 1609 1608
1458 2 1 1 1468 1469 1610 1609
1459 2 1 1 1469 1470 1611 1610
1460 2 1 1 1470 1471 1612 1611
1461 2 1 1 1471 1472 1613 1612
1462 2 1 1 1472 1473 1614 1613
1463 2 1 1 1473 1474 1615 1614
1464 2 1 1 1474 1475 1616 1615
1465 2 1 1 1475 1476 1617 1616
1466 2 1 1 1476 1477 1618 1617
1467 2 1 1 1477 1478 1619 1618
1468 2 1 1 1478 1479 1620 1619
1469 2 1 1 1479 1480 1621 1620
1470 2 1 1 1480 1481 1622 1621
1471 2 1 1 1481 1482 1623 1622
1472 2 1 1 1482 1483 1624 1623
1473 2 1 1 1483 1484 1625 1624
1474 2 1 1 1484 1485 1626 1625
1475 2 1 1 1485 1486 1627 1626
1476 2 1 1 1486 1487 1628 1627
1477 2 1 1 1487 1488 1629 1628
1478 2 1 1 1488 1489 1630 1629
1479 2 1 1 1489 1490 1631 1630
1480 2 1 1 1490 1491 1632 1631
1481 2 1 1 1491 1492 1633 1632
1482 2 1 1 1492 1493 1634 1633
1483 2 1 1 1493 1494 1635 1634
1484 2 1 1 1494 1495 1636 1635
1485 2 1 1 1495 1496 1637 1636
1486 2 1 1 1496 1497 1638 1637
1487 2 1 1 1497 1498 1639 1638
1488 2 1 1 1498 1499 1640 1639
1489 2 1 1 1499 1500 1641 1640
1490 2 1 1 1500 1501 1642 1641
1491 2 1 1 1501 1502 1643 1642
1492 2 1 1 1502 1503 1644 1643
1493 2 1 1 1503 1504 1645 1644
1494 2 1 1 1504 1505 1646 1645
1495 2 1 1 1505 1506 1647 1646
1496 2 1 1 1506 1507 1648 1647
1497 2 1 1 1507 1508 1649 1648
1498 2 1 1 1508 1509 1650 1649
1499 2 1 1 1509 1510 1651 1650
1500 2 1 1 1510 1511 1652 1651
1501 2 1 1 1511 1512 1653 1652
1502 2 1 1 1512 1513 1654 1653
1503 2 1 1 1513 1514 1655 1654
1504 2 1 1 1514 1515 1656 1655
1505 2 1 1 1515 1516 1657 1656
1506 2 1 1 1516 1517 1658 1657
1507 2 1 1 1517 1518 1659 1658
1508 2 1 1 1518 1519 1660 1659
1509 2 1 1 1519 1520 1661 1660
1510 2 1 1 1520 1521 1662 1661
1511 2 1 1 1521 1522 1663 1662
1512 2 1 1 1522 1523 1664 1663
1513 2 1 1 1523 1524 1665 1664
1514 2 1 1 1524 1525 1666 1665
1515 2 1 1 1525 1526 1667 1666
1516 2 1 1 1526 1527 1668 1667
1517 2 1 1 1527 1528 1669 1668
1518 2 1 1 1528 1529 1670 1669
1519 2 1 1 1529 1530 1671 1670
1520 2 1 1 1530 1531 1672 1671
1521 2 1 1 1531 1532 1673 1672
1522 2 1 1 1532 1533 1674 1673
1523 2 1 1 1533 1534 1675 1674
1524 2 1 1 1534 1535 1676 1675
1525 2 1 1 1535 1536 1677 1676
1526 2 1 1 1536 1537 1678 1677
1527 2 1 1 1537 1538 1679 1678
1528 2 1 1 1538 1539 1680 1679
1529 2 1 1 1539 1540 1681 1680
1530 2 1 1 1540 1541 1682 1681
1531 2 1 1 1541 1542 1683 1682
1532 2 1 1 1542 1543 1684 1683
1533 2 1 1 1543 1544 1685 1684
1534 2 1 1 1544 1545 1686 1685
1535 2 1 1 1545 1546 1687 1686
1536 2 1 1 1546 1547 1688 1687
1537 2 1 1 1547 1548 1689 1688
1538 2 1 1 1548 1549 1690 1689
1539 2 1 1 1549 1550 1691 1690
1540 2 1 1 1550 1551 1692 1691
1541 2 1 1 1552 1553 1694 1693
1542 2 1 1 1553 1554 1695 1694
1543 2 1 1 1554 1555 1696 1695
1544 2 1 1 1555 1556 1697 1696
1545 2 1 1 1556 1557 1698 1697
1546 2 1 1 1557 1558 1699 1698
1547 2 1 1 1558 1559 1700 1699
1548 2 1 1 1559 1560 1701 1700
1549 2 1 1 1560 1561 1702 1701
1550 2 1 1 1561 1562 1703 1702
1551 2 1 1 1562 1563 1704 1703
1552 2 1 1 1563 1564 1705 1704
1553 2 1 1 1564 1565 1706 1705
1554 2 1 1 1565 1566 1707 1706
1555 2 1 1 1566 1567 1708 1707
1556 2 1 1 1567 1568 1709 1708
1557 2 1 1 1568 1569 1710 1709
1558 2 1 1 1569 1570 1711 1710
1559 2 1 1 1570 1571 1712 1711
1560 2 1 1 1571 1572 1713 1712
1561 2 1 1 1572 1573 1714 1713
1562 2 1 1 1573 1574 1715 1714
1563 2 1 1 1574 1575 1716 1715
1564 2 1 1 1575 1576 1717 1716
1565 2 1 1 1576 1577 1718 1717
1566 2 1 1 1577 1578 1719 1718
1567 2 1 1 1578 1579 1720 1719
1568 2 1 1 1579 1580 1721 1720
1569 2 1 1 1580 1581 1722 1721
1570 2 1 1 1581 1582 1723 1722
1571 2 1 1 1582 1583 1724 1723
1572 2 1 1 1583 1584 1725 1724
1573 2 1 1 1584 1585 1726 1725
1574 2 1 1 1585 1586 1727 1726
1575 2 1 1 1586 1587 1728 1727
1576 2 1 1 1587 1588 1729 1728
1577 2 1 1 1588 1589 1730 1729
1578 2 1 1 1589 1590 1731 1730
1579 2 1 1 1590 1591 1732 1731
1580 2 1 1 1591 1592 1733 1732
1581 2 1 1 1592 1593 1734 1733
1582 2 1 1 1593 1594 1735 1734
1583 2 1 1 1594 1595 1736 1735
1584 2 1 1 1595 1596 1737 1736
1585 2 1 1 1596 1597 1738 1737
1586 2 1 1 1597 1598 1739 1738
1587 2 1 1 1598 1599 1740 1739
1588 2 1 1 1599 1600 1741 1740
1589 2 1 1 1600 1601 1742 1741
1590 2 1 1 1601 1602 1743 1742
1591 2 1 1 1602 1603 1744 1743
1592 2 1 1 1603 1604 1745 1744
1593 2 1 1 1604 1605 1746 1745
1594 2 1 1 1605 1606 1747 1746
1595 2 1 1 1606 1607 1748 1747
1596 2 1 1 1607 1608 1749 1748
1597 2 1 1 1608 1609 1750 1749
1598 2 1 1 1609 1610 1751 1750
1599 2 1 1 1610 1611 1752 1751
1600 2 1 1 1611 1612 1753 1752
1601 2 1 1 1612 1613 1754 1753
1602 2 1 1 1613 1614 1755 1754
1603 2 1 1 1614 1615 1756 1755
1604 2 1 1 1615 1616 1757 1756
1605 2 1 1 1616 1617 1758 1757
1606 2 1 1 1617 1618 1759 1758
1607 2 1 1 1618 1619 1760 1759
1608 2 1 1 1619 1620 1761 1760
1609 2 1 1 1620 1621 1762 1761
1610 2 1 1 1621 1622 1763 1762
1611 2 1 1 1622 1623 1764 1763
1612 2 1 1 1623 1624 1765 1764
1613 2 1 1 1624 1625 1766 1765
1614 2 1 1 1625 1626 1767 1766
1615 2 1 1 1626 1627 1768 1767
1616 2 1 1 1627 1628 1769 1768
1617 2 1 1 1628 1629 1770 1769
1618 2 1 1 1629 1630 1771 1770
1619 2 1 1 1630 1631 1772 1771
1620 2 1 1 1631 1632 1773 1772
1621 2 1 1 1632 1633 1774 1773
1622 2 1 1 1633 1634 1775 1774
1623 2 1 1 1634 1635 1776 1775
1624 2 1 1 1635 1636 1777 1776
1625 2 1 1 1636 1637 1778 1777
1626 2 1 1 1637 1638 1779 1778
1627 2 1 1 1638 1639 1780 1779
1628 2 1 1 1639 1640 1781 1780
1629 2 1 1 1640 1641 1782 1781
1630 2 1 1 1641 1642 1783 1782
1631 2 1 1 1642 1643 1784 1783
1632 2 1 1 1643 1644 1785 1784
1633 2 1 1 1644 1645 1786 1785
1634 2 1 1 1645 1646 1787 1786
1635 2 1 1 1646 1647 1788 1787
1636 2 1 1 1647 1648 1789 1788
1637 2 1 1 1648 1649 1790 1789
1638 2 1 1 1649 1650 1791 1790
1639 2 1 1 1650 1651 1792 1791
1640 2 1 1 1651 1652 1793 1792
1641 2 1 1 1652 1653 1794 1793
1642 2 1 1 1653 1654 1795 1794
1643 2 1 1 1654 1655 1796 1795
1644 2 1 1 1655 1656 1797 1796
1645 2 1 1 1656 1657 1798 1797
1646 2 1 1 1657 1658 1799 1798
1647 2 1 1 1658 1659 1800 1799
1648 2 1 1 1659 1660 1801 1800
1649 2 1 1 1660 1661 1802 1801
1650 2 1 1 1661 1662 1803 1802
1651 2 1 1 1662 1663 1804 1803
1652 2 1 1 1663 1664 1805 1804
1653 2 1 1 1664 1665 1806 1805
1654 2 1 1 1665 1666 1807 1806
1655 2 1 1 1666 1667 1808 1807
1656 2 1 1 1667 1668 1809 1808
1657 2 1 1 1668 1669 1810 1809
1658 2 1 1 1669 1670 1811 1810
1659 2 1 1 1670 1671 1812 1811
1660 2 1 1 1671 1672 1813 1812
1661 2 1 1 1672 1673 1814 1813
1662 2 1 1 1673 1674 1815 1814
1663 2 1 1 1674 1675 1816 1815
1664 2 1 1 1675 1676 1817 1816
1665 2 1 1 1676 1677 1818 1817
1666 2 1 1 1677 1678 1819 1818
1667 2 1 1 1678 1679 1820 1819
1668 2 1 1 1679 1680 1821 1820
1669 2 1 1 1680 1681 1822 1821
1670 2 1 1 1681 1682 1823 1822
1671 2 1 1 1682 1683 1824 1823
1672 2 1 1 1683 1684 1825 1824
1673 2 1 1 1684 1685 1826 1825
1674 2 1 1 1685 1686 1827 1826
1675 2 1 1 1686 1687 1828 1827
1676 2 1 1 1687 1688 1829 1828
1677 2 1 1 1688 1689 1830 1829
1678 2 1 1 1689 1690 1831 1830
1679 2 1 1 1690 1691 1832 1831
1680 2 1 1 1691 1692 1833 1832
1681 2 1 1 1693 1694 1835 1834
1682 2 1 1 1694 1695 1836 1835
1683 2 1 1 1695 1696 1837 1836
1684 2 1 1 1696 1697 1838 1837
1685 2 1 1 1697 1698 1839 1838
1686 2 1 1 1698 1699 1840 1839
1687 2 1 1 1699 1700 1841 1840
1688 2 1 1 1700 1701 1842 1841
1689 2 1 1 1701 1702 1843 1842
1690 2 1 1 1702 1703 1844 1843
1691 2 1 1 1703 1704 1845 1844
1692 2 1 1 1704 1705 1846 1845
1693 2 1 1 1705 1706 1847 1846
1694 2 1 1 1706 1707 1848 1847
1695 2 1 1 1707 1708 1849 1848
1696 2 1 1 1708 1709 1850 1849
1697 2 1 1 1709 1710 1851 1850
1698 2 1 1 1710 1711 1852 1851
1699 2 1 1 1711 1712 1853 1852
1700 2 1 1 1712 1713 1854 1853
1701 2 1 1 1713 1714 1855 1854
1702 2 1 1 1714 1715 1856 1855
1703 2 1 1 1715 1716 1857 1856
1704 2 1 1 1716 1717 1858 1857
1705 2 1 1 1717 1718 1859 1858
1706 2 1 1 1718 1719 1860 1859
1707 2 1 1 1719 1720 1861 1860
1708 2 1 1 1720 1721 1862 1861
1709 2 1 1 1721 1722 1863 1862
1710 2 1 1 1722 1723 1864 1863
1711 2 1 1 1723 1724 1865 1864
1712 2 1 1 1724 1725 1866 1865
1713 2 1 1 1725 1726 1867 1866
1714 2 1 1 1726 1727 1868 1867
1715 2 1 1 1727 1728 1869 1868
1716 2 1 1 1728 1729 1870 1869
1717 2 1 1 1729 1730 1871 1870
1718 2 1 1 1730 1731 1872 1871
1719 2 1 1 1731 1732 1873 1872
1720 2 1 1 1732 1733 1874 1873
1721 2 1 1 1733 1734 1875 1874
1722 2 1 1 1734 1735 1876 1875
1723 2 1 1 1735 1736 1877 1876
1724 2 1 1 1736 1737 1878 1877
1725 2 1 1 1737 1738 1879 1878
1726 2 1 1 1738 1739 1880 1879
1727 2 1 1 1739 1740 1881 1880
1728 2 1 1 1740 1741 1882 1881
1729 2 1 1 1741 1742 1883 1882
1730 2 1 1 1742 1743 1884 1883
1731 2 1 1 1743 1744 1885 1884
1732 2 1 1 1744 1745 1886 1885
1733 2 1 1 1745 1746 1887 1886
1734 2 1 1 1746 1747 1888 1887
1735 2 1 1 1747 1748 1889 1888
1736 2 1 1 1748 1749 1890 1889
1737 2 1 1 1749 1750 1891 1890
1738 2 1 1 1750 1751 1892 1891
1739 2 1 1 1751 1752 1893 1892
1740 2 1 1 1752 1753 1894 1893
1741 2 1 1 1753 1754 1895 1894
1742 2 1 1 1754 1755 1896 1895
1743 2 1 1 1755 1756 1897 1896
1744 2 1 1 1756 1757 1898 1897
1745 2 1 1 1757 1758 1899 1898
1746 2 1 1 1758 1759 1900 1899
1747 2 1 1 1759 1760 1901 1900
1748 2 1 1 1760 1761 1902 1901
1749 2 1 1 1761 1762 1903 1902
1750 2 1 1 1762 1763 1904 1903
1751 2 1 1 1763 1764 1905 1904
1752 2 1 1 1764 1765 1906 1905
1753 2 1 1 1765 1766 1907 1906
1754 2 1 1 1766 1767 1908 1907
1755 2 1 1 1767 1768 1909 1908
1756 2 1 1 1768 1769 1910 1909
1757 2 1 1 1769 1770 1911 1910
1758 2 1 1 1770 1771 1912 1911
1759 2 1 1 1771 1772 1913 1912
1760 2 1 1 1772 1773 1914 1913
1761 2 1 1 1773 1774 1915 1914
1762 2 1 1 1774 1775 1916 1915
1763 2 1 1 1775 1776 1917 1916
1764 2 1 1 1776 1777 1918 1917
1765 2 1 1 1777 1778 1919 1918
1766 2 1 1 1778 1779 1920 1919
1767 2 1 1 1779 1780 1921 1920
1768 2 1 1 1780 1781 1922 1921
1769 2 1 1 1781 1782 1923 1922
1770 2 1 1 1782 1783 1924 1923
1771 2 1 1 1783 1784 1925 1924
1772 2 1 1 1784 1785 1926 1925
1773 2 1 1 1785 1786 1927 1926
1774 2 1 1 1786 1787 1928 1927
1775 2 1 1 1787 1788 1929 1928
1776 2 1 1 1788 1789 1930 1929
1777 2 1 1 1789 1790 1931 1930
1778 2 1 1 1790 1791 1932 1931
1779 2 1 1 1791 1792 1933 1932
1780 2 1 1 1792 1793 1934 1933
1781 2 1 1 1793 1794 1935 1934
1782 2 1 1 1794 1795 1936 1935
1783 2 1 1 1795 1796 1937 1936
1784 2 1 1 1796 1797 1938 1937
1785 2 1 1 1797 1798 1939 1938
1786 2 1 1 1798 1799 1940 1939
1787 2 1 1 1799 1800 1941 1940
1788 2 1 1 1800 1801 1942 1941
1789 2 1 1 1801 1802 1943 1942
1790 2 1 1 1802 1803 1944 1943
1791 2 1 1 1803 1804 1945 1944
1792 2 1 1 1804 1805 1946 1945
1793 2 1 1 1805 1806 1947 1946
1794 2 1 1 1806 1807 1948 1947
1795 2 1 1 1807 1808 1949 1948
1796 2 1 1 1808 1809 1950 1949
1797 2 1 1 1809 1810 1951 1950
1798 2 1 1 1810 1811 1952 1951
1799 2 1 1 1811 1812 1953 1952
1800 2 1 1 1812 1813 1954 1953
1801 2 1 1 1813 1814 1955 1954
1802 2 1 1 1814 1815 1956 1955
1803 2 1 1 1815 1816 1957 1956
1804 2 1 1 1816 1817 1958 1957
1805 2 1 1 1817 1818 1959 1958
1806 2 1 1 1818 1819 1960 1959
1807 2 1 1 1819 1820 1961 1960
1808 2 1 1 1820 1821 1962 1961
1809 2 1 1 1821 1822 1963 1962
1810 2 1 1 1822 1823 1964 1963
1811 2 1 1 1823 1824 1965 1964
1812 2 1 1 1824 1825 1966 1965
1813 2 1 1 1825 1826 1967 1966
1814 2 1 1 1826 1827 1968 1967
1815 2 1 1 1827 1828 1969 1968
1816 2 1 1 1828 1829 1970 1969
1817 2 1 1 1829 1830 1971 1970
1818 2 1 1 1830 1831 1972 1971
1819 2 1 1 1831 1832 1973 1972
1820 2 1 1 1832 1833 1974 1973
1821 2 1 1 1834 1835 1976 1975
1822 2 1 1 1835 1836 1977 1976
1823 2 1 1 1836 1837 1978 1977
1824 2 1 1 1837 1838 1979 1978
1825 2 1 1 1838 1839 1980 1979
1826 2 1 1 1839 1840 1981 1980
1827 2 1 1 1840 1841 1982 1981
1828 2 1 1 1841 1842 1983 1982
1829 2 1 1 1842 1843 1984 1983
1830 2 1 1 1843 1844 1985 1984
1831 2 1 1 1844 1845 1986 1985
1832 2 1 1 1845 1846 1987 1986
1833 2 1 1 1846 1847 1988 1987
1834 2 1 1 1847 1848 1989 1988
1835 2 1 1 1848 1849 1990 1989
1836 2 1 1 1849 1850 1991 1990
1837 2 1 1 1850 1851 1992 1991
1838 2 1 1 1851 1852 1993 1992
1839 2 1 1 1852 1853 1994 1993
1840 2 1 1 1853 1854 1995 1994
1841 2 1 1 1854 1855 1996 1995
1842 2 1 1 1855 1856 1997 1996
1843 2 1 1 1856 1857 1998 1997
1844 2 1 1 1857 1858 1999 1998
1845 2 1 1 1858 1859 2000 1999
1846 2 1 1 1859 1860 2001 2000
1847 2 1 1 1860 1861 2002 2001
1848 2 1 1 1861 1862 2003 2002
1849 2 1 1 1862 1863 2004 2003
1850 2 1 1 1863 1864 2005 2004
1851 2 1 1 1864 1865 2006 2005
1852 2 1 1 1865 1866 2007 2006
1853 2 1 1 1866 1867 2008 2007
1854 2 1 1 1867 1868 2009 2008
1855 2 1 1 1868 1869 2010 2009
1856 2 1 1 1869 1870 2011 2010
1857 2 1 1 1870 1871 2012 2011
1858 2 1 1 1871 1872 2013 2012
1859 2 1 1 1872 1873 2014 2013
1860 2 1 1 1873 1874 2015 2014
1861 2 1 1 1874 1875 2016 2015
1862 2 1 1 1875 1876 2017 2016
1863 2 1 1 1876 1877 2018 2017
1864 2 1 1 1877 1878 2019 2018
1865 2 1 1 1878 1879 2020 2019
1866 2 1 1 1879 1880 2021 2020
1867 2 1 1 1880 1881 2022 2021
1868 2 1 1 1881 1882 2023 2022
1869 2 1 1 1882 1883 2024 2023
1870 2 1 1 1883 1884 2025 2024
1871 2 1 1 1884 1885 2026 2025
1872 2 1 1 1885 1886 2027 2026
1873 2 1 1 1886 1887 2028 2027
1874 2 1 1 1887 1888 2029 2028
1875 2 1 1 1888 1889 2030 2029
1876 2 1 1 1889 1890 2031 2030
1877 2 1 1 1890 1891 2032 2031
1878 2 1 1 1891 1892 2033 2032
1879 2 1 1 1892 1893 2034 2033
1880 2 1 1 1893 1894 2035 2034
1881 2 1 1 1894 1895 2036 2035
1882 2 1 1 1895 1896 2037 2036
1883 2 1 1 1896 1897 2038 2037
1884 2 1 1 1897 1898 2039 2038
1885 2 1 1 1898 1899 2040 2039
1886 2 1 1 1899 1900 2041 2040
1887 2 1 1 1900 1901 2042 2041
1888 2 1 1 1901 1902 2043 2042
1889 2 1 1 1902 1903 2044 2043
1890 2 1 1 1903 1904 2045 2044
1891 2 1 1 1904 1905 2046 2045
1892 2 1 1 1905 1906 2047 2046
1893 2 1 1 1906 1907 2048 2047
1894 2 1 1 1907 1908 2049 2048
1895 2 1 1 1908 1909 2050 2049
1896 2 1 1 1909 1910 2051 2050
1897 2 1 1 1910 1911 2052 2051
1898 2 1 1 1911 1912 2053 2052
1899 2 1 1 1912 1913 2054 2053
1900 2 1 1 1913 1914 2055 2054
1901 2 1 1 1914 1915 2056 2055
1902 2 1 1 1915 1916 2057 2056
1903 2 1 1 1916 1917 2058 2057
1904 2 1 1 1917 1918 2059 2058
1905 2 1 1 1918 1919 2060 2059
1906 2 1 1 1919 1920 2061 2060
1907 2 1 1 1920 1921 2062 2061
1908 2 1 1 1921 1922 2063 2062
1909 2 1 1 1922 1923 2064 2063
1910 2 1 1 1923 1924 2065 2064
1911 2 1 1 1924 1925 2066 2065
1912 2 1 1 1925 1926 2067 2066
1913 2 1 1 1926 1927 2068 2067
1914 2 1 1 1927 1928 2069 2068
1915 2 1 1 1928 1929 2070 2069
1916 2 1 1 1929 1930 2071 2070
1917 2 1 1 1930 1931 2072 2071
1918 2 1 1 1931 1932 2073 2072
1919 2 1 1 1932 1933 2074 2073
1920 2 1 1 1933 1934 2075 2074
1921 2 1 1 1934 1935 2076 2075
1922 2 1 1 1935 1936 2077 2076
1923 2 1 1 1936 1937 2078 2077
1924 2 1 1 1937 1938 2079 2078
1925 2 1 1 1938 1939 2080 2079
1926 2 1 1 1939 1940 2081 2080
1927 2 1 1 1940 1941 2082 2081
1928 2 1 1 1941 1942 2083 2082
1929 2 1 1 1942 1943 2084 2083
1930 2 1 1 1943 1944 2085 2084
1931 2 1 1 1944 1945 2086 2085
1932 2 1 1 1945 1946 2087 2086
1933 2 1 1 1946 1947 2088 2087
1934 2 1 1 1947 1948 2089 2088
1935 2 1 1 1948 1949 2090 2089
1936 2 1 1 1949 1950 2091 2090
1937 2 1 1 1950 1951 2092 2091
1938 2 1 1 1951 1952 2093 2092
1939 2 1 1 1952 1953 2094 2093
1940 2 1 1 1953 1954 2095 2094
1941 2 1 1 1954 1955 2096 2095
1942 2 1 1 1955 1956 2097 2096
1943 2 1 1 1956 1957 2098 2097
1944 2 1 1 1957 1958 2099 2098
1945 2 1 1 1958 1959 2100 2099
1946 2 1 1 1959 1960 2101 2100
1947 2 1 1 1960 1961 2102 2101
1948 2 1 1 1961 1962 2103 2102
1949 2 1 1 1962 1963 2104 2103
1950 2 1 1 1963 1964 2105 2104
1951 2 1 1 1964 1965 2106 2105
1952 2 1 1 1965 1966 2107 2106
1953 2 1 1 1966 1967 2108 2107
1954 2 1 1 1967 1968 2109 2108
1955 2 1 1 1968 1969 2110 2109
1956 2 1 1 1969 1970 2111 2110
1957 2 1 1 1970 1971 2112 2111
1958 2 1 1 1971 1972 2113 2112
1959 2 1 1 1972 1973 2114 2113
1960 2 1 1 1973 1974 2115 2114
1961 2 1 1 1975 1976 2117 2116
1962 2 1 1 1976 1977 2118 2117
1963 2 1 1 1977 1978 2119 2118
1964 2 1 1 1978 1979 2120 2119
1965 2 1 1 1979 1980 2121 2120
1966 2 1 1 1980 1981 2122 2121
1967 2 1 1 1981 1982 2123 2122
1968 2 1 1 1982 1983 2124 2123
1969 2 1 1 1983 1984 2125 2124
1970 2 1 1 1984 1985 2126 2125
1971 2 1 1 1985 1986 2127 2126
1972 2 1 1 1986 1987 2128 2127
1973 2 1 1 1987 1988 2129 2128
1974 2 1 1 1988 1989 2130 2129
1975 2 1 1 1989 1990 2131 2130
1976 2 1 1 1990 1991 2132 2131
1977 2 1 1 1991 1992 2133 2132
1978 2 1 1 1992 1993 2134 2133
1979 2 1 1 1993 1994 2135 2134
1980 2 1 1 1994 1995 2136 2135
1981 2 1 1 1995 1996 2137 2136
1982 2 1 1 1996 1997 2138 2137
1983 2 1 1 1997 1998 2139 2138
1984 2 1 1 1998 1999 2140 2139
1985 2 1 1 1999 2000 2141 2140
1986 2 1 1 2000 2001 2142 2141
1987 2 1 1 2001 2002 2143 2142
1988 2 1 1 2002 2003 2144 2143
1989 2 1 1 2003 2004 2145 2144
1990 2 1 1 2004 2005 2146 2145
1991 2 1 1 2005 2006 2147 2146
1992 2 1 1 2006 2007 2148 2147
1993 2 1 1 2007 2008 2149 2148
1994 2 1 1 2008 2009 2150 2149
1995 2 1 1 2009 2010 2151 2150
1996 2 1 1 2010 2011 2152 2151
1997 2 1 1 2011 2012 2153 2152
1998 2 1 1 2012 2013 2154 2153
1999 2 1 1 2013 2014 2155 2154
2000 2 1 1 2014 2015 2156 2155
2001 2 1 1 2015 2016 2157 2156
2002 2 1 1 2016 2017 2158 2157
2003 2 1 1 2017 2018 2159 2158
2004 2 1 1 2018 2019 2160 2159
2005 2 1 1 2019 2020 2161 2160
2006 2 1 1 2020 2021 2162 2161
2007 2 1 1 2021 2022 2163 2162
2008 2 1 1 2022 2023 2164 2163
2009 2 1 1 2023 2024 2165 2164
2010 2 1 1 2024 2025 2166 2165
2011 2 1 1 2025 2026 2167 2166
2012 2 1 1 2026 2027 2168 2167
2013 2 1 1 2027 2028 2169 2168
2014 2 1 1 2028 2029 2170 2169
2015 2 1 1 2029 2030 2171 2170
2016 2 1 1 2030 2031 2172 2171
2017 2 1 1 2031 2032 2173 2172
2018 2 1 1 2032 2033 2174 2173
2019 2 1 1 2033 2034 2175 2174
2020 2 1 1 2034 2035 2176 2175
2021 2 1 1 2035 2036 2177 2176
2022 2 1 1 2036 2037 2178 2177
2023 2 1 1 2037 2038 2179 2178
2024 2 1 1 2038 2039 2180 2179
2025 2 1 1 2039 2040 2181 2180
2026 2 1 1 2040 2041 2182 2181
2027 2 1 1 2041 2042 2183 2182
2028 2 1 1 2042 2043 2184 2183
2029 2 1 1 2043 2044 2185 2184
2030 2 1 1 2044 2045 2186 2185
2031 2 1 1 2045 2046 2187 2186
2032 2 1 1 2046 2047 2188 2187
2033 2 1 1 2047 2048 2189 2188
2034 2 1 1 2048 2049 2190 2189
2035 2 1 1 2049 2050 2191 2190
2036 2 1 1 2050 2051 2192 2191
2037 2 1 1 2051 2052 2193 2192
2038 2 1 1 2052 2053 2194 2193
2039 2 1 1 2053 2054 2195 2194
2040 2 1 1 2054 2055 2196 2195
2041 2 1 1 2055 2056 2197 2196
2042 2 1 1 2056 2057 2198 2197
2043 2 1 1 2057 2058 2199 2198
2044 2 1 1 2058 2059 2200 2199
2045 2 1 1 2059 2060 2201 2200
2046 2 1 1 2060 2061 2202 2201
2047 2 1 1 2061 2062 2203 2202
2048 2 1 1 2062 2063 2204 2203
2049 2 1 1 2063 2064 2205 2204
2050 2 1 1 2064 2065 2206 2205
2051 2 1 1 2065 2066 2207 2206
2052 2 1 1 2066 2067 2208 2207
2053 2 1 1 2067 2068 2209 2208
2054 2 1 1 2068 2069 2210 2209
2055 2 1 1 2069 2070 2211 2210
2056 2 1 1 2070 2071 2212 2211
2057 2 1 1 2071 2072 2213 2212
2058 2 1 1 2072 2073 2214 2213
2059 2 1 1 2073 2074 2215 2214
2060 2 1 1 2074 2075 2216 2215
2061 2 1 1 2075 2076 2217 2216
2062 2 1 1 2076 2077 2218 2217
2063 2 1 1 2077 2078 2219 2218
2064 2 1 1 2078 2079 2220 2219
2065 2 1 1 2079 2080 2221 2220
2066 2 1 1 2080 2081 2222 2221
2067 2 1 1 2081 2082 2223 2222
2068 2 1 1 2082 2083 2224 2223
2069 2 1 1 2083 2084 2225 2224
2070 2 1 1 2084 2085 2226 2225
2071 2 1 1 2085 2086 2227 2226
2072 2 1 1 2086 2087 2228 2227
2073 2 1 1 2087 2088 2229 2228
2074 2 1 1 2088 2089 2230 2229
2075 2 1 1 2089 2090 2231 2230
2076 2 1 1 2090 2091 2232 2231
2077 2 1 1 2091 2092 2233 2232
2078 2 1 1 2092 2093 2234 2233
2079 2 1 1 2093 2094 2235 2234
2080 2 1 1 2094 2095 2236 2235
2081 2 1 1 2095 2096 2237 2236
2082 2 1 1 2096 2097 2238 2237
2083 2 1 1 2097 2098 2239 2238
2084 2 1 1 2098 2099 2240 2239
2085 2 1 1 2099 2100 2241 2240
2086 2 1 1 2100 2101 2242 2241
2087 2 1 1 2101 2102 2243 2242
2088 2 1 1 2102 2103 2244 2243
2089 2 1 1 2103 2104 2245 2244
2090 2 1 1 2104 2105 2246 2245
2091 2 1 1 2105 2106 2247 2246
2092 2 1 1 2106 2107 2248 2247
2093 2 1 1 2107 2108 2249 2248
2094 2 1 1 2108 2109 2250 2249
2095 2 1 1 2109 2110 2251 2250
2096 2 1 1 2110 2111 2252 2251
2097 2 1 1 2111 2112 2253 2252
2098 2 1 1 2112 2113 2254 2253
2099 2 1 1 2113 2114 2255 2254
2100 2 1 1 2114 2115 2256 2255
2101 2 1 1 2116 2117 2258 2257
2102 2 1 1 2117 2118 2259 2258
2103 2 1 1 2118 2119 2260 2259
2104 2 1 1 2119 2120 2261 2260
2105 2 1 1 2120 2121 2262 2261
2106 2 1 1 2121 2122 2263 2262
2107 2 1 1 2122 2123 2264 2263
2108 2 1 1 2123 2124 2265 2264
2109 2 1 1 2124 2125 2266 2265
2110 2 1 1 2125 2126 2267 2266
2111 2 1 1 2126 2127 2268 2267
2112 2 1 1 2127 2128 2269 2268
2113 2 1 1 2128 2129 2270 2269
2114 2 1 1 2129 2130 2271 2270
2115 2 1 1 2130 2131 2272 2271
2116 2 1 1 2131 2132 2273 2272
2117 2 1 1 2132 2133 2274 2273
2118 2 1 1 2133 2134 2275 2274
2119 2 1 1 2134 2135 2276 2275
2120 2 1 1 2135 2136 2277 2276
2121 2 1 1 2136 2137 2278 2277
2122 2 1 1 2137 2138 2279 2278
2123 2 1 1 2138 2139 2280 2279
2124 2 1 1 2139 2140 2281 2280
2125 2 1 1 2140 2141 2282 2281
2126 2 1 1 2141 2142 2283 2282
2127 2 1 1 2142 2143 2284 2283
2128 2 1 1 2143 2144 2285 2284
2129 2 1 1 2144 2145 2286 2285
2130 2 1 1 2145 2146 2287 2286
2131 2 1 1 2146 2147 2288 2287
2132 2 1 1 2147 2148 2289 2288
2133 2 1 1 2148 2149 2290 2289
2134 2 1 1 2149 2150 2291 2290
2135 2 1 1 2150 2151 2292 2291
2136 2 1 1 2151 2152 2293 2292
2137 2 1 1 2152 2153 2294 2293
2138 2 1 1 2153 2154 2295 2294
2139 2 1 1 2154 2155 2296 2295
2140 2 1 1 2155 2156 2297 2296
2141 2 1 1 2156 2157 2298 2297
2142 2 1 1 2157 2158 2299 2298
2143 2 1 1 2158 2159 2300 2299
2144 2 1 1 2159 2160 2301 2300
2145 2 1 1 2160 2161 2302 2301
2146 2 1 1 2161 2162 2303 2302
2147 2 1 1 2162 2163 2304 2303
2148 2 1 1 2163 2164 2305 2304
2149 2 1 1 2164 2165 2306 2305
2150 2 1 1 2165 2166 2307 2306
2151 2 1 1 2166 2167 2308 2307
2152 2 1 1 2167 2168 2309 2308
2153 2 1 1 2168 2169 2310 2309
2154 2 1 1 2169 2170 2311 2310
2155 2 1 1 2170 2171 2312 2311
2156 2 1 1 2171 2172 2313 2312
2157 2 1 1 2172 2173 2314 2313
2158 2 1 1 2173 2174 2315 2314
2159 2 1 1 2174 2175 2316 2315
2160 2 1 1 2175 2176 2317 2316
2161 2 1 1 2176 2177 2318 2317
2162 2 1 1 2177 2178 2319 2318
2163 2 1 1 2178 2179 2320 2319
2164 2 1 1 2179 2180 2321 2320
2165 2 1 1 2180 2181 2322 2321
2166 2 1 1 2181 2182 2323 2322
2167 2 1 1 2182 2183 2324 2323
2168 2 1 1 2183 2184 2325 2324
2169 2 1 1 2184 2185 2326 2325
2170 2 1 1 2185 2186 2327 2326
2171 2 1 1 2186 2187 2328 2327
2172 2 1 1 2187 2188 2329 2328
2173 2 1 1 2188 2189 2330 2329
2174 2 1 1 2189 2190 2331 2330
2175 2 1 1 2190 2191 2332 2331
2176 2 1 1 2191 2192 2333 2332
2177 2 1 1 2192 2193 2334 2333
2178 2 1 1 2193 2194 2335 2334
2179 2 1 1 2194 2195 2336 2335
2180 2 1 1 2195 2196 2337 2336
2181 2 1 1 2196 2197 2338 2337
2182 2 1 1 2197 2198 2339 2338
2183 2 1 1 2198 2199 2340 2339
2184 2 1 1 2199 2200 2341 2340
2185 2 1 1 2200 2201 2342 2341
2186 2 1 1 2201 2202 2343 2342
2187 2 1 1 2202 2203 2344 2343
2188 2 1 1 2203 2204 2345 2344
2189 2 1 1 2204 2205 2346 2345
2190 2 1 1 2205 2206 2347 2346
2191 2 1 1 2206 2207 2348 2347
2192 2 1 1 2207 2208 2349 2348
2193 2 1 1 2208 2209 2350 2349
2194 2 1 1 2209 2210 2351 2350
2195 2 1 1 2210 2211 2352 2351
2196 2 1 1 2211 2212 2353 2352
2197 2 1 1 2212 2213 2354 2353
2198 2 1 1 2213 2214 2355 2354
2199 2 1 1 2214 2215 2356 2355
2200 2 1 1 2215 2216 2357 2356
2201 2 1 1 2216 2217 2358 2357
2202 2 1 1 2217 2218 2359 2358
2203 2 1 1 2218 2219 2360 2359
2204 2 1 1 2219 2220 2361 2360
2205 2 1 1 2220 2221 2362 2361
2206 2 1 1 2221 2222 2363 2362
2207 2 1 1 2222 2223 2364 2363
2208 2 1 1 2223 2224 2365 2364
2209 2 1 1 2224 2225 2366 2365
2210 2 1 1 2225 2226 2367 2366
2211 2 1 1 2226 2227 2368 2367
2212 2 1 1 2227 2228 2369 2368
2213 2 1 1 2228 2229 2370 2369
2214 2 1 1 2229 2230 2371 2370
2215 2 1 1 2230 2231 2372 2371
2216 2 1 1 2231 2232 2373 2372
2217 2 1 1 2232 2233 2374 2373
2218 2 1 1 2233 2234 2375 2374
2219 2 1 1 2234 2235 2376 2375
2220 2 1 1 2235 2236 2377 2376
2221 2 1 1 2236 2237 2378 2377
2222 2 1 1 2237 2238 2379 2378
2223 2 1 1 2238 2239 2380 2379
2224 2 1 1 2239 2240 2381 2380
2225 2 1 1 2240 2241 2382 2381
2226 2 1 1 2241 2242 2383 2382
2227 2 1 1 2242 2243 2384 2383
2228 2 1 1 2243 2244 2385 2384
2229 2 1 1 2244 2245 2386 2385
2230 2 1 1 2245 2246 2387 2386
2231 2 1 1 2246 2247 2388 2387
2232 2 1 1 2247 2248 2389 2388
2233 2 1 1 2248 2249 2390 2389
2234 2 1 1 2249 2250 2391 2390
2235 2 1 1 2250 2251 2392 2391
2236 2 1 1 2251 2252 2393 2392
2237 2 1 1 2252 2253 2394 2393
2238 2 1 1 2253 2254 2395 2394
2239 2 1 1 2254 2255 2396 2395
2240 2 1 1 2255 2256 2397 2396
2241 2 1 1 2257 2258 2399 2398
2242 2 1 1 2258 2259 2400 2399
2243 2 1 1 2259 2260 2401 2400
2244 2 1 1 2260 2261 2402 2401
2245 2 1 1 2261 2262 2403 2402
2246 2 1 1 2262 2263 2404 2403
2247 2 1 1 2263 2264 2405 2404
2248 2 1 1 2264 2265 2406 2405
2249 2 1 1 2265 2266 2407 2406
2250 2 1 1 2266 2267 2408 2407
2251 2 1 1 2267 2268 2409 2408
2252 2 1 1 2268 2269 2410 2409
2253 2 1 1 2269 2270 2411 2410
2254 2 1 1 2270 2271 2412 2411
2255 2 1 1 2271 2272 2413 2412
2256 2 1 1 2272 2273 2414 2413
2257 2 1 1 2273 2274 2415 2414
2258 2 1 1 2274 2275 2416 2415
2259 2 1 1 2275 2276 2417 2416
2260 2 1 1 2276 2277 2418 2417
2261 2 1 1 2277 2278 2419 2418
2262 2 1 1 2278 2279 2420 2419
2263 2 1 1 2279 2280 2421 2420
2264 2 1 1 2280 2281 2422 2421
2265 2 1 1 2281 2282 2423 2422
2266 2 1 1 2282 2283 2424 2423
2267 2 1 1 2283 2284 2425 2424
2268 2 1 1 2284 2285 2426 2425
2269 2 1 1 2285 2286 2427 2426
2270 2 1 1 2286 2287 2428 2427
2271 2 1 1 2287 2288 2429 2428
2272 2 1 1 2288 2289 2430 2429
2273 2 1 1 2289 2290 2431 2430
2274 2 1 1 2290 2291 2432 2431
2275 2 1 1 2291 2292 2433 2432
2276 2 1 1 2292 2293 2434 2433
2277 2 1 1 2293 2294 2435 2434
2278 2 1 1 2294 2295 2436 2435
2279 2 1 1 2295 2296 2437 2436
2280 2 1 1 2296 2297 2438 2437
2281 2 1 1 2297 2298 2439 2438
2282 2 1 1 2298 2299 2440 2439
2283 2 1 1 2299 2300 2441 2440
2284 2 1 1 2300 2301 2442 2441
2285 2 1 1 2301 2302 2443 2442
2286 2 1 1 2302 2303 2444 2443
2287 2 1 1 2303 2304 2445 2444
2288 2 1 1 2304 2305 2446 2445
2289 2 1 1 2305 2306 2447 2446
2290 2 1 1 2306 2307 2448 2447
2291 2 1 1 2307 2308 2449 2448
2292 2 1 1 2308 2309 2450 2449
2293 2 1 1 2309 2310 2451 2450
2294 2 1 1 2310 2311 2452 2451
2295 2 1 1 2311 2312 2453 2452
2296 2 1 1 2312 2313 2454 2453
2297 2 1 1 2313 2314 2455 2454
2298 2 1 1 2314 2315 2456 2455
2299 2 1 1 2315 2316 2457 2456
2300 2 1 1 2316 2317 2458 2457
2301 2 1 1 2317 2318 2459 2458
2302 2 1 1 2318 2319 2460 2459
2303 2 1 1 2319 2320 2461 2460
2304 2 1 1 2320 2321 2462 2461
2305 2 1 1 2321 2322 2463 2462
2306 2 1 1 2322 2323 2464 2463
2307 2 1 1 2323 2324 2465 2464
2308 2 1 1 2324 2325 2466 2465
2309 2 1 1 2325 2326 2467 2466
2310 2 1 1 2326 2327 2468 2467
2311 2 1 1 2327 2328 2469 2468
2312 2 1 1 2328 2329 2470 2469
2313 2 1 1 2329 2330 2471 2470
2314 2 1 1 2330 2331 2472 2471
2315 2 1 1 2331 2332 2473 2472
2316 2 1 1 2332 2333 2474 2473
2317 2 1 1 2333 2334 2475 2474
2318 2 1 1 2334 2335 2476 2475
2319 2 1 1 2335 2336 2477 2476
2320 2 1 1 2336 2337 2478 2477
2321 2 1 1 2337 2338 2479 2478
2322 2 1 1 2338 2339 2480 2479
2323 2 1 1 2339 2340 2481 2480
2324 2 1 1 2340 2341 2482 2481
2325 2 1 1 2341 2342 2483 2482
2326 2 1 1 2342 2343 2484 2483
2327 2 1 1 2343 2344 2485 2484
2328 2 1 1 2344 2345 2486 2485
2329 2 1 1 2345 2346 2487 2486
2330 2 1 1 2346 2347 2488 2487
2331 2 1 1 2347 2348 2489 2488
2332 2 1 1 2348 2349 2490 2489
2333 2 1 1 2349 2350 2491 2490
2334 2 1 1 2350 2351 2492 2491
2335 2 1 1 2351 2352 2493 2492
2336 2 1 1 2352 2353 2494 2493
2337 2 1 1 2353 2354 2495 2494
2338 2 1 1 2354 2355 2496 2495
2339 2 1 1 2355 2356 2497 2496
2340 2 1 1 2356 2357 2498 2497
2341 2 1 1 2357 2358 2499 2498
2342 2 1 1 2358 2359 2500 2499
2343 2 1 1 2359 2360 2501 2500
2344 2 1 1 2360 2361 2502 2501
2345 2 1 1 2361 2362 2503 2502
2346 2 1 1 2362 2363 2504 2503
2347 2 1 1 2363 2364 2505 2504
2348 2 1 1 2364 2365 2506 2505
2349 2 1 1 2365 2366 2507 2506
2350 2 1 1 2366 2367 2508 2507
2351 2 1 1 2367 2368 2509 2508
2352 2 1 1 2368 2369 2510 2509
2353 2 1 1 2369 2370 2511 2510
2354 2 1 1 2370 2371 2512 2511
2355 2 1 1 2371 2372 2513 2512
2356 2 1 1 2372 2373 2514 2513
2357 2 1 1 2373 2374 2515 2514
2358 2 1 1 2374 2375 2516 2515
2359 2 1 1 2375 2376 2517 2516
2360 2 1 1 2376 2377 2518 2517
2361 2 1 1 2377 2378 2519 2518
2362 2 1 1 2378 2379 2520 2519
2363 2 1 1 2379 2380 2521 2520
2364 2 1 1 2380 2381 2522 2521
2365 2 1 1 2381 2382 2523 2522
2366 2 1 1 2382 2383 2524 2523
2367 2 1 1 2383 2384 2525 2524
2368 2 1 1 2384 2385 2526 2525
2369 2 1 1 2385 2386 2527 2526
2370 2 1 1 2386 2387 2528 2527
2371 2 1 1 2387 2388 2529 2528
2372 2 1 1 2388 2389 2530 2529
2373 2 1 1 2389 2390 2531 2530
2374 2 1 1 2390 2391 2532 2531
2375 2 1 1 2391 2392 2533 2532
2376 2 1 1 2392 2393 2534 2533
2377 2 1 1 2393 2394 2535 2534
2378 2 1 1 2394 2395 2536 2535
2379 2 1 1 2395 2396 2537 2536
2380 2 1 1 2396 2397 2538 2537
2381 2 1 1 2398 2399 2540 2539
2382 2 1 1 2399 2400 2541 2540
2383 2 1 1 2400 2401 2542 2541
2384 2 1 1 2401 2402 2543 2542
2385 2 1 1 2402 2403 2544 2543
2386 2 1 1 2403 2404 2545 2544
2387 2 1 1 2404 2405 2546 2545
2388 2 1 1 2405 2406 2547 2546
2389 2 1 1 2406 2407 2548 2547
2390 2 1 1 2407 2408 2549 2548
2391 2 1 1 2408 2409 2550 2549
2392 2 1 1 2409 2410 2551 2550
2393 2 1 1 2410 2411 2552 2551
2394 2 1 1 2411 2412 2553 2552
2395 2 1 1 2412 2413 2554 2553
2396 2 1 1 2413 2414 2555 2554
2397 2 1 1 2414 2415 2556 2555
2398 2 1 1 2415 2416 2557 2556
2399 2 1 1 2416 2417 2558 2557
2400 2 1 1 2417 2418 2559 2558
2401 2 1 1 2418 2419 2560 2559
2402 2 1 1 2419 2420 2561 2560
2403 2 1 1 2420 2421 2562 2561
2404 2 1 1 2421 2422 2563 2562
2405 2 1 1 2422 2423 2564 2563
2406 2 1 1 2423 2424 2565 2564
2407 2 1 1 2424 2425 2566 2565
2408 2 1 1 2425 2426 2567 2566
2409 2 1 1 2426 2427 2568 2567
2410 2 1 1 2427 2428 2569 2568
2411 2 1 1 2428 2429 2570 2569
2412 2 1 1 2429 2430 2571 2570
2413 2 1 1 2430 2431 2572 2571
2414 2 1 1 2431 2432 2573 2572
2415 2 1 1 2432 2433 2574 2573
2416 2 1 1 2433 2434 2575 2574
2417 2 1 1 2434 2435 2576 2575
2418 2 1 1 2435 2436 2577 2576
2419 2 1 1 2436 2437 2578 2577
2420 2 1 1 2437 2438 2579 2578
2421 2 1 1 2438 2439 2580 2579
2422 2 1 1 2439 2440 2581 2580
2423 2 1 1 2440 2441 2582 2581
2424 2 1 1 2441 2442 2583 2582
2425 2 1 1 2442 2443 2584 2583
2426 2 1 1 2443 2444 2585 2584
2427 2 1 1 2444 2445 2586 2585
2428 2 1 1 2445 2446 2587 2586
2429 2 1 1 2446 2447 2588 2587
2430 2 1 1 2447 2448 2589 2588
2431 2 1 1 2448 2449 2590 2589
2432 2 1 1 2449 2450 2591 2590
2433 2 1 1 2450 2451 2592 2591
2434 2 1 1 2451 2452 2593 2592
2435 2 1 1 2452 2453 2594 2593
2436 2 1 1 2453 2454 2595 2594
2437 2 1 1 2454 2455 2596 2595
2438 2 1 1 2455 2456 2597 2596
2439 2 1 1 2456 2457 2598 2597
2440 2 1 1 2457 2458 2599 2598
2441 2 1 1 2458 2459 2600 2599
2442 2 1 1 2459 2460 2601 2600
2443 2 1 1 2460 2461 2602 2601
2444 2 1 1 2461 2462 2603 2602
2445 2 1 1 2462 2463 2604 2603
2446 2 1 1 2463 2464 2605 2604
2447 2 1 1 2464 2465 2606 2605
2448 2 1 1 2465 2466 2607 2606
2449 2 1 1 2466 2467 2608 2607
2450 2 1 1 2467 2468 2609 2608
2451 2 1 1 2468 2469 2610 2609
2452 2 1 1 2469 2470 2611 2610
2453 2 1 1 2470 2471 2612 2611
2454 2 1 1 2471 2472 2613 2612
2455 2 1 1 2472 2473 2614 2613
2456 2 1 1 2473 2474 2615 2614
2457 2 1 1 2474 2475 2616 2615
2458 2 1 1 2475 2476 2617 2616
2459 2 1 1 2476 2477 2618 2617
2460 2 1 1 2477 2478 2619 2618
2461 2 1 1 2478 2479 2620 2619
2462 2 1 1 2479 2480 2621 2620
2463 2 1 1 2480 2481 2622 2621
2464 2 1 1 2481 2482 2623 2622
2465 2 1 1 2482 2483 2624 2623
2466 2 1 1 2483 2484 2625 2624
2467 2 1 1 2484 2485 2626 2625
2468 2 1 1 2485 2486 2627 2626
2469 2 1 1 2486 2487 2628 2627
2470 2 1 1 2487 2488 2629 2628
2471 2 1 1 2488 2489 2630 2629
2472 2 1 1 2489 2490 2631 2630
2473 2 1 1 2490 2491 2632 2631
2474 2 1 1 2491 2492 2633 2632
2475 2 1 1 2492 2493 2634 2633
2476 2 1 1 2493 2494 2635 2634
2477 2 1 1 2494 2495 2636 2635
2478 2 1 1 2495 2496 2637 2636
2479 2 1 1 2496 2497 2638 2637
2480 2 1 1 2497 2498 2639 2638
2481 2 1 1 2498 2499 2640 2639
2482 2 1 1 2499 2500 2641 2640
2483 2 1 1 2500 2501 2642 2641
2484 2 1 1 2501 2502 2643 2642
2485 2 1 1 2502 2503 2644 2643
2486 2 1 1 2503 2504 2645 2644
2487 2 1 1 2504 2505 2646 2645
2488 2 1 1 2505 2506 2647 2646
2489 2 1 1 2506 2507 2648 2647
2490 2 1 1 2507 2508 2649 2648
2491 2 1 1 2508 2509 2650 2649
2492 2 1 1 2509 2510 2651 2650
2493 2 1 1 2510 2511 2652 2651
2494 2 1 1 2511 2512 2653 2652
2495 2 1 1 2512 2513 2654 2653
2496 2 1 1 2513 2514 2655 2654
2497 2 1 1 2514 2515 2656 2655
2498 2 1 1 2515 2516 2657 2656
2499 2 1 1 2516 2517 2658 2657
2500 2 1 1 2517 2518 2659 2658
2501 2 1 1 2518 2519 2660 2659
2502 2 1 1 2519 2520 2661 2660
2503 2 1 1 2520 2521 2662 2661
2504 2 1 1 2521 2522 2663 2662
2505 2 1 1 2522 2523 2664 2663
2506 2 1 1 2523 2524 2665 2664
2507 2 1 1 2524 2525 2666 2665
2508 2 1 1 2525 2526 2667 2666
2509 2 1 1 2526 2527 2668 2667
2510 2 1 1 2527 2528 2669 2668
2511 2 1 1 2528 2529 2670 2669
2512 2 1 1 2529 2530 2671 2670
2513 2 1 1 2530 2531 2672 2671
2514 2 1 1 2531 2532 2673 2672
2515 2 1 1 2532 2533 2674 2673
2516 2 1 1 2533 2534 2675 2674
2517 2 1 1 2534 2535 2676 2675
2518 2 1 1 2535 2536 2677 2676
2519 2 1 1 2536 2537 2678 2677
2520 2 1 1 2537 2538 2679 2678
2521 2 1 1 2539 2540 2681 2680
2522 2 1 1 2540 2541 2682 2681
2523 2 1 1 2541 2542 2683 2682
2524 2 1 1 2542 2543 2684 2683
2525 2 1 1 2543 2544 2685 2684
2526 2 1 1 2544 2545 2686 2685
2527 2 1 1 2545 2546 2687 2686
2528 2 1 1 2546 2547 2688 2687
2529 2 1 1 2547 2548 2689 2688
2530 2 1 1 2548 2549 2690 2689
2531 2 1 1 2549 2550 2691 2690
2532 2 1 1 2550 2551 2692 2691
2533 2 1 1 2551 2552 2693 2692
2534 2 1 1 2552 2553 2694 2693
2535 2 1 1 2553 2554 2695 2694
2536 2 1 1 2554 2555 2696 2695
2537 2 1 1 2555 2556 2697 2696
2538 2 1 1 2556 2557 2698 2697
2539 2 1 1 2557 2558 2699 2698
2540 2 1 1 2558 2559 2700 2699
2541 2 1 1 2559 2560 2701 2700
2542 2 1 1 2560 2561 2702 2701
2543 2 1 1 2561 2562 2703 2702
2544 2 1 1 2562 2563 2704 2703
2545 2 1 1 2563 2564 2705 2704
2546 2 1 1 2564 2565 2706 2705
2547 2 1 1 2565 2566 2707 2706
2548 2 1 1 2566 2567 2708 2707
2549 2 1 1 2567 2568 2709 2708
2550 2 1 1 2568 2569 2710 2709
2551 2 1 1 2569 2570 2711 2710
2552 2 1 1 2570 2571 2712 2711
2553 2 1 1 2571 2572 2713 2712
2554 2 1 1 2572 2573 2714 2713
2555 2 1 1 2573 2574 2715 2714
2556 2 1 1 2574 2575 2716 2715
2557 2 1 1 2575 2576 2717 2716
2558 2 1 1 2576 2577 2718 2717
2559 2 1 1 2577 2578 2719 2718
2560 2 1 1 2578 2579 2720 2719
2561 2 1 1 2579 2580 2721 2720
2562 2 1 1 2580 2581 2722 2721
2563 2 1 1 2581 2582 2723 2722
2564 2 1 1 2582 2583 2724 2723
2565 2 1 1 2583 2584 2725 2724
2566 2 1 1 2584 2585 2726 2725
2567 2 1 1 2585 2586 2727 2726
2568 2 1 1 2586 2587 2728 2727
2569 2 1 1 2587 2588 2729 2728
2570 2 1 1 2588 2589 2730 2729
2571 2 1 1 2589 2590 2731 2730
2572 2 1 1 2590 2591 2732 2731
2573 2 1 1 2591 2592 2733 2732
2574 2 1 1 2592 2593 2734 2733
2575 2 1 1 2593 2594 2735 2734
2576 2 1 1 2594 2595 2736 2735
2577 2 1 1 2595 2596 2737 2736
2578 2 1 1 2596 2597 2738 2737
2579 2 1 1 2597 2598 2739 2738
2580 2 1 1 2598 2599 2740 2739
2581 2 1 1 2599 2600 2741 2740
2582 2 1 1 2600 2601 2742 2741
2583 2 1 1 2601 2602 2743 2742
2584 2 1 1 2602 2603 2744 2743
2585 2 1 1 2603 2604 2745 2744
2586 2 1 1 2604 2605 2746 2745
2587 2 1 1 2605 2606 2747 2746
2588 2 1 1 2606 2607 2748 2747
2589 2 1 1 2607 2608 2749 2748
2590 2 1 1 2608 2609 2750 2749
2591 2 1 1 2609 2610 2751 2750
2592 2 1 1 2610 2611 2752 2751
2593 2 1 1 2611 2612 2753 2752
2594 2 1 1 2612 2613 2754 2753
2595 2 1 1 2613 2614 2755 2754
2596 2 1 1 2614 2615 2756 2755
2597 2 1 1 2615 2616 2757 2756
2598 2 1 1 2616 2617 2758 2757
2599 2 1 1 2617 2618 2759 2758
2600 2 1 1 2618 2619 2760 2759
2601 2 1 1 2619 2620 2761 2760
2602 2 1 1 2620 2621 2762 2761
2603 2 1 1 2621 2622 2763 2762
2604 2 1 1 2622 2623 2764 2763
2605 2 1 1 2623 2624 2765 2764
2606 2 1 1 2624 2625 2766 2765
2607 2 1 1 2625 2626 2767 2766
2608 2 1 1 2626 2627 2768 2767
2609 2 1 1 2627 2628 2769 2768
2610 2 1 1 2628 2629 2770 2769
2611 2 1 1 2629 2630 2771 2770
2612 2 1 1 2630 2631 2772 2771
2613 2 1 1 2631 2632 2773 2772
2614 2 1 1 2632 2633 2774 2773
2615 2 1 1 2633 2634 2775 2774
2616 2 1 1 2634 2635 2776 2775
2617 2 1 1 2635 2636 2777 2776
2618 2 1 1 2636 2637 2778 2777
2619 2 1 1 2637 2638 2779 2778
2620 2 1 1 2638 2639 2780 2779
2621 2 1 1 2639 2640 2781 2780
2622 2 1 1 2640 2641 2782 2781
2623 2 1 1 2641 2642 2783 2782
2624 2 1 1 2642 2643 2784 2783
2625 2 1 1 2643 2644 2785 2784
2626 2 1 1 2644 2645 2786 2785
2627 2 1 1 2645 2646 2787 2786
2628 2 1 1 2646 2647 2788 2787
2629 2 1 1 2647 2648 2789 2788
2630 2 1 1 2648 2649 2790 2789
2631 2 1 1 2649 2650 2791 2790
2632 2 1 1 2650 2651 2792 2791
2633 2 1 1 2651 2652 2793 2792
2634 2 1 1 2652 2653 2794 2793
2635 2 1 1 2653 2654 2795 2794
2636 2 1 1 2654 2655 2796 2795
2637 2 1 1 2655 2656 2797 2796
2638 2 1 1 2656 2657 2798 2797
2639 2 1 1 2657 2658 2799 2798
2640 2 1 1 2658 2659 2800 2799
2641 2 1 1 2659 2660 2801 2800
2642 2 1 1 2660 2661 2802 2801
2643 2 1 1 2661 2662 2803 2802
2644 2 1 1 2662 2663 2804 2803
2645 2 1 1 2663 2664 2805 2804
2646 2 1 1 2664 2665 2806 2805
2647 2 1 1 2665 2666 2807 2806
2648 2 1 1 2666 2667 2808 2807
2649 2 1 1 2667 2668 2809 2808
2650 2 1 1 2668 2669 2810 2809
2651 2 1 1 2669 2670 2811 2810
2652 2 1 1 2670 2671 2812 2811
2653 2 1 1 2671 2672 2813 2812
2654 2 1 1 2672 2673 2814 2813
2655 2 1 1 2673 2674 2815 2814
2656 2 1 1 2674 2675 2816 2815
2657 2 1 1 2675 2676 2817 2816
2658 2 1 1 2676 2677 2818 2817
2659 2 1 1 2677 2678 2819 2818
2660 2 1 1 2678 2679 2820 2819
2661 2 1 1 2680 2681 2822 2821
2662 2 1 1 2681 2682 2823 2822
2663 2 1 1 2682 2683 2824 2823
2664 2 1 1 2683 2684 2825 2824
2665 2 1 1 2684 2685 2826 2825
2666 2 1 1 2685 2686 2827 2826
2667 2 1 1 2686 2687 2828 2827
2668 2 1 1 2687 2688 2829 2828
2669 2 1 1 2688 2689 2830 2829
2670 2 1 1 2689 2690 2831 2830
2671 2 1 1 2690 2691 2832 2831
2672 2 1 1 2691 2692 2833 2832
2673 2 1 1 2692 2693 2834 2833
2674 2 1 1 2693 2694 2835 2834
2675 2 1 1 2694 2695 2836 2835
2676 2 1 1 2695 2696 2837 2836
2677 2 1 1 2696 2697 2838 2837
2678 2 1 1 2697 2698 2839 2838
2679 2 1 1 2698 2699 2840 2839
2680 2 1 1 2699 2700 2841 2840
2681 2 1 1 2700 2701 2842 2841
2682 2 1 1 2701 2702 2843 2842
2683 2 1 1 2702 2703 2844 2843
2684 2 1 1 2703 2704 2845 2844
2685 2 1 1 2704 2705 2846 2845
2686 2 1 1 2705 2706 2847 2846
2687 2 1 1 2706 2707 2848 2847
2688 2 1 1 2707 2708 2849 2848
2689 2 1 1 2708 2709 2850 2849
2690 2 1 1 2709 2710 2851 2850
2691 2 1 1 2710 2711 2852 2851
2692 2 1 1 2711 2712 2853 2852
2693 2 1 1 2712 2713 2854 2853
2694 2 1 1 2713 2714 2855 2854
2695 2 1 1 2714 2715 2856 2855
2696 2 1 1 2715 2716 2857 2856
2697 2 1 1 2716 2717 2858 2857
2698 2 1 1 2717 2718 2859 2858
2699 2 1 1 2718 2719 2860 2859
2700 2 1 1 2719 2720 2861 2860
2701 2 1 1 2720 2721 2862 2861
2702 2 1 1 2721 2722 2863 2862
2703 2 1 1 2722 2723 2864 2863
2704 2 1 1 2723 2724 2865 2864
2705 2 1 1 2724 2725 2866 2865
2706 2 1 1 2725 2726 2867 2866
2707 2 1 1 2726 2727 2868 2867
2708 2 1 1 2727 2728 2869 2868
2709 2 1 1 2728 2729 2870 2869
2710 2 1 1 2729 2730 2871 2870
2711 2 1 1 2730 2731 2872 2871
2712 2 1 1 2731 2732 2873 2872
2713 2 1 1 2732 2733 2874 2873
2714 2 1 1 2733 2734 2875 2874
2715 2 1 1 2734 2735 2876 2875
2716 2 1 1 2735 2736 2877 2876
2717 2 1 1 2736 2737 2878 2877
2718 2 1 1 2737 2738 2879 2878
2719 2 1 1 2738 2739 2880 2879
2720 2 1 1 2739 2740 2881 2880
2721 2 1 1 2740 2741 2882 2881
2722 2 1 1 2741 2742 2883 2882
2723 2 1 1 2742 2743 2884 2883
2724 2 1 1 2743 2744 2885 2884
2725 2 1 1 2744 2745 2886 2885
2726 2 1 1 2745 2746 2887 2886
2727 2 1 1 2746 2747 2888 2887
2728 2 1 1 2747 2748 2889 2888
2729 2 1 1 2748 2749 2890 2889
2730 2 1 1 2749 2750 2891 2890
2731 2 1 1 2750 2751 2892 2891
2732 2 1 1 2751 2752 2893 2892
2733 2 1 1 2752 2753 2894 2893
2734 2 1 1 2753 2754 2895 2894
2735 2 1 1 2754 2755 2896 2895
2736 2 1 1 2755 2756 2897 2896
2737 2 1 1 2756 2757 2898 2897
2738 2 1 1 2757 2758 2899 2898
2739 2 1 1 2758 2759 2900 2899
2740 2 1 1 2759 2760 2901 2900
2741 2 1 1 2760 2761 2902 2901
2742 2 1 1 2761 2762 2903 2902
2743 2 1 1 2762 2763 2904 2903
2744 2 1 1 2763 2764 2905 2904
2745 2 1 1 2764 2765 2906 2905
2746 2 1 1 2765 2766 2907 2906
2747 2 1 1 2766 2767 2908 2907
2748 2 1 1 2767 2768 2909 2908
2749 2 1 1 2768 2769 2910 2909
2750 2 1 1 2769 2770 2911 2910
2751 2 1 1 2770 2771 2912 2911
2752 2 1 1 2771 2772 2913 2912
2753 2 1 1 2772 2773 2914 2913
2754 2 1 1 2773 2774 2915 2914
2755 2 1 1 2774 2775 2916 2915
2756 2 1 1 2775 2776 2917 2916
2757 2 1 1 2776 2777 2918 2917
2758 2 1 1 2777 2778 2919 2918
2759 2 1 1 2778 2779 2920 2919
2760 2 1 1 2779 2780 2921 2920
2761 2 1 1 2780 2781 2922 2921
2762 2 1 1 2781 2782 2923 2922
2763 2 1 1 2782 2783 2924 2923
2764 2 1 1 2783 2784 2925 2924
2765 2 1 1 2784 2785 2926 2925
2766 2 1 1 2785 2786 2927 2926
2767 2 1 1 2786 2787 2928 2927
2768 2 1 1 2787 2788 2929 2928
2769 2 1 1 2788 2789 2930 2929
2770 2 1 1 2789 2790 2931 2930
2771 2 1 1 2790 2791 2932 2931
2772 2 1 1 2791 2792 2933 2932
2773 2 1 1 2792 2793 2934 2933
2774 2 1 1 2793 2794 2935 2934
2775 2 1 1 2794 2795 2936 2935
2776 2 1 1 2795 2796 2937 2936
2777 2 1 1 2796 2797 2938 2937
2778 2 1 1 2797 2798 2939 2938
2779 2 1 1 2798 2799 2940 2939
2780 2 1 1 2799 2800 2941 2940
2781 2 1 1 2800 2801 2942 2941
2782 2 1 1 2801 2802 2943 2942
2783 2 1 1 2802 2803 2944 2943
2784 2 1 1 2803 2804 2945 2944
2785 2 1 1 2804 2805 2946 2945
2786 2 1 1 2805 2806 2947 2946
2787 2 1 1 2806 2807 2948 2947
2788 2 1 1 2807 2808 2949 2948
2789 2 1 1 2808 2809 2950 2949
2790 2 1 1 2809 2810 2951 2950
2791 2 1 1 2810 2811 2952 2951
2792 2 1 1 2811 2812 2953 2952
2793 2 1 1 2812 2813 2954 2953
2794 2 1 1 2813 2814 2955 2954
2795 2 1 1 2814 2815 2956 2955
2796 2 1 1 2815 2816 2957 2956
2797 2 1 1 2816 2817 2958 2957
2798 2 1 1 2817 2818 2959 2958
2799 2 1 1 2818 2819 2960 2959
2800 2 1 1 2819 2820 2961 2960
2801 2 1 1 2821 2822 2963 2962
2802 2 1 1 2822 2823 2964 2963
2803 2 1 1 2823 2824 2965 2964
2804 2 1 1 2824 2825 2966 2965
2805 2 1 1 2825 2826 2967 2966
2806 2 1 1 2826 2827 2968 2967
2807 2 1 1 2827 2828 2969 2968
2808 2 1 1 2828 2829 2970 2969
2809 2 1 1 2829 2830 2971 2970
2810 2 1 1 2830 2831 2972 2971
2811 2 1 1 2831 2832 2973 2972
2812 2 1 1 2832 2833 2974 2973
2813 2 1 1 2833 2834 2975 2974
2814 2 1 1 2834 2835 2976 2975
2815 2 1 1 2835 2836 2977 2976
2816 2 1 1 2836 2837 2978 2977
2817 2 1 1 2837 2838 2979 2978
2818 2 1 1 2838 2839 2980 2979
2819 2 1 1 2839 2840 2981 2980
2820 2 1 1 2840 2841 2982 2981
2821 2 1 1 2841 2842 2983 2982
2822 2 1 1 2842 2843 2984 2983
2823 2 1 1 2843 2844 2985 2984
2824 2 1 1 2844 2845 2986 2985
2825 2 1 1 2845 2846 2987 2986
2826 2 1 1 2846 2847 2988 2987
2827 2 1 1 2847 2848 2989 2988
2828 2 1 1 2848 2849 2990 2989
2829 2 1 1 2849 2850 2991 2990
2830 2 1 1 2850 2851 2992 2991
2831 2 1 1 2851 2852 2993 2992
2832 2 1 1 2852 2853 2994 2993
2833 2 1 1 2853 2854 2995 2994
2834 2 1 1 2854 2855 2996 2995
2835 2 1 1 2855 2856 2997 2996
2836 2 1 1 2856 2857 2998 2997
2837 2 1 1 2857 2858 2999 2998
2838 2 1 1 2858 2859 3000 2999
2839 2 1 1 2859 2860 3001 3000
2840 2 1 1 2860 2861 3002 3001
2841 2 1 1 2861 2862 3003 3002
2842 2 1 1 2862 2863 3004 3003
2843 2 1 1 2863 2864 3005 3004
2844 2 1 1 2864 2865 3006 3005
2845 2 1 1 2865 2866 3007 3006
2846 2 1 1 2866 2867 3008 3007
2847 2 1 1 2867 2868 3009 3008
2848 2 1 1 2868 2869 3010 3009
2849 2 1 1 2869 2870 3011 3010
2850 2 1 1 2870 2871 3012 3011
2851 2 1 1 2871 2872 3013 3012
2852 2 1 1 2872 2873 3014 3013
2853 2 1 1 2873 2874 3015 3014
2854 2 1 1 2874 2875 3016 3015
2855 2 1 1 2875 2876 3017 3016
2856 2 1 1 2876 2877 3018 3017
2857 2 1 1 2877 2878 3019 3018
2858 2 1 1 2878 2879 3020 3019
2859 2 1 1 2879 2880 3021 3020
2860 2 1 1 2880 2881 3022 3021
2861 2 1 1 2881 2882 3023 3022
2862 2 1 1 2882 2883 3024 3023
2863 2 1 1 2883 2884 3025 3024
2864 2 1 1 2884 2885 3026 3025
2865 2 1 1 2885 2886 3027 3026
2866 2 1 1 2886 2887 3028 3027
2867 2 1 1 2887 2888 3029 3028
2868 2 1 1 2888 2889 3030 3029
2869 2 1 1 2889 2890 3031 3030
2870 2 1 1 2890 2891 3032 3031
2871 2 1 1 2891 2892 3033 3032
2872 2 1 1 2892 2893 3034 3033
2873 2 1 1 2893 2894 3035 3034
2874 2 1 1 2894 2895 3036 3035
2875 2 1 1 2895 2896 3037 3036
2876 2 1 1 2896 2897 3038 3037
2877 2 1 1 2897 2898 3039 3038
2878 2 1 1 2898 2899 3040 3039
2879 2 1 1 2899 2900 3041 3040
2880 2 1 1 2900 2901 3042 3041
2881 2 1 1 2901 2902 3043 3042
2882 2 1 1 2902 2903 3044 3043
2883 2 1 1 2903 2904 3045 3044
2884 2 1 1 2904 2905 3046 3045
2885 2 1 1 2905 2906 3047 3046
2886 2 1 1 2906 2907 3048 3047
2887 2 1 1 2907 2908 3049 3048
2888 2 1 1 2908 2909 3050 3049
2889 2 1 1 2909 2910 3051 3050
2890 2 1 1 2910 2911 3052 3051
2891 2 1 1 2911 2912 3053 3052
2892 2 1 1 2912 2913 3054 3053
2893 2 1 1 2913 2914 3055 3054
2894 2 1 1 2914 2915 3056 3055
2895 2 1 1 2915 2916 3057 3056
2896 2 1 1 2916 2917 3058 3057
2897 2 1 1 2917 2918 3059 3058
2898 2 1 1 2918 2919 3060 3059
2899 2 1 1 2919 2920 3061 3060
2900 2 1 1 2920 2921 3062 3061
2901 2 1 1 2921 2922 3063 3062
2902 2 1 1 2922 2923 3064 3063
2903 2 1 1 2923 2924 3065 3064
2904 2 1 1 2924 2925 3066 3065
2905 2 1 1 2925 2926 3067 3066
2906 2 1 1 2926 2927 3068 3067
2907 2 1 1 2927 2928 3069 3068
2908 2 1 1 2928 2929 3070 3069
2909 2 1 1 2929 2930 3071 3070
2910 2 1 1 2930 2931 3072 3071
2911 2 1 1 2931 2932 3073 3072
2912 2 1 1 2932 2933 3074 3073
2913 2 1 1 2933 2934 3075 3074
2914 2 1 1 2934 2935 3076 3075
2915 2 1 1 2935 2936 3077 3076
2916 2 1 1 2936 2937 3078 3077
2917 2 1 1 2937 2938 3079 3078
2918 2 1 1 2938 2939 3080 3079
2919 2 1 1 2939 2940 3081 3080
2920 2 1 1 2940 2941 3082 3081
2921 2 1 1 2941 2942 3083 3082
2922 2 1 1 2942 2943 3084 3083
2923 2 1 1 2943 2944 3085 3084
2924 2 1 1 2944 2945 3086 3085
2925 2 1 1 2945 2946 3087 3086
2926 2 1 1 2946 2947 3088 3087
2927 2 1 1 2947 2948 3089 3088
2928 2 1 1 2948 2949 3090 3089
2929 2 1 1 2949 2950 3091 3090
2930 2 1 1 2950 2951 3092 3091
2931 2 1 1 2951 2952 3093 3092
2932 2 1 1 2952 2953 3094 3093
2933 2 1 1 2953 2954 3095 3094
2934 2 1 1 2954 2955 3096 3095
2935 2 1 1 2955 2956 3097 3096
2936 2 1 1 2956 2957 3098 3097
2937 2 1 1 2957 2958 3099 3098
2938 2 1 1 2958 2959 3100 3099
2939 2 1 1 2959 2960 3101 3100
2940 2 1 1 2960 2961 3102 3101
2941 2 1 1 2962 2963 3104 3103
2942 2 1 1 2963 2964 3105 3104
2943 2 1 1 2964 2965 3106 3105
2944 2 1 1 2965 2966 3107 3106
2945 2 1 1 2966 2967 3108 3107
2946 2 1 1 2967 2968 3109 3108
2947 2 1 1 2968 2969 3110 3109
2948 2 1 1 2969 2970 3111 3110
2949 2 1 1 2970 2971 3112 3111
2950 2 1 1 2971 2972 3113 3112
2951 2 1 1 2972 2973 3114 3113
2952 2 1 1 2973 2974 3115 3114
2953 2 1 1 2974 2975 3116 3115
2954 2 1 1 2975 2976 3117 3116
2955 2 1 1 2976 2977 3118 3117
2956 2 1 1 2977 2978 3119 3118
2957 2 1 1 2978 2979 3120 3119
2958 2 1 1 2979 2980 3121 3120
2959 2 1 1 2980 2981 3122 3121
2960 2 1 1 2981 2982 3123 3122
2961 2 1 1 2982 2983 3124 3123
2962 2 1 1 2983 2984 3125 3124
2963 2 1 1 2984 2985 3126 3125
2964 2 1 1 2985 2986 3127 3126
2965 2 1 1 2986 2987 3128 3127
2966 2 1 1 2987 2988 3129 3128
2967 2 1 1 2988 2989 3130 3129
2968 2 1 1 2989 2990 3131 3130
2969 2 1 1 2990 2991 3132 3131
2970 2 1 1 2991 2992 3133 3132
2971 2 1 1 2992 2993 3134 3133
2972 2 1 1 2993 2994 3135 3134
2973 2 1 1 2994 2995 3136 3135
2974 2 1 1 2995 2996 3137 3136
2975 2 1 1 2996 2997 3138 3137
2976 2 1 1 2997 2998 3139 3138
2977 2 1 1 2998 2999 3140 3139
2978 2 1 1 2999 3000 3141 3140
2979 2 1 1 3000 3001 3142 3141
2980 2 1 1 3001 3002 3143 3142
2981 2 1 1 3002 3003 3144 3143
2982 2 1 1 3003 3004 3145 3144
2983 2 1 1 3004 3005 3146 3145
2984 2 1 1 3005 3006 3147 3146
2985 2 1 1 3006 3007 3148 3147
2986 2 1 1 3007 3008 3149 3148
2987 2 1 1 3008 3009 3150 3149
2988 2 1 1 3009 3010 3151 3150
2989 2 1 1 3010 3011 3152 3151
2990 2 1 1 3011 3012 3153 3152
2991 2 1 1 3012 3013 3154 3153
2992 2 1 1 3013 3014 3155 3154
2993 2 1 1 3014 3015 3156 3155
2994 2 1 1 3015 3016 3157 3156
2995 2 1 1 3016 3017 3158 3157
2996 2 1 1 3017 3018 3159 3158
2997 2 1 1 3018 3019 3160 3159
2998 2 1 1 3019 3020 3161 3160
2999 2 1 1 3020 3021 3162 3161
3000 2 1 1 3021 3022 3163 3162
3001 2 1 1 3022 3023 3164 3163
3002 2 1 1 3023 3024 3165 3164
3003 2 1 1 3024 3025 3166 3165
3004 2 1 1 3025 3026 3167 3166
3005 2 1 1 3026 3027 3168 3167
3006 2 1 1 3027 3028 3169 3168
3007 2 1 1 3028 3029 3170 3169
3008 2 1 1 3029 3030 3171 3170
3009 2 1 1 3030 3031 3172 3171
3010 2 1 1 3031 3032 3173 3172
3011 2 1 1 3032 3033 3174 3173
3012 2 1 1 3033 3034 3175 3174
3013 2 1 1 3034 3035 3176 3175
3014 2 1 1 3035 3036 3177 3176
3015 2 1 1 3036 3037 3178 3177
3016 2 1 1 3037 3038 3179 3178
3017 2 1 1 3038 3039 3180 3179
3018 2 1 1 3039 3040 3181 3180
3019 2 1 1 3040 3041 3182 3181
3020 2 1 1 3041 3042 3183 3182
3021 2 1 1 3042 3043 3184 3183
3022 2 1 1 3043 3044 3185 3184
3023 2 1 1 3044 3045 3186 3185
3024 2 1 1 3045 3046 3187 3186
3025 2 1 1 3046 3047 3188 3187
3026 2 1 1 3047 3048 3189 3188
3027 2 1 1 3048 3049 3190 3189
3028 2 1 1 3049 3050 3191 3190
3029 2 1 1 3050 3051 3192 3191
3030 2 1 1 3051 3052 3193 3192
3031 2 1 1 3052 3053 3194 3193
3032 2 1 1 3053 3054 3195 3194
3033 2 1 1 3054 3055 3196 3195
3034 2 1 1 3055 3056 3197 3196
3035 2 1 1 3056 3057 3198 3197
3036 2 1 1 3057 3058 3199 3198
3037 2 1 1 3058 3059 3200 3199
3038 2 1 1 3059 3060 3201 3200
3039 2 1 1 3060 3061 3202 3201
3040 2 1 1 3061 3062 3203 3202
3041 2 1 1 3062 3063 3204 3203
3042 2 1 1 3063 3064 3205 3204
3043 2 1 1 3064 3065 3206 3205
3044 2 1 1 3065 3066 3207 3206
3045 2 1 1 3066 3067 3208 3207
3046 2 1 1 3067 3068 3209 3208
3047 2 1 1 3068 3069 3210 3209
3048 2 1 1 3069 3070 3211 3210
3049 2 1 1 3070 3071 3212 3211
3050 2 1 1 3071 3072 3213 3212
3051 2 1 1 3072 3073 3214 3213
3052 2 1 1 3073 3074 3215 3214
3053 2 1 1 3074 3075 3216 3215
3054 2 1 1 3075 3076 3217 3216
3055 2 1 1 3076 3077 3218 3217
3056 2 1 1 3077 3078 3219 3218
3057 2 1 1 3078 3079 3220 3219
3058 2 1 1 3079 3080 3221 3220
3059 2 1 1 3080 3081 3222 3221
3060 2 1 1 3081 3082 3223 3222
3061 2 1 1 3082 3083 3224 3223
3062 2 1 1 3083 3084 3225 3224
3063 2 1 1 3084 3085 3226 3225
3064 2 1 1 3085 3086 3227 3226
3065 2 1 1 3086 3087 3228 3227
3066 2 1 1 3087 3088 3229 3228
3067 2 1 1 3088 3089 3230 3229
3068 2 1 1 3089 3090 3231 3230
3069 2 1 1 3090 3091 3232 3231
3070 2 1 1 3091 3092 3233 3232
3071 2 1 1 3092 3093 3234 3233
3072 2 1 1 3093 3094 3235 3234
3073 2 1 1 3094 3095 3236 3235
3074 2 1 1 3095 3096 3237 3236
3075 2 1 1 3096 3097 3238 3237
3076 2 1 1 3097 3098 3239 3238
3077 2 1 1 3098 3099 3240 3239
3078 2 1 1 3099 3100 3241 3240
3079 2 1 1 3100 3101 3242 3241
3080 2 1 1 3101 3102 3243 3242
3081 2 1 1 3103 3104 3245 3244
3082 2 1 1 3104 3105 3246 3245
3083 2 1 1 3105 3106 3247 3246
3084 2 1 1 3106 3107 3248 3247
3085 2 1 1 3107 3108 3249 3248
3086 2 1 1 3108 3109 3250 3249
3087 2 1 1 3109 3110 3251 3250
3088 2 1 1 3110 3111 3252 3251
3089 2 1 1 3111 3112 3253 3252
3090 2 1 1 3112 3113 3254 3253
3091 2 1 1 3113 3114 3255 3254
3092 2 1 1 3114 3115 3256 3255
3093 2 1 1 3115 3116 3257 3256
3094 2 1 1 3116 3117 3258 3257
3095 2 1 1 3117 3118 3259 3258
3096 2 1 1 3118 3119 3260 3259
3097 2 1 1 3119 3120 3261 3260
3098 2 1 1 3120 3121 3262 3261
3099 2 1 1 3121 3122 3263 3262
3100 2 1 1 3122 3123 3264 3263
3101 2 1 1 3123 3124 3265 3264
3102 2 1 1 3124 3125 3266 3265
3103 2 1 1 3125 3126 3267 3266
3104 2 1 1 3126 3127 3268 3267
3105 2 1 1 3127 3128 3269 3268
3106 2 1 1 3128 3129 3270 3269
3107 2 1 1 3129 3130 3271 3270
3108 2 1 1 3130 3131 3272 3271
3109 2 1 1 3131 3132 3273 3272
3110 2 1 1 3132 3133 3274 3273
3111 2 1 1 3133 3134 3275 3274
3112 2 1 1 3134 3135 3276 3275
3113 2 1 1 3135 3136 3277 3276
3114 2 1 1 3136 3137 3278 3277
3115 2 1 1 3137 3138 3279 3278
3116 2 1 1 3138 3139 3280 3279
3117 2 1 1 3139 3140 3281 3280
3118 2 1 1 3140 3141 3282 3281
3119 2 1 1 3141 3142 3283 3282
3120 2 1 1 3142 3143 3284 3283
3121 2 1 1 3143 3144 3285 3284
3122 2 1 1 3144 3145 3286 3285
3123 2 1 1 3145 3146 3287 3286
3124 2 1 1 3146 3147 3288 3287
3125 2 1 1 3147 3148 3289 3288
3126 2 1 1 3148 3149 3290 3289
3127 2 1 1 3149 3150 3291 3290
3128 2 1 1 3150 3151 3292 3291
3129 2 1 1 3151 3152 3293 3292
3130 2 1 1 3152 3153 3294 3293
3131 2 1 1 3153 3154 3295 3294
3132 2 1 1 3154 3155 3296 3295
3133 2 1 1 3155 3156 3297 3296
3134 2 1 1 3156 3157 3298 3297
3135 2 1 1 3157 3158 3299 3298
3136 2 1 1 3158 3159 3300 3299
3137 2 1 1 3159 3160 3301 3300
3138 2 1 1 3160 3161 3302 3301
3139 2 1 1 3161 3162 3303 3302
3140 2 1 1 3162 3163 3304 3303
3141 2 1 1 3163 3164 3305 3304
3142 2 1 1 3164 3165 3306 3305
3143 2 1 1 3165 3166 3307 3306
3144 2 1 1 3166 3167 3308 3307
3145 2 1 1 3167 3168 3309 3308
3146 2 1 1 3168 3169 3310 3309
3147 2 1 1 3169 3170 3311 3310
3148 2 1 1 3170 3171 3312 3311
3149 2 1 1 3171 3172 3313 3312
3150 2 1 1 3172 3173 3314 3313
3151 2 1 1 3173 3174 3315 3314
3152 2 1 1 3174 3175 3316 3315
3153 2 1 1 3175 3176 3317 3316
3154 2 1 1 3176 3177 3318 3317
3155 2 1 1 3177 3178 3319 3318
3156 2 1 1 3178 3179 3320 3319
3157 2 1 1 3179 3180 3321 3320
3158 2 1 1 3180 3181 3322 3321
3159 2 1 1 3181 3182 3323 3322
3160 2 1 1 3182 3183 3324 3323
3161 2 1 1 3183 3184 3325 3324
3162 2 1 1 3184 3185 3326 3325
3163 2 1 1 3185 3186 3327 3326
3164 2 1 1 3186 3187 3328 3327
3165 2 1 1 3187 3188 3329 3328
3166 2 1 1 3188 3189 3330 3329
3167 2 1 1 3189 3190 3331 3330
3168 2 1 1 3190 3191 3332 3331
3169 2 1 1 3191 3192 3333 3332
3170 2 1 1 3192 3193 3334 3333
3171 2 1 1 3193 3194 3335 3334
3172 2 1 1 3194 3195 3336 3335
3173 2 1 1 3195 3196 3337 3336
3174 2 1 1 3196 3197 3338 3337
3175 2 1 1 3197 3198 3339 3338
3176 2 1 1 3198 3199 3340 3339
3177 2 1 1 3199 3200 3341 3340
3178 2 1 1 3200 3201 3342 3341
3179 2 1 1 3201 3202 3343 3342
3180 2 1 1 3202 3203 3344 3343
3181 2 1 1 3203 3204 3345 3344
3182 2 1 1 3204 3205 3346 3345
3183 2 1 1 3205 3206 3347 3346
3184 2 1 1 3206 3207 3348 3347
3185 2 1 1 3207 3208 3349 3348
3186 2 1 1 3208 3209 3350 3349
3187 2 1 1 3209 3210 3351 3350
3188 2 1 1 3210 3211 3352 3351
3189 2 1 1 3211 3212 3353 3352
3190 2 1 1 3212 3213 3354 3353
3191 2 1 1 3213 3214 3355 3354
3192 2 1 1 3214 3215 3356 3355
3193 2 1 1 3215 3216 3357 3356
3194 2 1 1 3216 3217 3358 3357
3195 2 1 1 3217 3218 3359 3358
3196 2 1 1 3218 3219 3360 3359
3197 2 1 1 3219 3220 3361 3360
3198 2 1 1 3220 3221 3362 3361
3199 2 1 1 3221 3222 3363 3362
3200 2 1 1 3222 3223 3364 3363
3201 2 1 1 3223 3224 3365 3364
3202 2 1 1 3224 3225 3366 3365
3203 2 1 1 3225 3226 3367 3366
3204 2 1 1 3226 3227 3368 3367
3205 2 1 1 3227 3228 3369 3368
3206 2 1 1 3228 3229 3370 3369
3207 2 1 1 3229 3230 3371 3370
3208 2 1 1 3230 3231 3372 3371
3209 2 1 1 3231 3232 3373 3372
3210 2 1 1 3232 3233 3374 3373
3211 2 1 1 3233 3234 3375 3374
3212 2 1 1 3234 3235 3376 3375
3213 2 1 1 3235 3236 3377 3376
3214 2 1 1 3236 3237 3378 3377
3215 2 1 1 3237 3238 3379 3378
3216 2 1 1 3238 3239 3380 3379
3217 2 1 1 3239 3240 3381 3380
3218 2 1 1 3240 3241 3382 3381
3219 2 1 1 3241 3242 3383 3382
3220 2 1 1 3242 3243 3384 3383
3221 2 1 1 3244 3245 3386 3385
3222 2 1 1 3245 3246 3387 3386
3223 2 1 1 3246 3247 3388 3387
3224 2 1 1 3247 3248 3389 3388
3225 2 1 1 3248 3249 3390 3389
3226 2 1 1 3249 3250 3391 3390
3227 2 1 1 3250 3251 3392 3391
3228 2 1 1 3251 3252 3393 3392
3229 2 1 1 3252 3253 3394 3393
3230 2 1 1 3253 3254 3395 3394
3231 2 1 1 3254 3255 3396 3395
3232 2 1 1 3255 3256 3397 3396
3233 2 1 1 3256 3257 3398 3397
3234 2 1 1 3257 3258 3399 3398
3235 2 1 1 3258 3259 3400 3399
3236 2 1 1 3259 3260 3401 3400
3237 2 1 1 3260 3261 3402 3401
3238 2 1 1 3261 3262 3403 3402
3239 2 1 1 3262 3263 3404 3403
3240 2 1 1 3263 3264 3405 3404
3241 2 1 1 3264 3265 3406 3405
3242 2 1 1 3265 3266 3407 3406
3243 2 1 1 3266 3267 3408 3407
3244 2 1 1 3267 3268 3409 3408
3245 2 1 1 3268 3269 3410 3409
3246 2 1 1 3269 3270 3411 3410
3247 2 1 1 3270 3271 3412 3411
3248 2 1 1 3271 3272 3413 3412
3249 2 1 1 3272 3273 3414 3413
3250 2 1 1 3273 3274 3415 3414
3251 2 1 1 3274 3275 3416 3415
3252 2 1 1 3275 3276 3417 3416
3253 2 1 1 3276 3277 3418 3417
3254 2 1 1 3277 3278 3419 3418
3255 2 1 1 3278 3279 3420 3419
3256 2 1 1 3279 3280 3421 3420
3257 2 1 1 3280 3281 3422 3421
3258 2 1 1 3281 3282 3423 3422
3259 2 1 1 3282 3283 3424 3423
3260 2 1 1 3283 3284 3425 3424
3261 2 1 1 3284 3285 3426 3425
3262 2 1 1 3285 3286 3427 3426
3263 2 1 1 3286 3287 3428 3427
3264 2 1 1 3287 3288 3429 3428
3265 2 1 1 3288 3289 3430 3429
3266 2 1 1 3289 3290 3431 3430
3267 2 1 1 3290 3291 3432 3431
3268 2 1 1 3291 3292 3433 3432
3269 2 1 1 3292 3293 3434 3433
3270 2 1 1 3293 3294 3435 3434
3271 2 1 1 3294 3295 3436 3435
3272 2 1 1 3295 3296 3437 3436
3273 2 1 1 3296 3297 3438 3437
3274 2 1 1 3297 3298 3439 3438
3275 2 1 1 3298 3299 3440 3439
3276 2 1 1 3299 3300 3441 3440
3277 2 1 1 3300 3301 3442 3441
3278 2 1 1 3301 3302 3443 3442
3279 2 1 1 3302 3303 3444 3443
3280 2 1 1 3303 3304 3445 3444
3281 2 1 1 3304 3305 3446 3445
3282 2 1 1 3305 3306 3447 3446
3283 2 1 1 3306 3307 3448 3447
3284 2 1 1 3307 3308 3449 3448
3285 2 1 1 3308 3309 3450 3449
3286 2 1 1 3309 3310 3451 3450
3287 2 1 1 3310 3311 3452 3451
3288 2 1 1 3311 3312 3453 3452
3289 2 1 1 3312 3313 3454 3453
3290 2 1 1 3313 3314 3455 3454
3291 2 1 1 3314 3315 3456 3455
3292 2 1 1 3315 3316 3457 3456
3293 2 1 1 3316 3317 3458 3457
3294 2 1 1 3317 3318 3459 3458
3295 2 1 1 3318 3319 3460 3459
3296 2 1 1 3319 3320 3461 3460
3297 2 1 1 3320 3321 3462 3461
3298 2 1 1 3321 3322 3463 3462
3299 2 1 1 3322 3323 3464 3463
3300 2 1 1 3323 3324 3465 3464
3301 2 1 1 3324 3325 3466 3465
3302 2 1 1 3325 3326 3467 3466
3303 2 1 1 3326 3327 3468 3467
3304 2 1 1 3327 3328 3469 3468
3305 2 1 1 3328 3329 3470 3469
3306 2 1 1 3329 3330 3471 3470
3307 2 1 1 3330 3331 3472 3471
3308 2 1 1 3331 3332 3473 3472
3309 2 1 1 3332 3333 3474 3473
3310 2 1 1 3333 3334 3475 3474
3311 2 1 1 3334 3335 3476 3475
3312 2 1 1 3335 3336 3477 3476
3313 2 1 1 3336 3337 3478 3477
3314 2 1 1 3337 3338 3479 3478
3315 2 1 1 3338 3339 3480 3479
3316 2 1 1 3339 3340 3481 3480
3317 2 1 1 3340 3341 3482 3481
3318 2 1 1 3341 3342 3483 3482
3319 2 1 1 3342 3343 3484 3483
3320 2 1 1 3343 3344 3485 3484
3321 2 1 1 3344 3345 3486 3485
3322 2 1 1 3345 3346 3487 3486
3323 2 1 1 3346 3347 3488 3487
3324 2 1 1 3347 3348 3489 3488
3325 2 1 1 3348 3349 3490 3489
3326 2 1 1 3349 3350 3491 3490
3327 2 1 1 3350 3351 3492 3491
3328 2 1 1 3351 3352 3493 3492
3329 2 1 1 3352 3353 3494 3493
3330 2 1 1 3353 3354 3495 3494
3331 2 1 1 3354 3355 3496 3495
3332 2 1 1 3355 3356 3497 3496
3333 2 1 1 3356 3357 3498 3497
3334 2 1 1 3357 3358 3499 3498
3335 2 1 1 3358 3359 3500 3499
3336 2 1 1 3359 3360 3501 3500
3337 2 1 1 3360 3361 3502 3501
3338 2 1 1 3361 3362 3503 3502
3339 2 1 1 3362 3363 3504 3503
3340 2 1 1 3363 3364 3505 3504
3341 2 1 1 3364 3365 3506 3505
3342 2 1 1 3365 3366 3507 3506
3343 2 1 1 3366 3367 3508 3507
3344 2 1 1 3367 3368 3509 3508
3345 2 1 1 3368 3369 3510 3509
3346 2 1 1 3369 3370 3511 3510
3347 2 1 1 3370 3371 3512 3511
3348 2 1 1 3371 3372 3513 3512
3349 2 1 1 3372 3373 3514 3513
3350 2 1 1 3373 3374 3515 3514
3351 2 1 1 3374 3375 3516 3515
3352 2 1 1 3375 3376 3517 3516
3353 2 1 1 3376 3377 3518 3517
3354 2 1 1 3377 3378 3519 3518
3355 2 1 1 3378 3379 3520 3519
3356 2 1 1 3379 3380 3521 3520
3357 2 1 1 3380 3381 3522 3521
3358 2 1 1 3381 3382 3523 3522
3359 2 1 1 3382 3383 3524 3523
3360 2 1 1 3383 3384 3525 3524
3361 2 1 1 3385 3386 3527 3526
3362 2 1 1 3386 3387 3528 3527
3363 2 1 1 3387 3388 3529 3528
3364 2 1 1 3388 3389 3530 3529
3365 2 1 1 3389 3390 3531 3530
3366 2 1 1 3390 3391 3532 3531
3367 2 1 1 3391 3392 3533 3532
3368 2 1 1 3392 3393 3534 3533
3369 2 1 1 3393 3394 3535 3534
3370 2 1 1 3394 3395 3536 3535
3371 2 1 1 3395 3396 3537 3536
3372 2 1 1 3396 3397 3538 3537
3373 2 1 1 3397 3398 3539 3538
3374 2 1 1 3398 3399 3540 3539
3375 2 1 1 3399 3400 3541 3540
3376 2 1 1 3400 3401 3542 3541
3377 2 1 1 3401 3402 3543 3542
3378 2 1 1 3402 3403 3544 3543
3379 2 1 1 3403 3404 3545 3544
3380 2 1 1 3404 3405 3546 3545
3381 2 1 1 3405 3406 3547 3546
3382 2 1 1 3406 3407 3548 3547
3383 2 1 1 3407 3408 3549 3548
3384 2 1 1 3408 3409 3550 3549
3385 2 1 1 3409 3410 3551 3550
3386 2 1 1 3410 3411 3552 3551
3387 2 1 1 3411 3412 3553 3552
3388 2 1 1 3412 3413 3554 3553
3389 2 1 1 3413 3414 3555 3554
3390 2 1 1 3414 3415 3556 3555
3391 2 1 1 3415 3416 3557 3556
3392 2 1 1 3416 3417 3558 3557
3393 2 1 1 3417 3418 3559 3558
3394 2 1 1 3418 3419 3560 3559
3395 2 1 1 3419 3420 3561 3560
3396 2 1 1 3420 3421 3562 3561
3397 2 1 1 3421 3422 3563 3562
3398 2 1 1 3422 3423 3564 3563
3399 2 1 1 3423 3424 3565 3564
3400 2 1 1 3424 3425 3566 3565
3401 2 1 1 3425 3426 3567 3566
3402 2 1 1 3426 3427 3568 3567
3403 2 1 1 3427 3428 3569 3568
3404 2 1 1 3428 3429 3570 3569
3405 2 1 1 3429 3430 3571 3570
3406 2 1 1 3430 3431 3572 3571
3407 2 1 1 3431 3432 3573 3572
3408 2 1 1 3432 3433 3574 3573
3409 2 1 1 3433 3434 3575 3574
3410 2 1 1 3434 3435 3576 3575
3411 2 1 1 3435 3436 3577 3576
3412 2 1 1 3436 3437 3578 3577
3413 2 1 1 3437 3438 3579 3578
3414 2 1 1 3438 3439 3580 3579
3415 2 1 1 3439 3440 3581 3580
3416 2 1 1 3440 3441 3582 3581
3417 2 1 1 3441 3442 3583 3582
3418 2 1 1 3442 3443 3584 3583
3419 2 1 1 3443 3444 3585 3584
3420 2 1 1 3444 3445 3586 3585
3421 2 1 1 3445 3446 3587 3586
3422 2 1 1 3446 3447 3588 3587
3423 2 1 1 3447 3448 3589 3588
3424 2 1 1 3448 3449 3590 3589
3425 2 1 1 3449 3450 3591 3590
3426 2 1 1 3450 3451 3592 3591
3427 2 1 1 3451 3452 3593 3592
3428 2 1 1 3452 3453 3594 3593
3429 2 1 1 3453 3454 3595 3594
3430 2 1 1 3454 3455 3596 3595
3431 2 1 1 3455 3456 3597 3596
3432 2 1 1 3456 3457 3598 3597
3433 2 1 1 3457 3458 3599 3598
3434 2 1 1 3458 3459 3600 3599
3435 2 1 1 3459 3460 3601 3600
3436 2 1 1 3460 3461 3602 3601
3437 2 1 1 3461 3462 3603 3602
3438 2 1 1 3462 3463 3604 3603
3439 2 1 1 3463 3464 3605 3604
3440 2 1 1 3464 3465 3606 3605
3441 2 1 1 3465 3466 3607 3606
3442 2 1 1 3466 3467 3608 3607
3443 2 1 1 3467 3468 3609 3608
3444 2 1 1 3468 3469 3610 3609
3445 2 1 1 3469 3470 3611 3610
3446 2 1 1 3470 3471 3612 3611
3447 2 1 1 3471 3472 3613 3612
3448 2 1 1 3472 3473 3614 3613
3449 2 1 1 3473 3474 3615 3614
3450 2 1 1 3474 3475 3616 3615
3451 2 1 1 3475 3476 3617 3616
3452 2 1 1 3476 3477 3618 3617
3453 2 1 1 3477 3478 3619 3618
3454 2 1 1 3478 3479 3620 3619
3455 2 1 1 3479 3480 3621 3620
3456 2 1 1 3480 3481 3622 3621
3457 2 1 1 3481 3482 3623 3622
3458 2 1 1 3482 3483 3624 3623
3459 2 1 1 3483 3484 3625 3624
3460 2 1 1 3484 3485 3626 3625
3461 2 1 1 3485 3486 3627 3626
3462 2 1 1 3486 3487 3628 3627
3463 2 1 1 3487 3488 3629 3628
3464 2 1 1 3488 3489 3630 3629
3465 2 1 1 3489 3490 3631 3630
3466 2 1 1 3490 3491 3632 3631
3467 2 1 1 3491 3492 3633 3632
3468 2 1 1 3492 3493 3634 3633
3469 2 1 1 3493 3494 3635 3634
3470 2 1 1 3494 3495 3636 3635
3471 2 1 1 3495 3496 3637 3636
3472 2 1 1 3496 3497 3638 3637
3473 2 1 1 3497 3498 3639 3638
3474 2 1 1 3498 3499 3640 3639
3475 2 1 1 3499 3500 3641 3640
3476 2 1 1 3500 3501 3642 3641
3477 2 1 1 3501 3502 3643 3642
3478 2 1 1 3502 3503 3644 3643
3479 2 1 1 3503 3504 3645 3644
3480 2 1 1 3504 3505 3646 3645
3481 2 1 1 3505 3506 3647 3646
3482 2 1 1 3506 3507 3648 3647
3483 2 1 1 3507 3508 3649 3648
3484 2 1 1 3508 3509 3650 3649
3485 2 1 1 3509 3510 3651 3650
3486 2 1 1 3510 3511 3652 3651
3487 2 1 1 3511 3512 3653 3652
3488 2 1 1 3512 3513 3654 3653
3489 2 1 1 3513 3514 3655 3654
3490 2 1 1 3514 3515 3656 3655
3491 2 1 1 3515 3516 3657 3656
3492 2 1 1 3516 3517 3658 3657
3493 2 1 1 3517 3518 3659 3658
3494 2 1 1 3518 3519 3660 3659
3495 2 1 1 3519 3520 3661 3660
3496 2 1 1 3520 3521 3662 3661
3497 2 1 1 3521 3522 3663 3662
3498 2 1 1 3522 3523 3664 3663
3499 2 1 1 3523 3524 3665 3664
3500 2 1 1 3524 3525 3666 3665
3501 2 1 1 3526 3527 3668 3667
3502 2 1 1 3527 3528 3669 3668
3503 2 1 1 3528 3529 3670 3669
3504 2 1 1 3529 3530 3671 3670
3505 2 1 1 3530 3531 3672 3671
3506 2 1 1 3531 3532 3673 3672
3507 2 1 1 3532 3533 3674 3673
3508 2 1 1 3533 3534 3675 3674
3509 2 1 1 3534 3535 3676 3675
3510 2 1 1 3535 3536 3677 3676
3511 2 1 1 3536 3537 3678 3677
3512 2 1 1 3537 3538 3679 3678
3513 2 1 1 3538 3539 3680 3679
3514 2 1 1 3539 3540 3681 3680
3515 2 1 1 3540 3541 3682 3681
3516 2 1 1 3541 3542 3683 3682
3517 2 1 1 3542 3543 3684 3683
3518 2 1 1 3543 3544 3685 3684
3519 2 1 1 3544 3545 3686 3685
3520 2 1 1 3545 3546 3687 3686
3521 2 1 1 3546 3547 3688 3687
3522 2 1 1 3547 3548 3689 3688
3523 2 1 1 3548 3549 3690 3689
3524 2 1 1 3549 3550 3691 3690
3525 2 1 1 3550 3551 3692 3691
3526 2 1 1 3551 3552 3693 3692
3527 2 1 1 3552 3553 3694 3693
3528 2 1 1 3553 3554 3695 3694
3529 2 1 1 3554 3555 3696 3695
3530 2 1 1 3555 3556 3697 3696
3531 2 1 1 3556 3557 3698 3697
3532 2 1 1 3557 3558 3699 3698
3533 2 1 1 3558 3559 3700 3699
3534 2 1 1 3559 3560 3701 3700
3535 2 1 1 3560 3561 3702 3701
3536 2 1 1 3561 3562 3703 3702
3537 2 1 1 3562 3563 3704 3703
3538 2 1 1 3563 3564 3705 3704
3539 2 1 1 3564 3565 3706 3705
3540 2 1 1 3565 3566 3707 3706
3541 2 1 1 3566 3567 3708 3707
3542 2 1 1 3567 3568 3709 3708
3543 2 1 1 3568 3569 3710 3709
3544 2 1 1 3569 3570 3711 3710
3545 2 1 1 3570 3571 3712 3711
3546 2 1 1 3571 3572 3713 3712
3547 2 1 1 3572 3573 3714 3713
3548 2 1 1 3573 3574 3715 3714
3549 2 1 1 3574 3575 3716 3715
3550 2 1 1 3575 3576 3717 3716
3551 2 1 1 3576 3577 3718 3717
3552 2 1 1 3577 3578 3719 3718
3553 2 1 1 3578 3579 3720 3719
3554 2 1 1 3579 3580 3721 3720
3555 2 1 1 3580 3581 3722 3721
3556 2 1 1 3581 3582 3723 3722
3557 2 1 1 3582 3583 3724 3723
3558 2 1 1 3583 3584 3725 3724
3559 2 1 1 3584 3585 3726 3725
3560 2 1 1 3585 3586 3727 3726
3561 2 1 1 3586 3587 3728 3727
3562 2 1 1 3587 3588 3729 3728
3563 2 1 1 3588 3589 3730 3729
3564 2 1 1 3589 3590 3731 3730
3565 2 1 1 3590 3591 3732 3731
3566 2 1 1 3591 3592 3733 3732
3567 2 1 1 3592 3593 3734 3733
3568 2 1 1 3593 3594 3735 3734
3569 2 1 1 3594 3595 3736 3735
3570 2 1 1 3595 3596 3737 3736
3571 2 1 1 3596 3597 3738 3737
3572 2 1 1 3597 3598 3739 3738
3573 2 1 1 3598 3599 3740 3739
3574 2 1 1 3599 3600 3741 3740
3575 2 1 1 3600 3601 3742 3741
3576 2 1 1 3601 3602 3743 3742
3577 2 1 1 3602 3603 3744 3743
3578 2 1 1 3603 3604 3745 3744
3579 2 1 1 3604 3605 3746 3745
3580 2 1 1 3605 3606 3747 3746
3581 2 1 1 3606 3607 3748 3747
3582 2 1 1 3607 3608 3749 3748
3583 2 1 1 3608 3609 3750 3749
3584 2 1 1 3609 3610 3751 3750
3585 2 1 1 3610 3611 3752 3751
3586 2 1 1 3611 3612 3753 3752
3587 2 1 1 3612 3613 3754 3753
3588 2 1 1 3613 3614 3755 3754
3589 2 1 1 3614 3615 3756 3755
3590 2 1 1 3615 3616 3757 3756
3591 2 1 1 3616 3617 3758 3757
3592 2 1 1 3617 3618 3759 3758
3593 2 1 1 3618 3619 3760 3759
3594 2 1 1 3619 3620 3761 3760
3595 2 1 1 3620 3621 3762 3761
3596 2 1 1 3621 3622 3763 3762
3597 2 1 1 3622 3623 3764 3763
3598 2 1 1 3623 3624 3765 3764
3599 2 1 1 3624 3625 3766 3765
3600 2 1 1 3625 3626 3767 3766
3601 2 1 1 3626 3627 3768 3767
3602 2 1 1 3627 3628 3769 3768
3603 2 1 1 3628 3629 3770 3769
3604 2 1 1 3629 3630 3771 3770
3605 2 1 1 3630 3631 3772 3771
3606 2 1 1 3631 3632 3773 3772
3607 2 1 1 3632 3633 3774 3773
3608 2 1 1 3633 3634 3775 3774
3609 2 1 1 3634 3635 3776 3775
3610 2 1 1 3635 3636 3777 3776
3611 2 1 1 3636 3637 3778 3777
3612 2 1 1 3637 3638 3779 3778
3613 2 1 1 3638 3639 3780 3779
3614 2 1 1 3639 3640 3781 3780
3615 2 1 1 3640 3641 3782 3781
3616 2 1 1 3641 3642 3783 3782
3617 2 1 1 3642 3643 3784 3783
3618 2 1 1 3643 3644 3785 3784
3619 2 1 1 3644 3645 3786 3785
3620 2 1 1 3645 3646 3787 3786
3621 2 1 1 3646 3647 3788 3787
3622 2 1 1 3647 3648 3789 3788
3623 2 1 1 3648 3649 3790 3789
3624 2 1 1 3649 3650 3791 3790
3625 2 1 1 3650 3651 3792 3791
3626 2 1 1 3651 3652 3793 3792
3627 2 1 1 3652 3653 3794 3793
3628 2 1 1 3653 3654 3795 3794
3629 2 1 1 3654 3655 3796 3795
3630 2 1 1 3655 3656 3797 3796
3631 2 1 1 3656 3657 3798 3797
3632 2 1 1 3657 3658 3799 3798
3633 2 1 1 3658 3659 3800 3799
3634 2 1 1 3659 3660 3801 3800
3635 2 1 1 3660 3661 3802 3801
3636 2 1 1 3661 3662 3803 3802
3637 2 1 1 3662 3663 3804 3803
3638 2 1 1 3663 3664 3805 3804
3639 2 1 1 3664 3665 3806 3805
3640 2 1 1 3665 3666 3807 3806
3641 2 1 1 3667 3668 3809 3808
3642 2 1 1 3668 3669 3810 3809
3643 2 1 1 3669 3670 3811 3810
3644 2 1 1 3670 3671 3812 3811
3645 2 1 1 3671 3672 3813 3812
3646 2 1 1 3672 3673 3814 3813
3647 2 1 1 3673 3674 3815 3814
3648 2 1 1 3674 3675 3816 3815
3649 2 1 1 3675 3676 3817 3816
3650 2 1 1 3676 3677 3818 3817
3651 2 1 1 3677 3678 3819 3818
3652 2 1 1 3678 3679 3820 3819
3653 2 1 1 3679 3680 3821 3820
3654 2 1 1 3680 3681 3822 3821
3655 2 1 1 3681 3682 3823 3822
3656 2 1 1 3682 3683 3824 3823
3657 2 1 1 3683 3684 3825 3824
3658 2 1 1 3684 3685 3826 3825
3659 2 1 1 3685 3686 3827 3826
3660 2 1 1 3686 3687 3828 3827
3661 2 1 1 3687 3688 3829 3828
3662 2 1 1 3688 3689 3830 3829
3663 2 1 1 3689 3690 3831 3830
3664 2 1 1 3690 3691 3832 3831
3665 2 1 1 3691 3692 3833 3832
3666 2 1 1 3692 3693 3834 3833
3667 2 1 1 3693 3694 3835 3834
3668 2 1 1 3694 3695 3836 3835
3669 2 1 1 3695 3696 3837 3836
3670 2 1 1 3696 3697 3838 3837
3671 2 1 1 3697 3698 3839 3838
3672 2 1 1 3698 3699 3840 3839
3673 2 1 1 3699 3700 3841 3840
3674 2 1 1 3700 3701 3842 3841
3675 2 1 1 3701 3702 3843 3842
3676 2 1 1 3702 3703 3844 3843
3677 2 1 1 3703 3704 3845 3844
3678 2 1 1 3704 3705 3846 3845
3679 2 1 1 3705 3706 3847 3846
3680 2 1 1 3706 3707 3848 3847
3681 2 1 1 3707 3708 3849 3848
3682 2 1 1 3708 3709 3850 3849
3683 2 1 1 3709 3710 3851 3850
3684 2 1 1 3710 3711 3852 3851
3685 2 1 1 3711 3712 3853 3852
3686 2 1 1 3712 3713 3854 3853
3687 2 1 1 3713 3714 3855 3854
3688 2 1 1 3714 3715 3856 3855
3689 2 1 1 3715 3716 3857 3856
3690 2 1 1 3716 3717 3858 3857
3691 2 1 1 3717 3718 3859 3858
3692 2 1 1 3718 3719 3860 3859
3693 2 1 1 3719 3720 3861 3860
3694 2 1 1 3720 3721 3862 3861
3695 2 1 1 3721 3722 3863 3862
3696 2 1 1 3722 3723 3864 3863
3697 2 1 1 3723 3724 3865 3864
3698 2 1 1 3724 3725 3866 3865
3699 2 1 1 3725 3726 3867 3866
3700 2 1 1 3726 3727 3868 3867
3701 2 1 1 3727 3728 3869 3868
3702 2 1 1 3728 3729 3870 3869
3703 2 1 1 3729 3730 3871 3870
3704 2 1 1 3730 3731 3872 3871
3705 2 1 1 3731 3732 3873 3872
3706 2 1 1 3732 3733 3874 3873
3707 2 1 1 3733 3734 3875 3874
3708 2 1 1 3734 3735 3876 3875
3709 2 1 1 3735 3736 3877 3876
3710 2 1 1 3736 3737 3878 3877
3711 2 1 1 3737 3738 3879 3878
3712 2 1 1 3738 3739 3880 3879
3713 2 1 1 3739 3740 3881 3880
3714 2 1 1 3740 3741 3882 3881
3715 2 1 1 3741 3742 3883 3882
3716 2 1 1 3742 3743 3884 3883
3717 2 1 1 3743 3744 3885 3884
3718 2 1 1 3744 3745 3886 3885
3719 2 1 1 3745 3746 3887 3886
3720 2 1 1 3746 3747 3888 3887
3721 2 1 1 3747 3748 3889 3888
3722 2 1 1 3748 3749 3890 3889
3723 2 1 1 3749 3750 3891 3890
3724 2 1 1 3750 3751 3892 3891
3725 2 1 1 3751 3752 3893 3892
3726 2 1 1 3752 3753 3894 3893
3727 2 1 1 3753 3754 3895 3894
3728 2 1 1 3754 3755 3896 3895
3729 2 1 1 3755 3756 3897 3896
3730 2 1 1 3756 3757 3898 3897
3731 2 1 1 3757 3758 3899 3898
3732 2 1 1 3758 3759 3900 3899
3733 2 1 1 3759 3760 3901 3900
3734 2 1 1 3760 3761 3902 3901
3735 2 1 1 3761 3762 3903 3902
3736 2 1 1 3762 3763 3904 3903
3737 2 1 1 3763 3764 3905 3904
3738 2 1 1 3764 3765 3906 3905
3739 2 1 1 3765 3766 3907 3906
3740 2 1 1 3766 3767 3908 3907
3741 2 1 1 3767 3768 3909 3908
3742 2 1 1 3768 3769 3910 3909
3743 2 1 1 3769 3770 3911 3910
3744 2 1 1 3770 3771 3912 3911
3745 2 1 1 3771 3772 3913 3912
3746 2 1 1 3772 3773 3914 3913
3747 2 1 1 3773 3774 3915 3914
3748 2 1 1 3774 3775 3916 3915
3749 2 1 1 3775 3776 3917 3916
3750 2 1 1 3776 3777 3918 3917
3751 2 1 1 3777 3778 3919 3918
3752 2 1 1 3778 3779 3920 3919
3753 2 1 1 3779 3780 3921 3920
3754 2 1 1 3780 3781 3922 3921
3755 2 1 1 3781 3782 3923 3922
3756 2 1 1 3782 3783 3924 3923
3757 2 1 1 3783 3784 3925 3924
3758 2 1 1 3784 3785 3926 3925
3759 2 1 1 3785 3786 3927 3926
3760 2 1 1 3786 3787 3928 3927
3761 2 1 1 3787 3788 3929 3928
3762 2 1 1 3788 3789 3930 3929
3763 2 1 1 3789 3790 3931 3930
3764 2 1 1 3790 3791 3932 3931
3765 2 1 1 3791 3792 3933 3932
3766 2 1 1 3792 3793 3934 3933
3767 2 1 1 3793 3794 3935 3934
3768 2 1 1 3794 3795 3936 3935
3769 2 1 1 3795 3796 3937 3936
3770 2 1 1 3796 3797 3938 3937
3771 2 1 1 3797 3798 3939 3938
3772 2 1 1 3798 3799 3940 3939
3773 2 1 1 3799 3800 3941 3940
3774 2 1 1 3800 3801 3942 3941
3775 2 1 1 3801 3802 3943 3942
3776 2 1 1 3802 3803 3944 3943
3777 2 1 1 3803 3804 3945 3944
3778 2 1 1 3804 3805 3946 3945
3779 2 1 1 3805 3806 3947 3946
3780 2 1 1 3806 3807 3948 3947
3781 2 1 1 3808 3809 3950 3949
3782 2 1 1 3809 3810 3951 3950
3783 2 1 1 3810 3811 3952 3951
3784 2 1 1 3811 3812 3953 3952
3785 2 1 1 3812 3813 3954 3953
3786 2 1 1 3813 3814 3955 3954
3787 2 1 1 3814 3815 3956 3955
3788 2 1 1 3815 3816 3957 3956
3789 2 1 1 3816 3817 3958 3957
3790 2 1 1 3817 3818 3959 3958
3791 2 1 1 3818 3819 3960 3959
3792 2 1 1 3819 3820 3961 3960
3793 2 1 1 3820 3821 3962 3961
3794 2 1 1 3821 3822 3963 3962
3795 2 1 1 3822 3823 3964 3963
3796 2 1 1 3823 3824 3965 3964
3797 2 1 1 3824 3825 3966 3965
3798 2 1 1 3825 3826 3967 3966
3799 2 1 1 3826 3827 3968 3967
3800 2 1 1 3827 3828 3969 3968
3801 2 1 1 3828 3829 3970 3969
3802 2 1 1 3829 3830 3971 3970
3803 2 1 1 3830 3831 3972 3971
3804 2 1 1 3831 3832 3973 3972
3805 2 1 1 3832 3833 3974 3973
3806 2 1 1 3833 3834 3975 3974
3807 2 1 1 3834 3835 3976 3975
3808 2 1 1 3835 3836 3977 3976
3809 2 1 1 3836 3837 3978 3977
3810 2 1 1 3837 3838 3979 3978
3811 2 1 1 3838 3839 3980 3979
3812 2 1 1 3839 3840 3981 3980
3813 2 1 1 3840 3841 3982 3981
3814 2 1 1 3841 3842 3983 3982
3815 2 1 1 3842 3843 3984 3983
3816 2 1 1 3843 3844 3985 3984
3817 2 1 1 3844 3845 3986 3985
3818 2 1 1 3845 3846 3987 3986
3819 2 1 1 3846 3847 3988 3987
3820 2 1 1 3847 3848 3989 3988
3821 2 1 1 3848 3849 3990 3989
3822 2 1 1 3849 3850 3991 3990
3823 2 1 1 3850 3851 3992 3991
3824 2 1 1 3851 3852 3993 3992
3825 2 1 1 3852 3853 3994 3993
3826 2 1 1 3853 3854 3995 3994
3827 2 1 1 3854 3855 3996 3995
3828 2 1 1 3855 3856 3997 3996
3829 2 1 1 3856 3857 3998 3997
3830 2 1 1 3857 3858 3999 3998
3831 2 1 1 3858 3859 4000 3999
3832 2 1 1 3859 3860 4001 4000
3833 2 1 1 3860 3861 4002 4001
3834 2 1 1 3861 3862 4003 4002
3835 2 1 1 3862 3863 4004 4003
3836 2 1 1 3863 3864 4005 4004
3837 2 1 1 3864 3865 4006 4005
3838 2 1 1 3865 3866 4007 4006
3839 2 1 1 3866 3867 4008 4007
3840 2 1 1 3867 3868 4009 4008
3841 2 1 1 3868 3869 4010 4009
3842 2 1 1 3869 3870 4011 4010
3843 2 1 1 3870 3871 4012 4011
3844 2 1 1 3871 3872 4013 4012
3845 2 1 1 3872 3873 4014 4013
3846 2 1 1 3873 3874 4015 4014
3847 2 1 1 3874 3875 4016 4015
3848 2 1 1 3875 3876 4017 4016
3849 2 1 1 3876 3877 4018 4017
3850 2 1 1 3877 3878 4019 4018
3851 2 1 1 3878 3879 4020 4019
3852 2 1 1 3879 3880 4021 4020
3853 2 1 1 3880 3881 4022 4021
3854 2 1 1 3881 3882 4023 4022
3855 2 1 1 3882 3883 4024 4023
3856 2 1 1 3883 3884 4025 4024
3857 2 1 1 3884 3885 4026 4025
3858 2 1 1 3885 3886 4027 4026
3859 2 1 1 3886 3887 4028 4027
3860 2 1 1 3887 3888 4029 4028
3861 2 1 1 3888 3889 4030 4029
3862 2 1 1 3889 3890 4031 4030
3863 2 1 1 3890 3891 4032 4031
3864 2 1 1 3891 3892 4033 4032
3865 2 1 1 3892 3893 4034 4033
3866 2 1 1 3893 3894 4035 4034
3867 2 1 1 3894 3895 4036 4035
3868 2 1 1 3895 3896 4037 4036
3869 2 1 1 3896 3897 4038 4037
3870 2 1 1 3897 3898 4039 4038
3871 2 1 1 3898 3899 4040 4039
3872 2 1 1 3899 3900 4041 4040
3873 2 1 1 3900 3901 4042 4041
3874 2 1 1 3901 3902 4043 4042
3875 2 1 1 3902 3903 4044 4043
3876 2 1 1 3903 3904 4045 4044
3877 2 1 1 3904 3905 4046 4045
3878 2 1 1 3905 3906 4047 4046
3879 2 1 1 3906 3907 4048 4047
3880 2 1 1 3907 3908 4049 4048
3881 2 1 1 3908 3909 4050 4049
3882 2 1 1 3909 3910 4051 4050
3883 2 1 1 3910 3911 4052 4051
3884 2 1 1 3911 3912 4053 4052
3885 2 1 1 3912 3913 4054 4053
3886 2 1 1 3913 3914 4055 4054
3887 2 1 1 3914 3915 4056 4055
3888 2 1 1 3915 3916 4057 4056
3889 2 1 1 3916 3917 4058 4057
3890 2 1 1 3917 3918 4059 4058
3891 2 1 1 3918 3919 4060 4059
3892 2 1 1 3919 3920 4061 4060
3893 2 1 1 3920 3921 4062 4061
3894 2 1 1 3921 3922 4063 4062
3895 2 1 1 3922 3923 4064 4063
3896 2 1 1 3923 3924 4065 4064
3897 2 1 1 3924 3925 4066 4065
3898 2 1 1 3925 3926 4067 4066
3899 2 1 1 3926 3927 4068 4067
3900 2 1 1 3927 3928 4069 4068
3901 2 1 1 3928 3929 4070 4069
3902 2 1 1 3929 3930 4071 4070
3903 2 1 1 3930 3931 4072 4071
3904 2 1 1 3931 3932 4073 4072
3905 2 1 1 3932 3933 4074 4073
3906 2 1 1 3933 3934 4075 4074
3907 2 1 1 3934 3935 4076 4075
3908 2 1 1 3935 3936 4077 4076
3909 2 1 1 3936 3937 4078 4077
3910 2 1 1 3937 3938 4079 4078
3911 2 1 1 3938 3939 4080 4079
3912 2 1 1 3939 3940 4081 4080
3913 2 1 1 3940 3941 4082 4081
3914 2 1 1 3941 3942 4083 4082
3915 2 1 1 3942 3943 4084 4083
3916 2 1 1 3943 3944 4085 4084
3917 2 1 1 3944 3945 4086 4085
3918 2 1 1 3945 3946 4087 4086
3919 2 1 1 3946 3947 4088 4087
3920 2 1 1 3947 3948 4089 4088
3921 2 1 1 3949 3950 4091 4090
3922 2 1 1 3950 3951 4092 4091
3923 2 1 1 3951 3952 4093 4092
3924 2 1 1 3952 3953 4094 4093
3925 2 1 1 3953 3954 4095 4094
3926 2 1 1 3954 3955 4096 4095
3927 2 1 1 3955 3956 4097 4096
3928 2 1 1 3956 3957 4098 4097
3929 2 1 1 3957 3958 4099 4098
3930 2 1 1 3958 3959 4100 4099
3931 2 1 1 3959 3960 4101 4100
3932 2 1 1 3960 3961 4102 4101
3933 2 1 1 3961 3962 4103 4102
3934 2 1 1 3962 3963 4104 4103
3935 2 1 1 3963 3964 4105 4104
3936 2 1 1 3964 3965 4106 4105
3937 2 1 1 3965 3966 4107 4106
3938 2 1 1 3966 3967 4108 4107
3939 2 1 1 3967 3968 4109 4108
3940 2 1 1 3968 3969 4110 4109
3941 2 1 1 3969 3970 4111 4110
3942 2 1 1 3970 3971 4112 4111
3943 2 1 1 3971 3972 4113 4112
3944 2 1 1 3972 3973 4114 4113
3945 2 1 1 3973 3974 4115 4114
3946 2 1 1 3974 3975 4116 4115
3947 2 1 1 3975 3976 4117 4116
3948 2 1 1 3976 3977 4118 4117
3949 2 1 1 3977 3978 4119 4118
3950 2 1 1 3978 3979 4120 4119
3951 2 1 1 3979 3980 4121 4120
3952 2 1 1 3980 3981 4122 4121
3953 2 1 1 3981 3982 4123 4122
3954 2 1 1 3982 3983 4124 4123
3955 2 1 1 3983 3984 4125 4124
3956 2 1 1 3984 3985 4126 4125
3957 2 1 1 3985 3986 4127 4126
3958 2 1 1 3986 3987 4128 4127
3959 2 1 1 3987 3988 4129 4128
3960 2 1 1 3988 3989 4130 4129
3961 2 1 1 3989 3990 4131 4130
3962 2 1 1 3990 3991 4132 4131
3963 2 1 1 3991 3992 4133 4132
3964 2 1 1 3992 3993 4134 4133
3965 2 1 1 3993 3994 4135 4134
3966 2 1 1 3994 3995 4136 4135
3967 2 1 1 3995 3996 4137 4136
3968 2 1 1 3996 3997 4138 4137
3969 2 1 1 3997 3998 4139 4138
3970 2 1 1 3998 3999 4140 4139
3971 2 1 1 3999 4000 4141 4140
3972 2 1 1 4000 4001 4142 4141
3973 2 1 1 4001 4002 4143 4142
3974 2 1 1 4002 4003 4144 4143
3975 2 1 1 4003 4004 4145 4144
3976 2 1 1 4004 4005 4146 4145
3977 2 1 1 4005 4006 4147 4146
3978 2 1 1 4006 4007 4148 4147
3979 2 1 1 4007 4008 4149 4148
3980 2 1 1 4008 4009 4150 4149
3981 2 1 1 4009 4010 4151 4150
3982 2 1 1 4010 4011 4152 4151
3983 2 1 1 4011 4012 4153 4152
3984 2 1 1 4012 4013 4154 4153
3985 2 1 1 4013 4014 4155 4154
3986 2 1 1 4014 4015 4156 4155
3987 2 1 1 4015 4016 4157 4156
3988 2 1 1 4016 4017 4158 4157
3989 2 1 1 4017 4018 4159 4158
3990 2 1 1 4018 4019 4160 4159
3991 2 1 1 4019 4020 4161 4160
3992 2 1 1 4020 4021 4162 4161
3993 2 1 1 4021 4022 4163 4162
3994 2 1 1 4022 4023 4164 4163
3995 2 1 1 4023 4024 4165 4164
3996 2 1 1 4024 4025 4166 4165
3997 2 1 1 4025 4026 4167 4166
3998 2 1 1 4026 4027 4168 4167
3999 2 1 1 4027 4028 4169 4168
4000 2 1 1 4028 4029 4170 4169
4001 2 1 1 4029 4030 4171 4170
4002 2 1 1 4030 4031 4172 4171
4003 2 1 1 4031 4032 4173 4172
4004 2 1 1 4032 4033 4174 4173
4005 2 1 1 4033 4034 4175 4174
4006 2 1 1 4034 4035 4176 4175
4007 2 1 1 4035 4036 4177 4176
4008 2 1 1 4036 4037 4178 4177
4009 2 1 1 4037 4038 4179 4178
4010 2 1 1 4038 4039 4180 4179
4011 2 1 1 4039 4040 4181 4180
4012 2 1 1 4040 4041 4182 4181
4013 2 1 1 4041 4042 4183 4182
4014 2 1 1 4042 4043 4184 4183
4015 2 1 1 4043 4044 4185 4184
4016 2 1 1 4044 4045 4186 4185
4017 2 1 1 4045 4046 4187 4186
4018 2 1 1 4046 4047 4188 4187
4019 2 1 1 4047 4048 4189 4188
4020 2 1 1 4048 4049 4190 4189
4021 2 1 1 4049 4050 4191 4190
4022 2 1 1 4050 4051 4192 4191
4023 2 1 1 4051 4052 4193 4192
4024 2 1 1 4052 4053 4194 4193
4025 2 1 1 4053 4054 4195 4194
4026 2 1 1 4054 4055 4196 4195
4027 2 1 1 4055 4056 4197 4196
4028 2 1 1 4056 4057 4198 4197
4029 2 1 1 4057 4058 4199 4198
4030 2 1 1 4058 4059 4200 4199
4031 2 1 1 4059 4060 4201 4200
4032 2 1 1 4060 4061 4202 4201
4033 2 1 1 4061 4062 4203 4202
4034 2 1 1 4062 4063 4204 4203
4035 2 1 1 4063 4064 4205 4204
4036 2 1 1 4064 4065 4206 4205
4037 2 1 1 4065 4066 4207 4206
4038 2 1 1 4066 4067 4208 4207
4039 2 1 1 4067 4068 4209 4208
4040 2 1 1 4068 4069 4210 4209
4041 2 1 1 4069 4070 4211 4210
4042 2 1 1 4070 4071 4212 4211
4043 2 1 1 4071 4072 4213 4212
4044 2 1 1 4072 4073 4214 4213
4045 2 1 1 4073 4074 4215 4214
4046 2 1 1 4074 4075 4216 4215
4047 2 1 1 4075 4076 4217 4216
4048 2 1 1 4076 4077 4218 4217
4049 2 1 1 4077 4078 4219 4218
4050 2 1 1 4078 4079 4220 4219
4051 2 1 1 4079 4080 4221 4220
4052 2 1 1 4080 4081 4222 4221
4053 2 1 1 4081 4082 4223 4222
4054 2 1 1 4082 4083 4224 4223
4055 2 1 1 4083 4084 4225 4224
4056 2 1 1 4084 4085 4226 4225
4057 2 1 1 4085 4086 4227 4226
4058 2 1 1 4086 4087 4228 4227
4059 2 1 1 4087 4088 4229 4228
4060 2 1 1 4088 4089 4230 4229
4061 2 1 1 4090 4091 4232 4231
4062 2 1 1 4091 4092 4233 4232
4063 2 1 1 4092 4093 4234 4233
4064 2 1 1 4093 4094 4235 4234
4065 2 1 1 4094 4095 4236 4235
4066 2 1 1 4095 4096 4237 4236
4067 2 1 1 4096 4097 4238 4237
4068 2 1 1 4097 4098 4239 4238
4069 2 1 1 4098 4099 4240 4239
4070 2 1 1 4099 4100 4241 4240
4071 2 1 1 4100 4101 4242 4241
4072 2 1 1 4101 4102 4243 4242
4073 2 1 1 4102 4103 4244 4243
4074 2 1 1 4103 4104 4245 4244
4075 2 1 1 4104 4105 4246 4245
4076 2 1 1 4105 4106 4247 4246
4077 2 1 1 4106 4107 4248 4247
4078 2 1 1 4107 4108 4249 4248
4079 2 1 1 4108 4109 4250 4249
4080 2 1 1 4109 4110 4251 4250
4081 2 1 1 4110 4111 4252 4251
4082 2 1 1 4111 4112 4253 4252
4083 2 1 1 4112 4113 4254 4253
4084 2 1 1 4113 4114 4255 4254
4085 2 1 1 4114 4115 4256 4255
4086 2 1 1 4115 4116 4257 4256
4087 2 1 1 4116 4117 4258 4257
4088 2 1 1 4117 4118 4259 4258
4089 2 1 1 4118 4119 4260 4259
4090 2 1 1 4119 4120 4261 4260
4091 2 1 1 4120 4121 4262 4261
4092 2 1 1 4121 4122 4263 4262
4093 2 1 1 4122 4123 4264 4263
4094 2 1 1 4123 4124 4265 4264
4095 2 1 1 4124 4125 4266 4265
4096 2 1 1 4125 4126 4267 4266
4097 2 1 1 4126 4127 4268 4267
4098 2 1 1 4127 4128 4269 4268
4099 2 1 1 4128 4129 4270 4269
4100 2 1 1 4129 4130 4271 4270
4101 2 1 1 4130 4131 4272 4271
4102 2 1 1 4131 4132 4273 4272
4103 2 1 1 4132 4133 4274 4273
4104 2 1 1 4133 4134 4275 4274
4105 2 1 1 4134 4135 4276 4275
4106 2 1 1 4135 4136 4277 4276
4107 2 1 1 4136 4137 4278 4277
4108 2 1 1 4137 4138 4279 4278
4109 2 1 1 4138 4139 4280 4279
4110 2 1 1 4139 4140 4281 4280
4111 2 1 1 4140 4141 4282 4281
4112 2 1 1 4141 4142 4283 4282
4113 2 1 1 4142 4143 4284 4283
4114 2 1 1 4143 4144 4285 4284
4115 2 1 1 4144 4145 4286 4285
4116 2 1 1 4145 4146 4287 4286
4117 2 1 1 4146 4147 4288 4287
4118 2 1 1 4147 4148 4289 4288
4119 2 1 1 4148 4149 4290 4289
4120 2 1 1 4149 4150 4291 4290
4121 2 1 1 4150 4151 4292 4291
4122 2 1 1 4151 4152 4293 4292
4123 2 1 1 4152 4153 4294 4293
4124 2 1 1 4153 4154 4295 4294
4125 2 1 1 4154 4155 4296 4295
4126 2 1 1 4155 4156 4297 4296
4127 2 1 1 4156 4157 4298 4297
4128 2 1 1 4157 4158 4299 4298
4129 2 1 1 4158 4159 4300 4299
4130 2 1 1 4159 4160 4301 4300
4131 2 1 1 4160 4161 4302 4301
4132 2 1 1 4161 4162 4303 4302
4133 2 1 1 4162 4163 4304 4303
4134 2 1 1 4163 4164 4305 4304
4135 2 1 1 4164 4165 4306 4305
4136 2 1 1 4165 4166 4307 4306
4137 2 1 1 4166 4167 4308 4307
4138 2 1 1 4167 4168 4309 4308
4139 2 1 1 4168 4169 4310 4309
4140 2 1 1 4169 4170 4311 4310
4141 2 1 1 4170 4171 4312 4311
4142 2 1 1 4171 4172 4313 4312
4143 2 1 1 4172 4173 4314 4313
4144 2 1 1 4173 4174 4315 4314
4145 2 1 1 4174 4175 4316 4315
4146 2 1 1 4175 4176 4317 4316
4147 2 1 1 4176 4177 4318 4317
4148 2 1 1 4177 4178 4319 4318
4149 2 1 1 4178 4179 4320 4319
4150 2 1 1 4179 4180 4321 4320
4151 2 1 1 4180 4181 4322 4321
4152 2 1 1 4181 4182 4323 4322
4153 2 1 1 4182 4183 4324 4323
4154 2 1 1 4183 4184 4325 4324
4155 2 1 1 4184 4185 4326 4325
4156 2 1 1 4185 4186 4327 4326
4157 2 1 1 4186 4187 4328 4327
4158 2 1 1 4187 4188 4329 4328
4159 2 1 1 4188 4189 4330 4329
4160 2 1 1 4189 4190 4331 4330
4161 2 1 1 4190 4191 4332 4331
4162 2 1 1 4191 4192 4333 4332
4163 2 1 1 4192 4193 4334 4333
4164 2 1 1 4193 4194 4335 4334
4165 2 1 1 4194 4195 4336 4335
4166 2 1 1 4195 4196 4337 4336
4167 2 1 1 4196 4197 4338 4337
4168 2 1 1 4197 4198 4339 4338
4169 2 1 1 4198 4199 4340 4339
4170 2 1 1 4199 4200 4341 4340
4171 2 1 1 4200 4201 4342 4341
4172 2 1 1 4201 4202 4343 4342
4173 2 1 1 4202 4203 4344 4343
4174 2 1 1 4203 4204 4345 4344
4175 2 1 1 4204 4205 4346 4345
4176 2 1 1 4205 4206 4347 4346
4177 2 1 1 4206 4207 4348 4347
4178 2 1 1 4207 4208 4349 4348
4179 2 1 1 4208 4209 4350 4349
4180 2 1 1 4209 4210 4351 4350
4181 2 1 1 4210 4211 4352 4351
4182 2 1 1 4211 4212 4353 4352
4183 2 1 1 4212 4213 4354 4353
4184 2 1 1 4213 4214 4355 4354
4185 2 1 1 4214 4215 4356 4355
4186 2 1 1 4215 4216 4357 4356
4187 2 1 1 4216 4217 4358 4357
4188 2 1 1 4217 4218 4359 4358
4189 2 1 1 4218 4219 4360 4359
4190 2 1 1 4219 4220 4361 4360
4191 2 1 1 4220 4221 4362 4361
4192 2 1 1 4221 4222 4363 4362
4193 2 1 1 4222 4223 4364 4363
4194 2 1 1 4223 4224 4365 4364
4195 2 1 1 4224 4225 4366 4365
4196 2 1 1 4225 4226 4367 4366
4197 2 1 1 4226 4227 4368 4367
4198 2 1 1 4227 4228 4369 4368
4199 2 1 1 4228 4229 4370 4369
4200 2 1 1 4229 4230 4371 4370
4201 2 1 1 4231 4232 4373 4372
4202 2 1 1 4232 4233 4374 4373
4203 2 1 1 4233 4234 4375 4374
4204 2 1 1 4234 4235 4376 4375
4205 2 1 1 4235 4236 4377 4376
4206 2 1 1 4236 4237 4378 4377
4207 2 1 1 4237 4238 4379 4378
4208 2 1 1 4238 4239 4380 4379
4209 2 1 1 4239 4240 4381 4380
4210 2 1 1 4240 4241 4382 4381
4211 2 1 1 4241 4242 4383 4382
4212 2 1 1 4242 4243 4384 4383
4213 2 1 1 4243 4244 4385 4384
4214 2 1 1 4244 4245 4386 4385
4215 2 1 1 4245 4246 4387 4386
4216 2 1 1 4246 4247 4388 4387
4217 2 1 1 4247 4248 4389 4388
4218 2 1 1 4248 4249 4390 4389
4219 2 1 1 4249 4250 4391 4390
4220 2 1 1 4250 4251 4392 4391
4221 2 1 1 4251 4252 4393 4392
4222 2 1 1 4252 4253 4394 4393
4223 2 1 1 4253 4254 4395 4394
4224 2 1 1 4254 4255 4396 4395
4225 2 1 1 4255 4256 4397 4396
4226 2 1 1 4256 4257 4398 4397
4227 2 1 1 4257 4258 4399 4398
4228 2 1 1 4258 4259 4400 4399
4229 2 1 1 4259 4260 4401 4400
4230 2 1 1 4260 4261 4402 4401
4231 2 1 1 4261 4262 4403 4402
4232 2 1 1 4262 4263 4404 4403
4233 2 1 1 4263 4264 4405 4404
4234 2 1 1 4264 4265 4406 4405
4235 2 1 1 4265 4266 4407 4406
4236 2 1 1 4266 4267 4408 4407
4237 2 1 1 4267 4268 4409 4408
4238 2 1 1 4268 4269 4410 4409
4239 2 1 1 4269 4270 4411 4410
4240 2 1 1 4270 4271 4412 4411
4241 2 1 1 4271 4272 4413 4412
4242 2 1 1 4272 4273 4414 4413
4243 2 1 1 4273 4274 4415 4414
4244 2 1 1 4274 4275 4416 4415
4245 2 1 1 4275 4276 4417 4416
4246 2 1 1 4276 4277 4418 4417
4247 2 1 1 4277 4278 4419 4418
4248 2 1 1 4278 4279 4420 4419
4249 2 1 1 4279 4280 4421 4420
4250 2 1 1 4280 4281 4422 4421
4251 2 1 1 4281 4282 4423 4422
4252 2 1 1 4282 4283 4424 4423
4253 2 1 1 4283 4284 4425 4424
4254 2 1 1 4284 4285 4426 4425
4255 2 1 1 4285 4286 4427 4426
4256 2 1 1 4286 4287 4428 4427
4257 2 1 1 4287 4288 4429 4428
4258 2 1 1 4288 4289 4430 4429
4259 2 1 1 4289 4290 4431 4430
4260 2 1 1 4290 4291 4432 4431
4261 2 1 1 4291 4292 4433 4432
4262 2 1 1 4292 4293 4434 4433
4263 2 1 1 4293 4294 4435 4434
4264 2 1 1 4294 4295 4436 4435
4265 2 1 1 4295 4296 4437 4436
4266 2 1 1 4296 4297 4438 4437
4267 2 1 1 4297 4298 4439 4438
4268 2 1 1 4298 4299 4440 4439
4269 2 1 1 4299 4300 4441 4440
4270 2 1 1 4300 4301 4442 4441
4271 2 1 1 4301 4302 4443 4442
4272 2 1 1 4302 4303 4444 4443
4273 2 1 1 4303 4304 4445 4444
4274 2 1 1 4304 4305 4446 4445
4275 2 1 1 4305 4306 4447 4446
4276 2 1 1 4306 4307 4448 4447
4277 2 1 1 4307 4308 4449 4448
4278 2 1 1 4308 4309 4450 4449
4279 2 1 1 4309 4310 4451 4450
4280 2 1 1 4310 4311 4452 4451
4281 2 1 1 4311 4312 4453 4452
4282 2 1 1 4312 4313 4454 4453
4283 2 1 1 4313 4314 4455 4454
4284 2 1 1 4314 4315 4456 4455
4285 2 1 1 4315 4316 4457 4456
4286 2 1 1 4316 4317 4458 4457
4287 2 1 1 4317 4318 4459 4458
4288 2 1 1 4318 4319 4460 4459
4289 2 1 1 4319 4320 4461 4460
4290 2 1 1 4320 4321 4462 4461
4291 2 1 1 4321 4322 4463 4462
4292 2 1 1 4322 4323 4464 4463
4293 2 1 1 4323 4324 4465 4464
4294 2 1 1 4324 4325 4466 4465
4295 2 1 1 4325 4326 4467 4466
4296 2 1 1 4326 4327 4468 4467
4297 2 1 1 4327 4328 4469 4468
4298 2 1 1 4328 4329 4470 4469
4299 2 1 1 4329 4330 4471 4470
4300 2 1 1 4330 4331 4472 4471
4301 2 1 1 4331 4332 4473 4472
4302 2 1 1 4332 4333 4474 4473
4303 2 1 1 4333 4334 4475 4474
4304 2 1 1 4334 4335 4476 4475
4305 2 1 1 4335 4336 4477 4476
4306 2 1 1 4336 4337 4478 4477
4307 2 1 1 4337 4338 4479 4478
4308 2 1 1 4338 4339 4480 4479
4309 2 1 1 4339 4340 4481 4480
4310 2 1 1 4340 4341 4482 4481
4311 2 1 1 4341 4342 4483 4482
4312 2 1 1 4342 4343 4484 4483
4313 2 1 1 4343 4344 4485 4484
4314 2 1 1 4344 4345 4486 4485
4315 2 1 1 4345 4346 4487 4486
4316 2 1 1 4346 4347 4488 4487
4317 2 1 1 4347 4348 4489 4488
4318 2 1 1 4348 4349 4490 4489
4319 2 1 1 4349 4350 4491 4490
4320 2 1 1 4350 4351 4492 4491
4321 2 1 1 4351 4352 4493 4492
4322 2 1 1 4352 4353 4494 4493
4323 2 1 1 4353 4354 4495 4494
4324 2 1 1 4354 4355 4496 4495
4325 2 1 1 4355 4356 4497 4496
4326 2 1 1 4356 4357 4498 4497
4327 2 1 1 4357 4358 4499 4498
4328 2 1 1 4358 4359 4500 4499
4329 2 1 1 4359 4360 4501 4500
4330 2 1 1 4360 4361 4502 4501
4331 2 1 1 4361 4362 4503 4502
4332 2 1 1 4362 4363 4504 4503
4333 2 1 1 4363 4364 4505 4504
4334 2 1 1 4364 4365 4506 4505
4335 2 1 1 4365 4366 4507 4506
4336 2 1 1 4366 4367 4508 4507
4337 2 1 1 4367 4368 4509 4508
4338 2 1 1 4368 4369 4510 4509
4339 2 1 1 4369 4370 4511 4510
4340 2 1 1 4370 4371 4512 4511
4341 2 1 1 4372 4373 4514 4513
4342 2 1 1 4373 4374 4515 4514
4343 2 1 1 4374 4375 4516 4515
4344 2 1 1 4375 4376 4517 4516
4345 2 1 1 4376 4377 4518 4517
4346 2 1 1 4377 4378 4519 4518
4347 2 1 1 4378 4379 4520 4519
4348 2 1 1 4379 4380 4521 4520
4349 2 1 1 4380 4381 4522 4521
4350 2 1 1 4381 4382 4523 4522
4351 2 1 1 4382 4383 4524 4523
4352 2 1 1 4383 4384 4525 4524
4353 2 1 1 4384 4385 4526 4525
4354 2 1 1 4385 4386 4527 4526
4355 2 1 1 4386 4387 4528 4527
4356 2 1 1 4387 4388 4529 4528
4357 2 1 1 4388 4389 4530 4529
4358 2 1 1 4389 4390 4531 4530
4359 2 1 1 4390 4391 4532 4531
4360 2 1 1 4391 4392 4533 4532
4361 2 1 1 4392 4393 4534 4533
4362 2 1 1 4393 4394 4535 4534
4363 2 1 1 4394 4395 4536 4535
4364 2 1 1 4395 4396 4537 4536
4365 2 1 1 4396 4397 4538 4537
4366 2 1 1 4397 4398 4539 4538
4367 2 1 1 4398 4399 4540 4539
4368 2 1 1 4399 4400 4541 4540
4369 2 1 1 4400 4401 4542 4541
4370 2 1 1 4401 4402 4543 4542
4371 2 1 1 4402 4403 4544 4543
4372 2 1 1 4403 4404 4545 4544
4373 2 1 1 4404 4405 4546 4545
4374 2 1 1 4405 4406 4547 4546
4375 2 1 1 4406 4407 4548 4547
4376 2 1 1 4407 4408 4549 4548
4377 2 1 1 4408 4409 4550 4549
4378 2 1 1 4409 4410 4551 4550
4379 2 1 1 4410 4411 4552 4551
4380 2 1 1 4411 4412 4553 4552
4381 2 1 1 4412 4413 4554 4553
4382 2 1 1 4413 4414 4555 4554
4383 2 1 1 4414 4415 4556 4555
4384 2 1 1 4415 4416 4557 4556
4385 2 1 1 4416 4417 4558 4557
4386 2 1 1 4417 4418 4559 4558
4387 2 1 1 4418 4419 4560 4559
4388 2 1 1 4419 4420 4561 4560
4389 2 1 1 4420 4421 4562 4561
4390 2 1 1 4421 4422 4563 4562
4391 2 1 1 4422 4423 4564 4563
4392 2 1 1 4423 4424 4565 4564
4393 2 1 1 4424 4425 4566 4565
4394 2 1 1 4425 4426 4567 4566
4395 2 1 1 4426 4427 4568 4567
4396 2 1 1 4427 4428 4569 4568
4397 2 1 1 4428 4429 4570 4569
4398 2 1 1 4429 4430 4571 4570
4399 2 1 1 4430 4431 4572 4571
4400 2 1 1 4431 4432 4573 4572
4401 2 1 1 4432 4433 4574 4573
4402 2 1 1 4433 4434 4575 4574
4403 2 1 1 4434 4435 4576 4575
4404 2 1 1 4435 4436 4577 4576
4405 2 1 1 4436 4437 4578 4577
4406 2 1 1 4437 4438 4579 4578
4407 2 1 1 4438 4439 4580 4579
4408 2 1 1 4439 4440 4581 4580
4409 2 1 1 4440 4441 4582 4581
4410 2 1 1 4441 4442 4583 4582
4411 2 1 1 4442 4443 4584 4583
4412 2 1 1 4443 4444 4585 4584
4413 2 1 1 4444 4445 4586 4585
4414 2 1 1 4445 4446 4587 4586
4415 2 1 1 4446 4447 4588 4587
4416 2 1 1 4447 4448 4589 4588
4417 2 1 1 4448 4449 4590 4589
4418 2 1 1 4449 4450 4591 4590
4419 2 1 1 4450 4451 4592 4591
4420 2 1 1 4451 4452 4593 4592
4421 2 1 1 4452 4453 4594 4593
4422 2 1 1 4453 4454 4595 4594
4423 2 1 1 4454 4455 4596 4595
4424 2 1 1 4455 4456 4597 4596
4425 2 1 1 4456 4457 4598 4597
4426 2 1 1 4457 4458 4599 4598
4427 2 1 1 4458 4459 4600 4599
4428 2 1 1 4459 4460 4601 4600
4429 2 1 1 4460 4461 4602 4601
4430 2 1 1 4461 4462 4603 4602
4431 2 1 1 4462 4463 4604 4603
4432 2 1 1 4463 4464 4605 4604
4433 2 1 1 4464 4465 4606 4605
4434 2 1 1 4465 4466 4607 4606
4435 2 1 1 4466 4467 4608 4607
4436 2 1 1 4467 4468 4609 4608
4437 2 1 1 4468 4469 4610 4609
4438 2 1 1 4469 4470 4611 4610
4439 2 1 1 4470 4471 4612 4611
4440 2 1 1 4471 4472 4613 4612
4441 2 1 1 4472 4473 4614 4613
4442 2 1 1 4473 4474 4615 4614
4443 2 1 1 4474 4475 4616 4615
4444 2 1 1 4475 4476 4617 4616
4445 2 1 1 4476 4477 4618 4617
4446 2 1 1 4477 4478 4619 4618
4447 2 1 1 4478 4479 4620 4619
4448 2 1 1 4479 4480 4621 4620
4449 2 1 1 4480 4481 4622 4621
4450 2 1 1 4481 4482 4623 4622
4451 2 1 1 4482 4483 4624 4623
4452 2 1 1 4483 4484 4625 4624
4453 2 1 1 4484 4485 4626 4625
4454 2 1 1 4485 4486 4627 4626
4455 2 1 1 4486 4487 4628 4627
4456 2 1 1 4487 4488 4629 4628
4457 2 1 1 4488 4489 4630 4629
4458 2 1 1 4489 4490 4631 4630
4459 2 1 1 4490 4491 4632 4631
4460 2 1 1 4491 4492 4633 4632
4461 2 1 1 4492 4493 4634 4633
4462 2 1 1 4493 4494 4635 4634
4463 2 1 1 4494 4495 4636 4635
4464 2 1 1 4495 4496 4637 4636
4465 2 1 1 4496 4497 4638 4637
4466 2 1 1 4497 4498 4639 4638
4467 2 1 1 4498 4499 4640 4639
4468 2 1 1 4499 4500 4641 4640
4469 2 1 1 4500 4501 4642 4641
4470 2 1 1 4501 4502 4643 4642
4471 2 1 1 4502 4503 4644 4643
4472 2 1 1 4503 4504 4645 4644
4473 2 1 1 4504 4505 4646 4645
4474 2 1 1 4505 4506 4647 4646
4475 2 1 1 4506 4507 4648 4647
4476 2 1 1 4507 4508 4649 4648
4477 2 1 1 4508 4509 4650 4649
4478 2 1 1 4509 4510 4651 4650
4479 2 1 1 4510 4511 4652 4651
4480 2 1 1 4511 4512 4653 4652
4481 2 1 1 4513 4514 4655 4654
4482 2 1 1 4514 4515 4656 4655
4483 2 1 1 4515 4516 4657 4656
4484 2 1 1 4516 4517 4658 4657
4485 2 1 1 4517 4518 4659 4658
4486 2 1 1 4518 4519 4660 4659
4487 2 1 1 4519 4520 4661 4660
4488 2 1 1 4520 4521 4662 4661
4489 2 1 1 4521 4522 4663 4662
4490 2 1 1 4522 4523 4664 4663
4491 2 1 1 4523 4524 4665 4664
4492 2 1 1 4524 4525 4666 4665
4493 2 1 1 4525 4526 4667 4666
4494 2 1 1 4526 4527 4668 4667
4495 2 1 1 4527 4528 4669 4668
4496 2 1 1 4528 4529 4670 4669
4497 2 1 1 4529 4530 4671 4670
4498 2 1 1 4530 4531 4672 4671
4499 2 1 1 4531 4532 4673 4672
4500 2 1 1 4532 4533 4674 4673
4501 2 1 1 4533 4534 4675 4674
4502 2 1 1 4534 4535 4676 4675
4503 2 1 1 4535 4536 4677 4676
4504 2 1 1 4536 4537 4678 4677
4505 2 1 1 4537 4538 4679 4678
4506 2 1 1 4538 4539 4680 4679
4507 2 1 1 4539 4540 4681 4680
4508 2 1 1 4540 4541 4682 4681
4509 2 1 1 4541 4542 4683 4682
4510 2 1 1 4542 4543 4684 4683
4511 2 1 1 4543 4544 4685 4684
4512 2 1 1 4544 4545 4686 4685
4513 2 1 1 4545 4546 4687 4686
4514 2 1 1 4546 4547 4688 4687
4515 2 1 1 4547 4548 4689 4688
4516 2 1 1 4548 4549 4690 4689
4517 2 1 1 4549 4550 4691 4690
4518 2 1 1 4550 4551 4692 4691
4519 2 1 1 4551 4552 4693 4692
4520 2 1 1 4552 4553 4694 4693
4521 2 1 1 4553 4554 4695 4694
4522 2 1 1 4554 4555 4696 4695
4523 2 1 1 4555 4556 4697 4696
4524 2 1 1 4556 4557 4698 4697
4525 2 1 1 4557 4558 4699 4698
4526 2 1 1 4558 4559 4700 4699
4527 2 1 1 4559 4560 4701 4700
4528 2 1 1 4560 4561 4702 4701
4529 2 1 1 4561 4562 4703 4702
4530 2 1 1 4562 4563 4704 4703
4531 2 1 1 4563 4564 4705 4704
4532 2 1 1 4564 4565 4706 4705
4533 2 1 1 4565 4566 4707 4706
4534 2 1 1 4566 4567 4708 4707
4535 2 1 1 4567 4568 4709 4708
4536 2 1 1 4568 4569 4710 4709
4537 2 1 1 4569 4570 4711 4710
4538 2 1 1 4570 4571 4712 4711
4539 2 1 1 4571 4572 4713 4712
4540 2 1 1 4572 4573 4714 4713
4541 2 1 1 4573 4574 4715 4714
4542 2 1 1 4574 4575 4716 4715
4543 2 1 1 4575 4576 4717 4716
4544 2 1 1 4576 4577 4718 4717
4545 2 1 1 4577 4578 4719 4718
4546 2 1 1 4578 4579 4720 4719
4547 2 1 1 4579 4580 4721 4720
4548 2 1 1 4580 4581 4722 4721
4549 2 1 1 4581 4582 4723 4722
4550 2 1 1 4582 4583 4724 4723
4551 2 1 1 4583 4584 4725 4724
4552 2 1 1 4584 4585 4726 4725
4553 2 1 1 4585 4586 4727 4726
4554 2 1 1 4586 4587 4728 4727
4555 2 1 1 4587 4588 4729 4728
4556 2 1 1 4588 4589 4730 4729
4557 2 1 1 4589 4590 4731 4730
4558 2 1 1 4590 4591 4732 4731
4559 2 1 1 4591 4592 4733 4732
4560 2 1 1 4592 4593 4734 4733
4561 2 1 1 4593 4594 4735 4734
4562 2 1 1 4594 4595 4736 4735
4563 2 1 1 4595 4596 4737 4736
4564 2 1 1 4596 4597 4738 4737
4565 2 1 1 4597 4598 4739 4738
4566 2 1 1 4598 4599 4740 4739
4567 2 1 1 4599 4600 4741 4740
4568 2 1 1 4600 4601 4742 4741
4569 2 1 1 4601 4602 4743 4742
4570 2 1 1 4602 4603 4744 4743
4571 2 1 1 4603 4604 4745 4744
4572 2 1 1 4604 4605 4746 4745
4573 2 1 1 4605 4606 4747 4746
4574 2 1 1 4606 4607 4748 4747
4575 2 1 1 4607 4608 4749 4748
4576 2 1 1 4608 4609 4750 4749
4577 2 1 1 4609 4610 4751 4750
4578 2 1 1 4610 4611 4752 4751
4579 2 1 1 4611 4612 4753 4752
4580 2 1 1 4612 4613 4754 4753
4581 2 1 1 4613 4614 4755 4754
4582 2 1 1 4614 4615 4756 4755
4583 2 1 1 4615 4616 4757 4756
4584 2 1 1 4616 4617 4758 4757
4585 2 1 1 4617 4618 4759 4758
4586 2 1 1 4618 4619 4760 4759
4587 2 1 1 4619 4620 4761 4760
4588 2 1 1 4620 4621 4762 4761
4589 2 1 1 4621 4622 4763 4762
4590 2 1 1 4622 4623 4764 4763
4591 2 1 1 4623 4624 4765 4764
4592 2 1 1 4624 4625 4766 4765
4593 2 1 1 4625 4626 4767 4766
4594 2 1 1 4626 4627 4768 4767
4595 2 1 1 4627 4628 4769 4768
4596 2 1 1 4628 4629 4770 4769
4597 2 1 1 4629 4630 4771 4770
4598 2 1 1 4630 4631 4772 4771
4599 2 1 1 4631 4632 4773 4772
4600 2 1 1 4632 4633 4774 4773
4601 2 1 1 4633 4634 4775 4774
4602 2 1 1 4634 4635 4776 4775
4603 2 1 1 4635 4636 4777 4776
4604 2 1 1 4636 4637 4778 4777
4605 2 1 1 4637 4638 4779 4778
4606 2 1 1 4638 4639 4780 4779
4607 2 1 1 4639 4640 4781 4780
4608 2 1 1 4640 4641 4782 4781
4609 2 1 1 4641 4642 4783 4782
4610 2 1 1 4642 4643 4784 4783
4611 2 1 1 4643 4644 4785 4784
4612 2 1 1 4644 4645 4786 4785
4613 2 1 1 4645 4646 4787 4786
4614 2 1 1 4646 4647 4788 4787
4615 2 1 1 4647 4648 4789 4788
4616 2 1 1 4648 4649 4790 4789
4617 2 1 1 4649 4650 4791 4790
4618 2 1 1 4650 4651 4792 4791
4619 2 1 1 4651 4652 4793 4792
4620 2 1 1 4652 4653 4794 4793
4621 2 1 1 4654 4655 4796 4795
4622 2 1 1 4655 4656 4797 4796
4623 2 1 1 4656 4657 4798 4797
4624 2 1 1 4657 4658 4799 4798
4625 2 1 1 4658 4659 4800 4799
4626 2 1 1 4659 4660 4801 4800
4627 2 1 1 4660 4661 4802 4801
4628 2 1 1 4661 4662 4803 4802
4629 2 1 1 4662 4663 4804 4803
4630 2 1 1 4663 4664 4805 4804
4631 2 1 1 4664 4665 4806 4805
4632 2 1 1 4665 4666 4807 4806
4633 2 1 1 4666 4667 4808 4807
4634 2 1 1 4667 4668 4809 4808
4635 2 1 1 4668 4669 4810 4809
4636 2 1 1 4669 4670 4811 4810
4637 2 1 1 4670 4671 4812 4811
4638 2 1 1 4671 4672 4813 4812
4639 2 1 1 4672 4673 4814 4813
4640 2 1 1 4673 4674 4815 4814
4641 2 1 1 4674 4675 4816 4815
4642 2 1 1 4675 4676 4817 4816
4643 2 1 1 4676 4677 4818 4817
4644 2 1 1 4677 4678 4819 4818
4645 2 1 1 4678 4679 4820 4819
4646 2 1 1 4679 4680 4821 4820
4647 2 1 1 4680 4681 4822 4821
4648 2 1 1 4681 4682 4823 4822
4649 2 1 1 4682 4683 4824 4823
4650 2 1 1 4683 4684 4825 4824
4651 2 1 1 4684 4685 4826 4825
4652 2 1 1 4685 4686 4827 4826
4653 2 1 1 4686 4687 4828 4827
4654 2 1 1 4687 4688 4829 4828
4655 2 1 1 4688 4689 4830 4829
4656 2 1 1 4689 4690 4831 4830
4657 2 1 1 4690 4691 4832 4831
4658 2 1 1 4691 4692 4833 4832
4659 2 1 1 4692 4693 4834 4833
4660 2 1 1 4693 4694 4835 4834
4661 2 1 1 4694 4695 4836 4835
4662 2 1 1 4695 4696 4837 4836
4663 2 1 1 4696 4697 4838 4837
4664 2 1 1 4697 4698 4839 4838
4665 2 1 1 4698 4699 4840 4839
4666 2 1 1 4699 4700 4841 4840
4667 2 1 1 4700 4701 4842 4841
4668 2 1 1 4701 4702 4843 4842
4669 2 1 1 4702 4703 4844 4843
4670 2 1 1 4703 4704 4845 4844
4671 2 1 1 4704 4705 4846 4845
4672 2 1 1 4705 4706 4847 4846
4673 2 1 1 4706 4707 4848 4847
4674 2 1 1 4707 4708 4849 4848
4675 2 1 1 4708 4709 4850 4849
4676 2 1 1 4709 4710 4851 4850
4677 2 1 1 4710 4711 4852 4851
4678 2 1 1 4711 4712 4853 4852
4679 2 1 1 4712 4713 4854 4853
4680 2 1 1 4713 4714 4855 4854
4681 2 1 1 4714 4715 4856 4855
4682 2 1 1 4715 4716 4857 4856
4683 2 1 1 4716 4717 4858 4857
4684 2 1 1 4717 4718 4859 4858
4685 2 1 1 4718 4719 4860 4859
4686 2 1 1 4719 4720 4861 4860
4687 2 1 1 4720 4721 4862 4861
4688 2 1 1 4721 4722 4863 4862
4689 2 1 1 4722 4723 4864 4863
4690 2 1 1 4723 4724 4865 4864
4691 2 1 1 4724 4725 4866 4865
4692 2 1 1 4725 4726 4867 4866
4693 2 1 1 4726 4727 4868 4867
4694 2 1 1 4727 4728 4869 4868
4695 2 1 1 4728 4729 4870 4869
4696 2 1 1 4729 4730 4871 4870
4697 2 1 1 4730 4731 4872 4871
4698 2 1 1 4731 4732 4873 4872
4699 2 1 1 4732 4733 4874 4873
4700 2 1 1 4733 4734 4875 4874
4701 2 1 1 4734 4735 4876 4875
4702 2 1 1 4735 4736 4877 4876
4703 2 1 1 4736 4737 4878 4877
4704 2 1 1 4737 4738 4879 4878
4705 2 1 1 4738 4739 4880 4879
4706 2 1 1 4739 4740 4881 4880
4707 2 1 1 4740 4741 4882 4881
4708 2 1 1 4741 4742 4883 4882
4709 2 1 1 4742 4743 4884 4883
4710 2 1 1 4743 4744 4885 4884
4711 2 1 1 4744 4745 4886 4885
4712 2 1 1 4745 4746 4887 4886
4713 2 1 1 4746 4747 4888 4887
4714 2 1 1 4747 4748 4889 4888
4715 2 1 1 4748 4749 4890 4889
4716 2 1 1 4749 4750 4891 4890
4717 2 1 1 4750 4751 4892 4891
4718 2 1 1 4751 4752 4893 4892
4719 2 1 1 4752 4753 4894 4893
4720 2 1 1 4753 4754 4895 4894
4721 2 1 1 4754 4755 4896 4895
4722 2 1 1 4755 4756 4897 4896
4723 2 1 1 4756 4757 4898 4897
4724 2 1 1 4757 4758 4899 4898
4725 2 1 1 4758 4759 4900 4899
4726 2 1 1 4759 4760 4901 4900
4727 2 1 1 4760 4761 4902 4901
4728 2 1 1 4761 4762 4903 4902
4729 2 1 1 4762 4763 4904 4903
4730 2 1 1 4763 4764 4905 4904
4731 2 1 1 4764 4765 4906 4905
4732 2 1 1 4765 4766 4907 4906
4733 2 1 1 4766 4767 4908 4907
4734 2 1 1 4767 4768 4909 4908
4735 2 1 1 4768 4769 4910 4909
4736 2 1 1 4769 4770 4911 4910
4737 2 1 1 4770 4771 4912 4911
4738 2 1 1 4771 4772 4913 4912
4739 2 1 1 4772 4773 4914 4913
4740 2 1 1 4773 4774 4915 4914
4741 2 1 1 4774 4775 4916 4915
4742 2 1 1 4775 4776 4917 4916
4743 2 1 1 4776 4777 4918 4917
4744 2 1 1 4777 4778 4919 4918
4745 2 1 1 4778 4779 4920 4919
4746 2 1 1 4779 4780 4921 4920
4747 2 1 1 4780 4781 4922 4921
4748 2 1 1 4781 4782 4923 4922
4749 2 1 1 4782 4783 4924 4923
4750 2 1 1 4783 4784 4925 4924
4751 2 1 1 4784 4785 4926 4925
4752 2 1 1 4785 4786 4927 4926
4753 2 1 1 4786 4787 4928 4927
4754 2 1 1 4787 4788 4929 4928
4755 2 1 1 4788 4789 4930 4929
4756 2 1 1 4789 4790 4931 4930
4757 2 1 1 4790 4791 4932 4931
4758 2 1 1 4791 4792 4933 4932
4759 2 1 1 4792 4793 4934 4933
4760 2 1 1 4793 4794 4935 4934
4761 2 1 1 4795 4796 4937 4936
4762 2 1 1 4796 4797 4938 4937
4763 2 1 1 4797 4798 4939 4938
4764 2 1 1 4798 4799 4940 4939
4765 2 1 1 4799 4800 4941 4940
4766 2 1 1 4800 4801 4942 4941
4767 2 1 1 4801 4802 4943 4942
4768 2 1 1 4802 4803 4944 4943
4769 2 1 1 4803 4804 4945 4944
4770 2 1 1 4804 4805 4946 4945
4771 2 1 1 4805 4806 4947 4946
4772 2 1 1 4806 4807 4948 4947
4773 2 1 1 4807 4808 4949 4948
4774 2 1 1 4808 4809 4950 4949
4775 2 1 1 4809 4810 4951 4950
4776 2 1 1 4810 4811 4952 4951
4777 2 1 1 4811 4812 4953 4952
4778 2 1 1 4812 4813 4954 4953
4779 2 1 1 4813 4814 4955 4954
4780 2 1 1 4814 4815 4956 4955
4781 2 1 1 4815 4816 4957 4956
4782 2 1 1 4816 4817 4958 4957
4783 2 1 1 4817 4818 4959 4958
4784 2 1 1 4818 4819 4960 4959
4785 2 1 1 4819 4820 4961 4960
4786 2 1 1 4820 4821 4962 4961
4787 2 1 1 4821 4822 4963 4962
4788 2 1 1 4822 4823 4964 4963
4789 2 1 1 4823 4824 4965 4964
4790 2 1 1 4824 4825 4966 4965
4791 2 1 1 4825 4826 4967 4966
4792 2 1 1 4826 4827 4968 4967
4793 2 1 1 4827 4828 4969 4968
4794 2 1 1 4828 4829 4970 4969
4795 2 1 1 4829 4830 4971 4970
4796 2 1 1 4830 4831 4972 4971
4797 2 1 1 4831 4832 4973 4972
4798 2 1 1 4832 4833 4974 4973
4799 2 1 1 4833 4834 4975 4974
4800 2 1 1 4834 4835 4976 4975
4801 2 1 1 4835 4836 4977 4976
4802 2 1 1 4836 4837 4978 4977
4803 2 1 1 4837 4838 4979 4978
4804 2 1 1 4838 4839 4980 4979
4805 2 1 1 4839 4840 4981 4980
4806 2 1 1 4840 4841 4982 4981
4807 2 1 1 4841 4842 4983 4982
4808 2 1 1 4842 4843 4984 4983
4809 2 1 1 4843 4844 4985 4984
4810 2 1 1 4844 4845 4986 4985
4811 2 1 1 4845 4846 4987 4986
4812 2 1 1 4846 4847 4988 4987
4813 2 1 1 4847 4848 4989 4988
4814 2 1 1 4848 4849 4990 4989
4815 2 1 1 4849 4850 4991 4990
4816 2 1 1 4850 4851 4992 4991
4817 2 1 1 4851 4852 4993 4992
4818 2 1 1 4852 4853 4994 4993
4819 2 1 1 4853 4854 4995 4994
4820 2 1 1 4854 4855 4996 4995
4821 2 1 1 4855 4856 4997 4996
4822 2 1 1 4856 4857 4998 4997
4823 2 1 1 4857 4858 4999 4998
4824 2 1 1 4858 4859 5000 4999
4825 2 1 1 4859 4860 5001 5000
4826 2 1 1 4860 4861 5002 5001
4827 2 1 1 4861 4862 5003 5002
4828 2 1 1 4862 4863 5004 5003
4829 2 1 1 4863 4864 5005 5004
4830 2 1 1 4864 4865 5006 5005
4831 2 1 1 4865 4866 5007 5006
4832 2 1 1 4866 4867 5008 5007
4833 2 1 1 4867 4868 5009 5008
4834 2 1 1 4868 4869 5010 5009
4835 2 1 1 4869 4870 5011 5010
4836 2 1 1 4870 4871 5012 5011
4837 2 1 1 4871 4872 5013 5012
4838 2 1 1 4872 4873 5014 5013
4839 2 1 1 4873 4874 5015 5014
4840 2 1 1 4874 4875 5016 5015
4841 2 1 1 4875 4876 5017 5016
4842 2 1 1 4876 4877 5018 5017
4843 2 1 1 4877 4878 5019 5018
4844 2 1 1 4878 4879 5020 5019
4845 2 1 1 4879 4880 5021 5020
4846 2 1 1 4880 4881 5022 5021
4847 2 1 1 4881 4882 5023 5022
4848 2 1 1 4882 4883 5024 5023
4849 2 1 1 4883 4884 5025 5024
4850 2 1 1 4884 4885 5026 5025
4851 2 1 1 4885 4886 5027 5026
4852 2 1 1 4886 4887 5028 5027
4853 2 1 1 4887 4888 5029 5028
4854 2 1 1 4888 4889 5030 5029
4855 2 1 1 4889 4890 5031 5030
4856 2 1 1 4890 4891 5032 5031
4857 2 1 1 4891 4892 5033 5032
4858 2 1 1 4892 4893 5034 5033
4859 2 1 1 4893 4894 5035 5034
4860 2 1 1 4894 4895 5036 5035
4861 2 1 1 4895 4896 5037 5036
4862 2 1 1 4896 4897 5038 5037
4863 2 1 1 4897 4898 5039 5038
4864 2 1 1 4898 4899 5040 5039
4865 2 1 1 4899 4900 5041 5040
4866 2 1 1 4900 4901 5042 5041
4867 2 1 1 4901 4902 5043 5042
4868 2 1 1 4902 4903 5044 5043
4869 2 1 1 4903 4904 5045 5044
4870 2 1 1 4904 4905 5046 5045
4871 2 1 1 4905 4906 5047 5046
4872 2 1 1 4906 4907 5048 5047
4873 2 1 1 4907 4908 5049 5048
4874 2 1 1 4908 4909 5050 5049
4875 2 1 1 4909 4910 5051 5050
4876 2 1 1 4910 4911 5052 5051
4877 2 1 1 4911 4912 5053 5052
4878 2 1 1 4912 4913 5054 5053
4879 2 1 1 4913 4914 5055 5054
4880 2 1 1 4914 4915 5056 5055
4881 2 1 1 4915 4916 5057 5056
4882 2 1 1 4916 4917 5058 5057
4883 2 1 1 4917 4918 5059 5058
4884 2 1 1 4918 4919 5060 5059
4885 2 1 1 4919 4920 5061 5060
4886 2 1 1 4920 4921 5062 5061
4887 2 1 1 4921 4922 5063 5062
4888 2 1 1 4922 4923 5064 5063
4889 2 1 1 4923 4924 5065 5064
4890 2 1 1 4924 4925 5066 5065
4891 2 1 1 4925 4926 5067 5066
4892 2 1 1 4926 4927 5068 5067
4893 2 1 1 4927 4928 5069 5068
4894 2 1 1 4928 4929 5070 5069
4895 2 1 1 4929 4930 5071 5070
4896 2 1 1 4930 4931 5072 5071
4897 2 1 1 4931 4932 5073 5072
4898 2 1 1 4932 4933 5074 5073
4899 2 1 1 4933 4934 5075 5074
4900 2 1 1 4934 4935 5076 5075
4901 2 1 1 4936 4937 5078 5077
4902 2 1 1 4937 4938 5079 5078
4903 2 1 1 4938 4939 5080 5079
4904 2 1 1 4939 4940 5081 5080
4905 2 1 1 4940 4941 5082 5081
4906 2 1 1 4941 4942 5083 5082
4907 2 1 1 4942 4943 5084 5083
4908 2 1 1 4943 4944 5085 5084
4909 2 1 1 4944 4945 5086 5085
4910 2 1 1 4945 4946 5087 5086
4911 2 1 1 4946 4947 5088 5087
4912 2 1 1 4947 4948 5089 5088
4913 2 1 1 4948 4949 5090 5089
4914 2 1 1 4949 4950 5091 5090
4915 2 1 1 4950 4951 5092 5091
4916 2 1 1 4951 4952 5093 5092
4917 2 1 1 4952 4953 5094 5093
4918 2 1 1 4953 4954 5095 5094
4919 2 1 1 4954 4955 5096 5095
4920 2 1 1 4955 4956 5097 5096
4921 2 1 1 4956 4957 5098 5097
4922 2 1 1 4957 4958 5099 5098
4923 2 1 1 4958 4959 5100 5099
4924 2 1 1 4959 4960 5101 5100
4925 2 1 1 4960 4961 5102 5101
4926 2 1 1 4961 4962 5103 5102
4927 2 1 1 4962 4963 5104 5103
4928 2 1 1 4963 4964 5105 5104
4929 2 1 1 4964 4965 5106 5105
4930 2 1 1 4965 4966 5107 5106
4931 2 1 1 4966 4967 5108 5107
4932 2 1 1 4967 4968 5109 5108
4933 2 1 1 4968 4969 5110 5109
4934 2 1 1 4969 4970 5111 5110
4935 2 1 1 4970 4971 5112 5111
4936 2 1 1 4971 4972 5113 5112
4937 2 1 1 4972 4973 5114 5113
4938 2 1 1 4973 4974 5115 5114
4939 2 1 1 4974 4975 5116 5115
4940 2 1 1 4975 4976 5117 5116
4941 2 1 1 4976 4977 5118 5117
4942 2 1 1 4977 4978 5119 5118
4943 2 1 1 4978 4979 5120 5119
4944 2 1 1 4979 4980 5121 5120
4945 2 1 1 4980 4981 5122 5121
4946 2 1 1 4981 4982 5123 5122
4947 2 1 1 4982 4983 5124 5123
4948 2 1 1 4983 4984 5125 5124
4949 2 1 1 4984 4985 5126 5125
4950 2 1 1 4985 4986 5127 5126
4951 2 1 1 4986 4987 5128 5127
4952 2 1 1 4987 4988 5129 5128
4953 2 1 1 4988 4989 5130 5129
4954 2 1 1 4989 4990 5131 5130
4955 2 1 1 4990 4991 5132 5131
4956 2 1 1 4991 4992 5133 5132
4957 2 1 1 4992 4993 5134 5133
4958 2 1 1 4993 4994 5135 5134
4959 2 1 1 4994 4995 5136 5135
4960 2 1 1 4995 4996 5137 5136
4961 2 1 1 4996 4997 5138 5137
4962 2 1 1 4997 4998 5139 5138
4963 2 1 1 4998 4999 5140 5139
4964 2 1 1 4999 5000 5141 5140
4965 2 1 1 5000 5001 5142 5141
4966 2 1 1 5001 5002 5143 5142
4967 2 1 1 5002 5003 5144 5143
4968 2 1 1 5003 5004 5145 5144
4969 2 1 1 5004 5005 5146 5145
4970 2 1 1 5005 5006 5147 5146
4971 2 1 1 5006 5007 5148 5147
4972 2 1 1 5007 5008 5149 5148
4973 2 1 1 5008 5009 5150 5149
4974 2 1 1 5009 5010 5151 5150
4975 2 1 1 5010 5011 5152 5151
4976 2 1 1 5011 5012 5153 5152
4977 2 1 1 5012 5013 5154 5153
4978 2 1 1 5013 5014 5155 5154
4979 2 1 1 5014 5015 5156 5155
4980 2 1 1 5015 5016 5157 5156
4981 2 1 1 5016 5017 5158 5157
4982 2 1 1 5017 5018 5159 5158
4983 2 1 1 5018 5019 5160 5159
4984 2 1 1 5019 5020 5161 5160
4985 2 1 1 5020 5021 5162 5161
4986 2 1 1 5021 5022 5163 5162
4987 2 1 1 5022 5023 5164 5163
4988 2 1 1 5023 5024 5165 5164
4989 2 1 1 5024 5025 5166 5165
4990 2 1 1 5025 5026 5167 5166
4991 2 1 1 5026 5027 5168 5167
4992 2 1 1 5027 5028 5169 5168
4993 2 1 1 5028 5029 5170 5169
4994 2 1 1 5029 5030 5171 5170
4995 2 1 1 5030 5031 5172 5171
4996 2 1 1 5031 5032 5173 5172
4997 2 1 1 5032 5033 5174 5173
4998 2 1 1 5033 5034 5175 5174
4999 2 1 1 5034 5035 5176 5175
5000 2 1 1 5035 5036 5177 5176
5001 2 1 1 5036 5037 5178 5177
5002 2 1 1 5037 5038 5179 5178
5003 2 1 1 5038 5039 5180 5179
5004 2 1 1 5039 5040 5181 5180
5005 2 1 1 5040 5041 5182 5181
5006 2 1 1 5041 5042 5183 5182
5007 2 1 1 5042 5043 5184 5183
5008 2 1 1 5043 5044 5185 5184
5009 2 1 1 5044 5045 5186 5185
5010 2 1 1 5045 5046 5187 5186
5011 2 1 1 5046 5047 5188 5187
5012 2 1 1 5047 5048 5189 5188
5013 2 1 1 5048 5049 5190 5189
5014 2 1 1 5049 5050 5191 5190
5015 2 1 1 5050 5051 5192 5191
5016 2 1 1 5051 5052 5193 5192
5017 2 1 1 5052 5053 5194 5193
5018 2 1 1 5053 5054 5195 5194
5019 2 1 1 5054 5055 5196 5195
5020 2 1 1 5055 5056 5197 5196
5021 2 1 1 5056 5057 5198 5197
5022 2 1 1 5057 5058 5199 5198
5023 2 1 1 5058 5059 5200 5199
5024 2 1 1 5059 5060 5201 5200
5025 2 1 1 5060 5061 5202 5201
5026 2 1 1 5061 5062 5203 5202
5027 2 1 1 5062 5063 5204 5203
5028 2 1 1 5063 5064 5205 5204
5029 2 1 1 5064 5065 5206 5205
5030 2 1 1 5065 5066 5207 5206
5031 2 1 1 5066 5067 5208 5207
5032 2 1 1 5067 5068 5209 5208
5033 2 1 1 5068 5069 5210 5209
5034 2 1 1 5069 5070 5211 5210
5035 2 1 1 5070 5071 5212 5211
5036 2 1 1 5071 5072 5213 5212
5037 2 1 1 5072 5073 5214 5213
5038 2 1 1 5073 5074 5215 5214
5039 2 1 1 5074 5075 5216 5215
5040 2 1 1 5075 5076 5217 5216
5041 2 1 1 5077 5078 5219 5218
5042 2 1 1 5078 5079 5220 5219
5043 2 1 1 5079 5080 5221 5220
5044 2 1 1 5080 5081 5222 5221
5045 2 1 1 5081 5082 5223 5222
5046 2 1 1 5082 5083 5224 5223
5047 2 1 1 5083 5084 5225 5224
5048 2 1 1 5084 5085 5226 5225
5049 2 1 1 5085 5086 5227 5226
5050 2 1 1 5086 5087 5228 5227
5051 2 1 1 5087 5088 5229 5228
5052 2 1 1 5088 5089 5230 5229
5053 2 1 1 5089 5090 5231 5230
5054 2 1 1 5090 5091 5232 5231
5055 2 1 1 5091 5092 5233 5232
5056 2 1 1 5092 5093 5234 5233
5057 2 1 1 5093 5094 5235 5234
5058 2 1 1 5094 5095 5236 5235
5059 2 1 1 5095 5096 5237 5236
5060 2 1 1 5096 5097 5238 5237
5061 2 1 1 5097 5098 5239 5238
5062 2 1 1 5098 5099 5240 5239
5063 2 1 1 5099 5100 5241 5240
5064 2 1 1 5100 5101 5242 5241
5065 2 1 1 5101 5102 5243 5242
5066 2 1 1 5102 5103 5244 5243
5067 2 1 1 5103 5104 5245 5244
5068 2 1 1 5104 5105 5246 5245
5069 2 1 1 5105 5106 5247 5246
5070 2 1 1 5106 5107 5248 5247
5071 2 1 1 5107 5108 5249 5248
5072 2 1 1 5108 5109 5250 5249
5073 2 1 1 5109 5110 5251 5250
5074 2 1 1 5110 5111 5252 5251
5075 2 1 1 5111 5112 5253 5252
5076 2 1 1 5112 5113 5254 5253
5077 2 1 1 5113 5114 5255 5254
5078 2 1 1 5114 5115 5256 5255
5079 2 1 1 5115 5116 5257 5256
5080 2 1 1 5116 5117 5258 5257
5081 2 1 1 5117 5118 5259 5258
5082 2 1 1 5118 5119 5260 5259
5083 2 1 1 5119 5120 5261 5260
5084 2 1 1 5120 5121 5262 5261
5085 2 1 1 5121 5122 5263 5262
5086 2 1 1 5122 5123 5264 5263
5087 2 1 1 5123 5124 5265 5264
5088 2 1 1 5124 5125 5266 5265
5089 2 1 1 5125 5126 5267 5266
5090 2 1 1 5126 5127 5268 5267
5091 2 1 1 5127 5128 5269 5268
5092 2 1 1 5128 5129 5270 5269
5093 2 1 1 5129 5130 5271 5270
5094 2 1 1 5130 5131 5272 5271
5095 2 1 1 5131 5132 5273 5272
5096 2 1 1 5132 5133 5274 5273
5097 2 1 1 5133 5134 5275 5274
5098 2 1 1 5134 5135 5276 5275
5099 2 1 1 5135 5136 5277 5276
5100 2 1 1 5136 5137 5278 5277
5101 2 1 1 5137 5138 5279 5278
5102 2 1 1 5138 5139 5280 5279
5103 2 1 1 5139 5140 5281 5280
5104 2 1 1 5140 5141 5282 5281
5105 2 1 1 5141 5142 5283 5282
5106 2 1 1 5142 5143 5284 5283
5107 2 1 1 5143 5144 5285 5284
5108 2 1 1 5144 5145 5286 5285
5109 2 1 1 5145 5146 5287 5286
5110 2 1 1 5146 5147 5288 5287
5111 2 1 1 5147 5148 5289 5288
5112 2 1 1 5148 5149 5290 5289
5113 2 1 1 5149 5150 5291 5290
5114 2 1 1 5150 5151 5292 5291
5115 2 1 1 5151 5152 5293 5292
5116 2 1 1 5152 5153 5294 5293
5117 2 1 1 5153 5154 5295 5294
5118 2 1 1 5154 5155 5296 5295
5119 2 1 1 5155 5156 5297 5296
5120 2 1 1 5156 5157 5298 5297
5121 2 1 1 5157 5158 5299 5298
5122 2 1 1 5158 5159 5300 5299
5123 2 1 1 5159 5160 5301 5300
5124 2 1 1 5160 5161 5302 5301
5125 2 1 1 5161 5162 5303 5302
5126 2 1 1 5162 5163 5304 5303
5127 2 1 1 5163 5164 5305 5304
5128 2 1 1 5164 5165 5306 5305
5129 2 1 1 5165 5166 5307 5306
5130 2 1 1 5166 5167 5308 5307
5131 2 1 1 5167 5168 5309 5308
5132 2 1 1 5168 5169 5310 5309
5133 2 1 1 5169 5170 5311 5310
5134 2 1 1 5170 5171 5312 5311
5135 2 1 1 5171 5172 5313 5312
5136 2 1 1 5172 5173 5314 5313
5137 2 1 1 5173 5174 5315 5314
5138 2 1 1 5174 5175 5316 5315
5139 2 1 1 5175 5176 5317 5316
5140 2 1 1 5176 5177 5318 5317
5141 2 1 1 5177 5178 5319 5318
5142 2 1 1 5178 5179 5320 5319
5143 2 1 1 5179 5180 5321 5320
5144 2 1 1 5180 5181 5322 5321
5145 2 1 1 5181 5182 5323 5322
5146 2 1 1 5182 5183 5324 5323
5147 2 1 1 5183 5184 5325 5324
5148 2 1 1 5184 5185 5326 5325
5149 2 1 1 5185 5186 5327 5326
5150 2 1 1 5186 5187 5328 5327
5151 2 1 1 5187 5188 5329 5328
5152 2 1 1 5188 5189 5330 5329
5153 2 1 1 5189 5190 5331 5330
5154 2 1 1 5190 5191 5332 5331
5155 2 1 1 5191 5192 5333 5332
5156 2 1 1 5192 5193 5334 5333
5157 2 1 1 5193 5194 5335 5334
5158 2 1 1 5194 5195 5336 5335
5159 2 1 1 5195 5196 5337 5336
5160 2 1 1 5196 5197 5338 5337
5161 2 1 1 5197 5198 5339 5338
5162 2 1 1 5198 5199 5340 5339
5163 2 1 1 5199 5200 5341 5340
5164 2 1 1 5200 5201 5342 5341
5165 2 1 1 5201 5202 5343 5342
5166 2 1 1 5202 5203 5344 5343
5167 2 1 1 5203 5204 5345 5344
5168 2 1 1 5204 5205 5346 5345
5169 2 1 1 5205 5206 5347 5346
5170 2 1 1 5206 5207 5348 5347
5171 2 1 1 5207 5208 5349 5348
5172 2 1 1 5208 5209 5350 5349
5173 2 1 1 5209 5210 5351 5350
5174 2 1 1 5210 5211 5352 5351
5175 2 1 1 5211 5212 5353 5352
5176 2 1 1 5212 5213 5354 5353
5177 2 1 1 5213 5214 5355 5354
5178 2 1 1 5214 5215 5356 5355
5179 2 1 1 5215 5216 5357 5356
5180 2 1 1 5216 5217 5358 5357
5181 2 1 1 5218 5219 5360 5359
5182 2 1 1 5219 5220 5361 5360
5183 2 1 1 5220 5221 5362 5361
5184 2 1 1 5221 5222 5363 5362
5185 2 1 1 5222 5223 5364 5363
5186 2 1 1 5223 5224 5365 5364
5187 2 1 1 5224 5225 5366 5365
5188 2 1 1 5225 5226 5367 5366
5189 2 1 1 5226 5227 5368 5367
5190 2 1 1 5227 5228 5369 5368
5191 2 1 1 5228 5229 5370 5369
5192 2 1 1 5229 5230 5371 5370
5193 2 1 1 5230 5231 5372 5371
5194 2 1 1 5231 5232 5373 5372
5195 2 1 1 5232 5233 5374 5373
5196 2 1 1 5233 5234 5375 5374
5197 2 1 1 5234 5235 5376 5375
5198 2 1 1 5235 5236 5377 5376
5199 2 1 1 5236 5237 5378 5377
5200 2 1 1 5237 5238 5379 5378
5201 2 1 1 5238 5239 5380 5379
5202 2 1 1 5239 5240 5381 5380
5203 2 1 1 5240 5241 5382 5381
5204 2 1 1 5241 5242 5383 5382
5205 2 1 1 5242 5243 5384 5383
5206 2 1 1 5243 5244 5385 5384
5207 2 1 1 5244 5245 5386 5385
5208 2 1 1 5245 5246 5387 5386
5209 2 1 1 5246 5247 5388 5387
5210 2 1 1 5247 5248 5389 5388
5211 2 1 1 5248 5249 5390 5389
5212 2 1 1 5249 5250 5391 5390
5213 2 1 1 5250 5251 5392 5391
5214 2 1 1 5251 5252 5393 5392
5215 2 1 1 5252 5253 5394 5393
5216 2 1 1 5253 5254 5395 5394
5217 2 1 1 5254 5255 5396 5395
5218 2 1 1 5255 5256 5397 5396
5219 2 1 1 5256 5257 5398 5397
5220 2 1 1 5257 5258 5399 5398
5221 2 1 1 5258 5259 5400 5399
5222 2 1 1 5259 5260 5401 5400
5223 2 1 1 5260 5261 5402 5401
5224 2 1 1 5261 5262 5403 5402
5225 2 1 1 5262 5263 5404 5403
5226 2 1 1 5263 5264 5405 5404
5227 2 1 1 5264 5265 5406 5405
5228 2 1 1 5265 5266 5407 5406
5229 2 1 1 5266 5267 5408 5407
5230 2 1 1 5267 5268 5409 5408
5231 2 1 1 5268 5269 5410 5409
5232 2 1 1 5269 5270 5411 5410
5233 2 1 1 5270 5271 5412 5411
5234 2 1 1 5271 5272 5413 5412
5235 2 1 1 5272 5273 5414 5413
5236 2 1 1 5273 5274 5415 5414
5237 2 1 1 5274 5275 5416 5415
5238 2 1 1 5275 5276 5417 5416
5239 2 1 1 5276 5277 5418 5417
5240 2 1 1 5277 5278 5419 5418
5241 2 1 1 5278 5279 5420 5419
5242 2 1 1 5279 5280 5421 5420
5243 2 1 1 5280 5281 5422 5421
5244 2 1 1 5281 5282 5423 5422
5245 2 1 1 5282 5283 5424 5423
5246 2 1 1 5283 5284 5425 5424
5247 2 1 1 5284 5285 5426 5425
5248 2 1 1 5285 5286 5427 5426
5249 2 1 1 5286 5287 5428 5427
5250 2 1 1 5287 5288 5429 5428
5251 2 1 1 5288 5289 5430 5429
5252 2 1 1 5289 5290 5431 5430
5253 2 1 1 5290 5291 5432 5431
5254 2 1 1 5291 5292 5433 5432
5255 2 1 1 5292 5293 5434 5433
5256 2 1 1 5293 5294 5435 5434
5257 2 1 1 5294 5295 5436 5435
5258 2 1 1 5295 5296 5437 5436
5259 2 1 1 5296 5297 5438 5437
5260 2 1 1 5297 5298 5439 5438
5261 2 1 1 5298 5299 5440 5439
5262 2 1 1 5299 5300 5441 5440
5263 2 1 1 5300 5301 5442 5441
5264 2 1 1 5301 5302 5443 5442
5265 2 1 1 5302 5303 5444 5443
5266 2 1 1 5303 5304 5445 5444
5267 2 1 1 5304 5305 5446 5445
5268 2 1 1 5305 5306 5447 5446
5269 2 1 1 5306 5307 5448 5447
5270 2 1 1 5307 5308 5449 5448
5271 2 1 1 5308 5309 5450 5449
5272 2 1 1 5309 5310 5451 5450
5273 2 1 1 5310 5311 5452 5451
5274 2 1 1 5311 5312 5453 5452
5275 2 1 1 5312 5313 5454 5453
5276 2 1 1 5313 5314 5455 5454
5277 2 1 1 5314 5315 5456 5455
5278 2 1 1 5315 5316 5457 5456
5279 2 1 1 5316 5317 5458 5457
5280 2 1 1 5317 5318 5459 5458
5281 2 1 1 5318 5319 5460 5459
5282 2 1 1 5319 5320 5461 5460
5283 2 1 1 5320 5321 5462 5461
5284 2 1 1 5321 5322 5463 5462
5285 2 1 1 5322 5323 5464 5463
5286 2 1 1 5323 5324 5465 5464
5287 2 1 1 5324 5325 5466 5465
5288 2 1 1 5325 5326 5467 5466
5289 2 1 1 5326 5327 5468 5467
5290 2 1 1 5327 5328 5469 5468
5291 2 1 1 5328 5329 5470 5469
5292 2 1 1 5329 5330 5471 5470
5293 2 1 1 5330 5331 5472 5471
5294 2 1 1 5331 5332 5473 5472
5295 2 1 1 5332 5333 5474 5473
5296 2 1 1 5333 5334 5475 5474
5297 2 1 1 5334 5335 5476 5475
5298 2 1 1 5335 5336 5477 5476
5299 2 1 1 5336 5337 5478 5477
5300 2 1 1 5337 5338 5479 5478
5301 2 1 1 5338 5339 5480 5479
5302 2 1 1 5339 5340 5481 5480
5303 2 1 1 5340 5341 5482 5481
5304 2 1 1 5341 5342 5483 5482
5305 2 1 1 5342 5343 5484 5483
5306 2 1 1 5343 5344 5485 5484
5307 2 1 1 5344 5345 5486 5485
5308 2 1 1 5345 5346 5487 5486
5309 2 1 1 5346 5347 5488 5487
5310 2 1 1 5347 5348 5489 5488
5311 2 1 1 5348 5349 5490 5489
5312 2 1 1 5349 5350 5491 5490
5313 2 1 1 5350 5351 5492 5491
5314 2 1 1 5351 5352 5493 5492
5315 2 1 1 5352 5353 5494 5493
5316 2 1 1 5353 5354 5495 5494
5317 2 1 1 5354 5355 5496 5495
5318 2 1 1 5355 5356 5497 5496
5319 2 1 1 5356 5357 5498 5497
5320 2 1 1 5357 5358 5499 5498
5321 2 1 1 5359 5360 5501 5500
5322 2 1 1 5360 5361 5502 5501
5323 2 1 1 5361 5362 5503 5502
5324 2 1 1 5362 5363 5504 5503
5325 2 1 1 5363 5364 5505 5504
5326 2 1 1 5364 5365 5506 5505
5327 2 1 1 5365 5366 5507 5506
5328 2 1 1 5366 5367 5508 5507
5329 2 1 1 5367 5368 5509 5508
5330 2 1 1 5368 5369 5510 5509
5331 2 1 1 5369 5370 5511 5510
5332 2 1 1 5370 5371 5512 5511
5333 2 1 1 5371 5372 5513 5512
5334 2 1 1 5372 5373 5514 5513
5335 2 1 1 5373 5374 5515 5514
5336 2 1 1 5374 5375 5516 5515
5337 2 1 1 5375 5376 5517 5516
5338 2 1 1 5376 5377 5518 5517
5339 2 1 1 5377 5378 5519 5518
5340 2 1 1 5378 5379 5520 5519
5341 2 1 1 5379 5380 5521 5520
5342 2 1 1 5380 5381 5522 5521
5343 2 1 1 5381 5382 5523 5522
5344 2 1 1 5382 5383 5524 5523
5345 2 1 1 5383 5384 5525 5524
5346 2 1 1 5384 5385 5526 5525
5347 2 1 1 5385 5386 5527 5526
5348 2 1 1 5386 5387 5528 5527
5349 2 1 1 5387 5388 5529 5528
5350 2 1 1 5388 5389 5530 5529
5351 2 1 1 5389 5390 5531 5530
5352 2 1 1 5390 5391 5532 5531
5353 2 1 1 5391 5392 5533 5532
5354 2 1 1 5392 5393 5534 5533
5355 2 1 1 5393 5394 5535 5534
5356 2 1 1 5394 5395 5536 5535
5357 2 1 1 5395 5396 5537 5536
5358 2 1 1 5396 5397 5538 5537
5359 2 1 1 5397 5398 5539 5538
5360 2 1 1 5398 5399 5540 5539
5361 2 1 1 5399 5400 5541 5540
5362 2 1 1 5400 5401 5542 5541
5363 2 1 1 5401 5402 5543 5542
5364 2 1 1 5402 5403 5544 5543
5365 2 1 1 5403 5404 5545 5544
5366 2 1 1 5404 5405 5546 5545
5367 2 1 1 5405 5406 5547 5546
5368 2 1 1 5406 5407 5548 5547
5369 2 1 1 5407 5408 5549 5548
5370 2 1 1 5408 5409 5550 5549
5371 2 1 1 5409 5410 5551 5550
5372 2 1 1 5410 5411 5552 5551
5373 2 1 1 5411 5412 5553 5552
5374 2 1 1 5412 5413 5554 5553
5375 2 1 1 5413 5414 5555 5554
5376 2 1 1 5414 5415 5556 5555
5377 2 1 1 5415 5416 5557 5556
5378 2 1 1 5416 5417 5558 5557
5379 2 1 1 5417 5418 5559 5558
5380 2 1 1 5418 5419 5560 5559
5381 2 1 1 5419 5420 5561 5560
5382 2 1 1 5420 5421 5562 5561
5383 2 1 1 5421 5422 5563 5562
5384 2 1 1 5422 5423 5564 5563
5385 2 1 1 5423 5424 5565 5564
5386 2 1 1 5424 5425 5566 5565
5387 2 1 1 5425 5426 5567 5566
5388 2 1 1 5426 5427 5568 5567
5389 2 1 1 5427 5428 5569 5568
5390 2 1 1 5428 5429 5570 5569
5391 2 1 1 5429 5430 5571 5570
5392 2 1 1 5430 5431 5572 5571
5393 2 1 1 5431 5432 5573 5572
5394 2 1 1 5432 5433 5574 5573
5395 2 1 1 5433 5434 5575 5574
5396 2 1 1 5434 5435 5576 5575
5397 2 1 1 5435 5436 5577 5576
5398 2 1 1 5436 5437 5578 5577
5399 2 1 1 5437 5438 5579 5578
5400 2 1 1 5438 5439 5580 5579
5401 2 1 1 5439 5440 5581 5580
5402 2 1 1 5440 5441 5582 5581
5403 2 1 1 5441 5442 5583 5582
5404 2 1 1 5442 5443 5584 5583
5405 2 1 1 5443 5444 5585 5584
5406 2 1 1 5444 5445 5586 5585
5407 2 1 1 5445 5446 5587 5586
5408 2 1 1 5446 5447 5588 5587
5409 2 1 1 5447 5448 5589 5588
5410 2 1 1 5448 5449 5590 5589
5411 2 1 1 5449 5450 5591 5590
5412 2 1 1 5450 5451 5592 5591
5413 2 1 1 5451 5452 5593 5592
5414 2 1 1 5452 5453 5594 5593
5415 2 1 1 5453 5454 5595 5594
5416 2 1 1 5454 5455 5596 5595
5417 2 1 1 5455 5456 5597 5596
5418 2 1 1 5456 5457 5598 5597
5419 2 1 1 5457 5458 5599 5598
5420 2 1 1 5458 5459 5600 5599
5421 2 1 1 5459 5460 5601 5600
5422 2 1 1 5460 5461 5602 5601
5423 2 1 1 5461 5462 5603 5602
5424 2 1 1 5462 5463 5604 5603
5425 2 1 1 5463 5464 5605 5604
5426 2 1 1 5464 5465 5606 5605
5427 2 1 1 5465 5466 5607 5606
5428 2 1 1 5466 5467 5608 5607
5429 2 1 1 5467 5468 5609 5608
5430 2 1 1 5468 5469 5610 5609
5431 2 1 1 5469 5470 5611 5610
5432 2 1 1 5470 5471 5612 5611
5433 2 1 1 5471 5472 5613 5612
5434 2 1 1 5472 5473 5614 5613
5435 2 1 1 5473 5474 5615 5614
5436 2 1 1 5474 5475 5616 5615
5437 2 1 1 5475 5476 5617 5616
5438 2 1 1 5476 5477 5618 5617
5439 2 1 1 5477 5478 5619 5618
5440 2 1 1 5478 5479 5620 5619
5441 2 1 1 5479 5480 5621 5620
5442 2 1 1 5480 5481 5622 5621
5443 2 1 1 5481 5482 5623 5622
5444 2 1 1 5482 5483 5624 5623
5445 2 1 1 5483 5484 5625 5624
5446 2 1 1 5484 5485 5626 5625
5447 2 1 1 5485 5486 5627 5626
5448 2 1 1 5486 5487 5628 5627
5449 2 1 1 5487 5488 5629 5628
5450 2 1 1 5488 5489 5630 5629
5451 2 1 1 5489 5490 5631 5630
5452 2 1 1 5490 5491 5632 5631
5453 2 1 1 5491 5492 5633 5632
5454 2 1 1 5492 5493 5634 5633
5455 2 1 1 5493 5494 5635 5634
5456 2 1 1 5494 5495 5636 5635
5457 2 1 1 5495 5496 5637 5636
5458 2 1 1 5496 5497 5638 5637
5459 2 1 1 5497 5498 5639 5638
5460 2 1 1 5498 5499 5640 5639
5461 2 1 1 5500 5501 5642 5641
5462 2 1 1 5501 5502 5643 5642
5463 2 1 1 5502 5503 5644 5643
5464 2 1 1 5503 5504 5645 5644
5465 2 1 1 5504 5505 5646 5645
5466 2 1 1 5505 5506 5647 5646
5467 2 1 1 5506 5507 5648 5647
5468 2 1 1 5507 5508 5649 5648
5469 2 1 1 5508 5509 5650 5649
5470 2 1 1 5509 5510 5651 5650
5471 2 1 1 5510 5511 5652 5651
5472 2 1 1 5511 5512 5653 5652
5473 2 1 1 5512 5513 5654 5653
5474 2 1 1 5513 5514 5655 5654
5475 2 1 1 5514 5515 5656 5655
5476 2 1 1 5515 5516 5657 5656
5477 2 1 1 5516 5517 5658 5657
5478 2 1 1 5517 5518 5659 5658
5479 2 1 1 5518 5519 5660 5659
5480 2 1 1 5519 5520 5661 5660
5481 2 1 1 5520 5521 5662 5661
5482 2 1 1 5521 5522 5663 5662
5483 2 1 1 5522 5523 5664 5663
5484 2 1 1 5523 5524 5665 5664
5485 2 1 1 5524 5525 5666 5665
5486 2 1 1 5525 5526 5667 5666
5487 2 1 1 5526 5527 5668 5667
5488 2 1 1 5527 5528 5669 5668
5489 2 1 1 5528 5529 5670 5669
5490 2 1 1 5529 5530 5671 5670
5491 2 1 1 5530 5531 5672 5671
5492 2 1 1 5531 5532 5673 5672
5493 2 1 1 5532 5533 5674 5673
5494 2 1 1 5533 5534 5675 5674
5495 2 1 1 5534 5535 5676 5675
5496 2 1 1 5535 5536 5677 5676
5497 2 1 1 5536 5537 5678 5677
5498 2 1 1 5537 5538 5679 5678
5499 2 1 1 5538 5539 5680 5679
5500 2 1 1 5539 5540 5681 5680
5501 2 1 1 5540 5541 5682 5681
5502 2 1 1 5541 5542 5683 5682
5503 2 1 1 5542 5543 5684 5683
5504 2 1 1 5543 5544 5685 5684
5505 2 1 1 5544 5545 5686 5685
5506 2 1 1 5545 5546 5687 5686
5507 2 1 1 5546 5547 5688 5687
5508 2 1 1 5547 5548 5689 5688
5509 2 1 1 5548 5549 5690 5689
5510 2 1 1 5549 5550 5691 5690
5511 2 1 1 5550 5551 5692 5691
5512 2 1 1 5551 5552 5693 5692
5513 2 1 1 5552 5553 5694 5693
5514 2 1 1 5553 5554 5695 5694
5515 2 1 1 5554 5555 5696 5695
5516 2 1 1 5555 5556 5697 5696
5517 2 1 1 5556 5557 5698 5697
5518 2 1 1 5557 5558 5699 5698
5519 2 1 1 5558 5559 5700 5699
5520 2 1 1 5559 5560 5701 5700
5521 2 1 1 5560 5561 5702 5701
5522 2 1 1 5561 5562 5703 5702
5523 2 1 1 5562 5563 5704 5703
5524 2 1 1 5563 5564 5705 5704
5525 2 1 1 5564 5565 5706 5705
5526 2 1 1 5565 5566 5707 5706
5527 2 1 1 5566 5567 5708 5707
5528 2 1 1 5567 5568 5709 5708
5529 2 1 1 5568 5569 5710 5709
5530 2 1 1 5569 5570 5711 5710
5531 2 1 1 5570 5571 5712 5711
5532 2 1 1 5571 5572 5713 5712
5533 2 1 1 5572 5573 5714 5713
5534 2 1 1 5573 5574 5715 5714
5535 2 1 1 5574 5575 5716 5715
5536 2 1 1 5575 5576 5717 5716
5537 2 1 1 5576 5577 5718 5717
5538 2 1 1 5577 5578 5719 5718
5539 2 1 1 5578 5579 5720 5719
5540 2 1 1 5579 5580 5721 5720
5541 2 1 1 5580 5581 5722 5721
5542 2 1 1 5581 5582 5723 5722
5543 2 1 1 5582 5583 5724 5723
5544 2 1 1 5583 5584 5725 5724
5545 2 1 1 5584 5585 5726 5725
5546 2 1 1 5585 5586 5727 5726
5547 2 1 1 5586 5587 5728 5727
5548 2 1 1 5587 5588 5729 5728
5549 2 1 1 5588 5589 5730 5729
5550 2 1 1 5589 5590 5731 5730
5551 2 1 1 5590 5591 5732 5731
5552 2 1 1 5591 5592 5733 5732
5553 2 1 1 5592 5593 5734 5733
5554 2 1 1 5593 5594 5735 5734
5555 2 1 1 5594 5595 5736 5735
5556 2 1 1 5595 5596 5737 5736
5557 2 1 1 5596 5597 5738 5737
5558 2 1 1 5597 5598 5739 5738
5559 2 1 1 5598 5599 5740 5739
5560 2 1 1 5599 5600 5741 5740
5561 2 1 1 5600 5601 5742 5741
5562 2 1 1 5601 5602 5743 5742
5563 2 1 1 5602 5603 5744 5743
5564 2 1 1 5603 5604 5745 5744
5565 2 1 1 5604 5605 5746 5745
5566 2 1 1 5605 5606 5747 5746
5567 2 1 1 5606 5607 5748 5747
5568 2 1 1 5607 5608 5749 5748
5569 2 1 1 5608 5609 5750 5749
5570 2 1 1 5609 5610 5751 5750
5571 2 1 1 5610 5611 5752 5751
5572 2 1 1 5611 5612 5753 5752
5573 2 1 1 5612 5613 5754 5753
5574 2 1 1 5613 5614 5755 5754
5575 2 1 1 5614 5615 5756 5755
5576 2 1 1 5615 5616 5757 5756
5577 2 1 1 5616 5617 5758 5757
5578 2 1 1 5617 5618 5759 5758
5579 2 1 1 5618 5619 5760 5759
5580 2 1 1 5619 5620 5761 5760
5581 2 1 1 5620 5621 5762 5761
5582 2 1 1 5621 5622 5763 5762
5583 2 1 1 5622 5623 5764 5763
5584 2 1 1 5623 5624 5765 5764
5585 2 1 1 5624 5625 5766 5765
5586 2 1 1 5625 5626 5767 5766
5587 2 1 1 5626 5627 5768 5767
5588 2 1 1 5627 5628 5769 5768
5589 2 1 1 5628 5629 5770 5769
5590 2 1 1 5629 5630 5771 5770
5591 2 1 1 5630 5631 5772 5771
5592 2 1 1 5631 5632 5773 5772
5593 2 1 1 5632 5633 5774 5773
5594 2 1 1 5633 5634 5775 5774
5595 2 1 1 5634 5635 5776 5775
5596 2 1 1 5635 5636 5777 5776
5597 2 1 1 5636 5637 5778 5777
5598 2 1 1 5637 5638 5779 5778
5599 2 1 1 5638 5639 5780 5779
5600 2 1 1 5639 5640 5781 5780
5601 2 1 1 5641 5642 5783 5782
5602 2 1 1 5642 5643 5784 5783
5603 2 1 1 5643 5644 5785 5784
5604 2 1 1 5644 5645 5786 5785
5605 2 1 1 5645 5646 5787 5786
5606 2 1 1 5646 5647 5788 5787
5607 2 1 1 5647 5648 5789 5788
5608 2 1 1 5648 5649 5790 5789
5609 2 1 1 5649 5650 5791 5790
5610 2 1 1 5650 5651 5792 5791
5611 2 1 1 5651 5652 5793 5792
5612 2 1 1 5652 5653 5794 5793
5613 2 1 1 5653 5654 5795 5794
5614 2 1 1 5654 5655 5796 5795
5615 2 1 1 5655 5656 5797 5796
5616 2 1 1 5656 5657 5798 5797
5617 2 1 1 5657 5658 5799 5798
5618 2 1 1 5658 5659 5800 5799
5619 2 1 1 5659 5660 5801 5800
5620 2 1 1 5660 5661 5802 5801
5621 2 1 1 5661 5662 5803 5802
5622 2 1 1 5662 5663 5804 5803
5623 2 1 1 5663 5664 5805 5804
5624 2 1 1 5664 5665 5806 5805
5625 2 1 1 5665 5666 5807 5806
5626 2 1 1 5666 5667 5808 5807
5627 2 1 1 5667 5668 5809 5808
5628 2 1 1 5668 5669 5810 5809
5629 2 1 1 5669 5670 5811 5810
5630 2 1 1 5670 5671 5812 5811
5631 2 1 1 5671 5672 5813 5812
5632 2 1 1 5672 5673 5814 5813
5633 2 1 1 5673 5674 5815 5814
5634 2 1 1 5674 5675 5816 5815
5635 2 1 1 5675 5676 5817 5816
5636 2 1 1 5676 5677 5818 5817
5637 2 1 1 5677 5678 5819 5818
5638 2 1 1 5678 5679 5820 5819
5639 2 1 1 5679 5680 5821 5820
5640 2 1 1 5680 5681 5822 5821
5641 2 1 1 5681 5682 5823 5822
5642 2 1 1 5682 5683 5824 5823
5643 2 1 1 5683 5684 5825 5824
5644 2 1 1 5684 5685 5826 5825
5645 2 1 1 5685 5686 5827 5826
5646 2 1 1 5686 5687 5828 5827
5647 2 1 1 5687 5688 5829 5828
5648 2 1 1 5688 5689 5830 5829
5649 2 1 1 5689 5690 5831 5830
5650 2 1 1 5690 5691 5832 5831
5651 2 1 1 5691 5692 5833 5832
5652 2 1 1 5692 5693 5834 5833
5653 2 1 1 5693 5694 5835 5834
5654 2 1 1 5694 5695 5836 5835
5655 2 1 1 5695 5696 5837 5836
5656 2 1 1 5696 5697 5838 5837
5657 2 1 1 5697 5698 5839 5838
5658 2 1 1 5698 5699 5840 5839
5659 2 1 1 5699 5700 5841 5840
5660 2 1 1 5700 5701 5842 5841
5661 2 1 1 5701 5702 5843 5842
5662 2 1 1 5702 5703 5844 5843
5663 2 1 1 5703 5704 5845 5844
5664 2 1 1 5704 5705 5846 5845
5665 2 1 1 5705 5706 5847 5846
5666 2 1 1 5706 5707 5848 5847
5667 2 1 1 5707 5708 5849 5848
5668 2 1 1 5708 5709 5850 5849
5669 2 1 1 5709 5710 5851 5850
5670 2 1 1 5710 5711 5852 5851
5671 2 1 1 5711 5712 5853 5852
5672 2 1 1 5712 5713 5854 5853
5673 2 1 1 5713 5714 5855 5854
5674 2 1 1 5714 5715 5856 5855
5675 2 1 1 5715 5716 5857 5856
5676 2 1 1 5716 5717 5858 5857
5677 2 1 1 5717 5718 5859 5858
5678 2 1 1 5718 5719 5860 5859
5679 2 1 1 5719 5720 5861 5860
5680 2 1 1 5720 5721 5862 5861
5681 2 1 1 5721 5722 5863 5862
5682 2 1 1 5722 5723 5864 5863
5683 2 1 1 5723 5724 5865 5864
5684 2 1 1 5724 5725 5866 5865
5685 2 1 1 5725 5726 5867 5866
5686 2 1 1 5726 5727 5868 5867
5687 2 1 1 5727 5728 5869 5868
5688 2 1 1 5728 5729 5870 5869
5689 2 1 1 5729 5730 5871 5870
5690 2 1 1 5730 5731 5872 5871
5691 2 1 1 5731 5732 5873 5872
5692 2 1 1 5732 5733 5874 5873
5693 2 1 1 5733 5734 5875 5874
5694 2 1 1 5734 5735 5876 5875
5695 2 1 1 5735 5736 5877 5876
5696 2 1 1 5736 5737 5878 5877
5697 2 1 1 5737 5738 5879 5878
5698 2 1 1 5738 5739 5880 5879
5699 2 1 1 5739 5740 5881 5880
5700 2 1 1 5740 5741 5882 5881
5701 2 1 1 5741 5742 5883 5882
5702 2 1 1 5742 5743 5884 5883
5703 2 1 1 5743 5744 5885 5884
5704 2 1 1 5744 5745 5886 5885
5705 2 1 1 5745 5746 5887 5886
5706 2 1 1 5746 5747 5888 5887
5707 2 1 1 5747 5748 5889 5888
5708 2 1 1 5748 5749 5890 5889
5709 2 1 1 5749 5750 5891 5890
5710 2 1 1 5750 5751 5892 5891
5711 2 1 1 5751 5752 5893 5892
5712 2 1 1 5752 5753 5894 5893
5713 2 1 1 5753 5754 5895 5894
5714 2 1 1 5754 5755 5896 5895
5715 2 1 1 5755 5756 5897 5896
5716 2 1 1 5756 5757 5898 5897
5717 2 1 1 5757 5758 5899 5898
5718 2 1 1 5758 5759 5900 5899
5719 2 1 1 5759 5760 5901 5900
5720 2 1 1 5760 5761 5902 5901
5721 2 1 1 5761 5762 5903 5902
5722 2 1 1 5762 5763 5904 5903
5723 2 1 1 5763 5764 5905 5904
5724 2 1 1 5764 5765 5906 5905
5725 2 1 1 5765 5766 5907 5906
5726 2 1 1 5766 5767 5908 5907
5727 2 1 1 5767 5768 5909 5908
5728 2 1 1 5768 5769 5910 5909
5729 2 1 1 5769 5770 5911 5910
5730 2 1 1 5770 5771 5912 5911
5731 2 1 1 5771 5772 5913 5912
5732 2 1 1 5772 5773 5914 5913
5733 2 1 1 5773 5774 5915 5914
5734 2 1 1 5774 5775 5916 5915
5735 2 1 1 5775 5776 5917 5916
5736 2 1 1 5776 5777 5918 5917
5737 2 1 1 5777 5778 5919 5918
5738 2 1 1 5778 5779 5920 5919
5739 2 1 1 5779 5780 5921 5920
5740 2 1 1 5780 5781 5922 5921
5741 2 1 1 5782 5783 5924 5923
5742 2 1 1 5783 5784 5925 5924
5743 2 1 1 5784 5785 5926 5925
5744 2 1 1 5785 5786 5927 5926
5745 2 1 1 5786 5787 5928 5927
5746 2 1 1 5787 5788 5929 5928
5747 2 1 1 5788 5789 5930 5929
5748 2 1 1 5789 5790 5931 5930
5749 2 1 1 5790 5791 5932 5931
5750 2 1 1 5791 5792 5933 5932
5751 2 1 1 5792 5793 5934 5933
5752 2 1 1 5793 5794 5935 5934
5753 2 1 1 5794 5795 5936 5935
5754 2 1 1 5795 5796 5937 5936
5755 2 1 1 5796 5797 5938 5937
5756 2 1 1 5797 5798 5939 5938
5757 2 1 1 5798 5799 5940 5939
5758 2 1 1 5799 5800 5941 5940
5759 2 1 1 5800 5801 5942 5941
5760 2 1 1 5801 5802 5943 5942
5761 2 1 1 5802 5803 5944 5943
5762 2 1 1 5803 5804 5945 5944
5763 2 1 1 5804 5805 5946 5945
5764 2 1 1 5805 5806 5947 5946
5765 2 1 1 5806 5807 5948 5947
5766 2 1 1 5807 5808 5949 5948
5767 2 1 1 5808 5809 5950 5949
5768 2 1 1 5809 5810 5951 5950
5769 2 1 1 5810 5811 5952 5951
5770 2 1 1 5811 5812 5953 5952
5771 2 1 1 5812 5813 5954 5953
5772 2 1 1 5813 5814 5955 5954
5773 2 1 1 5814 5815 5956 5955
5774 2 1 1 5815 5816 5957 5956
5775 2 1 1 5816 5817 5958 5957
5776 2 1 1 5817 5818 5959 5958
5777 2 1 1 5818 5819 5960 5959
5778 2 1 1 5819 5820 5961 5960
5779 2 1 1 5820 5821 5962 5961
5780 2 1 1 5821 5822 5963 5962
5781 2 1 1 5822 5823 5964 5963
5782 2 1 1 5823 5824 5965 5964
5783 2 1 1 5824 5825 5966 5965
5784 2 1 1 5825 5826 5967 5966
5785 2 1 1 5826 5827 5968 5967
5786 2 1 1 5827 5828 5969 5968
5787 2 1 1 5828 5829 5970 5969
5788 2 1 1 5829 5830 5971 5970
5789 2 1 1 5830 5831 5972 5971
5790 2 1 1 5831 5832 5973 5972
5791 2 1 1 5832 5833 5974 5973
5792 2 1 1 5833 5834 5975 5974
5793 2 1 1 5834 5835 5976 5975
5794 2 1 1 5835 5836 5977 5976
5795 2 1 1 5836 5837 5978 5977
5796 2 1 1 5837 5838 5979 5978
5797 2 1 1 5838 5839 5980 5979
5798 2 1 1 5839 5840 5981 5980
5799 2 1 1 5840 5841 5982 5981
5800 2 1 1 5841 5842 5983 5982
5801 2 1 1 5842 5843 5984 5983
5802 2 1 1 5843 5844 5985 5984
5803 2 1 1 5844 5845 5986 5985
5804 2 1 1 5845 5846 5987 5986
5805 2 1 1 5846 5847 5988 5987
5806 2 1 1 5847 5848 5989 5988
5807 2 1 1 5848 5849 5990 5989
5808 2 1 1 5849 5850 5991 5990
5809 2 1 1 5850 5851 5992 5991
5810 2 1 1 5851 5852 5993 5992
5811 2 1 1 5852 5853 5994 5993
5812 2 1 1 5853 5854 5995 5994
5813 2 1 1 5854 5855 5996 5995
5814 2 1 1 5855 5856 5997 5996
5815 2 1 1 5856 5857 5998 5997
5816 2 1 1 5857 5858 5999 5998
5817 2 1 1 5858 5859 6000 5999
5818 2 1 1 5859 5860 6001 6000
5819 2 1 1 5860 5861 6002 6001
5820 2 1 1 5861 5862 6003 6002
5821 2 1 1 5862 5863 6004 6003
5822 2 1 1 5863 5864 6005 6004
5823 2 1 1 5864 5865 6006 6005
5824 2 1 1 5865 5866 6007 6006
5825 2 1 1 5866 5867 6008 6007
5826 2 1 1 5867 5868 6009 6008
5827 2 1 1 5868 5869 6010 6009
5828 2 1 1 5869 5870 6011 6010
5829 2 1 1 5870 5871 6012 6011
5830 2 1 1 5871 5872 6013 6012
5831 2 1 1 5872 5873 6014 6013
5832 2 1 1 5873 5874 6015 6014
5833 2 1 1 5874 5875 6016 6015
5834 2 1 1 5875 5876 6017 6016
5835 2 1 1 5876 5877 6018 6017
5836 2 1 1 5877 5878 6019 6018
5837 2 1 1 5878 5879 6020 6019
5838 2 1 1 5879 5880 6021 6020
5839 2 1 1 5880 5881 6022 6021
5840 2 1 1 5881 5882 6023 6022
5841 2 1 1 5882 5883 6024 6023
5842 2 1 1 5883 5884 6025 6024
5843 2 1 1 5884 5885 6026 6025
5844 2 1 1 5885 5886 6027 6026
5845 2 1 1 5886 5887 6028 6027
5846 2 1 1 5887 5888 6029 6028
5847 2 1 1 5888 5889 6030 6029
5848 2 1 1 5889 5890 6031 6030
5849 2 1 1 5890 5891 6032 6031
5850 2 1 1 5891 5892 6033 6032
5851 2 1 1 5892 5893 6034 6033
5852 2 1 1 5893 5894 6035 6034
5853 2 1 1 5894 5895 6036 6035
5854 2 1 1 5895 5896 6037 6036
5855 2 1 1 5896 5897 6038 6037
5856 2 1 1 5897 5898 6039 6038
5857 2 1 1 5898 5899 6040 6039
5858 2 1 1 5899 5900 6041 6040
5859 2 1 1 5900 5901 6042 6041
5860 2 1 1 5901 5902 6043 6042
5861 2 1 1 5902 5903 6044 6043
5862 2 1 1 5903 5904 6045 6044
5863 2 1 1 5904 5905 6046 6045
5864 2 1 1 5905 5906 6047 6046
5865 2 1 1 5906 5907 6048 6047
5866 2 1 1 5907 5908 6049 6048
5867 2 1 1 5908 5909 6050 6049
5868 2 1 1 5909 5910 6051 6050
5869 2 1 1 5910 5911 6052 6051
5870 2 1 1 5911 5912 6053 6052
5871 2 1 1 5912 5913 6054 6053
5872 2 1 1 5913 5914 6055 6054
5873 2 1 1 5914 5915 6056 6055
5874 2 1 1 5915 5916 6057 6056
5875 2 1 1 5916 5917 6058 6057
5876 2 1 1 5917 5918 6059 6058
5877 2 1 1 5918 5919 6060 6059
5878 2 1 1 5919 5920 6061 6060
5879 2 1 1 5920 5921 6062 6061
5880 2 1 1 5921 5922 6063 6062
5881 2 1 1 5923 5924 6065 6064
5882 2 1 1 5924 5925 6066 6065
5883 2 1 1 5925 5926 6067 6066
5884 2 1 1 5926 5927 6068 6067
5885 2 1 1 5927 5928 6069 6068
5886 2 1 1 5928 5929 6070 6069
5887 2 1 1 5929 5930 6071 6070
5888 2 1 1 5930 5931 6072 6071
5889 2 1 1 5931 5932 6073 6072
5890 2 1 1 5932 5933 6074 6073
5891 2 1 1 5933 5934 6075 6074
5892 2 1 1 5934 5935 6076 6075
5893 2 1 1 5935 5936 6077 6076
5894 2 1 1 5936 5937 6078 6077
5895 2 1 1 5937 5938 6079 6078
5896 2 1 1 5938 5939 6080 6079
5897 2 1 1 5939 5940 6081 6080
5898 2 1 1 5940 5941 6082 6081
5899 2 1 1 5941 5942 6083 6082
5900 2 1 1 5942 5943 6084 6083
5901 2 1 1 5943 5944 6085 6084
5902 2 1 1 5944 5945 6086 6085
5903 2 1 1 5945 5946 6087 6086
5904 2 1 1 5946 5947 6088 6087
5905 2 1 1 5947 5948 6089 6088
5906 2 1 1 5948 5949 6090 6089
5907 2 1 1 5949 5950 6091 6090
5908 2 1 1 5950 5951 6092 6091
5909 2 1 1 5951 5952 6093 6092
5910 2 1 1 5952 5953 6094 6093
5911 2 1 1 5953 5954 6095 6094
5912 2 1 1 5954 5955 6096 6095
5913 2 1 1 5955 5956 6097 6096
5914 2 1 1 5956 5957 6098 6097
5915 2 1 1 5957 5958 6099 6098
5916 2 1 1 5958 5959 6100 6099
5917 2 1 1 5959 5960 6101 6100
5918 2 1 1 5960 5961 6102 6101
5919 2 1 1 5961 5962 6103 6102
5920 2 1 1 5962 5963 6104 6103
5921 2 1 1 5963 5964 6105 6104
5922 2 1 1 5964 5965 6106 6105
5923 2 1 1 5965 5966 6107 6106
5924 2 1 1 5966 5967 6108 6107
5925 2 1 1 5967 5968 6109 6108
5926 2 1 1 5968 5969 6110 6109
5927 2 1 1 5969 5970 6111 6110
5928 2 1 1 5970 5971 6112 6111
5929 2 1 1 5971 5972 6113 6112
5930 2 1 1 5972 5973 6114 6113
5931 2 1 1 5973 5974 6115 6114
5932 2 1 1 5974 5975 6116 6115
5933 2 1 1 5975 5976 6117 6116
5934 2 1 1 5976 5977 6118 6117
5935 2 1 1 5977 5978 6119 6118
5936 2 1 1 5978 5979 6120 6119
5937 2 1 1 5979 5980 6121 6120
5938 2 1 1 5980 5981 6122 6121
5939 2 1 1 5981 5982 6123 6122
5940 2 1 1 5982 5983 6124 6123
5941 2 1 1 5983 5984 6125 6124
5942 2 1 1 5984 5985 6126 6125
5943 2 1 1 5985 5986 6127 6126
5944 2 1 1 5986 5987 6128 6127
5945 2 1 1 5987 5988 6129 6128
5946 2 1 1 5988 5989 6130 6129
5947 2 1 1 5989 5990 6131 6130
5948 2 1 1 5990 5991 6132 6131
5949 2 1 1 5991 5992 6133 6132
5950 2 1 1 5992 5993 6134 6133
5951 2 1 1 5993 5994 6135 6134
5952 2 1 1 5994 5995 6136 6135
5953 2 1 1 5995 5996 6137 6136
5954 2 1 1 5996 5997 6138 6137
5955 2 1 1 5997 5998 6139 6138
5956 2 1 1 5998 5999 6140 6139
5957 2 1 1 5999 6000 6141 6140
5958 2 1 1 6000 6001 6142 6141
5959 2 1 1 6001 6002 6143 6142
5960 2 1 1 6002 6003 6144 6143
5961 2 1 1 6003 6004 6145 6144
5962 2 1 1 6004 6005 6146 6145
5963 2 1 1 6005 6006 6147 6146
5964 2 1 1 6006 6007 6148 6147
5965 2 1 1 6007 6008 6149 6148
5966 2 1 1 6008 6009 6150 6149
5967 2 1 1 6009 6010 6151 6150
5968 2 1 1 6010 6011 6152 6151
5969 2 1 1 6011 6012 6153 6152
5970 2 1 1 6012 6013 6154 6153
5971 2 1 1 6013 6014 6155 6154
5972 2 1 1 6014 6015 6156 6155
5973 2 1 1 6015 6016 6157 6156
5974 2 1 1 6016 6017 6158 6157
5975 2 1 1 6017 6018 6159 6158
5976 2 1 1 6018 6019 6160 6159
5977 2 1 1 6019 6020 6161 6160
5978 2 1 1 6020 6021 6162 6161
5979 2 1 1 6021 6022 6163 6162
5980 2 1 1 6022 6023 6164 6163
5981 2 1 1 6023 6024 6165 6164
5982 2 1 1 6024 6025 6166 6165
5983 2 1 1 6025 6026 6167 6166
5984 2 1 1 6026 6027 6168 6167
5985 2 1 1 6027 6028 6169 6168
5986 2 1 1 6028 6029 6170 6169
5987 2 1 1 6029 6030 6171 6170
5988 2 1 1 6030 6031 6172 6171
5989 2 1 1 6031 6032 6173 6172
5990 2 1 1 6032 6033 6174 6173
5991 2 1 1 6033 6034 6175 6174
5992 2 1 1 6034 6035 6176 6175
5993 2 1 1 6035 6036 6177 6176
5994 2 1 1 6036 6037 6178 6177
5995 2 1 1 6037 6038 6179 6178
5996 2 1 1 6038 6039 6180 6179
5997 2 1 1 6039 6040 6181 6180
5998 2 1 1 6040 6041 6182 6181
5999 2 1 1 6041 6042 6183 6182
6000 2 1 1 6042 6043 6184 6183
6001 2 1 1 6043 6044 6185 6184
6002 2 1 1 6044 6045 6186 6185
6003 2 1 1 6045 6046 6187 6186
6004 2 1 1 6046 6047 6188 6187
6005 2 1 1 6047 6048 6189 6188
6006 2 1 1 6048 6049 6190 6189
6007 2 1 1 6049 6050 6191 6190
6008 2 1 1 6050 6051 6192 6191
6009 2 1 1 6051 6052 6193 6192
6010 2 1 1 6052 6053 6194 6193
6011 2 1 1 6053 6054 6195 6194
6012 2 1 1 6054 6055 6196 6195
6013 2 1 1 6055 6056 6197 6196
6014 2 1 1 6056 6057 6198 6197
6015 2 1 1 6057 6058 6199 6198
6016 2 1 1 6058 6059 6200 6199
6017 2 1 1 6059 6060 6201 6200
6018 2 1 1 6060 6061 6202 6201
6019 2 1 1 6061 6062 6203 6202
6020 2 1 1 6062 6063 6204 6203
6021 2 1 1 6064 6065 6206 6205
6022 2 1 1 6065 6066 6207 6206
6023 2 1 1 6066 6067 6208 6207
6024 2 1 1 6067 6068 6209 6208
6025 2 1 1 6068 6069 6210 6209
6026 2 1 1 6069 6070 6211 6210
6027 2 1 1 6070 6071 6212 6211
6028 2 1 1 6071 6072 6213 6212
6029 2 1 1 6072 6073 6214 6213
6030 2 1 1 6073 6074 6215 6214
6031 2 1 1 6074 6075 6216 6215
6032 2 1 1 6075 6076 6217 6216
6033 2 1 1 6076 6077 6218 6217
6034 2 1 1 6077 6078 6219 6218
6035 2 1 1 6078 6079 6220 6219
6036 2 1 1 6079 6080 6221 6220
6037 2 1 1 6080 6081 6222 6221
6038 2 1 1 6081 6082 6223 6222
6039 2 1 1 6082 6083 6224 6223
6040 2 1 1 6083 6084 6225 6224
6041 2 1 1 6084 6085 6226 6225
6042 2 1 1 6085 6086 6227 6226
6043 2 1 1 6086 6087 6228 6227
6044 2 1 1 6087 6088 6229 6228
6045 2 1 1 6088 6089 6230 6229
6046 2 1 1 6089 6090 6231 6230
6047 2 1 1 6090 6091 6232 6231
6048 2 1 1 6091 6092 6233 6232
6049 2 1 1 6092 6093 6234 6233
6050 2 1 1 6093 6094 6235 6234
6051 2 1 1 6094 6095 6236 6235
6052 2 1 1 6095 6096 6237 6236
6053 2 1 1 6096 6097 6238 6237
6054 2 1 1 6097 6098 6239 6238
6055 2 1 1 6098 6099 6240 6239
6056 2 1 1 6099 6100 6241 6240
6057 2 1 1 6100 6101 6242 6241
6058 2 1 1 6101 6102 6243 6242
6059 2 1 1 6102 6103 6244 6243
6060 2 1 1 6103 6104 6245 6244
6061 2 1 1 6104 6105 6246 6245
6062 2 1 1 6105 6106 6247 6246
6063 2 1 1 6106 6107 6248 6247
6064 2 1 1 6107 6108 6249 6248
6065 2 1 1 6108 6109 6250 6249
6066 2 1 1 6109 6110 6251 6250
6067 2 1 1 6110 6111 6252 6251
6068 2 1 1 6111 6112 6253 6252
6069 2 1 1 6112 6113 6254 6253
6070 2 1 1 6113 6114 6255 6254
6071 2 1 1 6114 6115 6256 6255
6072 2 1 1 6115 6116 6257 6256
6073 2 1 1 6116 6117 6258 6257
6074 2 1 1 6117 6118 6259 6258
6075 2 1 1 6118 6119 6260 6259
6076 2 1 1 6119 6120 6261 6260
6077 2 1 1 6120 6121 6262 6261
6078 2 1 1 6121 6122 6263 6262
6079 2 1 1 6122 6123 6264 6263
6080 2 1 1 6123 6124 6265 6264
6081 2 1 1 6124 6125 6266 6265
6082 2 1 1 6125 6126 6267 6266
6083 2 1 1 6126 6127 6268 6267
6084 2 1 1 6127 6128 6269 6268
6085 2 1 1 6128 6129 6270 6269
6086 2 1 1 6129 6130 6271 6270
6087 2 1 1 6130 6131 6272 6271
6088 2 1 1 6131 6132 6273 6272
6089 2 1 1 6132 6133 6274 6273
6090 2 1 1 6133 6134 6275 6274
6091 2 1 1 6134 6135 6276 6275
6092 2 1 1 6135 6136 6277 6276
6093 2 1 1 6136 6137 6278 6277
6094 2 1 1 6137 6138 6279 6278
6095 2 1 1 6138 6139 6280 6279
6096 2 1 1 6139 6140 6281 6280
6097 2 1 1 6140 6141 6282 6281
6098 2 1 1 6141 6142 6283 6282
6099 2 1 1 6142 6143 6284 6283
6100 2 1 1 6143 6144 6285 6284
6101 2 1 1 6144 6145 6286 6285
6102 2 1 1 6145 6146 6287 6286
6103 2 1 1 6146 6147 6288 6287
6104 2 1 1 6147 6148 6289 6288
6105 2 1 1 6148 6149 6290 6289
6106 2 1 1 6149 6150 6291 6290
6107 2 1 1 6150 6151 6292 6291
6108 2 1 1 6151 6152 6293 6292
6109 2 1 1 6152 6153 6294 6293
6110 2 1 1 6153 6154 6295 6294
6111 2 1 1 6154 6155 6296 6295
6112 2 1 1 6155 6156 6297 6296
6113 2 1 1 6156 6157 6298 6297
6114 2 1 1 6157 6158 6299 6298
6115 2 1 1 6158 6159 6300 6299
6116 2 1 1 6159 6160 6301 6300
6117 2 1 1 6160 6161 6302 6301
6118 2 1 1 6161 6162 6303 6302
6119 2 1 1 6162 6163 6304 6303
6120 2 1 1 6163 6164 6305 6304
6121 2 1 1 6164 6165 6306 6305
6122 2 1 1 6165 6166 6307 6306
6123 2 1 1 6166 6167 6308 6307
6124 2 1 1 6167 6168 6309 6308
6125 2 1 1 6168 6169 6310 6309
6126 2 1 1 6169 6170 6311 6310
6127 2 1 1 6170 6171 6312 6311
6128 2 1 1 6171 6172 6313 6312
6129 2 1 1 6172 6173 6314 6313
6130 2 1 1 6173 6174 6315 6314
6131 2 1 1 6174 6175 6316 6315
6132 2 1 1 6175 6176 6317 6316
6133 2 1 1 6176 6177 6318 6317
6134 2 1 1 6177 6178 6319 6318
6135 2 1 1 6178 6179 6320 6319
6136 2 1 1 6179 6180 6321 6320
6137 2 1 1 6180 6181 6322 6321
6138 2 1 1 6181 6182 6323 6322
6139 2 1 1 6182 6183 6324 6323
6140 2 1 1 6183 6184 6325 6324
6141 2 1 1 6184 6185 6326 6325
6142 2 1 1 6185 6186 6327 6326
6143 2 1 1 6186 6187 6328 6327
6144 2 1 1 6187 6188 6329 6328
6145 2 1 1 6188 6189 6330 6329
6146 2 1 1 6189 6190 6331 6330
6147 2 1 1 6190 6191 6332 6331
6148 2 1 1 6191 6192 6333 6332
6149 2 1 1 6192 6193 6334 6333
6150 2 1 1 6193 6194 6335 6334
6151 2 1 1 6194 6195 6336 6335
6152 2 1 1 6195 6196 6337 6336
6153 2 1 1 6196 6197 6338 6337
6154 2 1 1 6197 6198 6339 6338
6155 2 1 1 6198 6199 6340 6339
6156 2 1 1 6199 6200 6341 6340
6157 2 1 1 6200 6201 6342 6341
6158 2 1 1 6201 6202 6343 6342
6159 2 1 1 6202 6203 6344 6343
6160 2 1 1 6203 6204 6345 6344
6161 2 1 1 6205 6206 6347 6346
6162 2 1 1 6206 6207 6348 6347
6163 2 1 1 6207 6208 6349 6348
6164 2 1 1 6208 6209 6350 6349
6165 2 1 1 6209 6210 6351 6350
6166 2 1 1 6210 6211 6352 6351
6167 2 1 1 6211 6212 6353 6352
6168 2 1 1 6212 6213 6354 6353
6169 2 1 1 6213 6214 6355 6354
6170 2 1 1 6214 6215 6356 6355
6171 2 1 1 6215 6216 6357 6356
6172 2 1 1 6216 6217 6358 6357
6173 2 1 1 6217 6218 6359 6358
6174 2 1 1 6218 6219 6360 6359
6175 2 1 1 6219 6220 6361 6360
6176 2 1 1 6220 6221 6362 6361
6177 2 1 1 6221 6222 6363 6362
6178 2 1 1 6222 6223 6364 6363
6179 2 1 1 6223 6224 6365 6364
6180 2 1 1 6224 6225 6366 6365
6181 2 1 1 6225 6226 6367 6366
6182 2 1 1 6226 6227 6368 6367
6183 2 1 1 6227 6228 6369 6368
6184 2 1 1 6228 6229 6370 6369
6185 2 1 1 6229 6230 6371 6370
6186 2 1 1 6230 6231 6372 6371
6187 2 1 1 6231 6232 6373 6372
6188 2 1 1 6232 6233 6374 6373
6189 2 1 1 6233 6234 6375 6374
6190 2 1 1 6234 6235 6376 6375
6191 2 1 1 6235 6236 6377 6376
6192 2 1 1 6236 6237 6378 6377
6193 2 1 1 6237 6238 6379 6378
6194 2 1 1 6238 6239 6380 6379
6195 2 1 1 6239 6240 6381 6380
6196 2 1 1 6240 6241 6382 6381
6197 2 1 1 6241 6242 6383 6382
6198 2 1 1 6242 6243 6384 6383
6199 2 1 1 6243 6244 6385 6384
6200 2 1 1 6244 6245 6386 6385
6201 2 1 1 6245 6246 6387 6386
6202 2 1 1 6246 6247 6388 6387
6203 2 1 1 6247 6248 6389 6388
6204 2 1 1 6248 6249 6390 6389
6205 2 1 1 6249 6250 6391 6390
6206 2 1 1 6250 6251 6392 6391
6207 2 1 1 6251 6252 6393 6392
6208 2 1 1 6252 6253 6394 6393
6209 2 1 1 6253 6254 6395 6394
6210 2 1 1 6254 6255 6396 6395
6211 2 1 1 6255 6256 6397 6396
6212 2 1 1 6256 6257 6398 6397
6213 2 1 1 6257 6258 6399 6398
6214 2 1 1 6258 6259 6400 6399
6215 2 1 1 6259 6260 6401 6400
6216 2 1 1 6260 6261 6402 6401
6217 2 1 1 6261 6262 6403 6402
6218 2 1 1 6262 6263 6404 6403
6219 2 1 1 6263 6264 6405 6404
6220 2 1 1 6264 6265 6406 6405
6221 2 1 1 6265 6266 6407 6406
6222 2 1 1 6266 6267 6408 6407
6223 2 1 1 6267 6268 6409 6408
6224 2 1 1 6268 6269 6410 6409
6225 2 1 1 6269 6270 6411 6410
6226 2 1 1 6270 6271 6412 6411
6227 2 1 1 6271 6272 6413 6412
6228 2 1 1 6272 6273 6414 6413
6229 2 1 1 6273 6274 6415 6414
6230 2 1 1 6274 6275 6416 6415
6231 2 1 1 6275 6276 6417 6416
6232 2 1 1 6276 6277 6418 6417
6233 2 1 1 6277 6278 6419 6418
6234 2 1 1 6278 6279 6420 6419
6235 2 1 1 6279 6280 6421 6420
6236 2 1 1 6280 6281 6422 6421
6237 2 1 1 6281 6282 6423 6422
6238 2 1 1 6282 6283 6424 6423
6239 2 1 1 6283 6284 6425 6424
6240 2 1 1 6284 6285 6426 6425
6241 2 1 1 6285 6286 6427 6426
6242 2 1 1 6286 6287 6428 6427
6243 2 1 1 6287 6288 6429 6428
6244 2 1 1 6288 6289 6430 6429
6245 2 1 1 6289 6290 6431 6430
6246 2 1 1 6290 6291 6432 6431
6247 2 1 1 6291 6292 6433 6432
6248 2 1 1 6292 6293 6434 6433
6249 2 1 1 6293 6294 6435 6434
6250 2 1 1 6294 6295 6436 6435
6251 2 1 1 6295 6296 6437 6436
6252 2 1 1 6296 6297 6438 6437
6253 2 1 1 6297 6298 6439 6438
6254 2 1 1 6298 6299 6440 6439
6255 2 1 1 6299 6300 6441 6440
6256 2 1 1 6300 6301 6442 6441
6257 2 1 1 6301 6302 6443 6442
6258 2 1 1 6302 6303 6444 6443
6259 2 1 1 6303 6304 6445 6444
6260 2 1 1 6304 6305 6446 6445
6261 2 1 1 6305 6306 6447 6446
6262 2 1 1 6306 6307 6448 6447
6263 2 1 1 6307 6308 6449 6448
6264 2 1 1 6308 6309 6450 6449
6265 2 1 1 6309 6310 6451 6450
6266 2 1 1 6310 6311 6452 6451
6267 2 1 1 6311 6312 6453 6452
6268 2 1 1 6312 6313 6454 6453
6269 2 1 1 6313 6314 6455 6454
6270 2 1 1 6314 6315 6456 6455
6271 2 1 1 6315 6316 6457 6456
6272 2 1 1 6316 6317 6458 6457
6273 2 1 1 6317 6318 6459 6458
6274 2 1 1 6318 6319 6460 6459
6275 2 1 1 6319 6320 6461 6460
6276 2 1 1 6320 6321 6462 6461
6277 2 1 1 6321 6322 6463 6462
6278 2 1 1 6322 6323 6464 6463
6279 2 1 1 6323 6324 6465 6464
6280 2 1 1 6324 6325 6466 6465
6281 2 1 1 6325 6326 6467 6466
6282 2 1 1 6326 6327 6468 6467
6283 2 1 1 6327 6328 6469 6468
6284 2 1 1 6328 6329 6470 6469
6285 2 1 1 6329 6330 6471 6470
6286 2 1 1 6330 6331 6472 6471
6287 2 1 1 6331 6332 6473 6472
6288 2 1 1 6332 6333 6474 6473
6289 2 1 1 6333 6334 6475 6474
6290 2 1 1 6334 6335 6476 6475
6291 2 1 1 6335 6336 6477 6476
6292 2 1 1 6336 6337 6478 6477
6293 2 1 1 6337 6338 6479 6478
6294 2 1 1 6338 6339 6480 6479
6295 2 1 1 6339 6340 6481 6480
6296 2 1 1 6340 6341 6482 6481
6297 2 1 1 6341 6342 6483 6482
6298 2 1 1 6342 6343 6484 6483
6299 2 1 1 6343 6344 6485 6484
6300 2 1 1 6344 6345 6486 6485
6301 2 1 1 6346 6347 6488 6487
6302 2 1 1 6347 6348 6489 6488
6303 2 1 1 6348 6349 6490 6489
6304 2 1 1 6349 6350 6491 6490
6305 2 1 1 6350 6351 6492 6491
6306 2 1 1 6351 6352 6493 6492
6307 2 1 1 6352 6353 6494 6493
6308 2 1 1 6353 6354 6495 6494
6309 2 1 1 6354 6355 6496 6495
6310 2 1 1 6355 6356 6497 6496
6311 2 1 1 6356 6357 6498 6497
6312 2 1 1 6357 6358 6499 6498
6313 2 1 1 6358 6359 6500 6499
6314 2 1 1 6359 6360 6501 6500
6315 2 1 1 6360 6361 6502 6501
6316 2 1 1 6361 6362 6503 6502
6317 2 1 1 6362 6363 6504 6503
6318 2 1 1 6363 6364 6505 6504
6319 2 1 1 6364 6365 6506 6505
6320 2 1 1 6365 6366 6507 6506
6321 2 1 1 6366 6367 6508 6507
6322 2 1 1 6367 6368 6509 6508
6323 2 1 1 6368 6369 6510 6509
6324 2 1 1 6369 6370 6511 6510
6325 2 1 1 6370 6371 6512 6511
6326 2 1 1 6371 6372 6513 6512
6327 2 1 1 6372 6373 6514 6513
6328 2 1 1 6373 6374 6515 6514
6329 2 1 1 6374 6375 6516 6515
6330 2 1 1 6375 6376 6517 6516
6331 2 1 1 6376 6377 6518 6517
6332 2 1 1 6377 6378 6519 6518
6333 2 1 1 6378 6379 6520 6519
6334 2 1 1 6379 6380 6521 6520
6335 2 1 1 6380 6381 6522 6521
6336 2 1 1 6381 6382 6523 6522
6337 2 1 1 6382 6383 6524 6523
6338 2 1 1 6383 6384 6525 6524
6339 2 1 1 6384 6385 6526 6525
6340 2 1 1 6385 6386 6527 6526
6341 2 1 1 6386 6387 6528 6527
6342 2 1 1 6387 6388 6529 6528
6343 2 1 1 6388 6389 6530 6529
6344 2 1 1 6389 6390 6531 6530
6345 2 1 1 6390 6391 6532 6531
6346 2 1 1 6391 6392 6533 6532
6347 2 1 1 6392 6393 6534 6533
6348 2 1 1 6393 6394 6535 6534
6349 2 1 1 6394 6395 6536 6535
6350 2 1 1 6395 6396 6537 6536
6351 2 1 1 6396 6397 6538 6537
6352 2 1 1 6397 6398 6539 6538
6353 2 1 1 6398 6399 6540 6539
6354 2 1 1 6399 6400 6541 6540
6355 2 1 1 6400 6401 6542 6541
6356 2 1 1 6401 6402 6543 6542
6357 2 1 1 6402 6403 6544 6543
6358 2 1 1 6403 6404 6545 6544
6359 2 1 1 6404 6405 6546 6545
6360 2 1 1 6405 6406 6547 6546
6361 2 1 1 6406 6407 6548 6547
6362 2 1 1 6407 6408 6549 6548
6363 2 1 1 6408 6409 6550 6549
6364 2 1 1 6409 6410 6551 6550
6365 2 1 1 6410 6411 6552 6551
6366 2 1 1 6411 6412 6553 6552
6367 2 1 1 6412 6413 6554 6553
6368 2 1 1 6413 6414 6555 6554
6369 2 1 1 6414 6415 6556 6555
6370 2 1 1 6415 6416 6557 6556
6371 2 1 1 6416 6417 6558 6557
6372 2 1 1 6417 6418 6559 6558
6373 2 1 1 6418 6419 6560 6559
6374 2 1 1 6419 6420 6561 6560
6375 2 1 1 6420 6421 6562 6561
6376 2 1 1 6421 6422 6563 6562
6377 2 1 1 6422 6423 6564 6563
6378 2 1 1 6423 6424 6565 6564
6379 2 1 1 6424 6425 6566 6565
6380 2 1 1 6425 6426 6567 6566
6381 2 1 1 6426 6427 6568 6567
6382 2 1 1 6427 6428 6569 6568
6383 2 1 1 6428 6429 6570 6569
6384 2 1 1 6429 6430 6571 6570
6385 2 1 1 6430 6431 6572 6571
6386 2 1 1 6431 6432 6573 6572
6387 2 1 1 6432 6433 6574 6573
6388 2 1 1 6433 6434 6575 6574
6389 2 1 1 6434 6435 6576 6575
6390 2 1 1 6435 6436 6577 6576
6391 2 1 1 6436 6437 6578 6577
6392 2 1 1 6437 6438 6579 6578
6393 2 1 1 6438 6439 6580 6579
6394 2 1 1 6439 6440 6581 6580
6395 2 1 1 6440 6441 6582 6581
6396 2 1 1 6441 6442 6583 6582
6397 2 1 1 6442 6443 6584 6583
6398 2 1 1 6443 6444 6585 6584
6399 2 1 1 6444 6445 6586 6585
6400 2 1 1 6445 6446 6587 6586
6401 2 1 1 6446 6447 6588 6587
6402 2 1 1 6447 6448 6589 6588
6403 2 1 1 6448 6449 6590 6589
6404 2 1 1 6449 6450 6591 6590
6405 2 1 1 6450 6451 6592 6591
6406 2 1 1 6451 6452 6593 6592
6407 2 1 1 6452 6453 6594 6593
6408 2 1 1 6453 6454 6595 6594
6409 2 1 1 6454 6455 6596 6595
6410 2 1 1 6455 6456 6597 6596
6411 2 1 1 6456 6457 6598 6597
6412 2 1 1 6457 6458 6599 6598
6413 2 1 1 6458 6459 6600 6599
6414 2 1 1 6459 6460 6601 6600
6415 2 1 1 6460 6461 6602 6601
6416 2 1 1 6461 6462 6603 6602
6417 2 1 1 6462 6463 6604 6603
6418 2 1 1 6463 6464 6605 6604
6419 2 1 1 6464 6465 6606 6605
6420 2 1 1 6465 6466 6607 6606
6421 2 1 1 6466 6467 6608 6607
6422 2 1 1 6467 6468 6609 6608
6423 2 1 1 6468 6469 6610 6609
6424 2 1 1 6469 6470 6611 6610
6425 2 1 1 6470 6471 6612 6611
6426 2 1 1 6471 6472 6613 6612
6427 2 1 1 6472 6473 6614 6613
6428 2 1 1 6473 6474 6615 6614
6429 2 1 1 6474 6475 6616 6615
6430 2 1 1 6475 6476 6617 6616
6431 2 1 1 6476 6477 6618 6617
6432 2 1 1 6477 6478 6619 6618
6433 2 1 1 6478 6479 6620 6619
6434 2 1 1 6479 6480 6621 6620
6435 2 1 1 6480 6481 6622 6621
6436 2 1 1 6481 6482 6623 6622
6437 2 1 1 6482 6483 6624 6623
6438 2 1 1 6483 6484 6625 6624
6439 2 1 1 6484 6485 6626 6625
6440 2 1 1 6485 6486 6627 6626
6441 2 1 1 6487 6488 6629 6628
6442 2 1 1 6488 6489 6630 6629
6443 2 1 1 6489 6490 6631 6630
6444 2 1 1 6490 6491 6632 6631
6445 2 1 1 6491 6492 6633 6632
6446 2 1 1 6492 6493 6634 6633
6447 2 1 1 6493 6494 6635 6634
6448 2 1 1 6494 6495 6636 6635
6449 2 1 1 6495 6496 6637 6636
6450 2 1 1 6496 6497 6638 6637
6451 2 1 1 6497 6498 6639 6638
6452 2 1 1 6498 6499 6640 6639
6453 2 1 1 6499 6500 6641 6640
6454 2 1 1 6500 6501 6642 6641
6455 2 1 1 6501 6502 6643 6642
6456 2 1 1 6502 6503 6644 6643
6457 2 1 1 6503 6504 6645 6644
6458 2 1 1 6504 6505 6646 6645
6459 2 1 1 6505 6506 6647 6646
6460 2 1 1 6506 6507 6648 6647
6461 2 1 1 6507 6508 6649 6648
6462 2 1 1 6508 6509 6650 6649
6463 2 1 1 6509 6510 6651 6650
6464 2 1 1 6510 6511 6652 6651
6465 2 1 1 6511 6512 6653 6652
6466 2 1 1 6512 6513 6654 6653
6467 2 1 1 6513 6514 6655 6654
6468 2 1 1 6514 6515 6656 6655
6469 2 1 1 6515 6516 6657 6656
6470 2 1 1 6516 6517 6658 6657
6471 2 1 1 6517 6518 6659 6658
6472 2 1 1 6518 6519 6660 6659
6473 2 1 1 6519 6520 6661 6660
6474 2 1 1 6520 6521 6662 6661
6475 2 1 1 6521 6522 6663 6662
6476 2 1 1 6522 6523 6664 6663
6477 2 1 1 6523 6524 6665 6664
6478 2 1 1 6524 6525 6666 6665
6479 2 1 1 6525 6526 6667 6666
6480 2 1 1 6526 6527 6668 6667
6481 2 1 1 6527 6528 6669 6668
6482 2 1 1 6528 6529 6670 6669
6483 2 1 1 6529 6530 6671 6670
6484 2 1 1 6530 6531 6672 6671
6485 2 1 1 6531 6532 6673 6672
6486 2 1 1 6532 6533 6674 6673
6487 2 1 1 6533 6534 6675 6674
6488 2 1 1 6534 6535 6676 6675
6489 2 1 1 6535 6536 6677 6676
6490 2 1 1 6536 6537 6678 6677
6491 2 1 1 6537 6538 6679 6678
6492 2 1 1 6538 6539 6680 6679
6493 2 1 1 6539 6540 6681 6680
6494 2 1 1 6540 6541 6682 6681
6495 2 1 1 6541 6542 6683 6682
6496 2 1 1 6542 6543 6684 6683
6497 2 1 1 6543 6544 6685 6684
6498 2 1 1 6544 6545 6686 6685
6499 2 1 1 6545 6546 6687 6686
6500 2 1 1 6546 6547 6688 6687
6501 2 1 1 6547 6548 6689 6688
6502 2 1 1 6548 6549 6690 6689
6503 2 1 1 6549 6550 6691 6690
6504 2 1 1 6550 6551 6692 6691
6505 2 1 1 6551 6552 6693 6692
6506 2 1 1 6552 6553 6694 6693
6507 2 1 1 6553 6554 6695 6694
6508 2 1 1 6554 6555 6696 6695
6509 2 1 1 6555 6556 6697 6696
6510 2 1 1 6556 6557 6698 6697
6511 2 1 1 6557 6558 6699 6698
6512 2 1 1 6558 6559 6700 6699
6513 2 1 1 6559 6560 6701 6700
6514 2 1 1 6560 6561 6702 6701
6515 2 1 1 6561 6562 6703 6702
6516 2 1 1 6562 6563 6704 6703
6517 2 1 1 6563 6564 6705 6704
6518 2 1 1 6564 6565 6706 6705
6519 2 1 1 6565 6566 6707 6706
6520 2 1 1 6566 6567 6708 6707
6521 2 1 1 6567 6568 6709 6708
6522 2 1 1 6568 6569 6710 6709
6523 2 1 1 6569 6570 6711 6710
6524 2 1 1 6570 6571 6712 6711
6525 2 1 1 6571 6572 6713 6712
6526 2 1 1 6572 6573 6714 6713
6527 2 1 1 6573 6574 6715 6714
6528 2 1 1 6574 6575 6716 6715
6529 2 1 1 6575 6576 6717 6716
6530 2 1 1 6576 6577 6718 6717
6531 2 1 1 6577 6578 6719 6718
6532 2 1 1 6578 6579 6720 6719
6533 2 1 1 6579 6580 6721 6720
6534 2 1 1 6580 6581 6722 6721
6535 2 1 1 6581 6582 6723 6722
6536 2 1 1 6582 6583 6724 6723
6537 2 1 1 6583 6584 6725 6724
6538 2 1 1 6584 6585 6726 6725
6539 2 1 1 6585 6586 6727 6726
6540 2 1 1 6586 6587 6728 6727
6541 2 1 1 6587 6588 6729 6728
6542 2 1 1 6588 6589 6730 6729
6543 2 1 1 6589 6590 6731 6730
6544 2 1 1 6590 6591 6732 6731
6545 2 1 1 6591 6592 6733 6732
6546 2 1 1 6592 6593 6734 6733
6547 2 1 1 6593 6594 6735 6734
6548 2 1 1 6594 6595 6736 6735
6549 2 1 1 6595 6596 6737 6736
6550 2 1 1 6596 6597 6738 6737
6551 2 1 1 6597 6598 6739 6738
6552 2 1 1 6598 6599 6740 6739
6553 2 1 1 6599 6600 6741 6740
6554 2 1 1 6600 6601 6742 6741
6555 2 1 1 6601 6602 6743 6742
6556 2 1 1 6602 6603 6744 6743
6557 2 1 1 6603 6604 6745 6744
6558 2 1 1 6604 6605 6746 6745
6559 2 1 1 6605 6606 6747 6746
6560 2 1 1 6606 6607 6748 6747
6561 2 1 1 6607 6608 6749 6748
6562 2 1 1 6608 6609 6750 6749
6563 2 1 1 6609 6610 6751 6750
6564 2 1 1 6610 6611 6752 6751
6565 2 1 1 6611 6612 6753 6752
6566 2 1 1 6612 6613 6754 6753
6567 2 1 1 6613 6614 6755 6754
6568 2 1 1 6614 6615 6756 6755
6569 2 1 1 6615 6616 6757 6756
6570 2 1 1 6616 6617 6758 6757
6571 2 1 1 6617 6618 6759 6758
6572 2 1 1 6618 6619 6760 6759
6573 2 1 1 6619 6620 6761 6760
6574 2 1 1 6620 6621 6762 6761
6575 2 1 1 6621 6622 6763 6762
6576 2 1 1 6622 6623 6764 6763
6577 2 1 1 6623 6624 6765 6764
6578 2 1 1 6624 6625 6766 6765
6579 2 1 1 6625 6626 6767 6766
6580 2 1 1 6626 6627 6768 6767
6581 2 1 1 6628 6629 6770 6769
6582 2 1 1 6629 6630 6771 6770
6583 2 1 1 6630 6631 6772 6771
6584 2 1 1 6631 6632 6773 6772
6585 2 1 1 6632 6633 6774 6773
6586 2 1 1 6633 6634 6775 6774
6587 2 1 1 6634 6635 6776 6775
6588 2 1 1 6635 6636 6777 6776
6589 2 1 1 6636 6637 6778 6777
6590 2 1 1 6637 6638 6779 6778
6591 2 1 1 6638 6639 6780 6779
6592 2 1 1 6639 6640 6781 6780
6593 2 1 1 6640 6641 6782 6781
6594 2 1 1 6641 6642 6783 6782
6595 2 1 1 6642 6643 6784 6783
6596 2 1 1 6643 6644 6785 6784
6597 2 1 1 6644 6645 6786 6785
6598 2 1 1 6645 6646 6787 6786
6599 2 1 1 6646 6647 6788 6787
6600 2 1 1 6647 6648 6789 6788
6601 2 1 1 6648 6649 6790 6789
6602 2 1 1 6649 6650 6791 6790
6603 2 1 1 6650 6651 6792 6791
6604 2 1 1 6651 6652 6793 6792
6605 2 1 1 6652 6653 6794 6793
6606 2 1 1 6653 6654 6795 6794
6607 2 1 1 6654 6655 6796 6795
6608 2 1 1 6655 6656 6797 6796
6609 2 1 1 6656 6657 6798 6797
6610 2 1 1 6657 6658 6799 6798
6611 2 1 1 6658 6659 6800 6799
6612 2 1 1 6659 6660 6801 6800
6613 2 1 1 6660 6661 6802 6801
6614 2 1 1 6661 6662 6803 6802
6615 2 1 1 6662 6663 6804 6803
6616 2 1 1 6663 6664 6805 6804
6617 2 1 1 6664 6665 6806 6805
6618 2 1 1 6665 6666 6807 6806
6619 2 1 1 6666 6667 6808 6807
6620 2 1 1 6667 6668 6809 6808
6621 2 1 1 6668 6669 6810 6809
6622 2 1 1 6669 6670 6811 6810
6623 2 1 1 6670 6671 6812 6811
6624 2 1 1 6671 6672 6813 6812
6625 2 1 1 6672 6673 6814 6813
6626 2 1 1 6673 6674 6815 6814
6627 2 1 1 6674 6675 6816 6815
6628 2 1 1 6675 6676 6817 6816
6629 2 1 1 6676 6677 6818 6817
6630 2 1 1 6677 6678 6819 6818
6631 2 1 1 6678 6679 6820 6819
6632 2 1 1 6679 6680 6821 6820
6633 2 1 1 6680 6681 6822 6821
6634 2 1 1 6681 6682 6823 6822
6635 2 1 1 6682 6683 6824 6823
6636 2 1 1 6683 6684 6825 6824
6637 2 1 1 6684 6685 6826 6825
6638 2 1 1 6685 6686 6827 6826
6639 2 1 1 6686 6687 6828 6827
6640 2 1 1 6687 6688 6829 6828
6641 2 1 1 6688 6689 6830 6829
6642 2 1 1 6689 6690 6831 6830
6643 2 1 1 6690 6691 6832 6831
6644 2 1 1 6691 6692 6833 6832
6645 2 1 1 6692 6693 6834 6833
6646 2 1 1 6693 6694 6835 6834
6647 2 1 1 6694 6695 6836 6835
6648 2 1 1 6695 6696 6837 6836
6649 2 1 1 6696 6697 6838 6837
6650 2 1 1 6697 6698 6839 6838
6651 2 1 1 6698 6699 6840 6839
6652 2 1 1 6699 6700 6841 6840
6653 2 1 1 6700 6701 6842 6841
6654 2 1 1 6701 6702 6843 6842
6655 2 1 1 6702 6703 6844 6843
6656 2 1 1 6703 6704 6845 6844
6657 2 1 1 6704 6705 6846 6845
6658 2 1 1 6705 6706 6847 6846
6659 2 1 1 6706 6707 6848 6847
6660 2 1 1 6707 6708 6849 6848
6661 2 1 1 6708 6709 6850 6849
6662 2 1 1 6709 6710 6851 6850
6663 2 1 1 6710 6711 6852 6851
6664 2 1 1 6711 6712 6853 6852
6665 2 1 1 6712 6713 6854 6853
6666 2 1 1 6713 6714 6855 6854
6667 2 1 1 6714 6715 6856 6855
6668 2 1 1 6715 6716 6857 6856
6669 2 1 1 6716 6717 6858 6857
6670 2 1 1 6717 6718 6859 6858
6671 2 1 1 6718 6719 6860 6859
6672 2 1 1 6719 6720 6861 6860
6673 2 1 1 6720 6721 6862 6861
6674 2 1 1 6721 6722 6863 6862
6675 2 1 1 6722 6723 6864 6863
6676 2 1 1 6723 6724 6865 6864
6677 2 1 1 6724 6725 6866 6865
6678 2 1 1 6725 6726 6867 6866
6679 2 1 1 6726 6727 6868 6867
6680 2 1 1 6727 6728 6869 6868
6681 2 1 1 6728 6729 6870 6869
6682 2 1 1 6729 6730 6871 6870
6683 2 1 1 6730 6731 6872 6871
6684 2 1 1 6731 6732 6873 6872
6685 2 1 1 6732 6733 6874 6873
6686 2 1 1 6733 6734 6875 6874
6687 2 1 1 6734 6735 6876 6875
6688 2 1 1 6735 6736 6877 6876
6689 2 1 1 6736 6737 6878 6877
6690 2 1 1 6737 6738 6879 6878
6691 2 1 1 6738 6739 6880 6879
6692 2 1 1 6739 6740 6881 6880
6693 2 1 1 6740 6741 6882 6881
6694 2 1 1 6741 6742 6883 6882
6695 2 1 1 6742 6743 6884 6883
6696 2 1 1 6743 6744 6885 6884
6697 2 1 1 6744 6745 6886 6885
6698 2 1 1 6745 6746 6887 6886
6699 2 1 1 6746 6747 6888 6887
6700 2 1 1 6747 6748 6889 6888
6701 2 1 1 6748 6749 6890 6889
6702 2 1 1 6749 6750 6891 6890
6703 2 1 1 6750 6751 6892 6891
6704 2 1 1 6751 6752 6893 6892
6705 2 1 1 6752 6753 6894 6893
6706 2 1 1 6753 6754 6895 6894
6707 2 1 1 6754 6755 6896 6895
6708 2 1 1 6755 6756 6897 6896
6709 2 1 1 6756 6757 6898 6897
6710 2 1 1 6757 6758 6899 6898
6711 2 1 1 6758 6759 6900 6899
6712 2 1 1 6759 6760 6901 6900
6713 2 1 1 6760 6761 6902 6901
6714 2 1 1 6761 6762 6903 6902
6715 2 1 1 6762 6763 6904 6903
6716 2 1 1 6763 6764 6905 6904
6717 2 1 1 6764 6765 6906 6905
6718 2 1 1 6765 6766 6907 6906
6719 2 1 1 6766 6767 6908 6907
6720 2 1 1 6767 6768 6909 6908
6721 2 1 1 6769 6770 6911 6910
6722 2 1 1 6770 6771 6912 6911
6723 2 1 1 6771 6772 6913 6912
6724 2 1 1 6772 6773 6914 6913
6725 2 1 1 6773 6774 6915 6914
6726 2 1 1 6774 6775 6916 6915
6727 2 1 1 6775 6776 6917 6916
6728 2 1 1 6776 6777 6918 6917
6729 2 1 1 6777 6778 6919 6918
6730 2 1 1 6778 6779 6920 6919
6731 2 1 1 6779 6780 6921 6920
6732 2 1 1 6780 6781 6922 6921
6733 2 1 1 6781 6782 6923 6922
6734 2 1 1 6782 6783 6924 6923
6735 2 1 1 6783 6784 6925 6924
6736 2 1 1 6784 6785 6926 6925
6737 2 1 1 6785 6786 6927 6926
6738 2 1 1 6786 6787 6928 6927
6739 2 1 1 6787 6788 6929 6928
6740 2 1 1 6788 6789 6930 6929
6741 2 1 1 6789 6790 6931 6930
6742 2 1 1 6790 6791 6932 6931
6743 2 1 1 6791 6792 6933 6932
6744 2 1 1 6792 6793 6934 6933
6745 2 1 1 6793 6794 6935 6934
6746 2 1 1 6794 6795 6936 6935
6747 2 1 1 6795 6796 6937 6936
6748 2 1 1 6796 6797 6938 6937
6749 2 1 1 6797 6798 6939 6938
6750 2 1 1 6798 6799 6940 6939
6751 2 1 1 6799 6800 6941 6940
6752 2 1 1 6800 6801 6942 6941
6753 2 1 1 6801 6802 6943 6942
6754 2 1 1 6802 6803 6944 6943
6755 2 1 1 6803 6804 6945 6944
6756 2 1 1 6804 6805 6946 6945
6757 2 1 1 6805 6806 6947 6946
6758 2 1 1 6806 6807 6948 6947
6759 2 1 1 6807 6808 6949 6948
6760 2 1 1 6808 6809 6950 6949
6761 2 1 1 6809 6810 6951 6950
6762 2 1 1 6810 6811 6952 6951
6763 2 1 1 6811 6812 6953 6952
6764 2 1 1 6812 6813 6954 6953
6765 2 1 1 6813 6814 6955 6954
6766 2 1 1 6814 6815 6956 6955
6767 2 1 1 6815 6816 6957 6956
6768 2 1 1 6816 6817 6958 6957
6769 2 1 1 6817 6818 6959 6958
6770 2 1 1 6818 6819 6960 6959
6771 2 1 1 6819 6820 6961 6960
6772 2 1 1 6820 6821 6962 6961
6773 2 1 1 6821 6822 6963 6962
6774 2 1 1 6822 6823 6964 6963
6775 2 1 1 6823 6824 6965 6964
6776 2 1 1 6824 6825 6966 6965
6777 2 1 1 6825 6826 6967 6966
6778 2 1 1 6826 6827 6968 6967
6779 2 1 1 6827 6828 6969 6968
6780 2 1 1 6828 6829 6970 6969
6781 2 1 1 6829 6830 6971 6970
6782 2 1 1 6830 6831 6972 6971
6783 2 1 1 6831 6832 6973 6972
6784 2 1 1 6832 6833 6974 6973
6785 2 1 1 6833 6834 6975 6974
6786 2 1 1 6834 6835 6976 6975
6787 2 1 1 6835 6836 6977 6976
6788 2 1 1 6836 6837 6978 6977
6789 2 1 1 6837 6838 6979 6978
6790 2 1 1 6838 6839 6980 6979
6791 2 1 1 6839 6840 6981 6980
6792 2 1 1 6840 6841 6982 6981
6793 2 1 1 6841 6842 6983 6982
6794 2 1 1 6842 6843 6984 6983
6795 2 1 1 6843 6844 6985 6984
6796 2 1 1 6844 6845 6986 6985
6797 2 1 1 6845 6846 6987 6986
6798 2 1 1 6846 6847 6988 6987
6799 2 1 1 6847 6848 6989 6988
6800 2 1 1 6848 6849 6990 6989
6801 2 1 1 6849 6850 6991 6990
6802 2 1 1 6850 6851 6992 6991
6803 2 1 1 6851 6852 6993 6992
6804 2 1 1 6852 6853 6994 6993
6805 2 1 1 6853 6854 6995 6994
6806 2 1 1 6854 6855 6996 6995
6807 2 1 1 6855 6856 6997 6996
6808 2 1 1 6856 6857 6998 6997
6809 2 1 1 6857 6858 6999 6998
6810 2 1 1 6858 6859 7000 6999
6811 2 1 1 6859 6860 7001 7000
6812 2 1 1 6860 6861 7002 7001
6813 2 1 1 6861 6862 7003 7002
6814 2 1 1 6862 6863 7004 7003
6815 2 1 1 6863 6864 7005 7004
6816 2 1 1 6864 6865 7006 7005
6817 2 1 1 6865 6866 7007 7006
6818 2 1 1 6866 6867 7008 7007
6819 2 1 1 6867 6868 7009 7008
6820 2 1 1 6868 6869 7010 7009
6821 2 1 1 6869 6870 7011 7010
6822 2 1 1 6870 6871 7012 7011
6823 2 1 1 6871 6872 7013 7012
6824 2 1 1 6872 6873 7014 7013
6825 2 1 1 6873 6874 7015 7014
6826 2 1 1 6874 6875 7016 7015
6827 2 1 1 6875 6876 7017 7016
6828 2 1 1 6876 6877 7018 7017
6829 2 1 1 6877 6878 7019 7018
6830 2 1 1 6878 6879 7020 7019
6831 2 1 1 6879 6880 7021 7020
6832 2 1 1 6880 6881 7022 7021
6833 2 1 1 6881 6882 7023 7022
6834 2 1 1 6882 6883 7024 7023
6835 2 1 1 6883 6884 7025 7024
6836 2 1 1 6884 6885 7026 7025
6837 2 1 1 6885 6886 7027 7026
6838 2 1 1 6886 6887 7028 7027
6839 2 1 1 6887 6888 7029 7028
6840 2 1 1 6888 6889 7030 7029
6841 2 1 1 6889 6890 7031 7030
6842 2 1 1 6890 6891 7032 7031
6843 2 1 1 6891 6892 7033 7032
6844 2 1 1 6892 6893 7034 7033
6845 2 1 1 6893 6894 7035 7034
6846 2 1 1 6894 6895 7036 7035
6847 2 1 1 6895 6896 7037 7036
6848 2 1 1 6896 6897 7038 7037
6849 2 1 1 6897 6898 7039 7038
6850 2 1 1 6898 6899 7040 7039
6851 2 1 1 6899 6900 7041 7040
6852 2 1 1 6900 6901 7042 7041
6853 2 1 1 6901 6902 7043 7042
6854 2 1 1 6902 6903 7044 7043
6855 2 1 1 6903 6904 7045 7044
6856 2 1 1 6904 6905 7046 7045
6857 2 1 1 6905 6906 7047 7046
6858 2 1 1 6906 6907 7048 7047
6859 2 1 1 6907 6908 7049 7048
6860 2 1 1 6908 6909 7050 7049
6861 2 1 1 6910 6911 7052 7051
6862 2 1 1 6911 6912 7053 7052
6863 2 1 1 6912 6913 7054 7053
6864 2 1 1 6913 6914 7055 7054
6865 2 1 1 6914 6915 7056 7055
6866 2 1 1 6915 6916 7057 7056
6867 2 1 1 6916 6917 7058 7057
6868 2 1 1 6917 6918 7059 7058
6869 2 1 1 6918 6919 7060 7059
6870 2 1 1 6919 6920 7061 7060
6871 2 1 1 6920 6921 7062 7061
6872 2 1 1 6921 6922 7063 7062
6873 2 1 1 6922 6923 7064 7063
6874 2 1 1 6923 6924 7065 7064
6875 2 1 1 6924 6925 7066 7065
6876 2 1 1 6925 6926 7067 7066
6877 2 1 1 6926 6927 7068 7067
6878 2 1 1 6927 6928 7069 7068
6879 2 1 1 6928 6929 7070 7069
6880 2 1 1 6929 6930 7071 7070
6881 2 1 1 6930 6931 7072 7071
6882 2 1 1 6931 6932 7073 7072
6883 2 1 1 6932 6933 7074 7073
6884 2 1 1 6933 6934 7075 7074
6885 2 1 1 6934 6935 7076 7075
6886 2 1 1 6935 6936 7077 7076
6887 2 1 1 6936 6937 7078 7077
6888 2 1 1 6937 6938 7079 7078
6889 2 1 1 6938 6939 7080 7079
6890 2 1 1 6939 6940 7081 7080
6891 2 1 1 6940 6941 7082 7081
6892 2 1 1 6941 6942 7083 7082
6893 2 1 1 6942 6943 7084 7083
6894 2 1 1 6943 6944 7085 7084
6895 2 1 1 6944 6945 7086 7085
6896 2 1 1 6945 6946 7087 7086
6897 2 1 1 6946 6947 7088 7087
6898 2 1 1 6947 6948 7089 7088
6899 2 1 1 6948 6949 7090 7089
6900 2 1 1 6949 6950 7091 7090
6901 2 1 1 6950 6951 7092 7091
6902 2 1 1 6951 6952 7093 7092
6903 2 1 1 6952 6953 7094 7093
6904 2 1 1 6953 6954 7095 7094
6905 2 1 1 6954 6955 7096 7095
6906 2 1 1 6955 6956 7097 7096
6907 2 1 1 6956 6957 7098 7097
6908 2 1 1 6957 6958 7099 7098
6909 2 1 1 6958 6959 7100 7099
6910 2 1 1 6959 6960 7101 7100
6911 2 1 1 6960 6961 7102 7101
6912 2 1 1 6961 6962 7103 7102
6913 2 1 1 6962 6963 7104 7103
6914 2 1 1 6963 6964 7105 7104
6915 2 1 1 6964 6965 7106 7105
6916 2 1 1 6965 6966 7107 7106
6917 2 1 1 6966 6967 7108 7107
6918 2 1 1 6967 6968 7109 7108
6919 2 1 1 6968 6969 7110 7109
6920 2 1 1 6969 6970 7111 7110
6921 2 1 1 6970 6971 7112 7111
6922 2 1 1 6971 6972 7113 7112
6923 2 1 1 6972 6973 7114 7113
6924 2 1 1 6973 6974 7115 7114
6925 2 1 1 6974 6975 7116 7115
6926 2 1 1 6975 6976 7117 7116
6927 2 1 1 6976 6977 7118 7117
6928 2 1 1 6977 6978 7119 7118
6929 2 1 1 6978 6979 7120 7119
6930 2 1 1 6979 6980 7121 7120
6931 2 1 1 6980 6981 7122 7121
6932 2 1 1 6981 6982 7123 7122
6933 2 1 1 6982 6983 7124 7123
6934 2 1 1 6983 6984 7125 7124
6935 2 1 1 6984 6985 7126 7125
6936 2 1 1 6985 6986 7127 7126
6937 2 1 1 6986 6987 7128 7127
6938 2 1 1 6987 6988 7129 7128
6939 2 1 1 6988 6989 7130 7129
6940 2 1 1 6989 6990 7131 7130
6941 2 1 1 6990 6991 7132 7131
6942 2 1 1 6991 6992 7133 7132
6943 2 1 1 6992 6993 7134 7133
6944 2 1 1 6993 6994 7135 7134
6945 2 1 1 6994 6995 7136 7135
6946 2 1 1 6995 6996 7137 7136
6947 2 1 1 6996 6997 7138 7137
6948 2 1 1 6997 6998 7139 7138
6949 2 1 1 6998 6999 7140 7139
6950 2 1 1 6999 7000 7141 7140
6951 2 1 1 7000 7001 7142 7141
6952 2 1 1 7001 7002 7143 7142
6953 2 1 1 7002 7003 7144 7143
6954 2 1 1 7003 7004 7145 7144
6955 2 1 1 7004 7005 7146 7145
6956 2 1 1 7005 7006 7147 7146
6957 2 1 1 7006 7007 7148 7147
6958 2 1 1 7007 7008 7149 7148
6959 2 1 1 7008 7009 7150 7149
6960 2 1 1 7009 7010 7151 7150
6961 2 1 1 7010 7011 7152 7151
6962 2 1 1 7011 7012 7153 7152
6963 2 1 1 7012 7013 7154 7153
6964 2 1 1 7013 7014 7155 7154
6965 2 1 1 7014 7015 7156 7155
6966 2 1 1 7015 7016 7157 7156
6967 2 1 1 7016 7017 7158 7157
6968 2 1 1 7017 7018 7159 7158
6969 2 1 1 7018 7019 7160 7159
6970 2 1 1 7019 7020 7161 7160
6971 2 1 1 7020 7021 7162 7161
6972 2 1 1 7021 7022 7163 7162
6973 2 1 1 7022 7023 7164 7163
6974 2 1 1 7023 7024 7165 7164
6975 2 1 1 7024 7025 7166 7165
6976 2 1 1 7025 7026 7167 7166
6977 2 1 1 7026 7027 7168 7167
6978 2 1 1 7027 7028 7169 7168
6979 2 1 1 7028 7029 7170 7169
6980 2 1 1 7029 7030 7171 7170
6981 2 1 1 7030 7031 7172 7171
6982 2 1 1 7031 7032 7173 7172
6983 2 1 1 7032 7033 7174 7173
6984 2 1 1 7033 7034 7175 7174
6985 2 1 1 7034 7035 7176 7175
6986 2 1 1 7035 7036 7177 7176
6987 2 1 1 7036 7037 7178 7177
6988 2 1 1 7037 7038 7179 7178
6989 2 1 1 7038 7039 7180 7179
6990 2 1 1 7039 7040 7181 7180
6991 2 1 1 7040 7041 7182 7181
6992 2 1 1 7041 7042 7183 7182
6993 2 1 1 7042 7043 7184 7183
6994 2 1 1 7043 7044 7185 7184
6995 2 1 1 7044 7045 7186 7185
6996 2 1 1 7045 7046 7187 7186
6997 2 1 1 7046 7047 7188 7187
6998 2 1 1 7047 7048 7189 7188
6999 2 1 1 7048 7049 7190 7189
7000 2 1 1 7049 7050 7191 7190
7001 2 1 1 7051 7052 7193 7192
7002 2 1 1 7052 7053 7194 7193
7003 2 1 1 7053 7054 7195 7194
7004 2 1 1 7054 7055 7196 7195
7005 2 1 1 7055 7056 7197 7196
7006 2 1 1 7056 7057 7198 7197
7007 2 1 1 7057 7058 7199 7198
7008 2 1 1 7058 7059 7200 7199
7009 2 1 1 7059 7060 7201 7200
7010 2 1 1 7060 7061 7202 7201
7011 2 1 1 7061 7062 7203 7202
7012 2 1 1 7062 7063 7204 7203
7013 2 1 1 7063 7064 7205 7204
7014 2 1 1 7064 7065 7206 7205
7015 2 1 1 7065 7066 7207 7206
7016 2 1 1 7066 7067 7208 7207
7017 2 1 1 7067 7068 7209 7208
7018 2 1 1 7068 7069 7210 7209
7019 2 1 1 7069 7070 7211 7210
7020 2 1 1 7070 7071 7212 7211
7021 2 1 1 7071 7072 7213 7212
7022 2 1 1 7072 7073 7214 7213
7023 2 1 1 7073 7074 7215 7214
7024 2 1 1 7074 7075 7216 7215
7025 2 1 1 7075 7076 7217 7216
7026 2 1 1 7076 7077 7218 7217
7027 2 1 1 7077 7078 7219 7218
7028 2 1 1 7078 7079 7220 7219
7029 2 1 1 7079 7080 7221 7220
7030 2 1 1 7080 7081 7222 7221
7031 2 1 1 7081 7082 7223 7222
7032 2 1 1 7082 7083 7224 7223
7033 2 1 1 7083 7084 7225 7224
7034 2 1 1 7084 7085 7226 7225
7035 2 1 1 7085 7086 7227 7226
7036 2 1 1 7086 7087 7228 7227
7037 2 1 1 7087 7088 7229 7228
7038 2 1 1 7088 7089 7230 7229
7039 2 1 1 7089 7090 7231 7230
7040 2 1 1 7090 7091 7232 7231
7041 2 1 1 7091 7092 7233 7232
7042 2 1 1 7092 7093 7234 7233
7043 2 1 1 7093 7094 7235 7234
7044 2 1 1 7094 7095 7236 7235
7045 2 1 1 7095 7096 7237 7236
7046 2 1 1 7096 7097 7238 7237
7047 2 1 1 7097 7098 7239 7238
7048 2 1 1 7098 7099 7240 7239
7049 2 1 1 7099 7100 7241 7240
7050 2 1 1 7100 7101 7242 7241
7051 2 1 1 7101 7102 7243 7242
7052 2 1 1 7102 7103 7244 7243
7053 2 1 1 7103 7104 7245 7244
7054 2 1 1 7104 7105 7246 7245
7055 2 1 1 7105 7106 7247 7246
7056 2 1 1 7106 7107 7248 7247
7057 2 1 1 7107 7108 7249 7248
7058 2 1 1 7108 7109 7250 7249
7059 2 1 1 7109 7110 7251 7250
7060 2 1 1 7110 7111 7252 7251
7061 2 1 1 7111 7112 7253 7252
7062 2 1 1 7112 7113 7254 7253
7063 2 1 1 7113 7114 7255 7254
7064 2 1 1 7114 7115 7256 7255
7065 2 1 1 7115 7116 7257 7256
7066 2 1 1 7116 7117 7258 7257
7067 2 1 1 7117 7118 7259 7258
7068 2 1 1 7118 7119 7260 7259
7069 2 1 1 7119 7120 7261 7260
7070 2 1 1 7120 7121 7262 7261
7071 2 1 1 7121 7122 7263 7262
7072 2 1 1 7122 7123 7264 7263
7073 2 1 1 7123 7124 7265 7264
7074 2 1 1 7124 7125 7266 7265
7075 2 1 1 7125 7126 7267 7266
7076 2 1 1 7126 7127 7268 7267
7077 2 1 1 7127 7128 7269 7268
7078 2 1 1 7128 7129 7270 7269
7079 2 1 1 7129 7130 7271 7270
7080 2 1 1 7130 7131 7272 7271
7081 2 1 1 7131 7132 7273 7272
7082 2 1 1 7132 7133 7274 7273
7083 2 1 1 7133 7134 7275 7274
7084 2 1 1 7134 7135 7276 7275
7085 2 1 1 7135 7136 7277 7276
7086 2 1 1 7136 7137 7278 7277
7087 2 1 1 7137 7138 7279 7278
7088 2 1 1 7138 7139 7280 7279
7089 2 1 1 7139 7140 7281 7280
7090 2 1 1 7140 7141 7282 7281
7091 2 1 1 7141 7142 7283 7282
7092 2 1 1 7142 7143 7284 7283
7093 2 1 1 7143 7144 7285 7284
7094 2 1 1 7144 7145 7286 7285
7095 2 1 1 7145 7146 7287 7286
7096 2 1 1 7146 7147 7288 7287
7097 2 1 1 7147 7148 7289 7288
7098 2 1 1 7148 7149 7290 7289
7099 2 1 1 7149 7150 7291 7290
7100 2 1 1 7150 7151 7292 7291
7101 2 1 1 7151 7152 7293 7292
7102 2 1 1 7152 7153 7294 7293
7103 2 1 1 7153 7154 7295 7294
7104 2 1 1 7154 7155 7296 7295
7105 2 1 1 7155 7156 7297 7296
7106 2 1 1 7156 7157 7298 7297
7107 2 1 1 7157 7158 7299 7298
7108 2 1 1 7158 7159 7300 7299
7109 2 1 1 7159 7160 7301 7300
7110 2 1 1 7160 7161 7302 7301
7111 2 1 1 7161 7162 7303 7302
7112 2 1 1 7162 7163 7304 7303
7113 2 1 1 7163 7164 7305 7304
7114 2 1 1 7164 7165 7306 7305
7115 2 1 1 7165 7166 7307 7306
7116 2 1 1 7166 7167 7308 7307
7117 2 1 1 7167 7168 7309 7308
7118 2 1 1 7168 7169 7310 7309
7119 2 1 1 7169 7170 7311 7310
7120 2 1 1 7170 7171 7312 7311
7121 2 1 1 7171 7172 7313 7312
7122 2 1 1 7172 7173 7314 7313
7123 2 1 1 7173 7174 7315 7314
7124 2 1 1 7174 7175 7316 7315
7125 2 1 1 7175 7176 7317 7316
7126 2 1 1 7176 7177 7318 7317
7127 2 1 1 7177 7178 7319 7318
7128 2 1 1 7178 7179 7320 7319
7129 2 1 1 7179 7180 7321 7320
7130 2 1 1 7180 7181 7322 7321
7131 2 1 1 7181 7182 7323 7322
7132 2 1 1 7182 7183 7324 7323
7133 2 1 1 7183 7184 7325 7324
7134 2 1 1 7184 7185 7326 7325
7135 2 1 1 7185 7186 7327 7326
7136 2 1 1 7186 7187 7328 7327
7137 2 1 1 7187 7188 7329 7328
7138 2 1 1 7188 7189 7330 7329
7139 2 1 1 7189 7190 7331 7330
7140 2 1 1 7190 7191 7332 7331
7141 2 1 1 7192 7193 7334 7333
7142 2 1 1 7193 7194 7335 7334
7143 2 1 1 7194 7195 7336 7335
7144 2 1 1 7195 7196 7337 7336
7145 2 1 1 7196 7197 7338 7337
7146 2 1 1 7197 7198 7339 7338
7147 2 1 1 7198 7199 7340 7339
7148 2 1 1 7199 7200 7341 7340
7149 2 1 1 7200 7201 7342 7341
7150 2 1 1 7201 7202 7343 7342
7151 2 1 1 7202 7203 7344 7343
7152 2 1 1 7203 7204 7345 7344
7153 2 1 1 7204 7205 7346 7345
7154 2 1 1 7205 7206 7347 7346
7155 2 1 1 7206 7207 7348 7347
7156 2 1 1 7207 7208 7349 7348
7157 2 1 1 7208 7209 7350 7349
7158 2 1 1 7209 7210 7351 7350
7159 2 1 1 7210 7211 7352 7351
7160 2 1 1 7211 7212 7353 7352
7161 2 1 1 7212 7213 7354 7353
7162 2 1 1 7213 7214 7355 7354
7163 2 1 1 7214 7215 7356 7355
7164 2 1 1 7215 7216 7357 7356
7165 2 1 1 7216 7217 7358 7357
7166 2 1 1 7217 7218 7359 7358
7167 2 1 1 7218 7219 7360 7359
7168 2 1 1 7219 7220 7361 7360
7169 2 1 1 7220 7221 7362 7361
7170 2 1 1 7221 7222 7363 7362
7171 2 1 1 7222 7223 7364 7363
7172 2 1 1 7223 7224 7365 7364
7173 2 1 1 7224 7225 7366 7365
7174 2 1 1 7225 7226 7367 7366
7175 2 1 1 7226 7227 7368 7367
7176 2 1 1 7227 7228 7369 7368
7177 2 1 1 7228 7229 7370 7369
7178 2 1 1 7229 7230 7371 7370
7179 2 1 1 7230 7231 7372 7371
7180 2 1 1 7231 7232 7373 7372
7181 2 1 1 7232 7233 7374 7373
7182 2 1 1 7233 7234 7375 7374
7183 2 1 1 7234 7235 7376 7375
7184 2 1 1 7235 7236 7377 7376
7185 2 1 1 7236 7237 7378 7377
7186 2 1 1 7237 7238 7379 7378
7187 2 1 1 7238 7239 7380 7379
7188 2 1 1 7239 7240 7381 7380
7189 2 1 1 7240 7241 7382 7381
7190 2 1 1 7241 7242 7383 7382
7191 2 1 1 7242 7243 7384 7383
7192 2 1 1 7243 7244 7385 7384
7193 2 1 1 7244 7245 7386 7385
7194 2 1 1 7245 7246 7387 7386
7195 2 1 1 7246 7247 7388 7387
7196 2 1 1 7247 7248 7389 7388
7197 2 1 1 7248 7249 7390 7389
7198 2 1 1 7249 7250 7391 7390
7199 2 1 1 7250 7251 7392 7391
7200 2 1 1 7251 7252 7393 7392
7201 2 1 1 7252 7253 7394 7393
7202 2 1 1 7253 7254 7395 7394
7203 2 1 1 7254 7255 7396 7395
7204 2 1 1 7255 7256 7397 7396
7205 2 1 1 7256 7257 7398 7397
7206 2 1 1 7257 7258 7399 7398
7207 2 1 1 7258 7259 7400 7399
7208 2 1 1 7259 7260 7401 7400
7209 2 1 1 7260 7261 7402 7401
7210 2 1 1 7261 7262 7403 7402
7211 2 1 1 7262 7263 7404 7403
7212 2 1 1 7263 7264 7405 7404
7213 2 1 1 7264 7265 7406 7405
7214 2 1 1 7265 7266 7407 7406
7215 2 1 1 7266 7267 7408 7407
7216 2 1 1 7267 7268 7409 7408
7217 2 1 1 7268 7269 7410 7409
7218 2 1 1 7269 7270 7411 7410
7219 2 1 1 7270 7271 7412 7411
7220 2 1 1 7271 7272 7413 7412
7221 2 1 1 7272 7273 7414 7413
7222 2 1 1 7273 7274 7415 7414
7223 2 1 1 7274 7275 7416 7415
7224 2 1 1 7275 7276 7417 7416
7225 2 1 1 7276 7277 7418 7417
7226 2 1 1 7277 7278 7419 7418
7227 2 1 1 7278 7279 7420 7419
7228 2 1 1 7279 7280 7421 7420
7229 2 1 1 7280 7281 7422 7421
7230 2 1 1 7281 7282 7423 7422
7231 2 1 1 7282 7283 7424 7423
7232 2 1 1 7283 7284 7425 7424
7233 2 1 1 7284 7285 7426 7425
7234 2 1 1 7285 7286 7427 7426
7235 2 1 1 7286 7287 7428 7427
7236 2 1 1 7287 7288 7429 7428
7237 2 1 1 7288 7289 7430 7429
7238 2 1 1 7289 7290 7431 7430
7239 2 1 1 7290 7291 7432 7431
7240 2 1 1 7291 7292 7433 7432
7241 2 1 1 7292 7293 7434 7433
7242 2 1 1 7293 7294 7435 7434
7243 2 1 1 7294 7295 7436 7435
7244 2 1 1 7295 7296 7437 7436
7245 2 1 1 7296 7297 7438 7437
7246 2 1 1 7297 7298 7439 7438
7247 2 1 1 7298 7299 7440 7439
7248 2 1 1 7299 7300 7441 7440
7249 2 1 1 7300 7301 7442 7441
7250 2 1 1 7301 7302 7443 7442
7251 2 1 1 7302 7303 7444 7443
7252 2 1 1 7303 7304 7445 7444
7253 2 1 1 7304 7305 7446 7445
7254 2 1 1 7305 7306 7447 7446
7255 2 1 1 7306 7307 7448 7447
7256 2 1 1 7307 7308 7449 7448
7257 2 1 1 7308 7309 7450 7449
7258 2 1 1 7309 7310 7451 7450
7259 2 1 1 7310 7311 7452 7451
7260 2 1 1 7311 7312 7453 7452
7261 2 1 1 7312 7313 7454 7453
7262 2 1 1 7313 7314 7455 7454
7263 2 1 1 7314 7315 7456 7455
7264 2 1 1 7315 7316 7457 7456
7265 2 1 1 7316 7317 7458 7457
7266 2 1 1 7317 7318 7459 7458
7267 2 1 1 7318 7319 7460 7459
7268 2 1 1 7319 7320 7461 7460
7269 2 1 1 7320 7321 7462 7461
7270 2 1 1 7321 7322 7463 7462
7271 2 1 1 7322 7323 7464 7463
7272 2 1 1 7323 7324 7465 7464
7273 2 1 1 7324 7325 7466 7465
7274 2 1 1 7325 7326 7467 7466
7275 2 1 1 7326 7327 7468 7467
7276 2 1 1 7327 7328 7469 7468
7277 2 1 1 7328 7329 7470 7469
7278 2 1 1 7329 7330 7471 7470
7279 2 1 1 7330 7331 7472 7471
7280 2 1 1 7331 7332 7473 7472
7281 2 1 1 7333 7334 7475 7474
7282 2 1 1 7334 7335 7476 7475
7283 2 1 1 7335 7336 7477 7476
7284 2 1 1 7336 7337 7478 7477
7285 2 1 1 7337 7338 7479 7478
7286 2 1 1 7338 7339 7480 7479
7287 2 1 1 7339 7340 7481 7480
7288 2 1 1 7340 7341 7482 7481
7289 2 1 1 7341 7342 7483 7482
7290 2 1 1 7342 7343 7484 7483
7291 2 1 1 7343 7344 7485 7484
7292 2 1 1 7344 7345 7486 7485
7293 2 1 1 7345 7346 7487 7486
7294 2 1 1 7346 7347 7488 7487
7295 2 1 1 7347 7348 7489 7488
7296 2 1 1 7348 7349 7490 7489
7297 2 1 1 7349 7350 7491 7490
7298 2 1 1 7350 7351 7492 7491
7299 2 1 1 7351 7352 7493 7492
7300 2 1 1 7352 7353 7494 7493
7301 2 1 1 7353 7354 7495 7494
7302 2 1 1 7354 7355 7496 7495
7303 2 1 1 7355 7356 7497 7496
7304 2 1 1 7356 7357 7498 7497
7305 2 1 1 7357 7358 7499 7498
7306 2 1 1 7358 7359 7500 7499
7307 2 1 1 7359 7360 7501 7500
7308 2 1 1 7360 7361 7502 7501
7309 2 1 1 7361 7362 7503 7502
7310 2 1 1 7362 7363 7504 7503
7311 2 1 1 7363 7364 7505 7504
7312 2 1 1 7364 7365 7506 7505
7313 2 1 1 7365 7366 7507 7506
7314 2 1 1 7366 7367 7508 7507
7315 2 1 1 7367 7368 7509 7508
7316 2 1 1 7368 7369 7510 7509
7317 2 1 1 7369 7370 7511 7510
7318 2 1 1 7370 7371 7512 7511
7319 2 1 1 7371 7372 7513 7512
7320 2 1 1 7372 7373 7514 7513
7321 2 1 1 7373 7374 7515 7514
7322 2 1 1 7374 7375 7516 7515
7323 2 1 1 7375 7376 7517 7516
7324 2 1 1 7376 7377 7518 7517
7325 2 1 1 7377 7378 7519 7518
7326 2 1 1 7378 7379 7520 7519
7327 2 1 1 7379 7380 7521 7520
7328 2 1 1 7380 7381 7522 7521
7329 2 1 1 7381 7382 7523 7522
7330 2 1 1 7382 7383 7524 7523
7331 2 1 1 7383 7384 7525 7524
7332 2 1 1 7384 7385 7526 7525
7333 2 1 1 7385 7386 7527 7526
7334 2 1 1 7386 7387 7528 7527
7335 2 1 1 7387 7388 7529 7528
7336 2 1 1 7388 7389 7530 7529
7337 2 1 1 7389 7390 7531 7530
7338 2 1 1 7390 7391 7532 7531
7339 2 1 1 7391 7392 7533 7532
7340 2 1 1 7392 7393 7534 7533
7341 2 1 1 7393 7394 7535 7534
7342 2 1 1 7394 7395 7536 7535
7343 2 1 1 7395 7396 7537 7536
7344 2 1 1 7396 7397 7538 7537
7345 2 1 1 7397 7398 7539 7538
7346 2 1 1 7398 7399 7540 7539
7347 2 1 1 7399 7400 7541 7540
7348 2 1 1 7400 7401 7542 7541
7349 2 1 1 7401 7402 7543 7542
7350 2 1 1 7402 7403 7544 7543
7351 2 1 1 7403 7404 7545 7544
7352 2 1 1 7404 7405 7546 7545
7353 2 1 1 7405 7406 7547 7546
7354 2 1 1 7406 7407 7548 7547
7355 2 1 1 7407 7408 7549 7548
7356 2 1 1 7408 7409 7550 7549
7357 2 1 1 7409 7410 7551 7550
7358 2 1 1 7410 7411 7552 7551
7359 2 1 1 7411 7412 7553 7552
7360 2 1 1 7412 7413 7554 7553
7361 2 1 1 7413 7414 7555 7554
7362 2 1 1 7414 7415 7556 7555
7363 2 1 1 7415 7416 7557 7556
7364 2 1 1 7416 7417 7558 7557
7365 2 1 1 7417 7418 7559 7558
7366 2 1 1 7418 7419 7560 7559
7367 2 1 1 7419 7420 7561 7560
7368 2 1 1 7420 7421 7562 7561
7369 2 1 1 7421 7422 7563 7562
7370 2 1 1 7422 7423 7564 7563
7371 2 1 1 7423 7424 7565 7564
7372 2 1 1 7424 7425 7566 7565
7373 2 1 1 7425 7426 7567 7566
7374 2 1 1 7426 7427 7568 7567
7375 2 1 1 7427 7428 7569 7568
7376 2 1 1 7428 7429 7570 7569
7377 2 1 1 7429 7430 7571 7570
7378 2 1 1 7430 7431 7572 7571
7379 2 1 1 7431 7432 7573 7572
7380 2 1 1 7432 7433 7574 7573
7381 2 1 1 7433 7434 7575 7574
7382 2 1 1 7434 7435 7576 7575
7383 2 1 1 7435 7436 7577 7576
7384 2 1 1 7436 7437 7578 7577
7385 2 1 1 7437 7438 7579 7578
7386 2 1 1 7438 7439 7580 7579
7387 2 1 1 7439 7440 7581 7580
7388 2 1 1 7440 7441 7582 7581
7389 2 1 1 7441 7442 7583 7582
7390 2 1 1 7442 7443 7584 7583
7391 2 1 1 7443 7444 7585 7584
7392 2 1 1 7444 7445 7586 7585
7393 2 1 1 7445 7446 7587 7586
7394 2 1 1 7446 7447 7588 7587
7395 2 1 1 7447 7448 7589 7588
7396 2 1 1 7448 7449 7590 7589
7397 2 1 1 7449 7450 7591 7590
7398 2 1 1 7450 7451 7592 7591
7399 2 1 1 7451 7452 7593 7592
7400 2 1 1 7452 7453 7594 7593
7401 2 1 1 7453 7454 7595 7594
7402 2 1 1 7454 7455 7596 7595
7403 2 1 1 7455 7456 7597 7596
7404 2 1 1 7456 7457 7598 7597
7405 2 1 1 7457 7458 7599 7598
7406 2 1 1 7458 7459 7600 7599
7407 2 1 1 7459 7460 7601 7600
7408 2 1 1 7460 7461 7602 7601
7409 2 1 1 7461 7462 7603 7602
7410 2 1 1 7462 7463 7604 7603
7411 2 1 1 7463 7464 7605 7604
7412 2 1 1 7464 7465 7606 7605
7413 2 1 1 7465 7466 7607 7606
7414 2 1 1 7466 7467 7608 7607
7415 2 1 1 7467 7468 7609 7608
7416 2 1 1 7468 7469 7610 7609
7417 2 1 1 7469 7470 7611 7610
7418 2 1 1 7470 7471 7612 7611
7419 2 1 1 7471 7472 7613 7612
7420 2 1 1 7472 7473 7614 7613
7421 2 1 1 7474 7475 7616 7615
7422 2 1 1 7475 7476 7617 7616
7423 2 1 1 7476 7477 7618 7617
7424 2 1 1 7477 7478 7619 7618
7425 2 1 1 7478 7479 7620 7619
7426 2 1 1 7479 7480 7621 7620
7427 2 1 1 7480 7481 7622 7621
7428 2 1 1 7481 7482 7623 7622
7429 2 1 1 7482 7483 7624 7623
7430 2 1 1 7483 7484 7625 7624
7431 2 1 1 7484 7485 7626 7625
7432 2 1 1 7485 7486 7627 7626
7433 2 1 1 7486 7487 7628 7627
7434 2 1 1 7487 7488 7629 7628
7435 2 1 1 7488 7489 7630 7629
7436 2 1 1 7489 7490 7631 7630
7437 2 1 1 7490 7491 7632 7631
7438 2 1 1 7491 7492 7633 7632
7439 2 1 1 7492 7493 7634 7633
7440 2 1 1 7493 7494 7635 7634
7441 2 1 1 7494 7495 7636 7635
7442 2 1 1 7495 7496 7637 7636
7443 2 1 1 7496 7497 7638 7637
7444 2 1 1 7497 7498 7639 7638
7445 2 1 1 7498 7499 7640 7639
7446 2 1 1 7499 7500 7641 7640
7447 2 1 1 7500 7501 7642 7641
7448 2 1 1 7501 7502 7643 7642
7449 2 1 1 7502 7503 7644 7643
7450 2 1 1 7503 7504 7645 7644
7451 2 1 1 7504 7505 7646 7645
7452 2 1 1 7505 7506 7647 7646
7453 2 1 1 7506 7507 7648 7647
7454 2 1 1 7507 7508 7649 7648
7455 2 1 1 7508 7509 7650 7649
7456 2 1 1 7509 7510 7651 7650
7457 2 1 1 7510 7511 7652 7651
7458 2 1 1 7511 7512 7653 7652
7459 2 1 1 7512 7513 7654 7653
7460 2 1 1 7513 7514 7655 7654
7461 2 1 1 7514 7515 7656 7655
7462 2 1 1 7515 7516 7657 7656
7463 2 1 1 7516 7517 7658 7657
7464 2 1 1 7517 7518 7659 7658
7465 2 1 1 7518 7519 7660 7659
7466 2 1 1 7519 7520 7661 7660
7467 2 1 1 7520 7521 7662 7661
7468 2 1 1 7521 7522 7663 7662
7469 2 1 1 7522 7523 7664 7663
7470 2 1 1 7523 7524 7665 7664
7471 2 1 1 7524 7525 7666 7665
7472 2 1 1 7525 7526 7667 7666
7473 2 1 1 7526 7527 7668 7667
7474 2 1 1 7527 7528 7669 7668
7475 2 1 1 7528 7529 7670 7669
7476 2 1 1 7529 7530 7671 7670
7477 2 1 1 7530 7531 7672 7671
7478 2 1 1 7531 7532 7673 7672
7479 2 1 1 7532 7533 7674 7673
7480 2 1 1 7533 7534 7675 7674
7481 2 1 1 7534 7535 7676 7675
7482 2 1 1 7535 7536 7677 7676
7483 2 1 1 7536 7537 7678 7677
7484 2 1 1 7537 7538 7679 7678
7485 2 1 1 7538 7539 7680 7679
7486 2 1 1 7539 7540 7681 7680
7487 2 1 1 7540 7541 7682 7681
7488 2 1 1 7541 7542 7683 7682
7489 2 1 1 7542 7543 7684 7683
7490 2 1 1 7543 7544 7685 7684
7491 2 1 1 7544 7545 7686 7685
7492 2 1 1 7545 7546 7687 7686
7493 2 1 1 7546 7547 7688 7687
7494 2 1 1 7547 7548 7689 7688
7495 2 1 1 7548 7549 7690 7689
7496 2 1 1 7549 7550 7691 7690
7497 2 1 1 7550 7551 7692 7691
7498 2 1 1 7551 7552 7693 7692
7499 2 1 1 7552 7553 7694 7693
7500 2 1 1 7553 7554 7695 7694
7501 2 1 1 7554 7555 7696 7695
7502 2 1 1 7555 7556 7697 7696
7503 2 1 1 7556 7557 7698 7697
7504 2 1 1 7557 7558 7699 7698
7505 2 1 1 7558 7559 7700 7699
7506 2 1 1 7559 7560 7701 7700
7507 2 1 1 7560 7561 7702 7701
7508 2 1 1 7561 7562 7703 7702
7509 2 1 1 7562 7563 7704 7703
7510 2 1 1 7563 7564 7705 7704
7511 2 1 1 7564 7565 7706 7705
7512 2 1 1 7565 7566 7707 7706
7513 2 1 1 7566 7567 7708 7707
7514 2 1 1 7567 7568 7709 7708
7515 2 1 1 7568 7569 7710 7709
7516 2 1 1 7569 7570 7711 7710
7517 2 1 1 7570 7571 7712 7711
7518 2 1 1 7571 7572 7713 7712
7519 2 1 1 7572 7573 7714 7713
7520 2 1 1 7573 7574 7715 7714
7521 2 1 1 7574 7575 7716 7715
7522 2 1 1 7575 7576 7717 7716
7523 2 1 1 7576 7577 7718 7717
7524 2 1 1 7577 7578 7719 7718
7525 2 1 1 7578 7579 7720 7719
7526 2 1 1 7579 7580 7721 7720
7527 2 1 1 7580 7581 7722 7721
7528 2 1 1 7581 7582 7723 7722
7529 2 1 1 7582 7583 7724 7723
7530 2 1 1 7583 7584 7725 7724
7531 2 1 1 7584 7585 7726 7725
7532 2 1 1 7585 7586 7727 7726
7533 2 1 1 7586 7587 7728 7727
7534 2 1 1 7587 7588 7729 7728
7535 2 1 1 7588 7589 7730 7729
7536 2 1 1 7589 7590 7731 7730
7537 2 1 1 7590 7591 7732 7731
7538 2 1 1 7591 7592 7733 7732
7539 2 1 1 7592 7593 7734 7733
7540 2 1 1 7593 7594 7735 7734
7541 2 1 1 7594 7595 7736 7735
7542 2 1 1 7595 7596 7737 7736
7543 2 1 1 7596 7597 7738 7737
7544 2 1 1 7597 7598 7739 7738
7545 2 1 1 7598 7599 7740 7739
7546 2 1 1 7599 7600 7741 7740
7547 2 1 1 7600 7601 7742 7741
7548 2 1 1 7601 7602 7743 7742
7549 2 1 1 7602 7603 7744 7743
7550 2 1 1 7603 7604 7745 7744
7551 2 1 1 7604 7605 7746 7745
7552 2 1 1 7605 7606 7747 7746
7553 2 1 1 7606 7607 7748 7747
7554 2 1 1 7607 7608 7749 7748
7555 2 1 1 7608 7609 7750 7749
7556 2 1 1 7609 7610 7751 7750
7557 2 1 1 7610 7611 7752 7751
7558 2 1 1 7611 7612 7753 7752
7559 2 1 1 7612 7613 7754 7753
7560 2 1 1 7613 7614 7755 7754
7561 2 1 1 7615 7616 7757 7756
7562 2 1 1 7616 7617 7758 7757
7563 2 1 1 7617 7618 7759 7758
7564 2 1 1 7618 7619 7760 7759
7565 2 1 1 7619 7620 7761 7760
7566 2 1 1 7620 7621 7762 7761
7567 2 1 1 7621 7622 7763 7762
7568 2 1 1 7622 7623 7764 7763
7569 2 1 1 7623 7624 7765 7764
7570 2 1 1 7624 7625 7766 7765
7571 2 1 1 7625 7626 7767 7766
7572 2 1 1 7626 7627 7768 7767
7573 2 1 1 7627 7628 7769 7768
7574 2 1 1 7628 7629 7770 7769
7575 2 1 1 7629 7630 7771 7770
7576 2 1 1 7630 7631 7772 7771
7577 2 1 1 7631 7632 7773 7772
7578 2 1 1 7632 7633 7774 7773
7579 2 1 1 7633 7634 7775 7774
7580 2 1 1 7634 7635 7776 7775
7581 2 1 1 7635 7636 7777 7776
7582 2 1 1 7636 7637 7778 7777
7583 2 1 1 7637 7638 7779 7778
7584 2 1 1 7638 7639 7780 7779
7585 2 1 1 7639 7640 7781 7780
7586 2 1 1 7640 7641 7782 7781
7587 2 1 1 7641 7642 7783 7782
7588 2 1 1 7642 7643 7784 7783
7589 2 1 1 7643 7644 7785 7784
7590 2 1 1 7644 7645 7786 7785
7591 2 1 1 7645 7646 7787 7786
7592 2 1 1 7646 7647 7788 7787
7593 2 1 1 7647 7648 7789 7788
7594 2 1 1 7648 7649 7790 7789
7595 2 1 1 7649 7650 7791 7790
7596 2 1 1 7650 7651 7792 7791
7597 2 1 1 7651 7652 7793 7792
7598 2 1 1 7652 7653 7794 7793
7599 2 1 1 7653 7654 7795 7794
7600 2 1 1 7654 7655 7796 7795
7601 2 1 1 7655 7656 7797 7796
7602 2 1 1 7656 7657 7798 7797
7603 2 1 1 7657 7658 7799 7798
7604 2 1 1 7658 7659 7800 7799
7605 2 1 1 7659 7660 7801 7800
7606 2 1 1 7660 7661 7802 7801
7607 2 1 1 7661 7662 7803 7802
7608 2 1 1 7662 7663 7804 7803
7609 2 1 1 7663 7664 7805 7804
7610 2 1 1 7664 7665 7806 7805
7611 2 1 1 7665 7666 7807 7806
7612 2 1 1 7666 7667 7808 7807
7613 2 1 1 7667 7668 7809 7808
7614 2 1 1 7668 7669 7810 7809
7615 2 1 1 7669 7670 7811 7810
7616 2 1 1 7670 7671 7812 7811
7617 2 1 1 7671 7672 7813 7812
7618 2 1 1 7672 7673 7814 7813
7619 2 1 1 7673 7674 7815 7814
7620 2 1 1 7674 7675 7816 7815
7621 2 1 1 7675 7676 7817 7816
7622 2 1 1 7676 7677 7818 7817
7623 2 1 1 7677 7678 7819 7818
7624 2 1 1 7678 7679 7820 7819
7625 2 1 1 7679 7680 7821 7820
7626 2 1 1 7680 7681 7822 7821
7627 2 1 1 7681 7682 7823 7822
7628 2 1 1 7682 7683 7824 7823
7629 2 1 1 7683 7684 7825 7824
7630 2 1 1 7684 7685 7826 7825
7631 2 1 1 7685 7686 7827 7826
7632 2 1 1 7686 7687 7828 7827
7633 2 1 1 7687 7688 7829 7828
7634 2 1 1 7688 7689 7830 7829
7635 2 1 1 7689 7690 7831 7830
7636 2 1 1 7690 7691 7832 7831
7637 2 1 1 7691 7692 7833 7832
7638 2 1 1 7692 7693 7834 7833
7639 2 1 1 7693 7694 7835 7834
7640 2 1 1 7694 7695 7836 7835
7641 2 1 1 7695 7696 7837 7836
7642 2 1 1 7696 7697 7838 7837
7643 2 1 1 7697 7698 7839 7838
7644 2 1 1 7698 7699 7840 7839
7645 2 1 1 7699 7700 7841 7840
7646 2 1 1 7700 7701 7842 7841
7647 2 1 1 7701 7702 7843 7842
7648 2 1 1 7702 7703 7844 7843
7649 2 1 1 7703 7704 7845 7844
7650 2 1 1 7704 7705 7846 7845
7651 2 1 1 7705 7706 7847 7846
7652 2 1 1 7706 7707 7848 7847
7653 2 1 1 7707 7708 7849 7848
7654 2 1 1 7708 7709 7850 7849
7655 2 1 1 7709 7710 7851 7850
7656 2 1 1 7710 7711 7852 7851
7657 2 1 1 7711 7712 7853 7852
7658 2 1 1 7712 7713 7854 7853
7659 2 1 1 7713 7714 7855 7854
7660 2 1 1 7714 7715 7856 7855
7661 2 1 1 7715 7716 7857 7856
7662 2 1 1 7716 7717 7858 7857
7663 2 1 1 7717 7718 7859 7858
7664 2 1 1 7718 7719 7860 7859
7665 2 1 1 7719 7720 7861 7860
7666 2 1 1 7720 7721 7862 7861
7667 2 1 1 7721 7722 7863 7862
7668 2 1 1 7722 7723 7864 7863
7669 2 1 1 7723 7724 7865 7864
7670 2 1 1 7724 7725 7866 7865
7671 2 1 1 7725 7726 7867 7866
7672 2 1 1 7726 7727 7868 7867
7673 2 1 1 7727 7728 7869 7868
7674 2 1 1 7728 7729 7870 7869
7675 2 1 1 7729 7730 7871 7870
7676 2 1 1 7730 7731 7872 7871
7677 2 1 1 7731 7732 7873 7872
7678 2 1 1 7732 7733 7874 7873
7679 2 1 1 7733 7734 7875 7874
7680 2 1 1 7734 7735 7876 7875
7681 2 1 1 7735 7736 7877 7876
7682 2 1 1 7736 7737 7878 7877
7683 2 1 1 7737 7738 7879 7878
7684 2 1 1 7738 7739 7880 7879
7685 2 1 1 7739 7740 7881 7880
7686 2 1 1 7740 7741 7882 7881
7687 2 1 1 7741 7742 7883 7882
7688 2 1 1 7742 7743 7884 7883
7689 2 1 1 7743 7744 7885 7884
7690 2 1 1 7744 7745 7886 7885
7691 2 1 1 7745 7746 7887 7886
7692 2 1 1 7746 7747 7888 7887
7693 2 1 1 7747 7748 7889 7888
7694 2 1 1 7748 7749 7890 7889
7695 2 1 1 7749 7750 7891 7890
7696 2 1 1 7750 7751 7892 7891
7697 2 1 1 7751 7752 7893 7892
7698 2 1 1 7752 7753 7894 7893
7699 2 1 1 7753 7754 7895 7894
7700 2 1 1 7754 7755 7896 7895
7701 2 1 1 7756 7757 7898 7897
7702 2 1 1 7757 7758 7899 7898
7703 2 1 1 7758 7759 7900 7899
7704 2 1 1 7759 7760 7901 7900
7705 2 1 1 7760 7761 7902 7901
7706 2 1 1 7761 7762 7903 7902
7707 2 1 1 7762 7763 7904 7903
7708 2 1 1 7763 7764 7905 7904
7709 2 1 1 7764 7765 7906 7905
7710 2 1 1 7765 7766 7907 7906
7711 2 1 1 7766 7767 7908 7907
7712 2 1 1 7767 7768 7909 7908
7713 2 1 1 7768 7769 7910 7909
7714 2 1 1 7769 7770 7911 7910
7715 2 1 1 7770 7771 7912 7911
7716 2 1 1 7771 7772 7913 7912
7717 2 1 1 7772 7773 7914 7913
7718 2 1 1 7773 7774 7915 7914
7719 2 1 1 7774 7775 7916 7915
7720 2 1 1 7775 7776 7917 7916
7721 2 1 1 7776 7777 7918 7917
7722 2 1 1 7777 7778 7919 7918
7723 2 1 1 7778 7779 7920 7919
7724 2 1 1 7779 7780 7921 7920
7725 2 1 1 7780 7781 7922 7921
7726 2 1 1 7781 7782 7923 7922
7727 2 1 1 7782 7783 7924 7923
7728 2 1 1 7783 7784 7925 7924
7729 2 1 1 7784 7785 7926 7925
7730 2 1 1 7785 7786 7927 7926
7731 2 1 1 7786 7787 7928 7927
7732 2 1 1 7787 7788 7929 7928
7733 2 1 1 7788 7789 7930 7929
7734 2 1 1 7789 7790 7931 7930
7735 2 1 1 7790 7791 7932 7931
7736 2 1 1 7791 7792 7933 7932
7737 2 1 1 7792 7793 7934 7933
7738 2 1 1 7793 7794 7935 7934
7739 2 1 1 7794 7795 7936 7935
7740 2 1 1 7795 7796 7937 7936
7741 2 1 1 7796 7797 7938 7937
7742 2 1 1 7797 7798 7939 7938
7743 2 1 1 7798 7799 7940 7939
7744 2 1 1 7799 7800 7941 7940
7745 2 1 1 7800 7801 7942 7941
7746 2 1 1 7801 7802 7943 7942
7747 2 1 1 7802 7803 7944 7943
7748 2 1 1 7803 7804 7945 7944
7749 2 1 1 7804 7805 7946 7945
7750 2 1 1 7805 7806 7947 7946
7751 2 1 1 7806 7807 7948 7947
7752 2 1 1 7807 7808 7949 7948
7753 2 1 1 7808 7809 7950 7949
7754 2 1 1 7809 7810 7951 7950
7755 2 1 1 7810 7811 7952 7951
7756 2 1 1 7811 7812 7953 7952
7757 2 1 1 7812 7813 7954 7953
7758 2 1 1 7813 7814 7955 7954
7759 2 1 1 7814 7815 7956 7955
7760 2 1 1 7815 7816 7957 7956
7761 2 1 1 7816 7817 7958 7957
7762 2 1 1 7817 7818 7959 7958
7763 2 1 1 7818 7819 7960 7959
7764 2 1 1 7819 7820 7961 7960
7765 2 1 1 7820 7821 7962 7961
7766 2 1 1 7821 7822 7963 7962
7767 2 1 1 7822 7823 7964 7963
7768 2 1 1 7823 7824 7965 7964
7769 2 1 1 7824 7825 7966 7965
7770 2 1 1 7825 7826 7967 7966
7771 2 1 1 7826 7827 7968 7967
7772 2 1 1 7827 7828 7969 7968
7773 2 1 1 7828 7829 7970 7969
7774 2 1 1 7829 7830 7971 7970
7775 2 1 1 7830 7831 7972 7971
7776 2 1 1 7831 7832 7973 7972
7777 2 1 1 7832 7833 7974 7973
7778 2 1 1 7833 7834 7975 7974
7779 2 1 1 7834 7835 7976 7975
7780 2 1 1 7835 7836 7977 7976
7781 2 1 1 7836 7837 7978 7977
7782 2 1 1 7837 7838 7979 7978
7783 2 1 1 7838 7839 7980 7979
7784 2 1 1 7839 7840 7981 7980
7785 2 1 1 7840 7841 7982 7981
7786 2 1 1 7841 7842 7983 7982
7787 2 1 1 7842 7843 7984 7983
7788 2 1 1 7843 7844 7985 7984
7789 2 1 1 7844 7845 7986 7985
7790 2 1 1 7845 7846 7987 7986
7791 2 1 1 7846 7847 7988 7987
7792 2 1 1 7847 7848 7989 7988
7793 2 1 1 7848 7849 7990 7989
7794 2 1 1 7849 7850 7991 7990
7795 2 1 1 7850 7851 7992 7991
7796 2 1 1 7851 7852 7993 7992
7797 2 1 1 7852 7853 7994 7993
7798 2 1 1 7853 7854 7995 7994
7799 2 1 1 7854 7855 7996 7995
7800 2 1 1 7855 7856 7997 7996
7801 2 1 1 7856 7857 7998 7997
7802 2 1 1 7857 7858 7999 7998
7803 2 1 1 7858 7859 8000 7999
7804 2 1 1 7859 7860 8001 8000
7805 2 1 1 7860 7861 8002 8001
7806 2 1 1 7861 7862 8003 8002
7807 2 1 1 7862 7863 8004 8003
7808 2 1 1 7863 7864 8005 8004
7809 2 1 1 7864 7865 8006 8005
7810 2 1 1 7865 7866 8007 8006
7811 2 1 1 7866 7867 8008 8007
7812 2 1 1 7867 7868 8009 8008
7813 2 1 1 7868 7869 8010 8009
7814 2 1 1 7869 7870 8011 8010
7815 2 1 1 7870 7871 8012 8011
7816 2 1 1 7871 7872 8013 8012
7817 2 1 1 7872 7873 8014 8013
7818 2 1 1 7873 7874 8015 8014
7819 2 1 1 7874 7875 8016 8015
7820 2 1 1 7875 7876 8017 8016
7821 2 1 1 7876 7877 8018 8017
7822 2 1 1 7877 7878 8019 8018
7823 2 1 1 7878 7879 8020 8019
7824 2 1 1 7879 7880 8021 8020
7825 2 1 1 7880 7881 8022 8021
7826 2 1 1 7881 7882 8023 8022
7827 2 1 1 7882 7883 8024 8023
7828 2 1 1 7883 7884 8025 8024
7829 2 1 1 7884 7885 8026 8025
7830 2 1 1 7885 7886 8027 8026
7831 2 1 1 7886 7887 8028 8027
7832 2 1 1 7887 7888 8029 8028
7833 2 1 1 7888 7889 8030 8029
7834 2 1 1 7889 7890 8031 8030
7835 2 1 1 7890 7891 8032 8031
7836 2 1 1 7891 7892 8033 8032
7837 2 1 1 7892 7893 8034 8033
7838 2 1 1 7893 7894 8035 8034
7839 2 1 1 7894 7895 8036 8035
7840 2 1 1 7895 7896 8037 8036
7841 2 1 1 7897 7898 8039 8038
7842 2 1 1 7898 7899 8040 8039
7843 2 1 1 7899 7900 8041 8040
7844 2 1 1 7900 7901 8042 8041
7845 2 1 1 7901 7902 8043 8042
7846 2 1 1 7902 7903 8044 8043
7847 2 1 1 7903 7904 8045 8044
7848 2 1 1 7904 7905 8046 8045
7849 2 1 1 7905 7906 8047 8046
7850 2 1 1 7906 7907 8048 8047
7851 2 1 1 7907 7908 8049 8048
7852 2 1 1 7908 7909 8050 8049
7853 2 1 1 7909 7910 8051 8050
7854 2 1 1 7910 7911 8052 8051
7855 2 1 1 7911 7912 8053 8052
7856 2 1 1 7912 7913 8054 8053
7857 2 1 1 7913 7914 8055 8054
7858 2 1 1 7914 7915 8056 8055
7859 2 1 1 7915 7916 8057 8056
7860 2 1 1 7916 7917 8058 8057
7861 2 1 1 7917 7918 8059 8058
7862 2 1 1 7918 7919 8060 8059
7863 2 1 1 7919 7920 8061 8060
7864 2 1 1 7920 7921 8062 8061
7865 2 1 1 7921 7922 8063 8062
7866 2 1 1 7922 7923 8064 8063
7867 2 1 1 7923 7924 8065 8064
7868 2 1 1 7924 7925 8066 8065
7869 2 1 1 7925 7926 8067 8066
7870 2 1 1 7926 7927 8068 8067
7871 2 1 1 7927 7928 8069 8068
7872 2 1 1 7928 7929 8070 8069
7873 2 1 1 7929 7930 8071 8070
7874 2 1 1 7930 7931 8072 8071
7875 2 1 1 7931 7932 8073 8072
7876 2 1 1 7932 7933 8074 8073
7877 2 1 1 7933 7934 8075 8074
7878 2 1 1 7934 7935 8076 8075
7879 2 1 1 7935 7936 8077 8076
7880 2 1 1 7936 7937 8078 8077
7881 2 1 1 7937 7938 8079 8078
7882 2 1 1 7938 7939 8080 8079
7883 2 1 1 7939 7940 8081 8080
7884 2 1 1 7940 7941 8082 8081
7885 2 1 1 7941 7942 8083 8082
7886 2 1 1 7942 7943 8084 8083
7887 2 1 1 7943 7944 8085 8084
7888 2 1 1 7944 7945 8086 8085
7889 2 1 1 7945 7946 8087 8086
7890 2 1 1 7946 7947 8088 8087
7891 2 1 1 7947 7948 8089 8088
7892 2 1 1 7948 7949 8090 8089
7893 2 1 1 7949 7950 8091 8090
7894 2 1 1 7950 7951 8092 8091
7895 2 1 1 7951 7952 8093 8092
7896 2 1 1 7952 7953 8094 8093
7897 2 1 1 7953 7954 8095 8094
7898 2 1 1 7954 7955 8096 8095
7899 2 1 1 7955 7956 8097 8096
7900 2 1 1 7956 7957 8098 8097
7901 2 1 1 7957 7958 8099 8098
7902 2 1 1 7958 7959 8100 8099
7903 2 1 1 7959 7960 8101 8100
7904 2 1 1 7960 7961 8102 8101
7905 2 1 1 7961 7962 8103 8102
7906 2 1 1 7962 7963 8104 8103
7907 2 1 1 7963 7964 8105 8104
7908 2 1 1 7964 7965 8106 8105
7909 2 1 1 7965 7966 8107 8106
7910 2 1 1 7966 7967 8108 8107
7911 2 1 1 7967 7968 8109 8108
7912 2 1 1 7968 7969 8110 8109
7913 2 1 1 7969 7970 8111 8110
7914 2 1 1 7970 7971 8112 8111
7915 2 1 1 7971 7972 8113 8112
7916 2 1 1 7972 7973 8114 8113
7917 2 1 1 7973 7974 8115 8114
7918 2 1 1 7974 7975 8116 8115
7919 2 1 1 7975 7976 8117 8116
7920 2 1 1 7976 7977 8118 8117
7921 2 1 1 7977 7978 8119 8118
7922 2 1 1 7978 7979 8120 8119
7923 2 1 1 7979 7980 8121 8120
7924 2 1 1 7980 7981 8122 8121
7925 2 1 1 7981 7982 8123 8122
7926 2 1 1 7982 7983 8124 8123
7927 2 1 1 7983 7984 8125 8124
7928 2 1 1 7984 7985 8126 8125
7929 2 1 1 7985 7986 8127 8126
7930 2 1 1 7986 7987 8128 8127
7931 2 1 1 7987 7988 8129 8128
7932 2 1 1 7988 7989 8130 8129
7933 2 1 1 7989 7990 8131 8130
7934 2 1 1 7990 7991 8132 8131
7935 2 1 1 7991 7992 8133 8132
7936 2 1 1 7992 7993 8134 8133
7937 2 1 1 7993 7994 8135 8134
7938 2 1 1 7994 7995 8136 8135
7939 2 1 1 7995 7996 8137 8136
7940 2 1 1 7996 7997 8138 8137
7941 2 1 1 7997 7998 8139 8138
7942 2 1 1 7998 7999 8140 8139
7943 2 1 1 7999 8000 8141 8140
7944 2 1 1 8000 8001 8142 8141
7945 2 1 1 8001 8002 8143 8142
7946 2 1 1 8002 8003 8144 8143
7947 2 1 1 8003 8004 8145 8144
7948 2 1 1 8004 8005 8146 8145
7949 2 1 1 8005 8006 8147 8146
7950 2 1 1 8006 8007 8148 8147
7951 2 1 1 8007 8008 8149 8148
7952 2 1 1 8008 8009 8150 8149
7953 2 1 1 8009 8010 8151 8150
7954 2 1 1 8010 8011 8152 8151
7955 2 1 1 8011 8012 8153 8152
7956 2 1 1 8012 8013 8154 8153
7957 2 1 1 8013 8014 8155 8154
7958 2 1 1 8014 8015 8156 8155
7959 2 1 1 8015 8016 8157 8156
7960 2 1 1 8016 8017 8158 8157
7961 2 1 1 8017 8018 8159 8158
7962 2 1 1 8018 8019 8160 8159
7963 2 1 1 8019 8020 8161 8160
7964 2 1 1 8020 8021 8162 8161
7965 2 1 1 8021 8022 8163 8162
7966 2 1 1 8022 8023 8164 8163
7967 2 1 1 8023 8024 8165 8164
7968 2 1 1 8024 8025 8166 8165
7969 2 1 1 8025 8026 8167 8166
7970 2 1 1 8026 8027 8168 8167
7971 2 1 1 8027 8028 8169 8168
7972 2 1 1 8028 8029 8170 8169
7973 2 1 1 8029 8030 8171 8170
7974 2 1 1 8030 8031 8172 8171
7975 2 1 1 8031 8032 8173 8172
7976 2 1 1 8032 8033 8174 8173
7977 2 1 1 8033 8034 8175 8174
7978 2 1 1 8034 8035 8176 8175
7979 2 1 1 8035 8036 8177 8176
7980 2 1 1 8036 8037 8178 8177
7981 2 1 1 8038 8039 8180 8179
7982 2 1 1 8039 8040 8181 8180
7983 2 1 1 8040 8041 8182 8181
7984 2 1 1 8041 8042 8183 8182
7985 2 1 1 8042 8043 8184 8183
7986 2 1 1 8043 8044 8185 8184
7987 2 1 1 8044 8045 8186 8185
7988 2 1 1 8045 8046 8187 8186
7989 2 1 1 8046 8047 8188 8187
7990 2 1 1 8047 8048 8189 8188
7991 2 1 1 8048 8049 8190 8189
7992 2 1 1 8049 8050 8191 8190
7993 2 1 1 8050 8051 8192 8191
7994 2 1 1 8051 8052 8193 8192
7995 2 1 1 8052 8053 8194 8193
7996 2 1 1 8053 8054 8195 8194
7997 2 1 1 8054 8055 8196 8195
7998 2 1 1 8055 8056 8197 8196
7999 2 1 1 8056 8057 8198 8197
8000 2 1 1 8057 8058 8199 8198
8001 2 1 1 8058 8059 8200 8199
8002 2 1 1 8059 8060 8201 8200
8003 2 1 1 8060 8061 8202 8201
8004 2 1 1 8061 8062 8203 8202
8005 2 1 1 8062 8063 8204 8203
8006 2 1 1 8063 8064 8205 8204
8007 2 1 1 8064 8065 8206 8205
8008 2 1 1 8065 8066 8207 8206
8009 2 1 1 8066 8067 8208 8207
8010 2 1 1 8067 8068 8209 8208
8011 2 1 1 8068 8069 8210 8209
8012 2 1 1 8069 8070 8211 8210
8013 2 1 1 8070 8071 8212 8211
8014 2 1 1 8071 8072 8213 8212
8015 2 1 1 8072 8073 8214 8213
8016 2 1 1 8073 8074 8215 8214
8017 2 1 1 8074 8075 8216 8215
8018 2 1 1 8075 8076 8217 8216
8019 2 1 1 8076 8077 8218 8217
8020 2 1 1 8077 8078 8219 8218
8021 2 1 1 8078 8079 8220 8219
8022 2 1 1 8079 8080 8221 8220
8023 2 1 1 8080 8081 8222 8221
8024 2 1 1 8081 8082 8223 8222
8025 2 1 1 8082 8083 8224 8223
8026 2 1 1 8083 8084 8225 8224
8027 2 1 1 8084 8085 8226 8225
8028 2 1 1 8085 8086 8227 8226
8029 2 1 1 8086 8087 8228 8227
8030 2 1 1 8087 8088 8229 8228
8031 2 1 1 8088 8089 8230 8229
8032 2 1 1 8089 8090 8231 8230
8033 2 1 1 8090 8091 8232 8231
8034 2 1 1 8091 8092 8233 8232
8035 2 1 1 8092 8093 8234 8233
8036 2 1 1 8093 8094 8235 8234
8037 2 1 1 8094 8095 8236 8235
8038 2 1 1 8095 8096 8237 8236
8039 2 1 1 8096 8097 8238 8237
8040 2 1 1 8097 8098 8239 8238
8041 2 1 1 8098 8099 8240 8239
8042 2 1 1 8099 8100 8241 8240
8043 2 1 1 8100 8101 8242 8241
8044 2 1 1 8101 8102 8243 8242
8045 2 1 1 8102 8103 8244 8243
8046 2 1 1 8103 8104 8245 8244
8047 2 1 1 8104 8105 8246 8245
8048 2 1 1 8105 8106 8247 8246
8049 2 1 1 8106 8107 8248 8247
8050 2 1 1 8107 8108 8249 8248
8051 2 1 1 8108 8109 8250 8249
8052 2 1 1 8109 8110 8251 8250
8053 2 1 1 8110 8111 8252 8251
8054 2 1 1 8111 8112 8253 8252
8055 2 1 1 8112 8113 8254 8253
8056 2 1 1 8113 8114 8255 8254
8057 2 1 1 8114 8115 8256 8255
8058 2 1 1 8115 8116 8257 8256
8059 2 1 1 8116 8117 8258 8257
8060 2 1 1 8117 8118 8259 8258
8061 2 1 1 8118 8119 8260 8259
8062 2 1 1 8119 8120 8261 8260
8063 2 1 1 8120 8121 8262 8261
8064 2 1 1 8121 8122 8263 8262
8065 2 1 1 8122 8123 8264 8263
8066 2 1 1 8123 8124 8265 8264
8067 2 1 1 8124 8125 8266 8265
8068 2 1 1 8125 8126 8267 8266
8069 2 1 1 8126 8127 8268 8267
8070 2 1 1 8127 8128 8269 8268
8071 2 1 1 8128 8129 8270 8269
8072 2 1 1 8129 8130 8271 8270
8073 2 1 1 8130 8131 8272 8271
8074 2 1 1 8131 8132 8273 8272
8075 2 1 1 8132 8133 8274 8273
8076 2 1 1 8133 8134 8275 8274
8077 2 1 1 8134 8135 8276 8275
8078 2 1 1 8135 8136 8277 8276
8079 2 1 1 8136 8137 8278 8277
8080 2 1 1 8137 8138 8279 8278
8081 2 1 1 8138 8139 8280 8279
8082 2 1 1 8139 8140 8281 8280
8083 2 1 1 8140 8141 8282 8281
8084 2 1 1 8141 8142 8283 8282
8085 2 1 1 8142 8143 8284 8283
8086 2 1 1 8143 8144 8285 8284
8087 2 1 1 8144 8145 8286 8285
8088 2 1 1 8145 8146 8287 8286
8089 2 1 1 8146 8147 8288 8287
8090 2 1 1 8147 8148 8289 8288
8091 2 1 1 8148 8149 8290 8289
8092 2 1 1 8149 8150 8291 8290
8093 2 1 1 8150 8151 8292 8291
8094 2 1 1 8151 8152 8293 8292
8095 2 1 1 8152 8153 8294 8293
8096 2 1 1 8153 8154 8295 8294
8097 2 1 1 8154 8155 8296 8295
8098 2 1 1 8155 8156 8297 8296
8099 2 1 1 8156 8157 8298 8297
8100 2 1 1 8157 8158 8299 8298
8101 2 1 1 8158 8159 8300 8299
8102 2 1 1 8159 8160 8301 8300
8103 2 1 1 8160 8161 8302 8301
8104 2 1 1 8161 8162 8303 8302
8105 2 1 1 8162 8163 8304 8303
8106 2 1 1 8163 8164 8305 8304
8107 2 1 1 8164 8165 8306 8305
8108 2 1 1 8165 8166 8307 8306
8109 2 1 1 8166 8167 8308 8307
8110 2 1 1 8167 8168 8309 8308
8111 2 1 1 8168 8169 8310 8309
8112 2 1 1 8169 8170 8311 8310
8113 2 1 1 8170 8171 8312 8311
8114 2 1 1 8171 8172 8313 8312
8115 2 1 1 8172 8173 8314 8313
8116 2 1 1 8173 8174 8315 8314
8117 2 1 1 8174 8175 8316 8315
8118 2 1 1 8175 8176 8317 8316
8119 2 1 1 8176 8177 8318 8317
8120 2 1 1 8177 8178 8319 8318
8121 2 1 1 8179 8180 8321 8320
8122 2 1 1 8180 8181 8322 8321
8123 2 1 1 8181 8182 8323 8322
8124 2 1 1 8182 8183 8324 8323
8125 2 1 1 8183 8184 8325 8324
8126 2 1 1 8184 8185 8326 8325
8127 2 1 1 8185 8186 8327 8326
8128 2 1 1 8186 8187 8328 8327
8129 2 1 1 8187 8188 8329 8328
8130 2 1 1 8188 8189 8330 8329
8131 2 1 1 8189 8190 8331 8330
8132 2 1 1 8190 8191 8332 8331
8133 2 1 1 8191 8192 8333 8332
8134 2 1 1 8192 8193 8334 8333
8135 2 1 1 8193 8194 8335 8334
8136 2 1 1 8194 8195 8336 8335
8137 2 1 1 8195 8196 8337 8336
8138 2 1 1 8196 8197 8338 8337
8139 2 1 1 8197 8198 8339 8338
8140 2 1 1 8198 8199 8340 8339
8141 2 1 1 8199 8200 8341 8340
8142 2 1 1 8200 8201 8342 8341
8143 2 1 1 8201 8202 8343 8342
8144 2 1 1 8202 8203 8344 8343
8145 2 1 1 8203 8204 8345 8344
8146 2 1 1 8204 8205 8346 8345
8147 2 1 1 8205 8206 8347 8346
8148 2 1 1 8206 8207 8348 8347
8149 2 1 1 8207 8208 8349 8348
8150 2 1 1 8208 8209 8350 8349
8151 2 1 1 8209 8210 8351 8350
8152 2 1 1 8210 8211 8352 8351
8153 2 1 1 8211 8212 8353 8352
8154 2 1 1 8212 8213 8354 8353
8155 2 1 1 8213 8214 8355 8354
8156 2 1 1 8214 8215 8356 8355
8157 2 1 1 8215 8216 8357 8356
8158 2 1 1 8216 8217 8358 8357
8159 2 1 1 8217 8218 8359 8358
8160 2 1 1 8218 8219 8360 8359
8161 2 1 1 8219 8220 8361 8360
8162 2 1 1 8220 8221 8362 8361
8163 2 1 1 8221 8222 8363 8362
8164 2 1 1 8222 8223 8364 8363
8165 2 1 1 8223 8224 8365 8364
8166 2 1 1 8224 8225 8366 8365
8167 2 1 1 8225 8226 8367 8366
8168 2 1 1 8226 8227 8368 8367
8169 2 1 1 8227 8228 8369 8368
8170 2 1 1 8228 8229 8370 8369
8171 2 1 1 8229 8230 8371 8370
8172 2 1 1 8230 8231 8372 8371
8173 2 1 1 8231 8232 8373 8372
8174 2 1 1 8232 8233 8374 8373
8175 2 1 1 8233 8234 8375 8374
8176 2 1 1 8234 8235 8376 8375
8177 2 1 1 8235 8236 8377 8376
8178 2 1 1 8236 8237 8378 8377
8179 2 1 1 8237 8238 8379 8378
8180 2 1 1 8238 8239 8380 8379
8181 2 1 1 8239 8240 8381 8380
8182 2 1 1 8240 8241 8382 8381
8183 2 1 1 8241 8242 8383 8382
8184 2 1 1 8242 8243 8384 8383
8185 2 1 1 8243 8244 8385 8384
8186 2 1 1 8244 8245 8386 8385
8187 2 1 1 8245 8246 8387 8386
8188 2 1 1 8246 8247 8388 8387
8189 2 1 1 8247 8248 8389 8388
8190 2 1 1 8248 8249 8390 8389
8191 2 1 1 8249 8250 8391 8390
8192 2 1 1 8250 8251 8392 8391
8193 2 1 1 8251 8252 8393 8392
8194 2 1 1 8252 8253 8394 8393
8195 2 1 1 8253 8254 8395 8394
8196 2 1 1 8254 8255 8396 8395
8197 2 1 1 8255 8256 8397 8396
8198 2 1 1 8256 8257 8398 8397
8199 2 1 1 8257 8258 8399 8398
8200 2 1 1 8258 8259 8400 8399
8201 2 1 1 8259 8260 8401 8400
8202 2 1 1 8260 8261 8402 8401
8203 2 1 1 8261 8262 8403 8402
8204 2 1 1 8262 8263 8404 8403
8205 2 1 1 8263 8264 8405 8404
8206 2 1 1 8264 8265 8406 8405
8207 2 1 1 8265 8266 8407 8406
8208 2 1 1 8266 8267 8408 8407
8209 2 1 1 8267 8268 8409 8408
8210 2 1 1 8268 8269 8410 8409
8211 2 1 1 8269 8270 8411 8410
8212 2 1 1 8270 8271 8412 8411
8213 2 1 1 8271 8272 8413 8412
8214 2 1 1 8272 8273 8414 8413
8215 2 1 1 8273 8274 8415 8414
8216 2 1 1 8274 8275 8416 8415
8217 2 1 1 8275 8276 8417 8416
8218 2 1 1 8276 8277 8418 8417
8219 2 1 1 8277 8278 8419 8418
8220 2 1 1 8278 8279 8420 8419
8221 2 1 1 8279 8280 8421 8420
8222 2 1 1 8280 8281 8422 8421
8223 2 1 1 8281 8282 8423 8422
8224 2 1 1 8282 8283 8424 8423
8225 2 1 1 8283 8284 8425 8424
8226 2 1 1 8284 8285 8426 8425
8227 2 1 1 8285 8286 8427 8426
8228 2 1 1 8286 8287 8428 8427
8229 2 1 1 8287 8288 8429 8428
8230 2 1 1 8288 8289 8430 8429
8231 2 1 1 8289 8290 8431 8430
8232 2 1 1 8290 8291 8432 8431
8233 2 1 1 8291 8292 8433 8432
8234 2 1 1 8292 8293 8434 8433
8235 2 1 1 8293 8294 8435 8434
8236 2 1 1 8294 8295 8436 8435
8237 2 1 1 8295 8296 8437 8436
8238 2 1 1 8296 8297 8438 8437
8239 2 1 1 8297 8298 8439 8438
8240 2 1 1 8298 8299 8440 8439
8241 2 1 1 8299 8300 8441 8440
8242 2 1 1 8300 8301 8442 8441
8243 2 1 1 8301 8302 8443 8442
8244 2 1 1 8302 8303 8444 8443
8245 2 1 1 8303 8304 8445 8444
8246 2 1 1 8304 8305 8446 8445
8247 2 1 1 8305 8306 8447 8446
8248 2 1 1 8306 8307 8448 8447
8249 2 1 1 8307 8308 8449 8448
8250 2 1 1 8308 8309 8450 8449
8251 2 1 1 8309 8310 8451 8450
8252 2 1 1 8310 8311 8452 8451
8253 2 1 1 8311 8312 8453 8452
8254 2 1 1 8312 8313 8454 8453
8255 2 1 1 8313 8314 8455 8454
8256 2 1 1 8314 8315 8456 8455
8257 2 1 1 8315 8316 8457 8456
8258 2 1 1 8316 8317 8458 8457
8259 2 1 1 8317 8318 8459 8458
8260 2 1 1 8318 8319 8460 8459
8261 2 1 1 8320 8321 8462 8461
8262 2 1 1 8321 8322 8463 8462
8263 2 1 1 8322 8323 8464 8463
8264 2 1 1 8323 8324 8465 8464
8265 2 1 1 8324 8325 8466 8465
8266 2 1 1 8325 8326 8467 8466
8267 2 1 1 8326 8327 8468 8467
8268 2 1 1 8327 8328 8469 8468
8269 2 1 1 8328 8329 8470 8469
8270 2 1 1 8329 8330 8471 8470
8271 2 1 1 8330 8331 8472 8471
8272 2 1 1 8331 8332 8473 8472
8273 2 1 1 8332 8333 8474 8473
8274 2 1 1 8333 8334 8475 8474
8275 2 1 1 8334 8335 8476 8475
8276 2 1 1 8335 8336 8477 8476
8277 2 1 1 8336 8337 8478 8477
8278 2 1 1 8337 8338 8479 8478
8279 2 1 1 8338 8339 8480 8479
8280 2 1 1 8339 8340 8481 8480
8281 2 1 1 8340 8341 8482 8481
8282 2 1 1 8341 8342 8483 8482
8283 2 1 1 8342 8343 8484 8483
8284 2 1 1 8343 8344 8485 8484
8285 2 1 1 8344 8345 8486 8485
8286 2 1 1 8345 8346 8487 8486
8287 2 1 1 8346 8347 8488 8487
8288 2 1 1 8347 8348 8489 8488
8289 2 1 1 8348 8349 8490 8489
8290 2 1 1 8349 8350 8491 8490
8291 2 1 1 8350 8351 8492 8491
8292 2 1 1 8351 8352 8493 8492
8293 2 1 1 8352 8353 8494 8493
8294 2 1 1 8353 8354 8495 8494
8295 2 1 1 8354 8355 8496 8495
8296 2 1 1 8355 8356 8497 8496
8297 2 1 1 8356 8357 8498 8497
8298 2 1 1 8357 8358 8499 8498
8299 2 1 1 8358 8359 8500 8499
8300 2 1 1 8359 8360 8501 8500
8301 2 1 1 8360 8361 8502 8501
8302 2 1 1 8361 8362 8503 8502
8303 2 1 1 8362 8363 8504 8503
8304 2 1 1 8363 8364 8505 8504
8305 2 1 1 8364 8365 8506 8505
8306 2 1 1 8365 8366 8507 8506
8307 2 1 1 8366 8367 8508 8507
8308 2 1 1 8367 8368 8509 8508
8309 2 1 1 8368 8369 8510 8509
8310 2 1 1 8369 8370 8511 8510
8311 2 1 1 8370 8371 8512 8511
8312 2 1 1 8371 8372 8513 8512
8313 2 1 1 8372 8373 8514 8513
8314 2 1 1 8373 8374 8515 8514
8315 2 1 1 8374 8375 8516 8515
8316 2 1 1 8375 8376 8517 8516
8317 2 1 1 8376 8377 8518 8517
8318 2 1 1 8377 8378 8519 8518
8319 2 1 1 8378 8379 8520 8519
8320 2 1 1 8379 8380 8521 8520
8321 2 1 1 8380 8381 8522 8521
8322 2 1 1 8381 8382 8523 8522
8323 2 1 1 8382 8383 8524 8523
8324 2 1 1 8383 8384 8525 8524
8325 2 1 1 8384 8385 8526 8525
8326 2 1 1 8385 8386 8527 8526
8327 2 1 1 8386 8387 8528 8527
8328 2 1 1 8387 8388 8529 8528
8329 2 1 1 8388 8389 8530 8529
8330 2 1 1 8389 8390 8531 8530
8331 2 1 1 8390 8391 8532 8531
8332 2 1 1 8391 8392 8533 8532
8333 2 1 1 8392 8393 8534 8533
8334 2 1 1 8393 8394 8535 8534
8335 2 1 1 8394 8395 8536 8535
8336 2 1 1 8395 8396 8537 8536
8337 2 1 1 8396 8397 8538 8537
8338 2 1 1 8397 8398 8539 8538
8339 2 1 1 8398 8399 8540 8539
8340 2 1 1 8399 8400 8541 8540
8341 2 1 1 8400 8401 8542 8541
8342 2 1 1 8401 8402 8543 8542
8343 2 1 1 8402 8403 8544 8543
8344 2 1 1 8403 8404 8545 8544
8345 2 1 1 8404 8405 8546 8545
8346 2 1 1 8405 8406 8547 8546
8347 2 1 1 8406 8407 8548 8547
8348 2 1 1 8407 8408 8549 8548
8349 2 1 1 8408 8409 8550 8549
8350 2 1 1 8409 8410 8551 8550
8351 2 1 1 8410 8411 8552 8551
8352 2 1 1 8411 8412 8553 8552
8353 2 1 1 8412 8413 8554 8553
8354 2 1 1 8413 8414 8555 8554
8355 2 1 1 8414 8415 8556 8555
8356 2 1 1 8415 8416 8557 8556
8357 2 1 1 8416 8417 8558 8557
8358 2 1 1 8417 8418 8559 8558
8359 2 1 1 8418 8419 8560 8559
8360 2 1 1 8419 8420 8561 8560
8361 2 1 1 8420 8421 8562 8561
8362 2 1 1 8421 8422 8563 8562
8363 2 1 1 8422 8423 8564 8563
8364 2 1 1 8423 8424 8565 8564
8365 2 1 1 8424 8425 8566 8565
8366 2 1 1 8425 8426 8567 8566
8367 2 1 1 8426 8427 8568 8567
8368 2 1 1 8427 8428 8569 8568
8369 2 1 1 8428 8429 8570 8569
8370 2 1 1 8429 8430 8571 8570
8371 2 1 1 8430 8431 8572 8571
8372 2 1 1 8431 8432 8573 8572
8373 2 1 1 8432 8433 8574 8573
8374 2 1 1 8433 8434 8575 8574
8375 2 1 1 8434 8435 8576 8575
8376 2 1 1 8435 8436 8577 8576
8377 2 1 1 8436 8437 8578 8577
8378 2 1 1 8437 8438 8579 8578
8379 2 1 1 8438 8439 8580 8579
8380 2 1 1 8439 8440 8581 8580
8381 2 1 1 8440 8441 8582 8581
8382 2 1 1 8441 8442 8583 8582
8383 2 1 1 8442 8443 8584 8583
8384 2 1 1 8443 8444 8585 8584
8385 2 1 1 8444 8445 8586 8585
8386 2 1 1 8445 8446 8587 8586
8387 2 1 1 8446 8447 8588 8587
8388 2 1 1 8447 8448 8589 8588
8389 2 1 1 8448 8449 8590 8589
8390 2 1 1 8449 8450 8591 8590
8391 2 1 1 8450 8451 8592 8591
8392 2 1 1 8451 8452 8593 8592
8393 2 1 1 8452 8453 8594 8593
8394 2 1 1 8453 8454 8595 8594
8395 2 1 1 8454 8455 8596 8595
8396 2 1 1 8455 8456 8597 8596
8397 2 1 1 8456 8457 8598 8597
8398 2 1 1 8457 8458 8599 8598
8399 2 1 1 8458 8459 8600 8599
8400 2 1 1 8459 8460 8601 8600
8401 2 1 1 8461 8462 8603 8602
8402 2 1 1 8462 8463 8604 8603
8403 2 1 1 8463 8464 8605 8604
8404 2 1 1 8464 8465 8606 8605
8405 2 1 1 8465 8466 8607 8606
8406 2 1 1 8466 8467 8608 8607
8407 2 1 1 8467 8468 8609 8608
8408 2 1 1 8468 8469 8610 8609
8409 2 1 1 8469 8470 8611 8610
8410 2 1 1 8470 8471 8612 8611
8411 2 1 1 8471 8472 8613 8612
8412 2 1 1 8472 8473 8614 8613
8413 2 1 1 8473 8474 8615 8614
8414 2 1 1 8474 8475 8616 8615
8415 2 1 1 8475 8476 8617 8616
8416 2 1 1 8476 8477 8618 8617
8417 2 1 1 8477 8478 8619 8618
8418 2 1 1 8478 8479 8620 8619
8419 2 1 1 8479 8480 8621 8620
8420 2 1 1 8480 8481 8622 8621
8421 2 1 1 8481 8482 8623 8622
8422 2 1 1 8482 8483 8624 8623
8423 2 1 1 8483 8484 8625 8624
8424 2 1 1 8484 8485 8626 8625
8425 2 1 1 8485 8486 8627 8626
8426 2 1 1 8486 8487 8628 8627
8427 2 1 1 8487 8488 8629 8628
8428 2 1 1 8488 8489 8630 8629
8429 2 1 1 8489 8490 8631 8630
8430 2 1 1 8490 8491 8632 8631
8431 2 1 1 8491 8492 8633 8632
8432 2 1 1 8492 8493 8634 8633
8433 2 1 1 8493 8494 8635 8634
8434 2 1 1 8494 8495 8636 8635
8435 2 1 1 8495 8496 8637 8636
8436 2 1 1 8496 8497 8638 8637
8437 2 1 1 8497 8498 8639 8638
8438 2 1 1 8498 8499 8640 8639
8439 2 1 1 8499 8500 8641 8640
8440 2 1 1 8500 8501 8642 8641
8441 2 1 1 8501 8502 8643 8642
8442 2 1 1 8502 8503 8644 8643
8443 2 1 1 8503 8504 8645 8644
8444 2 1 1 8504 8505 8646 8645
8445 2 1 1 8505 8506 8647 8646
8446 2 1 1 8506 8507 8648 8647
8447 2 1 1 8507 8508 8649 8648
8448 2 1 1 8508 8509 8650 8649
8449 2 1 1 8509 8510 8651 8650
8450 2 1 1 8510 8511 8652 8651
8451 2 1 1 8511 8512 8653 8652
8452 2 1 1 8512 8513 8654 8653
8453 2 1 1 8513 8514 8655 8654
8454 2 1 1 8514 8515 8656 8655
8455 2 1 1 8515 8516 8657 8656
8456 2 1 1 8516 8517 8658 8657
8457 2 1 1 8517 8518 8659 8658
8458 2 1 1 8518 8519 8660 8659
8459 2 1 1 8519 8520 8661 8660
8460 2 1 1 8520 8521 8662 8661
8461 2 1 1 8521 8522 8663 8662
8462 2 1 1 8522 8523 8664 8663
8463 2 1 1 8523 8524 8665 8664
8464 2 1 1 8524 8525 8666 8665
8465 2 1 1 8525 8526 8667 8666
8466 2 1 1 8526 8527 8668 8667
8467 2 1 1 8527 8528 8669 8668
8468 2 1 1 8528 8529 8670 8669
8469 2 1 1 8529 8530 8671 8670
8470 2 1 1 8530 8531 8672 8671
8471 2 1 1 8531 8532 8673 8672
8472 2 1 1 8532 8533 8674 8673
8473 2 1 1 8533 8534 8675 8674
8474 2 1 1 8534 8535 8676 8675
8475 2 1 1 8535 8536 8677 8676
8476 2 1 1 8536 8537 8678 8677
8477 2 1 1 8537 8538 8679 8678
8478 2 1 1 8538 8539 8680 8679
8479 2 1 1 8539 8540 8681 8680
8480 2 1 1 8540 8541 8682 8681
8481 2 1 1 8541 8542 8683 8682
8482 2 1 1 8542 8543 8684 8683
8483 2 1 1 8543 8544 8685 8684
8484 2 1 1 8544 8545 8686 8685
8485 2 1 1 8545 8546 8687 8686
8486 2 1 1 8546 8547 8688 8687
8487 2 1 1 8547 8548 8689 8688
8488 2 1 1 8548 8549 8690 8689
8489 2 1 1 8549 8550 8691 8690
8490 2 1 1 8550 8551 8692 8691
8491 2 1 1 8551 8552 8693 8692
8492 2 1 1 8552 8553 8694 8693
8493 2 1 1 8553 8554 8695 8694
8494 2 1 1 8554 8555 8696 8695
8495 2 1 1 8555 8556 8697 8696
8496 2 1 1 8556 8557 8698 8697
8497 2 1 1 8557 8558 8699 8698
8498 2 1 1 8558 8559 8700 8699
8499 2 1 1 8559 8560 8701 8700
8500 2 1 1 8560 8561 8702 8701
8501 2 1 1 8561 8562 8703 8702
8502 2 1 1 8562 8563 8704 8703
8503 2 1 1 8563 8564 8705 8704
8504 2 1 1 8564 8565 8706 8705
8505 2 1 1 8565 8566 8707 8706
8506 2 1 1 8566 8567 8708 8707
8507 2 1 1 8567 8568 8709 8708
8508 2 1 1 8568 8569 8710 8709
8509 2 1 1 8569 8570 8711 8710
8510 2 1 1 8570 8571 8712 8711
8511 2 1 1 8571 8572 8713 8712
8512 2 1 1 8572 8573 8714 8713
8513 2 1 1 8573 8574 8715 8714
8514 2 1 1 8574 8575 8716 8715
8515 2 1 1 8575 8576 8717 8716
8516 2 1 1 8576 8577 8718 8717
8517 2 1 1 8577 8578 8719 8718
8518 2 1 1 8578 8579 8720 8719
8519 2 1 1 8579 8580 8721 8720
8520 2 1 1 8580 8581 8722 8721
8521 2 1 1 8581 8582 8723 8722
8522 2 1 1 8582 8583 8724 8723
8523 2 1 1 8583 8584 8725 8724
8524 2 1 1 8584 8585 8726 8725
8525 2 1 1 8585 8586 8727 8726
8526 2 1 1 8586 8587 8728 8727
8527 2 1 1 8587 8588 8729 8728
8528 2 1 1 8588 8589 8730 8729
8529 2 1 1 8589 8590 8731 8730
8530 2 1 1 8590 8591 8732 8731
8531 2 1 1 8591 8592 8733 8732
8532 2 1 1 8592 8593 8734 8733
8533 2 1 1 8593 8594 8735 8734
8534 2 1 1 8594 8595 8736 8735
8535 2 1 1 8595 8596 8737 8736
8536 2 1 1 8596 8597 8738 8737
8537 2 1 1 8597 8598 8739 8738
8538 2 1 1 8598 8599 8740 8739
8539 2 1 1 8599 8600 8741 8740
8540 2 1 1 8600 8601 8742 8741
8541 2 1 1 8602 8603 8744 8743
8542 2 1 1 8603 8604 8745 8744
8543 2 1 1 8604 8605 8746 8745
8544 2 1 1 8605 8606 8747 8746
8545 2 1 1 8606 8607 8748 8747
8546 2 1 1 8607 8608 8749 8748
8547 2 1 1 8608 8609 8750 8749
8548 2 1 1 8609 8610 8751 8750
8549 2 1 1 8610 8611 8752 8751
8550 2 1 1 8611 8612 8753 8752
8551 2 1 1 8612 8613 8754 8753
8552 2 1 1 8613 8614 8755 8754
8553 2 1 1 8614 8615 8756 8755
8554 2 1 1 8615 8616 8757 8756
8555 2 1 1 8616 8617 8758 8757
8556 2 1 1 8617 8618 8759 8758
8557 2 1 1 8618 8619 8760 8759
8558 2 1 1 8619 8620 8761 8760
8559 2 1 1 8620 8621 8762 8761
8560 2 1 1 8621 8622 8763 8762
8561 2 1 1 8622 8623 8764 8763
8562 2 1 1 8623 8624 8765 8764
8563 2 1 1 8624 8625 8766 8765
8564 2 1 1 8625 8626 8767 8766
8565 2 1 1 8626 8627 8768 8767
8566 2 1 1 8627 8628 8769 8768
8567 2 1 1 8628 8629 8770 8769
8568 2 1 1 8629 8630 8771 8770
8569 2 1 1 8630 8631 8772 8771
8570 2 1 1 8631 8632 8773 8772
8571 2 1 1 8632 8633 8774 8773
8572 2 1 1 8633 8634 8775 8774
8573 2 1 1 8634 8635 8776 8775
8574 2 1 1 8635 8636 8777 8776
8575 2 1 1 8636 8637 8778 8777
8576 2 1 1 8637 8638 8779 8778
8577 2 1 1 8638 8639 8780 8779
8578 2 1 1 8639 8640 8781 8780
8579 2 1 1 8640 8641 8782 8781
8580 2 1 1 8641 8642 8783 8782
8581 2 1 1 8642 8643 8784 8783
8582 2 1 1 8643 8644 8785 8784
8583 2 1 1 8644 8645 8786 8785
8584 2 1 1 8645 8646 8787 8786
8585 2 1 1 8646 8647 8788 8787
8586 2 1 1 8647 8648 8789 8788
8587 2 1 1 8648 8649 8790 8789
8588 2 1 1 8649 8650 8791 8790
8589 2 1 1 8650 8651 8792 8791
8590 2 1 1 8651 8652 8793 8792
8591 2 1 1 8652 8653 8794 8793
8592 2 1 1 8653 8654 8795 8794
8593 2 1 1 8654 8655 8796 8795
8594 2 1 1 8655 8656 8797 8796
8595 2 1 1 8656 8657 8798 8797
8596 2 1 1 8657 8658 8799 8798
8597 2 1 1 8658 8659 8800 8799
8598 2 1 1 8659 8660 8801 8800
8599 2 1 1 8660 8661 8802 8801
8600 2 1 1 8661 8662 8803 8802
8601 2 1 1 8662 8663 8804 8803
8602 2 1 1 8663 8664 8805 8804
8603 2 1 1 8664 8665 8806 8805
8604 2 1 1 8665 8666 8807 8806
8605 2 1 1 8666 8667 8808 8807
8606 2 1 1 8667 8668 8809 8808
8607 2 1 1 8668 8669 8810 8809
8608 2 1 1 8669 8670 8811 8810
8609 2 1 1 8670 8671 8812 8811
8610 2 1 1 8671 8672 8813 8812
8611 2 1 1 8672 8673 8814 8813
8612 2 1 1 8673 8674 8815 8814
8613 2 1 1 8674 8675 8816 8815
8614 2 1 1 8675 8676 8817 8816
8615 2 1 1 8676 8677 8818 8817
8616 2 1 1 8677 8678 8819 8818
8617 2 1 1 8678 8679 8820 8819
8618 2 1 1 8679 8680 8821 8820
8619 2 1 1 8680 8681 8822 8821
8620 2 1 1 8681 8682 8823 8822
8621 2 1 1 8682 8683 8824 8823
8622 2 1 1 8683 8684 8825 8824
8623 2 1 1 8684 8685 8826 8825
8624 2 1 1 8685 8686 8827 8826
8625 2 1 1 8686 8687 8828 8827
8626 2 1 1 8687 8688 8829 8828
8627 2 1 1 8688 8689 8830 8829
8628 2 1 1 8689 8690 8831 8830
8629 2 1 1 8690 8691 8832 8831
8630 2 1 1 8691 8692 8833 8832
8631 2 1 1 8692 8693 8834 8833
8632 2 1 1 8693 8694 8835 8834
8633 2 1 1 8694 8695 8836 8835
8634 2 1 1 8695 8696 8837 8836
8635 2 1 1 8696 8697 8838 8837
8636 2 1 1 8697 8698 8839 8838
8637 2 1 1 8698 8699 8840 8839
8638 2 1 1 8699 8700 8841 8840
8639 2 1 1 8700 8701 8842 8841
8640 2 1 1 8701 8702 8843 8842
8641 2 1 1 8702 8703 8844 8843
8642 2 1 1 8703 8704 8845 8844
8643 2 1 1 8704 8705 8846 8845
8644 2 1 1 8705 8706 8847 8846
8645 2 1 1 8706 8707 8848 8847
8646 2 1 1 8707 8708 8849 8848
8647 2 1 1 8708 8709 8850 8849
8648 2 1 1 8709 8710 8851 8850
8649 2 1 1 8710 8711 8852 8851
8650 2 1 1 8711 8712 8853 8852
8651 2 1 1 8712 8713 8854 8853
8652 2 1 1 8713 8714 8855 8854
8653 2 1 1 8714 8715 8856 8855
8654 2 1 1 8715 8716 8857 8856
8655 2 1 1 8716 8717 8858 8857
8656 2 1 1 8717 8718 8859 8858
8657 2 1 1 8718 8719 8860 8859
8658 2 1 1 8719 8720 8861 8860
8659 2 1 1 8720 8721 8862 8861
8660 2 1 1 8721 8722 8863 8862
8661 2 1 1 8722 8723 8864 8863
8662 2 1 1 8723 8724 8865 8864
8663 2 1 1 8724 8725 8866 8865
8664 2 1 1 8725 8726 8867 8866
8665 2 1 1 8726 8727 8868 8867
8666 2 1 1 8727 8728 8869 8868
8667 2 1 1 8728 8729 8870 8869
8668 2 1 1 8729 8730 8871 8870
8669 2 1 1 8730 8731 8872 8871
8670 2 1 1 8731 8732 8873 8872
8671 2 1 1 8732 8733 8874 8873
8672 2 1 1 8733 8734 8875 8874
8673 2 1 1 8734 8735 8876 8875
8674 2 1 1 8735 8736 8877 8876
8675 2 1 1 8736 8737 8878 8877
8676 2 1 1 8737 8738 8879 8878
8677 2 1 1 8738 8739 8880 8879
8678 2 1 1 8739 8740 8881 8880
8679 2 1 1 8740 8741 8882 8881
8680 2 1 1 8741 8742 8883 8882
8681 2 1 1 8743 8744 8885 8884
8682 2 1 1 8744 8745 8886 8885
8683 2 1 1 8745 8746 8887 8886
8684 2 1 1 8746 8747 8888 8887
8685 2 1 1 8747 8748 8889 8888
8686 2 1 1 8748 8749 8890 8889
8687 2 1 1 8749 8750 8891 8890
8688 2 1 1 8750 8751 8892 8891
8689 2 1 1 8751 8752 8893 8892
8690 2 1 1 8752 8753 8894 8893
8691 2 1 1 8753 8754 8895 8894
8692 2 1 1 8754 8755 8896 8895
8693 2 1 1 8755 8756 8897 8896
8694 2 1 1 8756 8757 8898 8897
8695 2 1 1 8757 8758 8899 8898
8696 2 1 1 8758 8759 8900 8899
8697 2 1 1 8759 8760 8901 8900
8698 2 1 1 8760 8761 8902 8901
8699 2 1 1 8761 8762 8903 8902
8700 2 1 1 8762 8763 8904 8903
8701 2 1 1 8763 8764 8905 8904
8702 2 1 1 8764 8765 8906 8905
8703 2 1 1 8765 8766 8907 8906
8704 2 1 1 8766 8767 8908 8907
8705 2 1 1 8767 8768 8909 8908
8706 2 1 1 8768 8769 8910 8909
8707 2 1 1 8769 8770 8911 8910
8708 2 1 1 8770 8771 8912 8911
8709 2 1 1 8771 8772 8913 8912
8710 2 1 1 8772 8773 8914 8913
8711 2 1 1 8773 8774 8915 8914
8712 2 1 1 8774 8775 8916 8915
8713 2 1 1 8775 8776 8917 8916
8714 2 1 1 8776 8777 8918 8917
8715 2 1 1 8777 8778 8919 8918
8716 2 1 1 8778 8779 8920 8919
8717 2 1 1 8779 8780 8921 8920
8718 2 1 1 8780 8781 8922 8921
8719 2 1 1 8781 8782 8923 8922
8720 2 1 1 8782 8783 8924 8923
8721 2 1 1 8783 8784 8925 8924
8722 2 1 1 8784 8785 8926 8925
8723 2 1 1 8785 8786 8927 8926
8724 2 1 1 8786 8787 8928 8927
8725 2 1 1 8787 8788 8929 8928
8726 2 1 1 8788 8789 8930 8929
8727 2 1 1 8789 8790 8931 8930
8728 2 1 1 8790 8791 8932 8931
8729 2 1 1 8791 8792 8933 8932
8730 2 1 1 8792 8793 8934 8933
8731 2 1 1 8793 8794 8935 8934
8732 2 1 1 8794 8795 8936 8935
8733 2 1 1 8795 8796 8937 8936
8734 2 1 1 8796 8797 8938 8937
8735 2 1 1 8797 8798 8939 8938
8736 2 1 1 8798 8799 8940 8939
8737 2 1 1 8799 8800 8941 8940
8738 2 1 1 8800 8801 8942 8941
8739 2 1 1 8801 8802 8943 8942
8740 2 1 1 8802 8803 8944 8943
8741 2 1 1 8803 8804 8945 8944
8742 2 1 1 8804 8805 8946 8945
8743 2 1 1 8805 8806 8947 8946
8744 2 1 1 8806 8807 8948 8947
8745 2 1 1 8807 8808 8949 8948
8746 2 1 1 8808 8809 8950 8949
8747 2 1 1 8809 8810 8951 8950
8748 2 1 1 8810 8811 8952 8951
8749 2 1 1 8811 8812 8953 8952
8750 2 1 1 8812 8813 8954 8953
8751 2 1 1 8813 8814 8955 8954
8752 2 1 1 8814 8815 8956 8955
8753 2 1 1 8815 8816 8957 8956
8754 2 1 1 8816 8817 8958 8957
8755 2 1 1 8817 8818 8959 8958
8756 2 1 1 8818 8819 8960 8959
8757 2 1 1 8819 8820 8961 8960
8758 2 1 1 8820 8821 8962 8961
8759 2 1 1 8821 8822 8963 8962
8760 2 1 1 8822 8823 8964 8963
8761 2 1 1 8823 8824 8965 8964
8762 2 1 1 8824 8825 8966 8965
8763 2 1 1 8825 8826 8967 8966
8764 2 1 1 8826 8827 8968 8967
8765 2 1 1 8827 8828 8969 8968
8766 2 1 1 8828 8829 8970 8969
8767 2 1 1 8829 8830 8971 8970
8768 2 1 1 8830 8831 8972 8971
8769 2 1 1 8831 8832 8973 8972
8770 2 1 1 8832 8833 8974 8973
8771 2 1 1 8833 8834 8975 8974
8772 2 1 1 8834 8835 8976 8975
8773 2 1 1 8835 8836 8977 8976
8774 2 1 1 8836 8837 8978 8977
8775 2 1 1 8837 8838 8979 8978
8776 2 1 1 8838 8839 8980 8979
8777 2 1 1 8839 8840 8981 8980
8778 2 1 1 8840 8841 8982 8981
8779 2 1 1 8841 8842 8983 8982
8780 2 1 1 8842 8843 8984 8983
8781 2 1 1 8843 8844 8985 8984
8782 2 1 1 8844 8845 8986 8985
8783 2 1 1 8845 8846 8987 8986
8784 2 1 1 8846 8847 8988 8987
8785 2 1 1 8847 8848 8989 8988
8786 2 1 1 8848 8849 8990 8989
8787 2 1 1 8849 8850 8991 8990
8788 2 1 1 8850 8851 8992 8991
8789 2 1 1 8851 8852 8993 8992
8790 2 1 1 8852 8853 8994 8993
8791 2 1 1 8853 8854 8995 8994
8792 2 1 1 8854 8855 8996 8995
8793 2 1 1 8855 8856 8997 8996
8794 2 1 1 8856 8857 8998 8997
8795 2 1 1 8857 8858 8999 8998
8796 2 1 1 8858 8859 9000 8999
8797 2 1 1 8859 8860 9001 9000
8798 2 1 1 8860 8861 9002 9001
8799 2 1 1 8861 8862 9003 9002
8800 2 1 1 8862 8863 9004 9003
8801 2 1 1 8863 8864 9005 9004
8802 2 1 1 8864 8865 9006 9005
8803 2 1 1 8865 8866 9007 9006
8804 2 1 1 8866 8867 9008 9007
8805 2 1 1 8867 8868 9009 9008
8806 2 1 1 8868 8869 9010 9009
8807 2 1 1 8869 8870 9011 9010
8808 2 1 1 8870 8871 9012 9011
8809 2 1 1 8871 8872 9013 9012
8810 2 1 1 8872 8873 9014 9013
8811 2 1 1 8873 8874 9015 9014
8812 2 1 1 8874 8875 9016 9015
8813 2 1 1 8875 8876 9017 9016
8814 2 1 1 8876 8877 9018 9017
8815 2 1 1 8877 8878 9019 9018
8816 2 1 1 8878 8879 9020 9019
8817 2 1 1 8879 8880 9021 9020
8818 2 1 1 8880 8881 9022 9021
8819 2 1 1 8881 8882 9023 9022
8820 2 1 1 8882 8883 9024 9023
8821 2 1 1 8884 8885 9026 9025
8822 2 1 1 8885 8886 9027 9026
8823 2 1 1 8886 8887 9028 9027
8824 2 1 1 8887 8888 9029 9028
8825 2 1 1 8888 8889 9030 9029
8826 2 1 1 8889 8890 9031 9030
8827 2 1 1 8890 8891 9032 9031
8828 2 1 1 8891 8892 9033 9032
8829 2 1 1 8892 8893 9034 9033
8830 2 1 1 8893 8894 9035 9034
8831 2 1 1 8894 8895 9036 9035
8832 2 1 1 8895 8896 9037 9036
8833 2 1 1 8896 8897 9038 9037
8834 2 1 1 8897 8898 9039 9038
8835 2 1 1 8898 8899 9040 9039
8836 2 1 1 8899 8900 9041 9040
8837 2 1 1 8900 8901 9042 9041
8838 2 1 1 8901 8902 9043 9042
8839 2 1 1 8902 8903 9044 9043
8840 2 1 1 8903 8904 9045 9044
8841 2 1 1 8904 8905 9046 9045
8842 2 1 1 8905 8906 9047 9046
8843 2 1 1 8906 8907 9048 9047
8844 2 1 1 8907 8908 9049 9048
8845 2 1 1 8908 8909 9050 9049
8846 2 1 1 8909 8910 9051 9050
8847 2 1 1 8910 8911 9052 9051
8848 2 1 1 8911 8912 9053 9052
8849 2 1 1 8912 8913 9054 9053
8850 2 1 1 8913 8914 9055 9054
8851 2 1 1 8914 8915 9056 9055
8852 2 1 1 8915 8916 9057 9056
8853 2 1 1 8916 8917 9058 9057
8854 2 1 1 8917 8918 9059 9058
8855 2 1 1 8918 8919 9060 9059
8856 2 1 1 8919 8920 9061 9060
8857 2 1 1 8920 8921 9062 9061
8858 2 1 1 8921 8922 9063 9062
8859 2 1 1 8922 8923 9064 9063
8860 2 1 1 8923 8924 9065 9064
8861 2 1 1 8924 8925 9066 9065
8862 2 1 1 8925 8926 9067 9066
8863 2 1 1 8926 8927 9068 9067
8864 2 1 1 8927 8928 9069 9068
8865 2 1 1 8928 8929 9070 9069
8866 2 1 1 8929 8930 9071 9070
8867 2 1 1 8930 8931 9072 9071
8868 2 1 1 8931 8932 9073 9072
8869 2 1 1 8932 8933 9074 9073
8870 2 1 1 8933 8934 9075 9074
8871 2 1 1 8934 8935 9076 9075
8872 2 1 1 8935 8936 9077 9076
8873 2 1 1 8936 8937 9078 9077
8874 2 1 1 8937 8938 9079 9078
8875 2 1 1 8938 8939 9080 9079
8876 2 1 1 8939 8940 9081 9080
8877 2 1 1 8940 8941 9082 9081
8878 2 1 1 8941 8942 9083 9082
8879 2 1 1 8942 8943 9084 9083
8880 2 1 1 8943 8944 9085 9084
8881 2 1 1 8944 8945 9086 9085
8882 2 1 1 8945 8946 9087 9086
8883 2 1 1 8946 8947 9088 9087
8884 2 1 1 8947 8948 9089 9088
8885 2 1 1 8948 8949 9090 9089
8886 2 1 1 8949 8950 9091 9090
8887 2 1 1 8950 8951 9092 9091
8888 2 1 1 8951 8952 9093 9092
8889 2 1 1 8952 8953 9094 9093
8890 2 1 1 8953 8954 9095 9094
8891 2 1 1 8954 8955 9096 9095
8892 2 1 1 8955 8956 9097 9096
8893 2 1 1 8956 8957 9098 9097
8894 2 1 1 8957 8958 9099 9098
8895 2 1 1 8958 8959 9100 9099
8896 2 1 1 8959 8960 9101 9100
8897 2 1 1 8960 8961 9102 9101
8898 2 1 1 8961 8962 9103 9102
8899 2 1 1 8962 8963 9104 9103
8900 2 1 1 8963 8964 9105 9104
8901 2 1 1 8964 8965 9106 9105
8902 2 1 1 8965 8966 9107 9106
8903 2 1 1 8966 8967 9108 9107
8904 2 1 1 8967 8968 9109 9108
8905 2 1 1 8968 8969 9110 9109
8906 2 1 1 8969 8970 9111 9110
8907 2 1 1 8970 8971 9112 9111
8908 2 1 1 8971 8972 9113 9112
8909 2 1 1 8972 8973 9114 9113
8910 2 1 1 8973 8974 9115 9114
8911 2 1 1 8974 8975 9116 9115
8912 2 1 1 8975 8976 9117 9116
8913 2 1 1 8976 8977 9118 9117
8914 2 1 1 8977 8978 9119 9118
8915 2 1 1 8978 8979 9120 9119
8916 2 1 1 8979 8980 9121 9120
8917 2 1 1 8980 8981 9122 9121
8918 2 1 1 8981 8982 9123 9122
8919 2 1 1 8982 8983 9124 9123
8920 2 1 1 8983 8984 9125 9124
8921 2 1 1 8984 8985 9126 9125
8922 2 1 1 8985 8986 9127 9126
8923 2 1 1 8986 8987 9128 9127
8924 2 1 1 8987 8988 9129 9128
8925 2 1 1 8988 8989 9130 9129
8926 2 1 1 8989 8990 9131 9130
8927 2 1 1 8990 8991 9132 9131
8928 2 1 1 8991 8992 9133 9132
8929 2 1 1 8992 8993 9134 9133
8930 2 1 1 8993 8994 9135 9134
8931 2 1 1 8994 8995 9136 9135
8932 2 1 1 8995 8996 9137 9136
8933 2 1 1 8996 8997 9138 9137
8934 2 1 1 8997 8998 9139 9138
8935 2 1 1 8998 8999 9140 9139
8936 2 1 1 8999 9000 9141 9140
8937 2 1 1 9000 9001 9142 9141
8938 2 1 1 9001 9002 9143 9142
8939 2 1 1 9002 9003 9144 9143
8940 2 1 1 9003 9004 9145 9144
8941 2 1 1 9004 9005 9146 9145
8942 2 1 1 9005 9006 9147 9146
8943 2 1 1 9006 9007 9148 9147
8944 2 1 1 9007 9008 9149 9148
8945 2 1 1 9008 9009 9150 9149
8946 2 1 1 9009 9010 9151 9150
8947 2 1 1 9010 9011 9152 9151
8948 2 1 1 9011 9012 9153 9152
8949 2 1 1 9012 9013 9154 9153
8950 2 1 1 9013 9014 9155 9154
8951 2 1 1 9014 9015 9156 9155
8952 2 1 1 9015 9016 9157 9156
8953 2 1 1 9016 9017 9158 9157
8954 2 1 1 9017 9018 9159 9158
8955 2 1 1 9018 9019 9160 9159
8956 2 1 1 9019 9020 9161 9160
8957 2 1 1 9020 9021 9162 9161
8958 2 1 1 9021 9022 9163 9162
8959 2 1 1 9022 9023 9164 9163
8960 2 1 1 9023 9024 9165 9164
8961 2 1 1 9025 9026 9167 9166
8962 2 1 1 9026 9027 9168 9167
8963 2 1 1 9027 9028 9169 9168
8964 2 1 1 9028 9029 9170 9169
8965 2 1 1 9029 9030 9171 9170
8966 2 1 1 9030 9031 9172 9171
8967 2 1 1 9031 9032 9173 9172
8968 2 1 1 9032 9033 9174 9173
8969 2 1 1 9033 9034 9175 9174
8970 2 1 1 9034 9035 9176 9175
8971 2 1 1 9035 9036 9177 9176
8972 2 1 1 9036 9037 9178 9177
8973 2 1 1 9037 9038 9179 9178
8974 2 1 1 9038 9039 9180 9179
8975 2 1 1 9039 9040 9181 9180
8976 2 1 1 9040 9041 9182 9181
8977 2 1 1 9041 9042 9183 9182
8978 2 1 1 9042 9043 9184 9183
8979 2 1 1 9043 9044 9185 9184
8980 2 1 1 9044 9045 9186 9185
8981 2 1 1 9045 9046 9187 9186
8982 2 1 1 9046 9047 9188 9187
8983 2 1 1 9047 9048 9189 9188
8984 2 1 1 9048 9049 9190 9189
8985 2 1 1 9049 9050 9191 9190
8986 2 1 1 9050 9051 9192 9191
8987 2 1 1 9051 9052 9193 9192
8988 2 1 1 9052 9053 9194 9193
8989 2 1 1 9053 9054 9195 9194
8990 2 1 1 9054 9055 9196 9195
8991 2 1 1 9055 9056 9197 9196
8992 2 1 1 9056 9057 9198 9197
8993 2 1 1 9057 9058 9199 9198
8994 2 1 1 9058 9059 9200 9199
8995 2 1 1 9059 9060 9201 9200
8996 2 1 1 9060 9061 9202 9201
8997 2 1 1 9061 9062 9203 9202
8998 2 1 1 9062 9063 9204 9203
8999 2 1 1 9063 9064 9205 9204
9000 2 1 1 9064 9065 9206 9205
9001 2 1 1 9065 9066 9207 9206
9002 2 1 1 9066 9067 9208 9207
9003 2 1 1 9067 9068 9209 9208
9004 2 1 1 9068 9069 9210 9209
9005 2 1 1 9069 9070 9211 9210
9006 2 1 1 9070 9071 9212 9211
9007 2 1 1 9071 9072 9213 9212
9008 2 1 1 9072 9073 9214 9213
9009 2 1 1 9073 9074 9215 9214
9010 2 1 1 9074 9075 9216 9215
9011 2 1 1 9075 9076 9217 9216
9012 2 1 1 9076 9077 9218 9217
9013 2 1 1 9077 9078 9219 9218
9014 2 1 1 9078 9079 9220 9219
9015 2 1 1 9079 9080 9221 9220
9016 2 1 1 9080 9081 9222 9221
9017 2 1 1 9081 9082 9223 9222
9018 2 1 1 9082 9083 9224 9223
9019 2 1 1 9083 9084 9225 9224
9020 2 1 1 9084 9085 9226 9225
9021 2 1 1 9085 9086 9227 9226
9022 2 1 1 9086 9087 9228 9227
9023 2 1 1 9087 9088 9229 9228
9024 2 1 1 9088 9089 9230 9229
9025 2 1 1 9089 9090 9231 9230
9026 2 1 1 9090 9091 9232 9231
9027 2 1 1 9091 9092 9233 9232
9028 2 1 1 9092 9093 9234 9233
9029 2 1 1 9093 9094 9235 9234
9030 2 1 1 9094 9095 9236 9235
9031 2 1 1 9095 9096 9237 9236
9032 2 1 1 9096 9097 9238 9237
9033 2 1 1 9097 9098 9239 9238
9034 2 1 1 9098 9099 9240 9239
9035 2 1 1 9099 9100 9241 9240
9036 2 1 1 9100 9101 9242 9241
9037 2 1 1 9101 9102 9243 9242
9038 2 1 1 9102 9103 9244 9243
9039 2 1 1 9103 9104 9245 9244
9040 2 1 1 9104 9105 9246 9245
9041 2 1 1 9105 9106 9247 9246
9042 2 1 1 9106 9107 9248 9247
9043 2 1 1 9107 9108 9249 9248
9044 2 1 1 9108 9109 9250 9249
9045 2 1 1 9109 9110 9251 9250
9046 2 1 1 9110 9111 9252 9251
9047 2 1 1 9111 9112 9253 9252
9048 2 1 1 9112 9113 9254 9253
9049 2 1 1 9113 9114 9255 9254
9050 2 1 1 9114 9115 9256 9255
9051 2 1 1 9115 9116 9257 9256
9052 2 1 1 9116 9117 9258 9257
9053 2 1 1 9117 9118 9259 9258
9054 2 1 1 9118 9119 9260 9259
9055 2 1 1 9119 9120 9261 9260
9056 2 1 1 9120 9121 9262 9261
9057 2 1 1 9121 9122 9263 9262
9058 2 1 1 9122 9123 9264 9263
9059 2 1 1 9123 9124 9265 9264
9060 2 1 1 9124 9125 9266 9265
9061 2 1 1 9125 9126 9267 9266
9062 2 1 1 9126 9127 9268 9267
9063 2 1 1 9127 9128 9269 9268
9064 2 1 1 9128 9129 9270 9269
9065 2 1 1 9129 9130 9271 9270
9066 2 1 1 9130 9131 9272 9271
9067 2 1 1 9131 9132 9273 9272
9068 2 1 1 9132 9133 9274 9273
9069 2 1 1 9133 9134 9275 9274
9070 2 1 1 9134 9135 9276 9275
9071 2 1 1 9135 9136 9277 9276
9072 2 1 1 9136 9137 9278 9277
9073 2 1 1 9137 9138 9279 9278
9074 2 1 1 9138 9139 9280 9279
9075 2 1 1 9139 9140 9281 9280
9076 2 1 1 9140 9141 9282 9281
9077 2 1 1 9141 9142 9283 9282
9078 2 1 1 9142 9143 9284 9283
9079 2 1 1 9143 9144 9285 9284
9080 2 1 1 9144 9145 9286 9285
9081 2 1 1 9145 9146 9287 9286
9082 2 1 1 9146 9147 9288 9287
9083 2 1 1 9147 9148 9289 9288
9084 2 1 1 9148 9149 9290 9289
9085 2 1 1 9149 9150 9291 9290
9086 2 1 1 9150 9151 9292 9291
9087 2 1 1 9151 9152 9293 9292
9088 2 1 1 9152 9153 9294 9293
9089 2 1 1 9153 9154 9295 9294
9090 2 1 1 9154 9155 9296 9295
9091 2 1 1 9155 9156 9297 9296
9092 2 1 1 9156 9157 9298 9297
9093 2 1 1 9157 9158 9299 9298
9094 2 1 1 9158 9159 9300 9299
9095 2 1 1 9159 9160 9301 9300
9096 2 1 1 9160 9161 9302 9301
9097 2 1 1 9161 9162 9303 9302
9098 2 1 1 9162 9163 9304 9303
9099 2 1 1 9163 9164 9305 9304
9100 2 1 1 9164 9165 9306 9305
9101 2 1 1 9166 9167 9308 9307
9102 2 1 1 9167 9168 9309 9308
9103 2 1 1 9168 9169 9310 9309
9104 2 1 1 9169 9170 9311 9310
9105 2 1 1 9170 9171 9312 9311
9106 2 1 1 9171 9172 9313 9312
9107 2 1 1 9172 9173 9314 9313
9108 2 1 1 9173 9174 9315 9314
9109 2 1 1 9174 9175 9316 9315
9110 2 1 1 9175 9176 9317 9316
9111 2 1 1 9176 9177 9318 9317
9112 2 1 1 9177 9178 9319 9318
9113 2 1 1 9178 9179 9320 9319
9114 2 1 1 9179 9180 9321 9320
9115 2 1 1 9180 9181 9322 9321
9116 2 1 1 9181 9182 9323 9322
9117 2 1 1 9182 9183 9324 9323
9118 2 1 1 9183 9184 9325 9324
9119 2 1 1 9184 9185 9326 9325
9120 2 1 1 9185 9186 9327 9326
9121 2 1 1 9186 9187 9328 9327
9122 2 1 1 9187 9188 9329 9328
9123 2 1 1 9188 9189 9330 9329
9124 2 1 1 9189 9190 9331 9330
9125 2 1 1 9190 9191 9332 9331
9126 2 1 1 9191 9192 9333 9332
9127 2 1 1 9192 9193 9334 9333
9128 2 1 1 9193 9194 9335 9334
9129 2 1 1 9194 9195 9336 9335
9130 2 1 1 9195 9196 9337 9336
9131 2 1 1 9196 9197 9338 9337
9132 2 1 1 9197 9198 9339 9338
9133 2 1 1 9198 9199 9340 9339
9134 2 1 1 9199 9200 9341 9340
9135 2 1 1 9200 9201 9342 9341
9136 2 1 1 9201 9202 9343 9342
9137 2 1 1 9202 9203 9344 9343
9138 2 1 1 9203 9204 9345 9344
9139 2 1 1 9204 9205 9346 9345
9140 2 1 1 9205 9206 9347 9346
9141 2 1 1 9206 9207 9348 9347
9142 2 1 1 9207 9208 9349 9348
9143 2 1 1 9208 9209 9350 9349
9144 2 1 1 9209 9210 9351 9350
9145 2 1 1 9210 9211 9352 9351
9146 2 1 1 9211 9212 9353 9352
9147 2 1 1 9212 9213 9354 9353
9148 2 1 1 9213 9214 9355 9354
9149 2 1 1 9214 9215 9356 9355
9150 2 1 1 9215 9216 9357 9356
9151 2 1 1 9216 9217 9358 9357
9152 2 1 1 9217 9218 9359 9358
9153 2 1 1 9218 9219 9360 9359
9154 2 1 1 9219 9220 9361 9360
9155 2 1 1 9220 9221 9362 9361
9156 2 1 1 9221 9222 9363 9362
9157 2 1 1 9222 9223 9364 9363
9158 2 1 1 9223 9224 9365 9364
9159 2 1 1 9224 9225 9366 9365
9160 2 1 1 9225 9226 9367 9366
9161 2 1 1 9226 9227 9368 9367
9162 2 1 1 9227 9228 9369 9368
9163 2 1 1 9228 9229 9370 9369
9164 2 1 1 9229 9230 9371 9370
9165 2 1 1 9230 9231 9372 9371
9166 2 1 1 9231 9232 9373 9372
9167 2 1 1 9232 9233 9374 9373
9168 2 1 1 9233 9234 9375 9374
9169 2 1 1 9234 9235 9376 9375
9170 2 1 1 9235 9236 9377 9376
9171 2 1 1 9236 9237 9378 9377
9172 2 1 1 9237 9238 9379 9378
9173 2 1 1 9238 9239 9380 9379
9174 2 1 1 9239 9240 9381 9380
9175 2 1 1 9240 9241 9382 9381
9176 2 1 1 9241 9242 9383 9382
9177 2 1 1 9242 9243 9384 9383
9178 2 1 1 9243 9244 9385 9384
9179 2 1 1 9244 9245 9386 9385
9180 2 1 1 9245 9246 9387 9386
9181 2 1 1 9246 9247 9388 9387
9182 2 1 1 9247 9248 9389 9388
9183 2 1 1 9248 9249 9390 9389
9184 2 1 1 9249 9250 9391 9390
9185 2 1 1 9250 9251 9392 9391
9186 2 1 1 9251 9252 9393 9392
9187 2 1 1 9252 9253 9394 9393
9188 2 1 1 9253 9254 9395 9394
9189 2 1 1 9254 9255 9396 9395
9190 2 1 1 9255 9256 9397 9396
9191 2 1 1 9256 9257 9398 9397
9192 2 1 1 9257 9258 9399 9398
9193 2 1 1 9258 9259 9400 9399
9194 2 1 1 9259 9260 9401 9400
9195 2 1 1 9260 9261 9402 9401
9196 2 1 1 9261 9262 9403 9402
9197 2 1 1 9262 9263 9404 9403
9198 2 1 1 9263 9264 9405 9404
9199 2 1 1 9264 9265 9406 9405
9200 2 1 1 9265 9266 9407 9406
9201 2 1 1 9266 9267 9408 9407
9202 2 1 1 9267 9268 9409 9408
9203 2 1 1 9268 9269 9410 9409
9204 2 1 1 9269 9270 9411 9410
9205 2 1 1 9270 9271 9412 9411
9206 2 1 1 9271 9272 9413 9412
9207 2 1 1 9272 9273 9414 9413
9208 2 1 1 9273 9274 9415 9414
9209 2 1 1 9274 9275 9416 9415
9210 2 1 1 9275 9276 9417 9416
9211 2 1 1 9276 9277 9418 9417
9212 2 1 1 9277 9278 9419 9418
9213 2 1 1 9278 9279 9420 9419
9214 2 1 1 9279 9280 9421 9420
9215 2 1 1 9280 9281 9422 9421
9216 2 1 1 9281 9282 9423 9422
9217 2 1 1 9282 9283 9424 9423
9218 2 1 1 9283 9284 9425 9424
9219 2 1 1 9284 9285 9426 9425
9220 2 1 1 9285 9286 9427 9426
9221 2 1 1 9286 9287 9428 9427
9222 2 1 1 9287 9288 9429 9428
9223 2 1 1 9288 9289 9430 9429
9224 2 1 1 9289 9290 9431 9430
9225 2 1 1 9290 9291 9432 9431
9226 2 1 1 9291 9292 9433 9432
9227 2 1 1 9292 9293 9434 9433
9228 2 1 1 9293 9294 9435 9434
9229 2 1 1 9294 9295 9436 9435
9230 2 1 1 9295 9296 9437 9436
9231 2 1 1 9296 9297 9438 9437
9232 2 1 1 9297 9298 9439 9438
9233 2 1 1 9298 9299 9440 9439
9234 2 1 1 9299 9300 9441 9440
9235 2 1 1 9300 9301 9442 9441
9236 2 1 1 9301 9302 9443 9442
9237 2 1 1 9302 9303 9444 9443
9238 2 1 1 9303 9304 9445 9444
9239 2 1 1 9304 9305 9446 9445
9240 2 1 1 9305 9306 9447 9446
9241 2 1 1 9307 9308 9449 9448
9242 2 1 1 9308 9309 9450 9449
9243 2 1 1 9309 9310 9451 9450
9244 2 1 1 9310 9311 9452 9451
9245 2 1 1 9311 9312 9453 9452
9246 2 1 1 9312 9313 9454 9453
9247 2 1 1 9313 9314 9455 9454
9248 2 1 1 9314 9315 9456 9455
9249 2 1 1 9315 9316 9457 9456
9250 2 1 1 9316 9317 9458 9457
9251 2 1 1 9317 9318 9459 9458
9252 2 1 1 9318 9319 9460 9459
9253 2 1 1 9319 9320 9461 9460
9254 2 1 1 9320 9321 9462 9461
9255 2 1 1 9321 9322 9463 9462
9256 2 1 1 9322 9323 9464 9463
9257 2 1 1 9323 9324 9465 9464
9258 2 1 1 9324 9325 9466 9465
9259 2 1 1 9325 9326 9467 9466
9260 2 1 1 9326 9327 9468 9467
9261 2 1 1 9327 9328 9469 9468
9262 2 1 1 9328 9329 9470 9469
9263 2 1 1 9329 9330 9471 9470
9264 2 1 1 9330 9331 9472 9471
9265 2 1 1 9331 9332 9473 9472
9266 2 1 1 9332 9333 9474 9473
9267 2 1 1 9333 9334 9475 9474
9268 2 1 1 9334 9335 9476 9475
9269 2 1 1 9335 9336 9477 9476
9270 2 1 1 9336 9337 9478 9477
9271 2 1 1 9337 9338 9479 9478
9272 2 1 1 9338 9339 9480 9479
9273 2 1 1 9339 9340 9481 9480
9274 2 1 1 9340 9341 9482 9481
9275 2 1 1 9341 9342 9483 9482
9276 2 1 1 9342 9343 9484 9483
9277 2 1 1 9343 9344 9485 9484
9278 2 1 1 9344 9345 9486 9485
9279 2 1 1 9345 9346 9487 9486
9280 2 1 1 9346 9347 9488 9487
9281 2 1 1 9347 9348 9489 9488
9282 2 1 1 9348 9349 9490 9489
9283 2 1 1 9349 9350 9491 9490
9284 2 1 1 9350 9351 9492 9491
9285 2 1 1 9351 9352 9493 9492
9286 2 1 1 9352 9353 9494 9493
9287 2 1 1 9353 9354 9495 9494
9288 2 1 1 9354 9355 9496 9495
9289 2 1 1 9355 9356 9497 9496
9290 2 1 1 9356 9357 9498 9497
9291 2 1 1 9357 9358 9499 9498
9292 2 1 1 9358 9359 9500 9499
9293 2 1 1 9359 9360 9501 9500
9294 2 1 1 9360 9361 9502 9501
9295 2 1 1 9361 9362 9503 9502
9296 2 1 1 9362 9363 9504 9503
9297 2 1 1 9363 9364 9505 9504
9298 2 1 1 9364 9365 9506 9505
9299 2 1 1 9365 9366 9507 9506
9300 2 1 1 9366 9367 9508 9507
9301 2 1 1 9367 9368 9509 9508
9302 2 1 1 9368 9369 9510 9509
9303 2 1 1 9369 9370 9511 9510
9304 2 1 1 9370 9371 9512 9511
9305 2 1 1 9371 9372 9513 9512
9306 2 1 1 9372 9373 9514 9513
9307 2 1 1 9373 9374 9515 9514
9308 2 1 1 9374 9375 9516 9515
9309 2 1 1 9375 9376 9517 9516
9310 2 1 1 9376 9377 9518 9517
9311 2 1 1 9377 9378 9519 9518
9312 2 1 1 9378 9379 9520 9519
9313 2 1 1 9379 9380 9521 9520
9314 2 1 1 9380 9381 9522 9521
9315 2 1 1 9381 9382 9523 9522
9316 2 1 1 9382 9383 9524 9523
9317 2 1 1 9383 9384 9525 9524
9318 2 1 1 9384 9385 9526 9525
9319 2 1 1 9385 9386 9527 9526
9320 2 1 1 9386 9387 9528 9527
9321 2 1 1 9387 9388 9529 9528
9322 2 1 1 9388 9389 9530 9529
9323 2 1 1 9389 9390 9531 9530
9324 2 1 1 9390 9391 9532 9531
9325 2 1 1 9391 9392 9533 9532
9326 2 1 1 9392 9393 9534 9533
9327 2 1 1 9393 9394 9535 9534
9328 2 1 1 9394 9395 9536 9535
9329 2 1 1 9395 9396 9537 9536
9330 2 1 1 9396 9397 9538 9537
9331 2 1 1 9397 9398 9539 9538
9332 2 1 1 9398 9399 9540 9539
9333 2 1 1 9399 9400 9541 9540
9334 2 1 1 9400 9401 9542 9541
9335 2 1 1 9401 9402 9543 9542
9336 2 1 1 9402 9403 9544 9543
9337 2 1 1 9403 9404 9545 9544
9338 2 1 1 9404 9405 9546 9545
9339 2 1 1 9405 9406 9547 9546
9340 2 1 1 9406 9407 9548 9547
9341 2 1 1 9407 9408 9549 9548
9342 2 1 1 9408 9409 9550 9549
9343 2 1 1 9409 9410 9551 9550
9344 2 1 1 9410 9411 9552 9551
9345 2 1 1 9411 9412 9553 9552
9346 2 1 1 9412 9413 9554 9553
9347 2 1 1 9413 9414 9555 9554
9348 2 1 1 9414 9415 9556 9555
9349 2 1 1 9415 9416 9557 9556
9350 2 1 1 9416 9417 9558 9557
9351 2 1 1 9417 9418 9559 9558
9352 2 1 1 9418 9419 9560 9559
9353 2 1 1 9419 9420 9561 9560
9354 2 1 1 9420 9421 9562 9561
9355 2 1 1 9421 9422 9563 9562
9356 2 1 1 9422 9423 9564 9563
9357 2 1 1 9423 9424 9565 9564
9358 2 1 1 9424 9425 9566 9565
9359 2 1 1 9425 9426 9567 9566
9360 2 1 1 9426 9427 9568 9567
9361 2 1 1 9427 9428 9569 9568
9362 2 1 1 9428 9429 9570 9569
9363 2 1 1 9429 9430 9571 9570
9364 2 1 1 9430 9431 9572 9571
9365 2 1 1 9431 9432 9573 9572
9366 2 1 1 9432 9433 9574 9573
9367 2 1 1 9433 9434 9575 9574
9368 2 1 1 9434 9435 9576 9575
9369 2 1 1 9435 9436 9577 9576
9370 2 1 1 9436 9437 9578 9577
9371 2 1 1 9437 9438 9579 9578
9372 2 1 1 9438 9439 9580 9579
9373 2 1 1 9439 9440 9581 9580
9374 2 1 1 9440 9441 9582 9581
9375 2 1 1 9441 9442 9583 9582
9376 2 1 1 9442 9443 9584 9583
9377 2 1 1 9443 9444 9585 9584
9378 2 1 1 9444 9445 9586 9585
9379 2 1 1 9445 9446 9587 9586
9380 2 1 1 9446 9447 9588 9587
9381 2 1 1 9448 9449 9590 9589
9382 2 1 1 9449 9450 9591 9590
9383 2 1 1 9450 9451 9592 9591
9384 2 1 1 9451 9452 9593 9592
9385 2 1 1 9452 9453 9594 9593
9386 2 1 1 9453 9454 9595 9594
9387 2 1 1 9454 9455 9596 9595
9388 2 1 1 9455 9456 9597 9596
9389 2 1 1 9456 9457 9598 9597
9390 2 1 1 9457 9458 9599 9598
9391 2 1 1 9458 9459 9600 9599
9392 2 1 1 9459 9460 9601 9600
9393 2 1 1 9460 9461 9602 9601
9394 2 1 1 9461 9462 9603 9602
9395 2 1 1 9462 9463 9604 9603
9396 2 1 1 9463 9464 9605 9604
9397 2 1 1 9464 9465 9606 9605
9398 2 1 1 9465 9466 9607 9606
9399 2 1 1 9466 9467 9608 9607
9400 2 1 1 9467 9468 9609 9608
9401 2 1 1 9468 9469 9610 9609
9402 2 1 1 9469 9470 9611 9610
9403 2 1 1 9470 9471 9612 9611
9404 2 1 1 9471 9472 9613 9612
9405 2 1 1 9472 9473 9614 9613
9406 2 1 1 9473 9474 9615 9614
9407 2 1 1 9474 9475 9616 9615
9408 2 1 1 9475 9476 9617 9616
9409 2 1 1 9476 9477 9618 9617
9410 2 1 1 9477 9478 9619 9618
9411 2 1 1 9478 9479 9620 9619
9412 2 1 1 9479 9480 9621 9620
9413 2 1 1 9480 9481 9622 9621
9414 2 1 1 9481 9482 9623 9622
9415 2 1 1 9482 9483 9624 9623
9416 2 1 1 9483 9484 9625 9624
9417 2 1 1 9484 9485 9626 9625
9418 2 1 1 9485 9486 9627 9626
9419 2 1 1 9486 9487 9628 9627
9420 2 1 1 9487 9488 9629 9628
9421 2 1 1 9488 9489 9630 9629
9422 2 1 1 9489 9490 9631 9630
9423 2 1 1 9490 9491 9632 9631
9424 2 1 1 9491 9492 9633 9632
9425 2 1 1 9492 9493 9634 9633
9426 2 1 1 9493 9494 9635 9634
9427 2 1 1 9494 9495 9636 9635
9428 2 1 1 9495 9496 9637 9636
9429 2 1 1 9496 9497 9638 9637
9430 2 1 1 9497 9498 9639 9638
9431 2 1 1 9498 9499 9640 9639
9432 2 1 1 9499 9500 9641 9640
9433 2 1 1 9500 9501 9642 9641
9434 2 1 1 9501 9502 9643 9642
9435 2 1 1 9502 9503 9644 9643
9436 2 1 1 9503 9504 9645 9644
9437 2 1 1 9504 9505 9646 9645
9438 2 1 1 9505 9506 9647 9646
9439 2 1 1 9506 9507 9648 9647
9440 2 1 1 9507 9508 9649 9648
9441 2 1 1 9508 9509 9650 9649
9442 2 1 1 9509 9510 9651 9650
9443 2 1 1 9510 9511 9652 9651
9444 2 1 1 9511 9512 9653 9652
9445 2 1 1 9512 9513 9654 9653
9446 2 1 1 9513 9514 9655 9654
9447 2 1 1 9514 9515 9656 9655
9448 2 1 1 9515 9516 9657 9656
9449 2 1 1 9516 9517 9658 9657
9450 2 1 1 9517 9518 9659 9658
9451 2 1 1 9518 9519 9660 9659
9452 2 1 1 9519 9520 9661 9660
9453 2 1 1 9520 9521 9662 9661
9454 2 1 1 9521 9522 9663 9662
9455 2 1 1 9522 9523 9664 9663
9456 2 1 1 9523 9524 9665 9664
9457 2 1 1 9524 9525 9666 9665
9458 2 1 1 9525 9526 9667 9666
9459 2 1 1 9526 9527 9668 9667
9460 2 1 1 9527 9528 9669 9668
9461 2 1 1 9528 9529 9670 9669
9462 2 1 1 9529 9530 9671 9670
9463 2 1 1 9530 9531 9672 9671
9464 2 1 1 9531 9532 9673 9672
9465 2 1 1 9532 9533 9674 9673
9466 2 1 1 9533 9534 9675 9674
9467 2 1 1 9534 9535 9676 9675
9468 2 1 1 9535 9536 9677 9676
9469 2 1 1 9536 9537 9678 9677
9470 2 1 1 9537 9538 9679 9678
9471 2 1 1 9538 9539 9680 9679
9472 2 1 1 9539 9540 9681 9680
9473 2 1 1 9540 9541 9682 9681
9474 2 1 1 9541 9542 9683 9682
9475 2 1 1 9542 9543 9684 9683
9476 2 1 1 9543 9544 9685 9684
9477 2 1 1 9544 9545 9686 9685
9478 2 1 1 9545 9546 9687 9686
9479 2 1 1 9546 9547 9688 9687
9480 2 1 1 9547 9548 9689 9688
9481 2 1 1 9548 9549 9690 9689
9482 2 1 1 9549 9550 9691 9690
9483 2 1 1 9550 9551 9692 9691
9484 2 1 1 9551 9552 9693 9692
9485 2 1 1 9552 9553 9694 9693
9486 2 1 1 9553 9554 9695 9694
9487 2 1 1 9554 9555 9696 9695
9488 2 1 1 9555 9556 9697 9696
9489 2 1 1 9556 9557 9698 9697
9490 2 1 1 9557 9558 9699 9698
9491 2 1 1 9558 9559 9700 9699
9492 2 1 1 9559 9560 9701 9700
9493 2 1 1 9560 9561 9702 9701
9494 2 1 1 9561 9562 9703 9702
9495 2 1 1 9562 9563 9704 9703
9496 2 1 1 9563 9564 9705 9704
9497 2 1 1 9564 9565 9706 9705
9498 2 1 1 9565 9566 9707 9706
9499 2 1 1 9566 9567 9708 9707
9500 2 1 1 9567 9568 9709 9708
9501 2 1 1 9568 9569 9710 9709
9502 2 1 1 9569 9570 9711 9710
9503 2 1 1 9570 9571 9712 9711
9504 2 1 1 9571 9572 9713 9712
9505 2 1 1 9572 9573 9714 9713
9506 2 1 1 9573 9574 9715 9714
9507 2 1 1 9574 9575 9716 9715
9508 2 1 1 9575 9576 9717 9716
9509 2 1 1 9576 9577 9718 9717
9510 2 1 1 9577 9578 9719 9718
9511 2 1 1 9578 9579 9720 9719
9512 2 1 1 9579 9580 9721 9720
9513 2 1 1 9580 9581 9722 9721
9514 2 1 1 9581 9582 9723 9722
9515 2 1 1 9582 9583 9724 9723
9516 2 1 1 9583 9584 9725 9724
9517 2 1 1 9584 9585 9726 9725
9518 2 1 1 9585 9586 9727 9726
9519 2 1 1 9586 9587 9728 9727
9520 2 1 1 9587 9588 9729 9728
9521 2 1 1 9589 9590 9731 9730
9522 2 1 1 9590 9591 9732 9731
9523 2 1 1 9591 9592 9733 9732
9524 2 1 1 9592 9593 9734 9733
9525 2 1 1 9593 9594 9735 9734
9526 2 1 1 9594 9595 9736 9735
9527 2 1 1 9595 9596 9737 9736
9528 2 1 1 9596 9597 9738 9737
9529 2 1 1 9597 9598 9739 9738
9530 2 1 1 9598 9599 9740 9739
9531 2 1 1 9599 9600 9741 9740
9532 2 1 1 9600 9601 9742 9741
9533 2 1 1 9601 9602 9743 9742
9534 2 1 1 9602 9603 9744 9743
9535 2 1 1 9603 9604 9745 9744
9536 2 1 1 9604 9605 9746 9745
9537 2 1 1 9605 9606 9747 9746
9538 2 1 1 9606 9607 9748 9747
9539 2 1 1 9607 9608 9749 9748
9540 2 1 1 9608 9609 9750 9749
9541 2 1 1 9609 9610 9751 9750
9542 2 1 1 9610 9611 9752 9751
9543 2 1 1 9611 9612 9753 9752
9544 2 1 1 9612 9613 9754 9753
9545 2 1 1 9613 9614 9755 9754
9546 2 1 1 9614 9615 9756 9755
9547 2 1 1 9615 9616 9757 9756
9548 2 1 1 9616 9617 9758 9757
9549 2 1 1 9617 9618 9759 9758
9550 2 1 1 9618 9619 9760 9759
9551 2 1 1 9619 9620 9761 9760
9552 2 1 1 9620 9621 9762 9761
9553 2 1 1 9621 9622 9763 9762
9554 2 1 1 9622 9623 9764 9763
9555 2 1 1 9623 9624 9765 9764
9556 2 1 1 9624 9625 9766 9765
9557 2 1 1 9625 9626 9767 9766
9558 2 1 1 9626 9627 9768 9767
9559 2 1 1 9627 9628 9769 9768
9560 2 1 1 9628 9629 9770 9769
9561 2 1 1 9629 9630 9771 9770
9562 2 1 1 9630 9631 9772 9771
9563 2 1 1 9631 9632 9773 9772
9564 2 1 1 9632 9633 9774 9773
9565 2 1 1 9633 9634 9775 9774
9566 2 1 1 9634 9635 9776 9775
9567 2 1 1 9635 9636 9777 9776
9568 2 1 1 9636 9637 9778 9777
9569 2 1 1 9637 9638 9779 9778
9570 2 1 1 9638 9639 9780 9779
9571 2 1 1 9639 9640 9781 9780
9572 2 1 1 9640 9641 9782 9781
9573 2 1 1 9641 9642 9783 9782
9574 2 1 1 9642 9643 9784 9783
9575 2 1 1 9643 9644 9785 9784
9576 2 1 1 9644 9645 9786 9785
9577 2 1 1 9645 9646 9787 9786
9578 2 1 1 9646 9647 9788 9787
9579 2 1 1 9647 9648 9789 9788
9580 2 1 1 9648 9649 9790 9789
9581 2 1 1 9649 9650 9791 9790
9582 2 1 1 9650 9651 9792 9791
9583 2 1 1 9651 9652 9793 9792
9584 2 1 1 9652 9653 9794 9793
9585 2 1 1 9653 9654 9795 9794
9586 2 1 1 9654 9655 9796 9795
9587 2 1 1 9655 9656 9797 9796
9588 2 1 1 9656 9657 9798 9797
9589 2 1 1 9657 9658 9799 9798
9590 2 1 1 9658 9659 9800 9799
9591 2 1 1 9659 9660 9801 9800
9592 2 1 1 9660 9661 9802 9801
9593 2 1 1 9661 9662 9803 9802
9594 2 1 1 9662 9663 9804 9803
9595 2 1 1 9663 9664 9805 9804
9596 2 1 1 9664 9665 9806 9805
9597 2 1 1 9665 9666 9807 9806
9598 2 1 1 9666 9667 9808 9807
9599 2 1 1 9667 9668 9809 9808
9600 2 1 1 9668 9669 9810 9809
9601 2 1 1 9669 9670 9811 9810
9602 2 1 1 9670 9671 9812 9811
9603 2 1 1 9671 9672 9813 9812
9604 2 1 1 9672 9673 9814 9813
9605 2 1 1 9673 9674 9815 9814
9606 2 1 1 9674 9675 9816 9815
9607 2 1 1 9675 9676 9817 9816
9608 2 1 1 9676 9677 9818 9817
9609 2 1 1 9677 9678 9819 9818
9610 2 1 1 9678 9679 9820 9819
9611 2 1 1 9679 9680 9821 9820
9612 2 1 1 9680 9681 9822 9821
9613 2 1 1 9681 9682 9823 9822
9614 2 1 1 9682 9683 9824 9823
9615 2 1 1 9683 9684 9825 9824
9616 2 1 1 9684 9685 9826 9825
9617 2 1 1 9685 9686 9827 9826
9618 2 1 1 9686 9687 9828 9827
9619 2 1 1 9687 9688 9829 9828
9620 2 1 1 9688 9689 9830 9829
9621 2 1 1 9689 9690 9831 9830
9622 2 1 1 9690 9691 9832 9831
9623 2 1 1 9691 9692 9833 9832
9624 2 1 1 9692 9693 9834 9833
9625 2 1 1 9693 9694 9835 9834
9626 2 1 1 9694 9695 9836 9835
9627 2 1 1 9695 9696 9837 9836
9628 2 1 1 9696 9697 9838 9837
9629 2 1 1 9697 9698 9839 9838
9630 2 1 1 9698 9699 9840 9839
9631 2 1 1 9699 9700 9841 9840
9632 2 1 1 9700 9701 9842 9841
9633 2 1 1 9701 9702 9843 9842
9634 2 1 1 9702 9703 9844 9843
9635 2 1 1 9703 9704 9845 9844
9636 2 1 1 9704 9705 9846 9845
9637 2 1 1 9705 9706 9847 9846
9638 2 1 1 9706 9707 9848 9847
9639 2 1 1 9707 9708 9849 9848
9640 2 1 1 9708 9709 9850 9849
9641 2 1 1 9709 9710 9851 9850
9642 2 1 1 9710 9711 9852 9851
9643 2 1 1 9711 9712 9853 9852
9644 2 1 1 9712 9713 9854 9853
9645 2 1 1 9713 9714 9855 9854
9646 2 1 1 9714 9715 9856 9855
9647 2 1 1 9715 9716 9857 9856
9648 2 1 1 9716 9717 9858 9857
9649 2 1 1 9717 9718 9859 9858
9650 2 1 1 9718 9719 9860 9859
9651 2 1 1 9719 9720 9861 9860
9652 2 1 1 9720 9721 9862 9861
9653 2 1 1 9721 9722 9863 9862
9654 2 1 1 9722 9723 9864 9863
9655 2 1 1 9723 9724 9865 9864
9656 2 1 1 9724 9725 9866 9865
9657 2 1 1 9725 9726 9867 9866
9658 2 1 1 9726 9727 9868 9867
9659 2 1 1 9727 9728 9869 9868
9660 2 1 1 9728 9729 9870 9869
9661 2 1 1 9730 9731 9872 9871
9662 2 1 1 9731 9732 9873 9872
9663 2 1 1 9732 9733 9874 9873
9664 2 1 1 9733 9734 9875 9874
9665 2 1 1 9734 9735 9876 9875
9666 2 1 1 9735 9736 9877 9876
9667 2 1 1 9736 9737 9878 9877
9668 2 1 1 9737 9738 9879 9878
9669 2 1 1 9738 9739 9880 9879
9670 2 1 1 9739 9740 9881 9880
9671 2 1 1 9740 9741 9882 9881
9672 2 1 1 9741 9742 9883 9882
9673 2 1 1 9742 9743 9884 9883
9674 2 1 1 9743 9744 9885 9884
9675 2 1 1 9744 9745 9886 9885
9676 2 1 1 9745 9746 9887 9886
9677 2 1 1 9746 9747 9888 9887
9678 2 1 1 9747 9748 9889 9888
9679 2 1 1 9748 9749 9890 9889
9680 2 1 1 9749 9750 9891 9890
9681 2 1 1 9750 9751 9892 9891
9682 2 1 1 9751 9752 9893 9892
9683 2 1 1 9752 9753 9894 9893
9684 2 1 1 9753 9754 9895 9894
9685 2 1 1 9754 9755 9896 9895
9686 2 1 1 9755 9756 9897 9896
9687 2 1 1 9756 9757 9898 9897
9688 2 1 1 9757 9758 9899 9898
9689 2 1 1 9758 9759 9900 9899
9690 2 1 1 9759 9760 9901 9900
9691 2 1 1 9760 9761 9902 9901
9692 2 1 1 9761 9762 9903 9902
9693 2 1 1 9762 9763 9904 9903
9694 2 1 1 9763 9764 9905 9904
9695 2 1 1 9764 9765 9906 9905
9696 2 1 1 9765 9766 9907 9906
9697 2 1 1 9766 9767 9908 9907
9698 2 1 1 9767 9768 9909 9908
9699 2 1 1 9768 9769 9910 9909
9700 2 1 1 9769 9770 9911 9910
9701 2 1 1 9770 9771 9912 9911
9702 2 1 1 9771 9772 9913 9912
9703 2 1 1 9772 9773 9914 9913
9704 2 1 1 9773 9774 9915 9914
9705 2 1 1 9774 9775 9916 9915
9706 2 1 1 9775 9776 9917 9916
9707 2 1 1 9776 9777 9918 9917
9708 2 1 1 9777 9778 9919 9918
9709 2 1 1 9778 9779 9920 9919
9710 2 1 1 9779 9780 9921 9920
9711 2 1 1 9780 9781 9922 9921
9712 2 1 1 9781 9782 9923 9922
9713 2 1 1 9782 9783 9924 9923
9714 2 1 1 9783 9784 9925 9924
9715 2 1 1 9784 9785 9926 9925
9716 2 1 1 9785 9786 9927 9926
9717 2 1 1 9786 9787 9928 9927
9718 2 1 1 9787 9788 9929 9928
9719 2 1 1 9788 9789 9930 9929
9720 2 1 1 9789 9790 9931 9930
9721 2 1 1 9790 9791 9932 9931
9722 2 1 1 9791 9792 9933 9932
9723 2 1 1 9792 9793 9934 9933
9724 2 1 1 9793 9794 9935 9934
9725 2 1 1 9794 9795 9936 9935
9726 2 1 1 9795 9796 9937 9936
9727 2 1 1 9796 9797 9938 9937
9728 2 1 1 9797 9798 9939 9938
9729 2 1 1 9798 9799 9940 9939
9730 2 1 1 9799 9800 9941 9940
9731 2 1 1 9800 9801 9942 9941
9732 2 1 1 9801 9802 9943 9942
9733 2 1 1 9802 9803 9944 9943
9734 2 1 1 9803 9804 9945 9944
9735 2 1 1 9804 9805 9946 9945
9736 2 1 1 9805 9806 9947 9946
9737 2 1 1 9806 9807 9948 9947
9738 2 1 1 9807 9808 9949 9948
9739 2 1 1 9808 9809 9950 9949
9740 2 1 1 9809 9810 9951 9950
9741 2 1 1 9810 9811 9952 9951
9742 2 1 1 9811 9812 9953 9952
9743 2 1 1 9812 9813 9954 9953
9744 2 1 1 9813 9814 9955 9954
9745 2 1 1 9814 9815 9956 9955
9746 2 1 1 9815 9816 9957 9956
9747 2 1 1 9816 9817 9958 9957
9748 2 1 1 9817 9818 9959 9958
9749 2 1 1 9818 9819 9960 9959
9750 2 1 1 9819 9820 9961 9960
9751 2 1 1 9820 9821 9962 9961
9752 2 1 1 9821 9822 9963 9962
9753 2 1 1 9822 9823 9964 9963
9754 2 1 1 9823 9824 9965 9964
9755 2 1 1 9824 9825 9966 9965
9756 2 1 1 9825 9826 9967 9966
9757 2 1 1 9826 9827 9968 9967
9758 2 1 1 9827 9828 9969 9968
9759 2 1 1 9828 9829 9970 9969
9760 2 1 1 9829 9830 9971 9970
9761 2 1 1 9830 9831 9972 9971
9762 2 1 1 9831 9832 9973 9972
9763 2 1 1 9832 9833 9974 9973
9764 2 1 1 9833 9834 9975 9974
9765 2 1 1 9834 9835 9976 9975
9766 2 1 1 9835 9836 9977 9976
9767 2 1 1 9836 9837 9978 9977
9768 2 1 1 9837 9838 9979 9978
9769 2 1 1 9838 9839 9980 9979
9770 2 1 1 9839 9840 9981 9980
9771 2 1 1 9840 9841 9982 9981
9772 2 1 1 9841 9842 9983 9982
9773 2 1 1 9842 9843 9984 9983
9774 2 1 1 9843 9844 9985 9984
9775 2 1 1 9844 9845 9986 9985
9776 2 1 1 9845 9846 9987 9986
9777 2 1 1 9846 9847 9988 9987
9778 2 1 1 9847 9848 9989 9988
9779 2 1 1 9848 9849 9990 9989
9780 2 1 1 9849 9850 9991 9990
9781 2 1 1 9850 9851 9992 9991
9782 2 1 1 9851 9852 9993 9992
9783 2 1 1 9852 9853 9994 9993
9784 2 1 1 9853 9854 9995 9994
9785 2 1 1 9854 9855 9996 9995
9786 2 1 1 9855 9856 9997 9996
9787 2 1 1 9856 9857 9998 9997
9788 2 1 1 9857 9858 9999 9998
9789 2 1 1 9858 9859 10000 9999
9790 2 1 1 9859 9860 10001 10000
9791 2 1 1 9860 9861 10002 10001
9792 2 1 1 9861 9862 10003 10002
9793 2 1 1 9862 9863 10004 10003
9794 2 1 1 9863 9864 10005 10004
9795 2 1 1 9864 9865 10006 10005
9796 2 1 1 9865 9866 10007 10006
9797 2 1 1 9866 9867 10008 10007
9798 2 1 1 9867 9868 10009 10008
9799 2 1 1 9868 9869 10010 10009
9800 2 1 1 9869 9870 10011 10010